Murcko_Scaffold,Count,Percentage (all)
c1ccccc1,3722,21.637018951284734
C1CCOCC1,957,5.563306592256715
c1ncc2ncn(C3CCCO3)c2n1,834,4.848273456574817
C1CCC(OC2CCCOC2)OC1,358,2.0811533542611325
C1CCC(OC2CCCO2)OC1,259,1.505638879200093
C1CCCCC1,159,0.9243111266131846
O=c1cc(-c2ccccc2)oc2cc(OC3CCCCO3)ccc12,125,0.7266596907336357
O=C1NS(=O)(=O)c2ccccc21,114,0.6627136379490757
C1=CCCCC1,112,0.6510870828973375
c1ccncc1,102,0.5929543076386466
C1CCC(OC2CCOCC2)OC1,98,0.5697011975351703
C1CCC(COC2CCCCO2)OC1,92,0.5348215323799558
c1ccoc1,90,0.5231949773282176
C1CCOC1,80,0.46506220206952675
O=C1C=C2C3CCCCC3CCC2C2CCC3CC(OC4OCCCC4OC4CCCCO4)CCC3C12,74,0.4301825369143123
c1cscn1,66,0.38367631670735963
C1=C2C3CCCCC3CCC2C2CCC3CC(OC4OCCCC4OC4CCCCO4)CCC3C2C1,64,0.3720497616556214
O=[PH]1OCC2OC(n3cnc4cncnc43)CC2O1,64,0.3720497616556214
C1CCC(OC2CCCCO2)OC1,61,0.3546099290780142
O=c1[nH]cnc2c1ncn2C1CCCO1,59,0.342983374026276
c1cnccn1,57,0.33135681897453784
O=c1c(OC2CCCCO2)c(-c2ccccc2)oc2ccccc12,55,0.3197302639227997
O=C1CC(c2ccccc2)Oc2cc(OC3CCCCO3)ccc21,55,0.3197302639227997
C1=C2C3CCCCC3CCC2C2CCC3CC(OC4OCCCC4OC4OCCCC4OC4CCCCO4)CCC3C2C1,55,0.3197302639227997
O=c1cc(-c2ccccc2)oc2ccccc12,51,0.2964771538193233
O=c1c(-c2ccccc2)coc2cc(OC3CCCCO3)ccc12,50,0.29066387629345425
O=C(OC1CCCCO1)C12CCCCC1C1=CCC3C4CCC(OC5CCCCO5)CC4CCC3C1CC2,47,0.273224043715847
O=c1cc(-c2ccccc2)oc2cc(OC3CCCC(COC4CCCCO4)O3)ccc12,44,0.25578421113823974
O=c1cc(-c2ccccc2)oc2cc(OC3OCCCC3OC3CCCCO3)ccc12,44,0.25578421113823974
O=c1c(OC2CCCC(COC3CCCCO3)O2)c(-c2ccccc2)oc2ccccc12,42,0.24415765608650158
c1ccc(CCc2ccccc2)cc1,40,0.23253110103476338
c1ccc2ccccc2c1,39,0.2267178235088943
O=C(CCc1ccccc1)NCCc1ccccc1,38,0.22090454598302522
C1=C2C3CCCCC3CCC2C2CCC3CC(OC4CCCCO4)CCC3C2C1,38,0.22090454598302522
C1=C2C3CCCCC3CCC2C2CCC3CC(OC4CC(OC5CCCCO5)CCO4)CCC3C2C1,37,0.21509126845715615
O=c1cc(-c2ccc(OC3CCCCO3)cc2)oc2ccccc12,37,0.21509126845715615
O=S1(=O)N=Cc2ccccc21,36,0.20927799093128704
O=c1cc(-c2ccccc2)oc2cccc(OC3CCCCO3)c12,36,0.20927799093128704
C1CCC(OC2CCOC2)OC1,35,0.20346471340541797
c1ccsc1,34,0.1976514358795489
O=c1cccccc1,33,0.19183815835367982
O=c1cc(-c2cccc(OC3CCCCO3)c2)oc2ccccc12,33,0.19183815835367982
c1nncs1,32,0.1860248808278107
c1cncnc1,32,0.1860248808278107
O=C1CCCO1,31,0.18021160330194164
O=C(OC1CCCCO1)C12CCCCC1C1=CCC3C4CCC(OC5CC(OC6CCCCO6)CCO5)CC4CCC3C1CC2,31,0.18021160330194164
O=C1CC(c2ccccc2)Oc2cc(OC3CCCC(COC4CCCCO4)O3)ccc21,31,0.18021160330194164
C1CCC(OCC2CCCO2)OC1,31,0.18021160330194164
C1CC2CCC1C2,30,0.17439832577607256
O=C1C=CCC1,29,0.16858504825020346
C1CCNC1,29,0.16858504825020346
c1ccc2scnc2c1,28,0.16277177072433438
O=C1CC(c2ccccc2)Oc2ccccc21,28,0.16277177072433438
C1COCO1,28,0.16277177072433438
O=C(CCc1ccccc1)NCC(=O)NCCc1ccccc1,27,0.1569584931984653
C1CCCC1,27,0.1569584931984653
c1ccc(Cc2ccccc2)cc1,24,0.13951866062085805
c1ccc2c(c1)OCO2,24,0.13951866062085805
O=C1OC(c2ccccc2)Cc2ccccc21,24,0.13951866062085805
O=C(OC1CCCCO1)C12CCCCC1C1=CCC3C4CCC(OC5OCCCC5OC5CCCCO5)CC4CCC3C1CC2,24,0.13951866062085805
O=c1cc(-c2ccccc2)oc2ccc(OC3CCCCO3)cc12,24,0.13951866062085805
O=c1c(OC2OCCCC2OC2CCCCO2)c(-c2ccccc2)oc2ccccc12,24,0.13951866062085805
C(=Nc1ccccc1)NCc1ccccc1,22,0.12789210556911987
c1ccc2[nH]ccc2c1,22,0.12789210556911987
C1CC2OCOC2CO1,22,0.12789210556911987
O=C(C=Cc1ccccc1)c1ccc(OC2CCCCO2)cc1,22,0.12789210556911987
c1ccc(N=NC(=NNc2ccccc2)c2ccccc2)cc1,22,0.12789210556911987
O=C(c1ccccc1)c1ccccc1,21,0.12207882804325079
C1CCC(OC2CCC(OC3CCCOC3)OC2)OC1,21,0.12207882804325079
O=c1cc(-c2ccccc2)oc2cc(OC3CCC(OC4CCCCO4)CO3)ccc12,21,0.12207882804325079
c1cc[nH]c1,20,0.11626555051738169
O=C(CCc1ccccc1)c1ccccc1,20,0.11626555051738169
O=C1C=CCCC1,20,0.11626555051738169
C1CCNCC1,20,0.11626555051738169
C1COCOC1,20,0.11626555051738169
C1COCC(OC2CCCO2)C1,20,0.11626555051738169
O=c1c2ccccc2oc2cccc(OC3CCCCO3)c12,20,0.11626555051738169
C1CC1,19,0.11045227299151261
O=C(NCCc1ccccc1)C1CN1,19,0.11045227299151261
O=C(NCCc1ccccc1)C1CCCN1,19,0.11045227299151261
C1CCC1,18,0.10463899546564352
O=C1c2ccccc2OC(c2ccccc2)C1OC1CCCCO1,18,0.10463899546564352
O=C(CCc1ccccc1)NCC(=O)NCC(=O)NCCc1ccccc1,18,0.10463899546564352
O=C(CNC(=O)CNC(=O)C1CCCN1)NCCc1ccccc1,18,0.10463899546564352
O=C1CCCCC1,17,0.09882571793977445
c1c[nH]cn1,17,0.09882571793977445
c1ccc2ncccc2c1,17,0.09882571793977445
O=C(CNC(=O)C1CCCN1)NCCc1ccccc1,17,0.09882571793977445
C1CCC(COC2CCCO2)OC1,17,0.09882571793977445
O=C(OC1CCCCO1)C12CCCCC1C1=CCC3C4CCC(OC5CCC(OC6CCCCO6)CO5)CC4CCC3C1CC2,17,0.09882571793977445
C1=C2C3CCCCC3CCC2C2CCC3CC(OC4CCC(OC5CCCCO5)CO4)CCC3C2C1,17,0.09882571793977445
O=c1cc(-c2ccccc2)oc2c(OC3CCCCO3)cccc12,17,0.09882571793977445
O=C(/C=C/c1ccccc1)c1ccccc1,16,0.09301244041390536
O=C1CC(=O)NC(=O)N1,16,0.09301244041390536
C1CCSCC1,16,0.09301244041390536
C1=C2C3CCCCC3CCC2C2CCC3CC(OC4OCCC(OC5CCCCO5)C4OC4CCCCO4)CCC3C2C1,16,0.09301244041390536
O=c1c(-c2ccccc2)coc2c(OC3CCCCO3)cccc12,16,0.09301244041390536
O=C(/C=C/c1ccccc1)Nc1ccccc1,15,0.08719916288803628
C1=CCCC=C1,15,0.08719916288803628
O=c1ccc2ccccc2o1,15,0.08719916288803628
O=c1c(OC2CCCCO2)c(-c2ccccc2)oc2cc(OC3CCCCO3)ccc12,15,0.08719916288803628
O=c1c(-c2ccccc2)coc2cc(OC3CCCC(COC4CCCCO4)O3)ccc12,15,0.08719916288803628
O=c1c(-c2ccccc2)coc2ccccc12,14,0.08138588536216719
O=C(NCc1ccccc1)Nc1ccccc1,14,0.08138588536216719
O=C(CCc1ccccc1)c1ccc(OC2OCCCC2OC2CCCCO2)cc1,14,0.08138588536216719
O=C1CCCC1,14,0.08138588536216719
O=C1CC(=O)NC=N1,14,0.08138588536216719
O=S1(=O)N=Cc2ccccc21.O=S1(=O)N=Cc2ccccc21,14,0.08138588536216719
C1COC2COCOC2C1,14,0.08138588536216719
C1CCC(OC2CCOCC2OC2CCCCO2)OC1,14,0.08138588536216719
O=C1CC(c2ccccc2)Oc2cccc(OC3CCCCO3)c21,14,0.08138588536216719
O=c1cc(-c2ccccc2)oc2cccc(OC3CCCC(COC4CCCCO4)O3)c12,14,0.08138588536216719
C1CSC1,13,0.0755726078362981
C1=CCC=CC1,13,0.0755726078362981
O=C1C=COC1,13,0.0755726078362981
O=C1C=CCO1,13,0.0755726078362981
O=C1CC(c2cccc(OC3CCCCO3)c2)Oc2ccccc21,13,0.0755726078362981
O=c1c2ccccc2oc2cc(OC3CCCCO3)ccc12,13,0.0755726078362981
O=c1c(OC2CCC(OC3CCCCO3)CO2)c(-c2ccccc2)oc2ccccc12,13,0.0755726078362981
O=C(OC1CCCCO1)C12CCCCC1C1=CCC3C4CCC(OC5OCCC(OC6CCCCO6)C5OC5CCCCO5)CC4CCC3C1CC2,13,0.0755726078362981
c1cnc2ncncc2n1,13,0.0755726078362981
O=c1cnc2c(=O)[nH]c(=O)[nH]c2[nH]1,13,0.0755726078362981
c1ccc(-c2cscn2)cc1,12,0.06975933031042902
O=C1C=CC2C[C@H]3CCC[C@]13C2=O,12,0.06975933031042902
c1ccc(-c2ccccc2)cc1,12,0.06975933031042902
O=C1CCCCO1,12,0.06975933031042902
C=C1CC23CCC4CCCCC4C2CCC1(OC1OCCCC1OC1CCCCO1)C3,12,0.06975933031042902
C=C1CC23CCC4C(C(=O)OC5CCCCO5)CCCC4C2CCC1(OC1OCCCC1OC1CCCCO1)C3,12,0.06975933031042902
O=C1CCCC2C3=CCC4C5CCC(OC6OCCCC6OC6OCCCC6OC6CCCCO6)CC5CCC4C3CCC12,12,0.06975933031042902
O=C(C=Cc1ccccc1)c1ccc(OC2CCCC(COC3CCCCO3)O2)cc1,12,0.06975933031042902
O=c1cc(-c2ccccc2)oc2ccc(C3OCCCC3OC3CCCCO3)cc12,12,0.06975933031042902
O=c1cc(-c2ccccc2OC2CCCCO2)oc2ccccc12,12,0.06975933031042902
O=c1cc(-c2ccc(OC3CCCCO3)cc2)oc2cc(OC3CCCCO3)ccc12,12,0.06975933031042902
c1ncc2nn[nH]c2n1,12,0.06975933031042902
c1ccc(C2CC2)cc1,12,0.06975933031042902
O=c1ccocc1,11,0.06394605278455993
c1ccc(OC2CCCCO2)cc1,11,0.06394605278455993
c1ccc(Oc2ccccc2)cc1,11,0.06394605278455993
O=C(C=Cc1ccccc1)NCCc1ccccc1,11,0.06394605278455993
C1=CCCC1,11,0.06394605278455993
C1COC2OCOC2C1,11,0.06394605278455993
C1CCC(OC2CCOC(OC3CCCOC3)C2)OC1,11,0.06394605278455993
O=c1cc(-c2ccccc2)oc2ccc(OC3OCCCC3OC3CCCCO3)cc12,11,0.06394605278455993
O=C(Nc1ccccc1)Nc1ccccc1,11,0.06394605278455993
O=C(OC1CCCCO1)C12CCCCC1C1=CCC3C4CCC(OC5OCC(OC6CCCCO6)CC5OC5CCCCO5)CC4CCC3C1CC2,11,0.06394605278455993
O=c1cc(-c2ccccc2)oc2c(C3OCCCC3OC3CCCCO3)cccc12,11,0.06394605278455993
O=C1C=COS(=O)(=O)N1,10,0.058132775258690844
c1ccccc1.c1ccccc1,10,0.058132775258690844
O=C1C=C2C3CCCCC3CCC2C2CCC3CC(OC4CCCCO4)CCC3C12,10,0.058132775258690844
O=C(CCc1ccccc1)c1ccccc1OC1CCCCO1,10,0.058132775258690844
C1CCCCC1.C1CCCCC1,10,0.058132775258690844
C1COC(OC2CCOCC2)C1,10,0.058132775258690844
C1CCC(OC2CCCOC2OC2CCCOC2)OC1,10,0.058132775258690844
O=c1c2ccccc2oc2ccc(OC3CCCCO3)cc12,10,0.058132775258690844
O=C1C=COS(=O)(=O)[N-]1,9,0.05231949773282176
c1ccc2nccnc2c1,9,0.05231949773282176
O=C1CNC(=O)[C@H](Cc2ccccc2)N1,9,0.05231949773282176
O=C1[N-]S(=O)(=O)c2ccccc21.O=C1[N-]S(=O)(=O)c2ccccc21,9,0.05231949773282176
O=C1CC(c2ccccc2)Oc2cc(OC3OCCCC3OC3CCCCO3)ccc21,9,0.05231949773282176
O=C(C[NH2+]Cc1ccccc1)Nc1ccccc1,9,0.05231949773282176
O=C1[N-]S(=O)(=O)c2ccccc21,9,0.05231949773282176
O=C1CC(c2ccc(OC3CCCCO3)cc2)Oc2ccccc21,9,0.05231949773282176
c1ncc2[nH]cnc2n1,9,0.05231949773282176
C=C1CC23CCC4C(C(=O)OC5OCCC(OC6CCCCO6)C5OC5CCCCO5)CCCC4C2CCC1(OC1OCCC(OC2CCCCO2)C1OC1CCCCO1)C3,9,0.05231949773282176
c1cocn1,9,0.05231949773282176
S=[PH]1OCC2OC(n3cnc4cncnc43)CC2O1,9,0.05231949773282176
O=c1cc(-c2ccccc2)oc2cc(OC3CCCCO3)c(C3CCCCO3)cc12,9,0.05231949773282176
O=c1cc(-c2ccccc2)oc2ccc(OC3CCCC(COC4CCCCO4)O3)cc12,9,0.05231949773282176
c1ccc(O[C@H]2CCCCO2)cc1,8,0.04650622020695268
O=C(C=Cc1ccccc1)Nc1ccccc1,8,0.04650622020695268
c1ccc(COc2ccccc2)cc1,8,0.04650622020695268
O=C(Nc1ccccc1)c1ccccc1,8,0.04650622020695268
c1ccc(-c2nncs2)cc1,8,0.04650622020695268
c1ccc(C2OCc3ccccc3S2)cc1,8,0.04650622020695268
C=C1CC23CCC4C(C(=O)OC5CCCCO5)CCCC4C2CCC1(OC1OCCC(OC2CCCCO2)C1OC1CCCCO1)C3,8,0.04650622020695268
C(=Nc1ccccc1)Nc1ccccc1,8,0.04650622020695268
O=C(Oc1ccccc1)c1ccccc1,8,0.04650622020695268
O=C1CC2CCCC3C4C(=O)C=CCC4CC(O1)C23,8,0.04650622020695268
O=c1[nH]sc2ccccc12,8,0.04650622020695268
C=C1CCC2(C(=O)OC3CCCCO3)CCC3C(=CCC4C5CCC(OC6CCCCO6)CC5CCC34)C2C1,8,0.04650622020695268
O=c1c(OC2CCCCO2)c(-c2ccc(OC3CCCCO3)cc2)oc2ccccc12,8,0.04650622020695268
O=c1cc(-c2ccccc2)oc2c(OC3CCCCO3)cc(OC3CCCCO3)cc12,8,0.04650622020695268
O=c1cc[nH]c(=O)[nH]1,8,0.04650622020695268
c1cc[se]c1,8,0.04650622020695268
O=C1CNC(=O)CN1,7,0.040692942681083595
O=C1C=CC=CC1,7,0.040692942681083595
O=c1[nH]c(=O)c2[nH]cnc2[nH]1,7,0.040692942681083595
O=C1C[C@@H](c2ccccc2)Oc2ccccc21,7,0.040692942681083595
O=S(=O)(c1ccccc1)C1CCCCC1,7,0.040692942681083595
O=C(CNC(=O)Nc1ccccc1)NCCc1ccccc1,7,0.040692942681083595
O=c1ccc2cc3ccoc3cc2o1,7,0.040692942681083595
c1ccc(-c2ccc3ccccc3[o+]2)cc1,7,0.040692942681083595
O=C1c2ccccc2C(=O)c2ccccc21,7,0.040692942681083595
C1=CC2CC(C1)C2,7,0.040692942681083595
C1CCC(OCOC2CCCCO2)OC1,7,0.040692942681083595
C1CCOCC1.C1CCOCC1,7,0.040692942681083595
C1CCC(OCC2CC(OC3CCCCO3)CCO2)OC1,7,0.040692942681083595
O=C(/C=C/c1ccccc1)OCC1CCCC(OC2OCCC2OC(=O)/C=C/c2ccccc2)O1,7,0.040692942681083595
C1CCC(OC2CCCCO2)CC1,7,0.040692942681083595
C1CCC(OCCOC2CCCCO2)OC1,7,0.040692942681083595
O=C1C=COC(OC2CCCC3C4=CCC5C6CCC(OC7OCCCC7OC7OCCCC7OC7CCCCO7)CC6CCC5C4CCC23)C1,7,0.040692942681083595
O=c1cc(-c2cccc(OC3CCCCO3)c2)oc2cc(OC3CCCCO3)ccc12,7,0.040692942681083595
O=C1C=C2C3CCCCC3CCC2C2CCC3CC(OC4OCCCC4OC4OCCCC4OC4CCCCO4)CCC3C12,7,0.040692942681083595
O=C(OC1CCCCO1)C12CCCCC1C1=CCC3C4CCC(OC5CC6OCCOC6CO5)CC4CCC3C1CC2,7,0.040692942681083595
C1=C2C3CCCCC3CCC2C2CCC3CC(OC4OCC(OC5CCCCO5)CC4OC4CCCCO4)CCC3C2C1,7,0.040692942681083595
O=c1cc(-c2ccccc2)oc2cc(OC3CC(OC4CCCCO4)CCO3)ccc12,7,0.040692942681083595
O=c1c(-c2cccc(OC3CCCCO3)c2)coc2ccccc12,7,0.040692942681083595
C1=C2C3CCCCC3CCC2C2CCC3CC(OC4CC(OC5CC(OC6CCCCO6)CCO5)CCO4)CCC3C2C1,7,0.040692942681083595
O=c1c2ccccc2oc2cccc(OC3CCCC(COC4CCCCO4)O3)c12,7,0.040692942681083595
O=c1cc(-c2ccccc2)oc2cc(OC3CCCCO3)cc(OC3CCCCO3)c12,7,0.040692942681083595
O=c1nccc[nH]1,7,0.040692942681083595
O=C(C=Cc1ccccc1)c1ccccc1,6,0.03487966515521451
O=C1NCC(=O)N2CCC[C@@H]12,6,0.03487966515521451
c1ccc(Nc2ccccc2)cc1,6,0.03487966515521451
C1=CCOCC1,6,0.03487966515521451
O=S(=O)(c1ccccc1)C1CC=CCC1,6,0.03487966515521451
C1CCC(OC2CCC(OC3CCC(OC4CCC(OC5CCC(OC6CCC7C(CCC8C9CCCC9CCC78)C6)OC5)OC4)OC3)OC2)OC1,6,0.03487966515521451
C1CCSC1,6,0.03487966515521451
O=C1C=CC2C3CCC[C@@H]3C[C@H]12,6,0.03487966515521451
c1ccc2c(c1)CC1COc3ccccc3C21,6,0.03487966515521451
C=C1CC23CCC4C(C(=O)OC5OCCCC5OC5CCCCO5)CCCC4C2CCC1(OC1OCCC(OC2CCCCO2)C1OC1CCCCO1)C3,6,0.03487966515521451
c1ccc(C2CCc3ccccc3O2)cc1,6,0.03487966515521451
C(=Nc1ccccc1)NCC1CCCCC1,6,0.03487966515521451
c1ccc(N2CCOCC2)cc1,6,0.03487966515521451
C1CCCSCCC1,6,0.03487966515521451
C1=CC2CCCCC2C(OC2CCCCO2)C1,6,0.03487966515521451
C1COCCN1,6,0.03487966515521451
c1ncc2ncn([C@H]3CCCO3)c2n1,6,0.03487966515521451
c1ccnnc1,6,0.03487966515521451
c1ccc2nc3ccccc3cc2c1,6,0.03487966515521451
c1ccc2c(c1)CCC2,6,0.03487966515521451
c1cc[nH+]cc1,6,0.03487966515521451
C1CCC2(CCCO2)OC1,6,0.03487966515521451
C1CCC(OC2CCOC(OC3CCOCC3)C2)OC1,6,0.03487966515521451
C1CO[Sb]O1,6,0.03487966515521451
O=[PH](OCC1CCCO1)O[PH](=O)OCC1CCC(n2cnc3cncnc32)O1,6,0.03487966515521451
O=C1C=C2C3CCCCC3CCC2C2CCC3CC(OC4CC(OC5CCCCO5)CCO4)CCC3C12,6,0.03487966515521451
c1ncc2c(n1)ncn2C1CCCO1,6,0.03487966515521451
O=C(OC1OCCCC1OC1CCC(OC2CCCCO2)CO1)C12CCCCC1C1=CCC3C4CCC(OC5CCCCO5)CC4CCC3C1CC2,6,0.03487966515521451
C1=NCSC1,6,0.03487966515521451
O=C1C=C2C3CCCCC3CCC2C2CCC3CC(OC4CCC(OC5CCCCO5)CO4)CCC3C12,6,0.03487966515521451
O=C(OC1OCCCC1OC1CCCCO1)C12CCCCC1C1=CCC3C4CCC(OC5CCCCO5)CC4CCC3C1CC2,6,0.03487966515521451
C=C1CCC2CCC3C(=CCC4C5CCC(OC6CCCCO6)CC5CCC34)C2C1,6,0.03487966515521451
O=C(CCc1ccccc1)c1cccc(OC2CCCCO2)c1,6,0.03487966515521451
C1=C2C(CCC3(COC4CCCCO4)CCCCC23)C2CCC3CC(OC4CC(OC5CCCCO5)CCO4)CCC3C2C1,6,0.03487966515521451
O=c1c(OC2CC(OC3CCCCO3)CCO2)c(-c2ccccc2)oc2ccccc12,6,0.03487966515521451
O=c1cc(-c2ccc(OC3CCCC(COC4CCCCO4)O3)cc2)oc2ccccc12,6,0.03487966515521451
O=c1cnc2[nH]c(=O)[nH]c(=O)c2[nH]1,6,0.03487966515521451
O=c1[nH]c(=O)c2nc[nH]c2[nH]1,6,0.03487966515521451
C1CC2CCC1CC2,6,0.03487966515521451
c1ccc([C@@H]2CCc3ccccc3O2)cc1,5,0.029066387629345422
O=c1c(-c2ccccc2)coc2cc(O[C@H]3CCCCO3)ccc12,5,0.029066387629345422
O=c1cc[nH]c(=S)[nH]1,5,0.029066387629345422
c1ccc2occc2c1,5,0.029066387629345422
C1=NCCS1,5,0.029066387629345422
O=C1c2ccccc2OC[C@H]1Cc1ccccc1,5,0.029066387629345422
c1ccc2c(CC3CC4CCN3CC4)ccnc2c1,5,0.029066387629345422
c1ccc(-c2[o+]c3ccccc3cc2OC2CCCCO2)cc1,5,0.029066387629345422
O=C(CNCCCc1ccccc1)NCCc1ccccc1,5,0.029066387629345422
C1CC[C@@H](OC2CCCO2)OC1,5,0.029066387629345422
c1ccc(CCCNCCc2ccccc2)cc1,5,0.029066387629345422
C=C1CCCC2CC3OC(=O)C(=C)C3CC12,5,0.029066387629345422
O=C1CC2=CCC3C4CCCC4CC(=O)C3C2CC1OC1CCCCO1,5,0.029066387629345422
O=C1CC2CCC=C3C(=O)C=CC3C2O1,5,0.029066387629345422
C1=CC2CCCCC2CC1,5,0.029066387629345422
C(CCOC1CCCCO1)COC1CCCCO1,5,0.029066387629345422
C1=C2C3CCCCC3CCC2C2CCC3CCCCC3C2C1,5,0.029066387629345422
C1COCC(OC2CCCOC2)C1,5,0.029066387629345422
C1CCC(OCC2CCCC(OC3CCCOC3)O2)OC1,5,0.029066387629345422
c1ccc(CCNC2CCCCC2)cc1,5,0.029066387629345422
C1CC2OCCOC2CO1,5,0.029066387629345422
C=C1CC2CCC1C2,5,0.029066387629345422
O=C1CC(c2ccccc2)Oc2cc(OC3CCC(OC4CCCCO4)CO3)ccc21,5,0.029066387629345422
O=c1c2ccccc2oc2c(OC3CCCCO3)cccc12,5,0.029066387629345422
C1=C2C(CCC3(COC4CCCCO4)CCCCC23)C2CCC3CC(OC4CCCCO4)CCC3C2C1,5,0.029066387629345422
O=C(OC1CCCCO1)C1CCC2CCC3C(=CCC4C5CCC(OC6OCCCC6OC6CCCCO6)CC5CCC34)C2C1,5,0.029066387629345422
O=c1c(-c2ccc(OC3CCCCO3)cc2)coc2ccccc12,5,0.029066387629345422
O=c1c(-c2ccc(OC3CCCC(COC4CCCCO4)O3)cc2)coc2ccccc12,5,0.029066387629345422
O=C1OC2CC1CC1C3=CC(=O)C4C5CCC(OC6OCCCC6OC6CCCCO6)CC5CCC4C3CCC21,5,0.029066387629345422
O=C(OC1CCCC(COC2CCC(OC3CCCCO3)CO2)O1)C12CCCCC1C1=CCC3C4CCC(OC5CCCCO5)CC4CCC3C1CC2,5,0.029066387629345422
O=c1c(OC2CCCCO2)c(-c2cccc(OC3CCCCO3)c2)oc2ccccc12,5,0.029066387629345422
O=C1CCCC2C3=CCC4C5CCC(OC6CCCCO6)CC5CCC4C3CCC12,5,0.029066387629345422
c1ccc(C(c2ccccc2)N2CCNCC2)cc1,4,0.02325311010347634
c1ccc(C2CCNCC2)cc1,4,0.02325311010347634
O=S(=O)(c1ccccc1)c1ccccc1,4,0.02325311010347634
O=C(Cc1ccccc1)O[C@H]1CCOC[C@@H]1OC(=O)Cc1ccccc1,4,0.02325311010347634
O=C(CNC(=S)Nc1ccccc1)NCCc1ccccc1,4,0.02325311010347634
C1CC2CNC3C4CC2C3(C1)C1CC2CCC4C1C2,4,0.02325311010347634
O=C1CCCC1=O,4,0.02325311010347634
c1ccc(CCc2nncs2)cc1,4,0.02325311010347634
C1CCC(OC2CCC(OC3CCC(OC4CCC(OC5CCC6C(CCC7C8CCCC8CCC67)C5)OC4)OC3)OC2)OC1,4,0.02325311010347634
C=C1CC23CCC4CCCCC4C2CCC1(OC1OCCC(OC2CCCCO2)C1OC1CCCCO1)C3,4,0.02325311010347634
O=C(Cc1ccccc1)Oc1ccccc1,4,0.02325311010347634
C1CCCSCC1,4,0.02325311010347634
O=C(NCCc1c[nH]c2ccccc12)c1ccccc1,4,0.02325311010347634
O=C(CCc1ccccc1)c1ccc(OC2CCCCO2)cc1,4,0.02325311010347634
O=c1c(O[C@H]2CCCCO2)c(-c2ccccc2)oc2ccccc12,4,0.02325311010347634
O=C1C[C@@H](c2ccccc2)Oc2cc(O[C@@H]3OCCC[C@H]3O[C@H]3CCCCO3)ccc21,4,0.02325311010347634
c1ccc(C2OCCO2)cc1,4,0.02325311010347634
C1CC[C@H](O[C@H]2CCCOC2)OC1,4,0.02325311010347634
C=C1OC(=O)c2ccccc21,4,0.02325311010347634
O=C1CC[C@@H]2C(=CC[C@H]3C4CCCC4CC(=O)C32)C1,4,0.02325311010347634
O=C(OCc1ccccc1)c1ccccc1,4,0.02325311010347634
O=C1C=CCC(=O)C1,4,0.02325311010347634
C1CCCCCC1,4,0.02325311010347634
O=C1CC2CCC3C4CCCCC4OC(=O)C13C2,4,0.02325311010347634
O=C1NC(=O)C(c2ccccc2)C(=O)N1,4,0.02325311010347634
O=C1OCCc2ccccc21,4,0.02325311010347634
c1ccc(C2CSc3ccccc3O2)cc1,4,0.02325311010347634
O=c1[nH]cnc2c1ncn2C1OCC2OCOC21,4,0.02325311010347634
c1ccc(C[NH2+]CCOCCOc2ccccc2)cc1,4,0.02325311010347634
C1=C2c3cccc4[nH]cc(c34)C[C@H]2NCC1,4,0.02325311010347634
C1CC[C@H]2CC[C@H]3[C@@H]4CCCC4CC[C@@H]3C2C1,4,0.02325311010347634
C1CCC2=C(CC1)CCC2,4,0.02325311010347634
C1CCCCCCC1,4,0.02325311010347634
C1CCC(OCC2CCCC(OC3CCCO3)O2)OC1,4,0.02325311010347634
C1CC2COC(C1)O2,4,0.02325311010347634
O=c1cc[nH]cc1,4,0.02325311010347634
O=C1CC2CCCC2C2C=Cc3ccc(OC4CCCCO4)cc3C12,4,0.02325311010347634
O=C1CC2CCCC2C2CCc3ccc(OC4CCCCO4)cc3C12,4,0.02325311010347634
C=C1CC23CCC4C(C(=O)OC5CCCCO5)CCCC4C2CCC1(OC1CCCCO1)C3,4,0.02325311010347634
O=C1OCCC2CC(OC3CCCCO3)OC=C12,4,0.02325311010347634
O=C1CC2=CCC3C4CCCC4CC(=O)C3C2C=C1OC1CCCCO1,4,0.02325311010347634
O=C(NCCc1ccccc1)C1CCCCC1,4,0.02325311010347634
O=C(OC1CCCCO1)C1CCC2CCC3C(=CC(=O)C4C5CCC(OC6OCCCC6OC6CCCCO6)CC5CCC34)C2C1,4,0.02325311010347634
C1CCC(OCC2COCO2)OC1,4,0.02325311010347634
C1CCC(CCC2CCCCO2)OC1,4,0.02325311010347634
C1CC2O[Sn]OC2CO1,4,0.02325311010347634
O=C1OCC2OC(=O)c3ccccc3-c3cccc4c3C(=O)OC(C3Cc5cccc-4c5C(=O)O3)C2OC(=O)c2ccccc2-c2ccccc21,4,0.02325311010347634
C1CCC(COCC2CCCCO2)OC1,4,0.02325311010347634
C1CC2CC(CO2)O1,4,0.02325311010347634
C1CCC(OCCCOC2CCCCO2)OC1,4,0.02325311010347634
O=C1NS(=O)c2ccccc21,4,0.02325311010347634
O=C1NS(=O)(=O)c2ccccc21.O=C1NS(=O)(=O)c2ccccc21,4,0.02325311010347634
C1CCC(OCCC2CCCO2)OC1,4,0.02325311010347634
c1ccc2c(c1)CCCC2,4,0.02325311010347634
C1NCSCS1,4,0.02325311010347634
O=C(OC1CCCCO1)C12CCCCC1C1=CCC3C4CCC(OC5CCC(OC6CCCO6)CO5)CC4CCC3C1CC2,4,0.02325311010347634
O=c1cc(-c2ccccc2)oc2cc(OC3OCCCC3OC3CCCO3)ccc12,4,0.02325311010347634
O=C1CC2C(=CCC3C4CCC(OC5CCCCO5)CC4CCC23)C2CCCCC12,4,0.02325311010347634
O=C(OC1CCCCO1)C12CCCCC1C1=CCC3C4CCC(OC5CC(OC6CCCCO6)C(OC6CCCCO6)CO5)CC4CCC3C1CC2,4,0.02325311010347634
O=C1c2ccccc2OC(c2ccccc2)C1OC1CCCC(COC2CCCCO2)O1,4,0.02325311010347634
O=C1CC(COC2CCCCO2)CC2C3=CCC4C5CCC(OC6OCCCC6OC6OCCCC6OC6CCCCO6)CC5CCC4C3CCC12,4,0.02325311010347634
O=C(OC1OCCC(OC2CCCCO2)C1OC1CCCCO1)C12CCCCC1C1=CCC3C4CCC(OC5CCCCO5)CC4CCC3C1CC2,4,0.02325311010347634
C1=C2C3CCCC(OC4CCCCO4)C3CCC2C2CCC3CC(OC4OCCCC4OC4OCCCC4OC4CCCCO4)CCC3C2C1,4,0.02325311010347634
C1=C2C3CCCCC3CCC2C2CCC3CC(OC4OCCCC4OC4CC(OC5CCCCO5)CCO4)CCC3C2C1,4,0.02325311010347634
O=C(OC1CCCCO1)C12CCCCC1C1=CCC3C4CCC(OC5OCCCC5OC5OCCCC5OC5CCCCO5)CC4CCC3C1CC2,4,0.02325311010347634
O=c1cc(-c2ccccc2)oc2ccc(OC3CCC(OC4CCCCO4)CO3)cc12,4,0.02325311010347634
O=C1CC(c2ccc(OC3CCCCO3)cc2)Oc2cc(OC3CCCCO3)ccc21,4,0.02325311010347634
c1ncc2ncn(CC3CCCO3)c2n1,4,0.02325311010347634
O=C(OC1CCCCO1)C12CCCCC1C1=CCC3C4CCC(OC5CC(OC6OCCCC6OC6CCCCO6)CCO5)CC4CCC3C1CC2,4,0.02325311010347634
O=C(C=Cc1ccccc1)c1ccccc1OC1CCCCO1,4,0.02325311010347634
O=c1c(-c2ccccc2)coc2cc(OC3CC(OC4CCCCO4)CCO3)ccc12,4,0.02325311010347634
O=c1cc(-c2ccccc2)oc2c(C3CCCCO3)c(OC3CCCCO3)ccc12,4,0.02325311010347634
O=c1cc(-c2ccc(OC3CCCCO3)cc2)oc2ccc(C3CCCCO3)cc12,4,0.02325311010347634
O=c1cc(-c2ccccc2)oc2cc(OC3CCCC(COC4CCCO4)O3)ccc12,4,0.02325311010347634
[CH]1CCCOC1,4,0.02325311010347634
O=C(c1ccccc1)c1ccccc1OC1CCCCO1,4,0.02325311010347634
O=C1C=C2C3CCCC(OC4CCCCO4)C3CCC2C2CCC3CC(OC4OCCCC4OC4CCCCO4)CCC3C12,4,0.02325311010347634
O=c1cccc[nH]1,4,0.02325311010347634
O=c1cc[nH]cn1,4,0.02325311010347634
C1N=N1,4,0.02325311010347634
O=c1cncc[nH]1,4,0.02325311010347634
O=c1[nH]c(=O)c2[nH]c(=O)c(=O)[nH]c2[nH]1,4,0.02325311010347634
O=C1ON=CC1=NNc1ccccc1,4,0.02325311010347634
C=C1C(=O)OC2C=CCCC=CCCC12,3,0.017439832577607256
C=C1C(=O)O[C@@H]2C=CCCC=CCC[C@@H]12,3,0.017439832577607256
C(=Nc1ccccc1)NC1CCCCCCC1,3,0.017439832577607256
O=C1C=C(C2CCC3C2CCC2C4CCC(OC5CCCCO5)CC4CCC23)CO1,3,0.017439832577607256
O=S(=O)(NC=Nc1ccccc1)c1ccccc1,3,0.017439832577607256
O=S(=O)(c1ccccc1)C1CCCC1,3,0.017439832577607256
C=C1CC[C@H]2C(=C)CC[C@H]3C(=C)C(=O)O[C@@H]3[C@@H]12,3,0.017439832577607256
O=C(/C=C/c1ccccc1)c1cccc2c1OCCC2,3,0.017439832577607256
O=S(=O)(Nc1ncccn1)c1ccccc1,3,0.017439832577607256
O=c1[nH]cnc2c1ncn2C1CCCO1.O=c1[nH]cnc2c1ncn2C1CCCO1,3,0.017439832577607256
O=C1OCc2ccccc21,3,0.017439832577607256
C=C1CC=CCC1,3,0.017439832577607256
O=C1C=C2CC[C@H]3[C@@H]4CCCC4CC[C@@H]3C2CC1,3,0.017439832577607256
O=c1cco[nH]1,3,0.017439832577607256
c1ccc2c(c1)CSC1(CCc3ccccc31)S2,3,0.017439832577607256
O=C(NC[C@@H]1CCCCO1)[C@@H]1CCCN1,3,0.017439832577607256
c1ccc(Cc2ccccn2)cc1,3,0.017439832577607256
c1ccc(CN(CC2=NCCN2)c2ccccc2)cc1,3,0.017439832577607256
C1CO1,3,0.017439832577607256
O=c1nc[nH]c2c1ncn2[C@H]1CCCO1,3,0.017439832577607256
O=C1CCC(C(=O)N2CCCC2)N1,3,0.017439832577607256
c1ccc(CC2NCCc3ccccc32)cc1,3,0.017439832577607256
c1ccc(CNc2ccccc2)cc1,3,0.017439832577607256
O=C1C2=COC[C@@H]3CC4CC[C@H]1C4C23,3,0.017439832577607256
C=C1C(=O)O[C@@H]2[C@H]3C=CC(=O)C3=CCC[C@@H]12,3,0.017439832577607256
c1ccc(C2COc3ccccc3O2)cc1,3,0.017439832577607256
c1ccc(N(CC2=NCCN2)c2ccccc2)cc1,3,0.017439832577607256
C=C1C(=O)C23CC1CCC2C12COCC1CCCC2OC3=O,3,0.017439832577607256
O=C1C=C[C@@]23CCC[C@@H]2CC1C3=O,3,0.017439832577607256
c1ccc(C[SH+]c2nc3ccccc3[nH]2)nc1,3,0.017439832577607256
c1ccc2c(C[C@@H]3CC4CCN3CC4)ccnc2c1,3,0.017439832577607256
c1ccc2c(c1)CCC1C2CCC2CCCC21,3,0.017439832577607256
O=c1oc2ccccc2cc1Cc1ccccc1,3,0.017439832577607256
C1CCC(OC2CCC(OC3CCC(OC4CCC(OC5CCC(OC6CCC(OC7CCC8C(CCC9C%10CCCC%10CCC89)C7)OC6)OC5)OC4)OC3)OC2)OC1,3,0.017439832577607256
C1CCC(OC2CCC(OC3CCC(OC4CCC5C(CCC6C7CCCC7CCC56)C4)OC3)OC2)OC1,3,0.017439832577607256
O=C1C=CC2C1CC1COCCC12,3,0.017439832577607256
c1ncc(C[n+]2ccsc2)cn1,3,0.017439832577607256
O=C(OC1Cc2cccc(C3CC(c4ccccc4)Oc4ccccc43)c2OC1c1ccccc1)c1ccccc1,3,0.017439832577607256
O=C(NCCc1ccccn1)C(=O)NCc1ccccc1,3,0.017439832577607256
O=C1NC(=O)C(C2=CCCCC2)C(=O)N1,3,0.017439832577607256
c1ccc(Nc2ccnc3ccccc23)cc1,3,0.017439832577607256
O=C1C=CC2C(=CCC3C4CCCC4CC(=O)C23)C1,3,0.017439832577607256
O=C(CCc1ccccc1)c1ccc(OC2OCCCC2O[C@@H]2CCCCO2)cc1,3,0.017439832577607256
C=C1C[C@@]23CC[C@@H]4C(C(=O)O[C@H]5CCCCO5)CCCC4[C@@H]2CC[C@]1(O[C@@H]1OCC[C@H](O[C@H]2CCCCO2)[C@H]1O[C@H]1CCCCO1)C3,3,0.017439832577607256
O=C(Cc1ccccc1)c1ccccc1,3,0.017439832577607256
c1ccc2nc3occc3cc2c1,3,0.017439832577607256
C1=NCOC1,3,0.017439832577607256
O=C(CCc1c[nH]c2ccccc12)N1CCCC1,3,0.017439832577607256
C1=C2C3CCC(OC4CCCCO4)CC3CCC2C2CCC3CC(OC4OCCCC4OC4CCCCO4)CCC3C2C1,3,0.017439832577607256
c1cn[nH]c1,3,0.017439832577607256
O=C1CC2CCC3C1(C2)C(=O)OC1CCCC2COCC213,3,0.017439832577607256
C1=C2C(CCC3CCCC[C@@H]23)C2CC[C@H]3CCCCC3[C@H]2C1,3,0.017439832577607256
O=C(CCc1ccccc1)NCC(=O)N1CCC[C@H]1C(=O)NCC(=O)NCC(=O)NCC(=O)N1CCC[C@H]1C(=O)NCCc1c[nH]c2ccccc12,3,0.017439832577607256
C1CNCCN1,3,0.017439832577607256
O=c1cccco1,3,0.017439832577607256
c1ccc2c(c1)Cc1ccccc1O2,3,0.017439832577607256
O=S(=O)(c1ccccc1)C1CC1,3,0.017439832577607256
O=C(OC1CCCCC1)c1ccccc1,3,0.017439832577607256
c1ccc2cnccc2c1,3,0.017439832577607256
C=C1CC23CCC4C(C(=O)OC5CCCC(COC6CCCCO6)O5)CCCC4C2CCC1(OC1OCCCC1OC1CCCCO1)C3,3,0.017439832577607256
c1ccc(C2CCc3cccc(C4CC(c5ccccc5)Oc5c4ccc4c5C5CC(c6ccccc6)(Oc6ccccc65)O4)c3O2)cc1,3,0.017439832577607256
C1CSCSC1,3,0.017439832577607256
C1=C[C@H]2[C@H]3Cc4cccc5c4[C@@]2(CCN3)[C@H](C1)O5,3,0.017439832577607256
O=C(OCCc1ccccc1)c1ccccc1,3,0.017439832577607256
O=C1CCCCCO1,3,0.017439832577607256
O=S(Cc1ccccn1)c1nc2ccccc2[nH]1,3,0.017439832577607256
O=C(CCc1ccccc1)NCC(=O)N1CCCC1C(=O)NCC(=O)NCC(=O)NCC(=O)N1CCCC1C(=O)NCCc1c[nH]c2ccccc12,3,0.017439832577607256
C=C1C(=O)C23CCC4CCCCC4C2CCC1C3,3,0.017439832577607256
C=C1CC23CCC4C(C(=O)OC5CCCCO5)CCCC4C2CCC1C3,3,0.017439832577607256
C=C1CC23CCC4CCC(OC5CCCCO5)CC4C2CCC1C3,3,0.017439832577607256
O=C1CNCCN1CCc1ccccc1,3,0.017439832577607256
C1CCC(OCC2CO2)OC1,3,0.017439832577607256
C1COCC(OC2CCC3OCOCC3O2)C1,3,0.017439832577607256
O=C1C=CC2CC3OC(=O)CC4C5CCC(C2C1)C34CO5,3,0.017439832577607256
C1CCC(OOCC2CCCO2)OC1,3,0.017439832577607256
O=c1c(OC2OC(COC3CCCCO3)CCC2OC2CCCCO2)c(-c2ccccc2)oc2ccccc12,3,0.017439832577607256
C1COCCO1,3,0.017439832577607256
C1CC(C2CCOCO2)OCO1,3,0.017439832577607256
C1COC(COC2CCCO2)C1,3,0.017439832577607256
O=C1c2ccccc2NC2c3[nH]c4ccccc4c3CCN12,3,0.017439832577607256
c1ccc(CCNC2CC2)cc1,3,0.017439832577607256
O=C(CNC(=O)Cc1ccccc1)NCCc1ccccc1,3,0.017439832577607256
c1ccc(CCNCCc2ccccc2)cc1,3,0.017439832577607256
C(CCOC1CCCCO1)COC1CCCOC1,3,0.017439832577607256
O=C1CC2CC3OCOC3C3C4C(=O)C=CCC4CC(O1)C23,3,0.017439832577607256
C1CCC(OCC2CCCC(OC3CCOCC3)O2)OC1,3,0.017439832577607256
C1=C2CC(OC3CCC(OC4CCC(OC5CCCCO5)CO4)CO3)CCC2C2CCC3CC(OC4CCCC(COC5OCCCC5OC5CCCCO5)O4)CC3C2C1,3,0.017439832577607256
C1=C2CC(OC3CCC(OC4CCC(OC5CCCCO5)CO4)CO3)CCC2C2CCC3CC(OC4CCCC(COC5OC(COC6CCCCO6)CCC5OC5CCCCO5)O4)CC3C2C1,3,0.017439832577607256
C1CCC(COC2CCCOC2)OC1,3,0.017439832577607256
O=C1OCC(Cc2ccccc2)C1Cc1ccc(OC2CCCCO2)cc1,3,0.017439832577607256
c1ccc2c(c1)CC[n+]1cc3ccccc3cc1-2,3,0.017439832577607256
O=c1ccc2ccc(OC3CCCCO3)cc2o1,3,0.017439832577607256
O=c1c(-c2ccccc2)coc2cc(OC3CCCC(COC4CCCO4)O3)ccc12,3,0.017439832577607256
O=C1c2ccccc2S(=O)(=O)N1S(=O)(=O)c1ccccc1,3,0.017439832577607256
C1CCC(OC2CCOC2OC2CCCCO2)OC1,3,0.017439832577607256
O=S1(=O)N=Cc2ccccc21.O=S1(=O)N=Cc2ccccc21.O=S1(=O)N=Cc2ccccc21,3,0.017439832577607256
C1COC2(C1)COC1(CCCO1)CO2,3,0.017439832577607256
C1CCC(COC2CCCC(COC3CCCCO3)O2)OC1,3,0.017439832577607256
C1CCC(OC2(COC3CCCO3)CCCO2)OC1,3,0.017439832577607256
C1CC2OC2CO1,3,0.017439832577607256
C1CCO[13CH2]C1,3,0.017439832577607256
O=[PH]1OC2COC(n3cnc4cncnc43)C2O1,3,0.017439832577607256
C1CSCCS1,3,0.017439832577607256
C1=NCCC1,3,0.017439832577607256
C1C2CC3C1C3C2,3,0.017439832577607256
C1=CC2(C=CCO2)CCC1,3,0.017439832577607256
O=c1cc(-c2ccccc2)oc2ccc(C3CCCC(COC4CCCCO4)O3)cc12,3,0.017439832577607256
O=c1c(-c2ccccc2)coc2cc(OC3OCCCC3OC3CCCCO3)ccc12,3,0.017439832577607256
O=c1[nH][sH+]c2ccccc12,3,0.017439832577607256
O=C1CC2C(=CCC3C4CCC(OC5CC(OC6CCCCO6)CCO5)CC4CCC23)C2CCCCC12,3,0.017439832577607256
C1=C2C3CCCCC3CCC2C2CCC3CC(OC4CC(OC5CCCCO5)C(OC5CCCO5)CO4)CCC3C2C1,3,0.017439832577607256
C1=C2C3CCCCC3CCC2C2CCC3CC(OC4CC(OC5OCCCC5OC5CCCCO5)CCO4)CCC3C2C1,3,0.017439832577607256
O=c1c(-c2ccccc2)coc2ccc(OC3CCCCO3)cc12,3,0.017439832577607256
O=C1CCCC2C3=CCC4C5CCC(OC6OCCCC6OC6CCCCO6)CC5CCC4C3CCC12,3,0.017439832577607256
O=C(CCc1ccc2c(c1)OCCO2)c1ccccc1OC1CCCCO1,3,0.017439832577607256
O=C1C=C2C3CCCCC3CCC2C2CCC3CC(OC4CCCC(COC5CCCCO5)O4)CCC3C12,3,0.017439832577607256
O=C1CC2CCCCC2C2=CCC3C4CCC(OC5CCCCO5)CC4CCC3C12,3,0.017439832577607256
O=c1c(-c2ccc(OC3CCCCO3)cc2)coc2cc(OC3CCCCO3)ccc12,3,0.017439832577607256
C=C1CCC2CCC3C(=CCC4C5CCC(OC6CC(OC7CCCCO7)CCO6)CC5CCC34)C2C1,3,0.017439832577607256
O=C(C=Cc1ccc(OC2CCCCO2)cc1)c1ccccc1,3,0.017439832577607256
O=C(C=Cc1ccccc1)c1cccc(OC2CCCCO2)c1,3,0.017439832577607256
O=c1cc(-c2cccc(OC3CCCCO3)c2)oc2ccc(C3CCCCO3)cc12,3,0.017439832577607256
O=C1C=C2C3CCCCC3CCC2C2CCC3CC(OC4OCCC(OC5CCCCO5)C4OC4CCCCO4)CCC3C12,3,0.017439832577607256
O=C(OC1CCCC(COC2CCCCO2)O1)C12CCCCC1C1=CCC3C4CCC(OC5OCCCC5OC5CCCCO5)CC4CCC3C1CC2,3,0.017439832577607256
O=c1cc(-c2ccc(OC3CCC(OC4CCCCO4)CO3)cc2)oc2ccccc12,3,0.017439832577607256
O=C1CC2C(=CCC3C4CCC(OC5OCCCC5OC5OCCCC5OC5CCCCO5)CC4CCC23)C2CCCCC12,3,0.017439832577607256
O=C1C=C2C3CCCCC3CCC2C2CCC3CC(OC4OCCCC4OC4CCCO4)CCC3C12,3,0.017439832577607256
O=C(OC1CCCC(COC2CCCCO2)O1)C12CCCCC1C1=CCC3C4CCC(OC5CC(OC6CCCCO6)CCO5)CC4CCC3C1CC2,3,0.017439832577607256
O=c1cc(-c2ccc(OC3CCCCO3)cc2)oc2cc(OC3CCCC(COC4CCCCO4)O3)ccc12,3,0.017439832577607256
O=c1c(-c2ccccc2)coc2cc(OC3CCC(OC4CCCCO4)CO3)ccc12,3,0.017439832577607256
O=c1cc(-c2ccc(OC3CCCCO3)cc2)oc2ccc(OC3CCCCO3)cc12,3,0.017439832577607256
O=c1cc(-c2ccc(OC3OCCCC3OC3CCCCO3)cc2)oc2ccccc12,3,0.017439832577607256
O=c1cc(-c2ccc(OC3CCCCO3)cc2)oc2cc(OC3OCCCC3OC3CCCCO3)ccc12,3,0.017439832577607256
O=c1cc(-c2ccccc2)oc2cccc(OC3OCCCC3OC3CCCCO3)c12,3,0.017439832577607256
O=C1C=CCC(OC2CCCC3C4=CCC5C6CCC(OC7OCCCC7OC7OCCCC7OC7CCCCO7)CC6CCC5C4CCC23)C1,3,0.017439832577607256
O=C1CC(c2ccccc2OC2CCCCO2)Oc2ccccc21,3,0.017439832577607256
c1ccc(-n2cccn2)cc1,3,0.017439832577607256
O=C(c1ccccc1)c1cccc(OC2CCCCO2)c1,3,0.017439832577607256
[CH]1CCCCO1,3,0.017439832577607256
c1ncc2ncn(C3CC4O[PH2+]OCC4O3)c2n1,3,0.017439832577607256
O=C(OC1CCC(OC2CCCCO2)CO1)C12CCCCC1C1=CCC3C4CCC(OC5CC(OC6CCCCO6)CCO5)CC4CCC3C1CC2,3,0.017439832577607256
O=C(OC1CCCC(COC2CCC(OC3CCCCO3)CO2)O1)C12CCCCC1C1=CCC3C4CCCCC4CCC3C1CC2,3,0.017439832577607256
c1c[nH]nn1,3,0.017439832577607256
S=c1cn[nH]c(=S)[nH]1,3,0.017439832577607256
O=c1cn[nH]c(=O)[nH]1,3,0.017439832577607256
O=c1cn[nH]c(=S)[nH]1,3,0.017439832577607256
O=c1cn[nH]cn1,3,0.017439832577607256
O=C1C=CC(=O)C=C1,3,0.017439832577607256
O=c1ccnc2nc[nH]n12,3,0.017439832577607256
c1ccc2[nH]ncc2c1,3,0.017439832577607256
O=c1cnc2cnc[nH]c-2n1,3,0.017439832577607256
O=c1cnc2c(=O)[nH]cnc2[nH]1,3,0.017439832577607256
O=c1cc(-c2ccccc2)[nH]o1,3,0.017439832577607256
c1ccc(-n2ccnn2)cc1,3,0.017439832577607256
O=c1ncccn1[C@H]1CCCO1,3,0.017439832577607256
O=S(=O)(Nc1ccccc1)c1ccccc1,3,0.017439832577607256
O=C1CC(=O)C(=O)C1,2,0.01162655505173817
O=C(Nc1ccccc1)OCC(CN1CCCCC1)OC(=O)Nc1ccccc1,2,0.01162655505173817
O=C(CCc1ccccc1)NCC(=O)N1CCC[C@H]1C(=O)NCC(=O)NCC(=O)NCC(=O)N1CCC[C@H]1C(=O)N[C@@H](Cc1c[nH]c2ccccc12)C(=O)N[C@@H](Cc1cnc[nH]1)C(=O)NCC(=O)N1CCCC1,2,0.01162655505173817
c1coc(Cn2cccc2)c1,2,0.01162655505173817
C(=Nc1cccnc1)NC1CCCCCCC1,2,0.01162655505173817
O=C1N[C@@H](Cc2ccccc2)C(=O)N2CCC[C@@H]12,2,0.01162655505173817
C1=CCC2CCCCC2C1,2,0.01162655505173817
C=C1C(=O)C23CC1CCC2C1CCCCC1OC3=O,2,0.01162655505173817
O=C1CC2CCC1C2,2,0.01162655505173817
O=S1(=O)NS(=O)(=O)c2ccccc21,2,0.01162655505173817
O=C(OC1Cc2ccccc2OC1c1ccccc1)c1ccccc1,2,0.01162655505173817
O=C1CCC2(C3CCC4CC(=O)C3C4)COC(=O)C2C1,2,0.01162655505173817
O=C1OCC23C(CCCC12)OC(=O)C12CC(CCC13)CC2=O,2,0.01162655505173817
O=C1OCC[C@H]2C[C@H](O[C@@H]3OCCC[C@H]3OC(=O)c3ccccc3-c3ccccc3)OC=C12,2,0.01162655505173817
O=C(O[C@H]1CCCCO1)[C@]12CCCC=C1C1=CC[C@H]3C(CC[C@H]4CCCCC43)C1CC2,2,0.01162655505173817
O=C1C=C2C3CCC(CC4CCCC(OC5CCCCO5)O4)C3CCC2C2CCC(OC3CCCCO3)CC12,2,0.01162655505173817
c1ccc(C2SCc3ccccc3S2)cc1,2,0.01162655505173817
O=C1C=CCCO1,2,0.01162655505173817
O=C1C=CC2[C@H](CO1)CC(=O)C1[C@@H]2CCC2[C@H](c3ccoc3)OC(=O)[C@H]3O[C@@]123,2,0.01162655505173817
C=C1C(=O)O[C@H]2[C@H]1[C@@H](OC(=O)Cc1ccccc1)CC=C1C(=O)C=C[C@@H]12,2,0.01162655505173817
c1cnoc1,2,0.01162655505173817
O=c1[nH]c(SCC2CCCO2)nc2c1ncn2C1CCCO1,2,0.01162655505173817
C1CC[C@@H](O[C@H]2CCCOC2)OC1,2,0.01162655505173817
C=C1C(=O)C23CC1CCC2C12CCCCC1CC3OC2,2,0.01162655505173817
c1ccc(CCCCc2ccccc2)cc1,2,0.01162655505173817
c1cnncn1,2,0.01162655505173817
C(=Nc1ccccc1)NC1CCCCCC1,2,0.01162655505173817
c1ccc(C2OCc3ccccc3O2)cc1,2,0.01162655505173817
C1=CCSCC1,2,0.01162655505173817
c1ccc(-c2[nH+]c3ccccc3c3ccccc23)cc1,2,0.01162655505173817
C1CSCS1,2,0.01162655505173817
O=C(NCc1cccnc1)Nc1cccnc1,2,0.01162655505173817
c1nnc(C2CCC2)s1,2,0.01162655505173817
c1ccc2nc3c(cc2c1)CCCC3,2,0.01162655505173817
C=C1C[C@@]23CC[C@@H]4C(C(=O)O[C@H]5CCCCO5)CCCC4[C@@H]2CC[C@]1(O[C@@H]1OCCC[C@H]1O[C@H]1CCCCO1)C3,2,0.01162655505173817
O=C1O[C@@H]2C[C@H]1C1C[C@H]3O[C@]34C(=O)O[C@H]2C14,2,0.01162655505173817
c1ccc2c(c1)ccn2C1CCCCO1,2,0.01162655505173817
O=c1oc(-c2ccccc2)cc2ccccc12,2,0.01162655505173817
O=C1CC(=O)N(c2ccccc2)N1c1ccccc1,2,0.01162655505173817
O=C1CNC(=O)CNC(=O)C(Cc2ccccc2)NC(=O)CNC(=O)C2CCCN2C(=O)C(Cc2ccccc2)NC(=O)CNC(=O)CN1,2,0.01162655505173817
O=C1C[C@@H]2CCC=C3C(=O)C=C[C@@H]3[C@H]2O1,2,0.01162655505173817
c1ccc2c(c1)CC1CCCCC21,2,0.01162655505173817
c1ccc2c(c1)OCCO2,2,0.01162655505173817
O=C(NCc1cccnc1)Nc1ccccc1,2,0.01162655505173817
O=c1[nH]c(-c2ccccc2)nc2c1ncn2C1CCCO1,2,0.01162655505173817
c1ccc(CC2CCCCC2)cc1,2,0.01162655505173817
O=C1CC2CCCC2[C@@H]2CC=C3CCCC[C@H]3C12,2,0.01162655505173817
O=C1CC2CCC3OC34CC=CC4C2O1,2,0.01162655505173817
C1=C2CC(OC3OCCC(OC4CCCCO4)C3OC3CCCCO3)CCC2C2CCC3C(CC4C3CC3CCCCN34)C2C1,2,0.01162655505173817
O=C(C=Cc1ccccc1)OC1CCCCC1,2,0.01162655505173817
C(=Nc1ccccc1)NC1CCCCC1,2,0.01162655505173817
O=C1C=CC(=O)C1,2,0.01162655505173817
O=C1CCC2C(CO1)CC(=O)C1C2CCC2C(c3ccoc3)OC(=O)C3OC321,2,0.01162655505173817
O=C1CC(=O)CC(=O)C1,2,0.01162655505173817
C1CCC(OC2CC3C4CCC(OC5CCCO5)CC4CCC3C3CCC(C4CCCO4)C23)OC1,2,0.01162655505173817
c1ccc2c(c1)c1c3n2CCNC3=NCC1,2,0.01162655505173817
N=C(NCC(=O)NCCc1ccccc1)Nc1ccccc1,2,0.01162655505173817
O=C1CCNN1c1ccccc1,2,0.01162655505173817
O=C(CCc1ccccn1)c1ccccc1,2,0.01162655505173817
c1ccc2c(c1)C[C@H]1NCC[C@]23CCCC[C@H]13,2,0.01162655505173817
c1ccc(Nn2c(-c3ccccc3)nc3c4ccccc4ccc32)cc1,2,0.01162655505173817
c1ccc(CCc2ccccc2)cc1.c1ccc2ccccc2c1,2,0.01162655505173817
O=C1N=[SH](=O)c2ccccc21,2,0.01162655505173817
O=c1ccn(C2CC2)c2cc(N3CCNCC3)ccc12,2,0.01162655505173817
c1ccc(OCCCCCOc2ccccc2)cc1,2,0.01162655505173817
O=C1C=CC[C@H](C[C@H]2CCC3C2CC[C@]24C[C@@]25CCC(O[C@H]2OCCCC2O[C@@H]2CCCCO2)C[C@@H]5CC[C@H]34)O1,2,0.01162655505173817
C1CC[C@H](O[C@@H]2C[C@@H]3CCCCC3C3CCC[C@H]32)OC1,2,0.01162655505173817
C1=C2C(CCC1)CCC1C2CCC2C3CCC(OC4OCCCC4OC4CCCCO4)CC3CCC12,2,0.01162655505173817
O=C1CCCN1,2,0.01162655505173817
O=C(O[C@H]1CCCCO1)[C@]12CCCCC1=C1C=C[C@H]3C(CC[C@H]4CCCCC43)C1CC2,2,0.01162655505173817
c1ccc(C2Cc3ccccc3CO2)cc1,2,0.01162655505173817
c1ccc([C@H]2C[C@H](c3cccc4c3O[C@@H](c3ccccc3)C[C@H]4c3cccc4c3O[C@@H](c3ccccc3)CC4)c3ccccc3O2)cc1,2,0.01162655505173817
O=C1C=C2CCCCC2CC1,2,0.01162655505173817
C1CC1CC1CC1,2,0.01162655505173817
C1CCN2CC3CC(CN4CCCCC34)C2C1,2,0.01162655505173817
c1ccc2c(CC3=NCCN3)cccc2c1,2,0.01162655505173817
c1ccc(C2CO2)cc1,2,0.01162655505173817
O=C1OC2CCCCC2C2CCCCC12,2,0.01162655505173817
S=c1[nH]cc[nH]1,2,0.01162655505173817
c1ccc(C2CCCCC2)cc1,2,0.01162655505173817
O=C1CC(=O)NC(=O)[N-]1,2,0.01162655505173817
c1ccc(Nc2ccccn2)cc1,2,0.01162655505173817
c1ccc2c[n+]3c(cc2c1)-c1cc2c(cc1CC3)OCO2,2,0.01162655505173817
C=C1c2ccccc2C=C2C(=O)C3C=CC(=O)C[C@@H]3C[C@H]12,2,0.01162655505173817
C=C1CC23CCC4C(C(=O)OC5OCCCC5OC5CCCCO5)CCCC4C2CCC1(OC1OCCCC1OC1CCCCO1)C3,2,0.01162655505173817
C1CCC(C2CCCCC2)CC1,2,0.01162655505173817
O=C1CCCCOC(=O)C[C@@H](O[C@H]2CCCCO2)C[C@@H](O[C@H]2CCCCO2)CCC1,2,0.01162655505173817
C=C1C[C@@]23CC[C@@H]4C(C(=O)O[C@@H]5OCC[C@H](O[C@H]6CCCCO6)[C@H]5O[C@H]5CCCCO5)CCCC4[C@@H]2CC[C@]1(O[C@@H]1OCC[C@H](O[C@H]2CCCCO2)[C@H]1O[C@H]1CCCCO1)C3,2,0.01162655505173817
c1ccc(C(c2ccccc2)C2CCCCN2)cc1,2,0.01162655505173817
O=C1CCC(N2CCCC2)=C1N1CCCC1,2,0.01162655505173817
O=c1[nH]c(=O)c2[nH]c(NCCNCCc3ccccc3)nc2[nH]1,2,0.01162655505173817
O=C(O[C@H]1CCCCO1)[C@]12CCCC[C@H]1C1=CC[C@H]3C(CC[C@H]4CCCCC43)C1CC2,2,0.01162655505173817
O=C(CCN1CCCC1)c1ccccc1,2,0.01162655505173817
C(=Nc1ccccc1)Nc1cccc2ccccc12,2,0.01162655505173817
O=C(Cn1c(=O)sc2ccccc21)N1CCNCC1,2,0.01162655505173817
O=C(/C=C/c1ccccc1)c1ccc2c(c1)CCCO2,2,0.01162655505173817
O=S(=O)(c1ccccc1)N1CCCCC1,2,0.01162655505173817
C=C1CCCC=CC2OC(=O)CC2CC1,2,0.01162655505173817
c1ccc(C(c2ccccc2)C2CCNCC2)cc1,2,0.01162655505173817
O=C1C=CC2C1CC1COCC12,2,0.01162655505173817
c1ccc(CSCc2ccccc2)cc1,2,0.01162655505173817
c1ccc(N2CCCCC2)cc1,2,0.01162655505173817
O=C1NC(c2ccccc2)Cc2ccccc21,2,0.01162655505173817
c1ccc2c(c1)CCc1ccccc1[NH2+]2,2,0.01162655505173817
c1ccc(CN2CCN(CCOC(c3ccccc3)c3ccccc3)CC2)cc1,2,0.01162655505173817
C1=CC2C=CC1CC2,2,0.01162655505173817
O=C1C(CN2CCCC2)=CC(=NC2=C3NC=CC=C3Nc3ccccc32)C=C1CN1CCCC1,2,0.01162655505173817
O=C1C[C@H](c2ccccc2)Sc2ccccc2N1,2,0.01162655505173817
c1ccc(CN2CCc3ccsc3C2)cc1,2,0.01162655505173817
O=C1C=CC[C@@H](C[C@H]2CCC3C2CC[C@@]24C[C@@]25CC[C@H](O[C@@H]2OCCC[C@H]2O[C@H]2CCCCO2)C[C@@H]5CC[C@@H]34)O1,2,0.01162655505173817
O=C1CC(=O)c2ccccc21,2,0.01162655505173817
C1=C[C@@H]2C[C@@H](C3CCCC4[C@@H]3CCC[C@]43CO3)O[C@@H]2O1,2,0.01162655505173817
O=C(Cc1ccccc1)OCc1ccccc1,2,0.01162655505173817
C=C1CC23CCC4C(C(=O)OC5CCCC(COC6CCCCO6)O5)CCCC4C2CCC1(OC1OCCC(OC2CCCCO2)C1OC1CCCCO1)C3,2,0.01162655505173817
c1ccc(CCN2CCC(Nc3ccccc3)CC2)cc1,2,0.01162655505173817
C1CSCCSC1,2,0.01162655505173817
C1CCC2CNCCC2C1,2,0.01162655505173817
O=C(Cn1cnnn1)NC1C(=O)N2C=C(CSc3nncs3)CSC12,2,0.01162655505173817
O=c1nc2sccc2c[nH]1,2,0.01162655505173817
c1ccc2c(c1)OCC1Oc3ccccc3C21,2,0.01162655505173817
O=C(CNC(=O)Nc1ccccc1)NCc1ccccc1,2,0.01162655505173817
c1ccc2c(c1)Nc1ccccc1S2,2,0.01162655505173817
C=C1C[C@@]23CC[C@@H]4C(C(=O)O[C@@H]5OCCC[C@H]5O[C@H]5CCCCO5)CCCC4[C@@H]2CC[C@]1(O[C@@H]1OCC[C@H](O[C@H]2CCCCO2)[C@H]1O[C@H]1CCCCO1)C3,2,0.01162655505173817
c1ccc(-c2ccc3ccccc3n2)cc1,2,0.01162655505173817
c1ccc(C2OCCc3ccccc3O2)cc1,2,0.01162655505173817
O=C(Nc1ccccc1)Oc1cccc(C2OCc3ccccc3S2)c1,2,0.01162655505173817
C1=CCNCC1,2,0.01162655505173817
O=C(CCc1c[nH]c2ccccc12)N[C@@H](Cc1c[nH]c2ccccc12)C(=O)NCCc1c[nH]c2ccccc12,2,0.01162655505173817
c1ccc(-c2[o+]c3ccccc3cc2O[C@H]2CCCCO2)cc1,2,0.01162655505173817
C1=NOCC1,2,0.01162655505173817
O=c1cc[nH]c2ccccc12,2,0.01162655505173817
O=C1C=CC2CC[C@H]3CC(=O)O[C@@H]3C2=C1,2,0.01162655505173817
C=C1[C@H](O[C@H]2CCCCO2)OC=C[C@H]1CC(=O)OCCc1ccccc1,2,0.01162655505173817
O=C1CC2C(CC34C5CCC36CC(=O)OC6OC24C(=O)O5)O1,2,0.01162655505173817
C1OCOCO1,2,0.01162655505173817
O=C(CCC1CCNCC1)c1ccnc2ccccc12,2,0.01162655505173817
C=C1CCCC=C[C@H]2OC(=O)C(=C)[C@@H]2CC1,2,0.01162655505173817
O=C(/C=C/c1ccccc1)OC1CCCCC1,2,0.01162655505173817
O=c1ccc2ccccc2[nH]1,2,0.01162655505173817
C=C1C(=O)O[C@@H]2/C=C3/CC[C@H]4O[C@@]4(CC[C@@H]12)COC3,2,0.01162655505173817
O=C1C=C[C@@H]2C[C@H]3OC(=O)C[C@H]4CCC5OC[C@@]43[C@H]5C2C1,2,0.01162655505173817
c1ccc(-c2cc[nH+]cc2)cc1,2,0.01162655505173817
O=C1CCNC(=O)C1,2,0.01162655505173817
C1CCOC1.C1CCOCC1,2,0.01162655505173817
O=c1cc[nH]n1-c1ccccc1,2,0.01162655505173817
C1=C2C(CCC3CCCC[C@@H]23)C2CC[C@H]3C[C@@H](O[C@H]4CC[C@H](O[C@H]5C[C@H](O[C@H]6CCCCO6)CCO5)[C@@H](CO[C@H]5CCCCO5)O4)CCC3[C@H]2C1,2,0.01162655505173817
O=C1C[C@@H]2OCC=C3CN4CC[C@]56c7ccccc7N1[C@H]5[C@H]2[C@H]3C[C@H]46,2,0.01162655505173817
O=C1C=C[C@@H]2C(=CC[C@H]3C4CCCC4CC(=O)C32)C1,2,0.01162655505173817
O=C1OC(c2ccccc2)c2ccccc21,2,0.01162655505173817
c1ccc(OCCCOc2ccccc2)cc1,2,0.01162655505173817
O=C(O[C@@H]1Cc2ccccc2O[C@@H]1c1ccccc1)c1ccccc1,2,0.01162655505173817
O=C1C=CCC(CC2CCC3C2CCC24CC25CCC(OC2OCCCC2OC2CCCCO2)CC5CCC34)O1,2,0.01162655505173817
O=c1oc2ccccc2cc1Cc1cc2ccccc2oc1=O,2,0.01162655505173817
c1ccc(Cc2nncs2)cc1,2,0.01162655505173817
O=C(/C=C/c1ccccc1)Oc1ccc(C(=O)O[C@H]2CCCCO2)cc1,2,0.01162655505173817
O=C1C=C([C@H]2CCC3C2CC[C@@H]2C4CC[C@H](O[C@H]5CCCCO5)CC4CC[C@@H]32)CO1,2,0.01162655505173817
C1=CCC(C2CO2)CC1,2,0.01162655505173817
O=C1CC2CCC3C1(C2)C(=O)OC1CCCC2=COCC213,2,0.01162655505173817
c1ccc(C(CCN2CCCCC2)C2CCCC2)cc1,2,0.01162655505173817
O=c1[nH]c(=O)c2ncn(C3CCCO3)c2[nH]1,2,0.01162655505173817
O=c1[nH]c(SCc2ccco2)nc2c1ncn2C1CCCO1,2,0.01162655505173817
c1ccc(CCCNCCCc2ccccc2)cc1,2,0.01162655505173817
O=C1CCCc2ccccc21,2,0.01162655505173817
C1CC[C@@H](O[C@@H]2CCC[C@H](O[C@@H]3CCCCO3)C2)OC1,2,0.01162655505173817
c1ccc(CC2=NCCN2)cc1,2,0.01162655505173817
O=C(OCC1OC(OC(=O)c2cccc(OC(=O)c3ccccc3)c2)C(OC(=O)c2cccc(OC(=O)c3ccccc3)c2)C(OC(=O)c2cccc(OC(=O)c3ccccc3)c2)C1OC(=O)c1cccc(OC(=O)c2ccccc2)c1)c1cccc(OC(=O)c2ccccc2)c1,2,0.01162655505173817
O=S1(=O)N=CC=CO1,2,0.01162655505173817
C1=C2CCCCC2[C@H]2CC[C@]34CNC[C@H]3CC[C@H]4[C@@H]2C1,2,0.01162655505173817
c1ccc(N=Nc2cccnc2)cc1,2,0.01162655505173817
O=C1C=C[C@]23CCC[C@H]2CC(=O)C13,2,0.01162655505173817
O=C(CCN1CCN(CCc2ccccc2)CC1)c1ccccc1,2,0.01162655505173817
O=C(N1CCCC1)C(CCN1CCOCC1)(c1ccccc1)c1ccccc1,2,0.01162655505173817
c1ccc2c(c1)[nH]c1cnccc12,2,0.01162655505173817
O=C(/C=C/c1ccccc1)NCCc1ccccc1,2,0.01162655505173817
c1ccc2c(c1)CCC(CCNCCCc1nc3ccccc3[nH]1)C2,2,0.01162655505173817
c1ccc(N(CCN2CCCCC2)Cc2ccccn2)cc1,2,0.01162655505173817
c1ccc(C2SCc3ccccc3CS2)cc1,2,0.01162655505173817
C(=Cc1nc2c3ccccc3ccc2n1Nc1ccccc1)c1ccccc1,2,0.01162655505173817
O=c1cccc2c(c1)CCCc1ccccc1-2,2,0.01162655505173817
C1CCC2(CC1)OCCO2,2,0.01162655505173817
O=C1OC(c2ccccc2)(c2ccccc2)c2ccccc21,2,0.01162655505173817
C1CC[NH+]([C@@H]2CC[C@@H]3CC[C@H]4[C@@H]5C[C@H]([NH+]6CCCCC6)CC5CC[C@@H]4C3C2)CC1,2,0.01162655505173817
c1ccc(CCNCCOc2ccccc2)cc1,2,0.01162655505173817
O=C1C[C@@H](c2ccccc2)Oc2cc(O[C@H]3CCC[C@@H](CO[C@H]4CCCCO4)O3)ccc21,2,0.01162655505173817
C1C2CC3C1C3C2.C=C1CC2CCC1C2,2,0.01162655505173817
O=C(NCCc1ccccc1)[C@@H]1CCCN1,2,0.01162655505173817
C1CCC(OC2CCCC3CCCCC32)OC1,2,0.01162655505173817
C=C1C(=O)OC2CC=CCCC=CCC12,2,0.01162655505173817
C=C1C(=O)OC2CCC=CCC12,2,0.01162655505173817
C=C1C(=O)OC2CC1C1C(=O)C3OC14C(CCC1C5C(=O)C=CCC5=CCC31)C(=O)OC24,2,0.01162655505173817
C=C1CC2OCC34C(CC5C=CCCC5C23)OC(=O)CC14,2,0.01162655505173817
C=C1C=CCCC1,2,0.01162655505173817
C=C1CC23CCC4C(C(=O)OC5CCCCO5)CCCC4C2CCC1(OC1CC(OC2OCCCC2OC2CCCCO2)CCO1)C3,2,0.01162655505173817
C=C1CCC2CC1C2,2,0.01162655505173817
C1CCC2CCCCC2C1,2,0.01162655505173817
O=C(/C=C/c1ccccc1)OC1CCC(OC2CC3CCOC(=O)C3=CO2)OC1,2,0.01162655505173817
O=C(Cc1ccccc1)OC1CCCOC1,2,0.01162655505173817
O=C(Cc1ccccc1)OCC1CCCCO1,2,0.01162655505173817
O=C(OCC1CCCCO1)c1ccccc1,2,0.01162655505173817
C1=C2CCC(OC3CCCCO3)CC2C2CCC3CCCC3C2C1,2,0.01162655505173817
O=C1CCC2C(=CCC3C4CCCC4CC(=O)C23)C1,2,0.01162655505173817
O=C1OC(c2ccoc2)C2CCC3CCCC(=O)C3C23OC13,2,0.01162655505173817
O=C1CC2CC(=O)OC3CC4CCC(OC5CCCCO5)C(=O)C4C(C1)C23,2,0.01162655505173817
O=C1CC2CCC(=O)C3C4C(=O)CCCC4CC(O1)C23,2,0.01162655505173817
O=C1CC2C(=CCC3C2CC2C4CC(=O)C5CC6OC6CC5C4CCC32)O1,2,0.01162655505173817
O=C1CCCC2CCC3Cc4ccoc4CC3C12,2,0.01162655505173817
O=C1CC2C(CCCCCOC3CCCCO3)CCC2C2CC=C3CC(OC4CCCC(COC5CCCCO5)O4)CCC3C12,2,0.01162655505173817
O=C(CCC(=O)OC1CCCCC1)NCCc1ccccc1,2,0.01162655505173817
C1CCC(OC2CCCOC2OC2CCC3C(CCC4C5CCCC5CCC34)C2)OC1,2,0.01162655505173817
C1CC(C2COCO2)OCO1,2,0.01162655505173817
O=C(OC1CCCCO1)C1CCCC2C1CCC13C=CC(OC4CCCCO4)(CCC21)C3,2,0.01162655505173817
O=C(OC1CCCCO1)C1CCCC2C1CCC13CCC(OC4CCCCO4)(CCC21)C3,2,0.01162655505173817
C1CCC(OCC2CC34CCC5CCCCC5C3CCC2C4)OC1,2,0.01162655505173817
O=C1C=C2CCCCC2O1,2,0.01162655505173817
C1OC2COC3OCOC3C2O1,2,0.01162655505173817
C1CCC2(COCO2)OC1,2,0.01162655505173817
O=C1C=C(C2CCC3C2CCC2C4CCCCC4CCC23)CO1,2,0.01162655505173817
C1=C(CCc2ccoc2)C2CCC(OC3OCCCC3OC3CCCCO3)CC2CC1,2,0.01162655505173817
O=C1CC2CCCC3C(=CC4C3C3CC5OC6CCC7CC(=O)OC7C54C63)C2O1,2,0.01162655505173817
O=C1CC2CCC3OCC24C(CC2C=CCCC2C34)O1,2,0.01162655505173817
O=C1CC2CCC3OCC24C(CC2C=CC(OC5CCCCO5)CC2C34)O1,2,0.01162655505173817
O=C(OC1CCCCO1)C1CCCC2C1CCC13C=CC(OC4OCCCC4OC4CCCCO4)(CCC21)C3,2,0.01162655505173817
C=C1CCC2C(C1)C(=O)CC1CCCCC12,2,0.01162655505173817
C1=CC2CCCC2C(OC2CCCCO2)O1,2,0.01162655505173817
O=C(OC1CCCCO1)C12CCCCC1C1=CCC3C4CCCCC4CCC3C1CC2,2,0.01162655505173817
C1CCC(OC2CCCO2)OC1.C1CO1,2,0.01162655505173817
C1CCC(CCOC2CCCCO2)OC1,2,0.01162655505173817
C1COC(OC2CCOC(OC3CCOCC3)C2)C1,2,0.01162655505173817
C1CCC(OC2COCC(OC3CCCCO3)C2)OC1,2,0.01162655505173817
C1CCC(OC2CCC(OC3CCCCO3)OC2)OC1,2,0.01162655505173817
C1CCC(OC2CCOC(OC3CCCCO3)C2)OC1,2,0.01162655505173817
C1CCC(OCC2CCCC(OC3CCCCO3)O2)OC1,2,0.01162655505173817
O=c1c(OC2CCCC(COC3CCC(OC4CCCCO4)CO3)O2)c(-c2ccccc2)oc2ccccc12,2,0.01162655505173817
O=c1c(OC2OC(COC3CCCCO3)CCC2OC2CCCCO2)c(-c2ccccc2)oc2cc(OC3CCCCO3)ccc12,2,0.01162655505173817
O=C(CNC(=O)C1CCCN1C(=O)CNC(=O)C1CCCN1C(=O)C(Cc1ccccc1)NC(=O)C1CCCN1C(=O)CCc1ccccc1)NCCc1cnc[nH]1,2,0.01162655505173817
O=C1N=CNC(=O)C1c1ccccc1,2,0.01162655505173817
C1COC2OCCOC2C1,2,0.01162655505173817
O=C(CC1NCCNC1=O)OCCCc1ccccc1,2,0.01162655505173817
O=C1CN(C(=O)CCc2ccccc2)CCN1,2,0.01162655505173817
O=C1CN(C(=O)Cc2ccccc2)CCN1,2,0.01162655505173817
O=C(OC1C2CCC3C4CC5C6CCCC5(C(C2)C31)C4NC6)c1ccccc1,2,0.01162655505173817
O=c1c(Cc2coc3ccccc3c2=O)coc2ccccc12,2,0.01162655505173817
O=C1CNC(=O)C(Cc2ccccc2)N1,2,0.01162655505173817
O=C(OC1CCC(OCC2CCCCO2)C1)c1ccccc1,2,0.01162655505173817
C=C1CCC2C(CCC3CCCCC32)C1,2,0.01162655505173817
O=C(NCCc1ccccc1)C1CCCCN1,2,0.01162655505173817
O=C(CNCc1ccccc1)NCCc1ccccc1,2,0.01162655505173817
O=C(CCCc1ccccc1)NCCc1ccccc1,2,0.01162655505173817
O=C(NCCc1ccccc1)C1CCNCC1,2,0.01162655505173817
O=C(CCC(=O)NCCc1ccccc1)NCCc1ccccc1,2,0.01162655505173817
O=C(CNC1CCCCC1)NCc1ccccc1,2,0.01162655505173817
O=C1CC2C3CCC4C5CC(=O)C(OC6CCCCO6)=CC5CC(O1)C24CO3,2,0.01162655505173817
O=C1CC2C3CCC4C5C=C(OC6CCCCO6)C(=O)CC5CC(O1)C24CO3,2,0.01162655505173817
O=C1OC(c2ccoc2)CC2C1CC(OC1CCCCO1)C1C=CCCC12,2,0.01162655505173817
C=C1C(CC(=O)OCCc2ccccc2)C=COC1OC1CCCCO1,2,0.01162655505173817
O=C(CCCCc1ccccc1)NCCC1CCCCC1,2,0.01162655505173817
C1COC(CCC2COCCO2)CO1,2,0.01162655505173817
C1CCC(OC2C3CCOC2CO3)OC1,2,0.01162655505173817
C1=C2CC(OC3CCC(OC4CCC(OC5CCCCO5)CO4)CO3)CCC2C2CCC3CC(OC4CCCC(COC5CCCCO5)O4)CC3C2C1,2,0.01162655505173817
C1CCC(COCC2CCCO2)OC1,2,0.01162655505173817
C1CC(OC2CC3CC(CO3)O2)CCO1,2,0.01162655505173817
C1COC2CCOCC2OCCOCCOC2CCOCC2OCCO1,2,0.01162655505173817
C1CCC(COCOCC2CCCCO2)OC1,2,0.01162655505173817
C1CCC2(OC1)OCC1OCCCC1O2,2,0.01162655505173817
C1CCC(OCC2CCOC2)OC1,2,0.01162655505173817
O=c1ccc2ccc3occc3c2o1,2,0.01162655505173817
O=C1OC[C@H](Cc2ccccc2)[C@H]1Cc1ccccc1,2,0.01162655505173817
c1ccc2[nH+]c3occc3cc2c1,2,0.01162655505173817
O=C(C=Cc1ccc2c(c1)OCO2)NCCc1ccccc1,2,0.01162655505173817
C1CC[NH2+]C1,2,0.01162655505173817
c1ccc(COC2CCCCO2)cc1,2,0.01162655505173817
O=C(C=Cc1ccccc1)OCCc1ccccc1,2,0.01162655505173817
O=C1C=CC(=O)c2ccccc21,2,0.01162655505173817
O=c1c(-c2ccccc2)coc2c(C3CCCCO3)cccc12,2,0.01162655505173817
C1CC2CCC(O1)O2,2,0.01162655505173817
C1CCC(CCC2CCCO2)OC1,2,0.01162655505173817
C1CCC(OC2(CC3CO3)CCCO2)OC1,2,0.01162655505173817
C1COCC2(C1)OO2,2,0.01162655505173817
C1CCC(OC2CCC(OC3CCOC3)OC2)OC1,2,0.01162655505173817
C1COCC(OC2(COC3CCCO3)CCCO2)C1,2,0.01162655505173817
C1CCC(OC2CCCOC2)C1,2,0.01162655505173817
C1COCC(OCC2CO2)C1,2,0.01162655505173817
C1COCC(OCCC2CO2)C1,2,0.01162655505173817
C1CCC(OC2CCCC2)OC1,2,0.01162655505173817
C1CCC(OC2CCCO2)CC1,2,0.01162655505173817
C(CCCOC1CCCCO1)CCOC1CCCCO1,2,0.01162655505173817
C1CCC(OCCCOCCCOC2CCCCO2)OC1,2,0.01162655505173817
C1CCC(OSOC2CCCCO2)OC1,2,0.01162655505173817
O=c1nc[nH]c2c1ncn2C1CCCO1,2,0.01162655505173817
C1CC2CCC1O2,2,0.01162655505173817
C1CC2CC2C1,2,0.01162655505173817
C=C1CCCCC1,2,0.01162655505173817
O=C1CCCCC1=O,2,0.01162655505173817
C1SCSS1,2,0.01162655505173817
c1cnc2c(n1)CCC2,2,0.01162655505173817
C1CC2CCC3CCC3C(C1)C2,2,0.01162655505173817
O=C1CCSC1,2,0.01162655505173817
O=C1C=C2C=CCCC2CC1,2,0.01162655505173817
C1CC2CC3CCCC3(C1)C2,2,0.01162655505173817
C1=C2CCCC2CCCC1,2,0.01162655505173817
C=C1CCC2CC2C2CCCC12,2,0.01162655505173817
C=C1CCCC2CCCCC12,2,0.01162655505173817
C1CCC2OC2C1,2,0.01162655505173817
O=C1CCC2CCCCC2C1,2,0.01162655505173817
C1=Cc2ccccc2CC1,2,0.01162655505173817
O=C1CC(c2cccc(OC3CCCCO3)c2)Oc2cc(OC3CCCCO3)ccc21,2,0.01162655505173817
O=[PH]1O[PH](=O)OP(=O)(OCC2CCC(n3cnc4cncnc43)O2)O1,2,0.01162655505173817
O=C1CC2C(=CCC3C4CCC(OC5OCCC(OC6CCCCO6)C5OC5CCCCO5)CC4CCC23)C2CCCCC12,2,0.01162655505173817
c1ccc(CC2OCCO2)cc1,2,0.01162655505173817
C1=C2CCCCC2CCC1,2,0.01162655505173817
c1nc2cncn(C3CCCO3)c-2n1,2,0.01162655505173817
C1=COCC1,2,0.01162655505173817
c1cc(SSc2ccoc2)co1,2,0.01162655505173817
O=C(Cc1ccc2c(c1)OCCO2)c1ccc(OC2CCCCO2)cc1,2,0.01162655505173817
O=C1C=C2C3CCCCC3CCC2C2CCC3CCC(OC4CCC(OC5CCCCO5)CO4)CC3C12,2,0.01162655505173817
c1ncc2[nH]c[n+](C3CCCO3)c2n1,2,0.01162655505173817
C1=C2C3CCCCC3CCC2C2CCC3CC(OC4OCC(OC5CCCO5)CC4OC4CCCCO4)CCC3C2C1,2,0.01162655505173817
O=c1cc(-c2ccc(OC3CCCCO3)cc2)oc2cccc(OC3CCCCO3)c12,2,0.01162655505173817
C1=C2C3CCCCC3CCC2C2CCC3CCC(OC4OCCCC4OC4OCCCC4OC4CCCCO4)CC3C2C1,2,0.01162655505173817
O=c1cc(-c2ccc(OC3OCCCC3OC3CCCCO3)cc2)oc2cc(OC3OCCCC3OC3CCCCO3)ccc12,2,0.01162655505173817
O=C(OCC=Cc1ccccc1)c1ccccc1,2,0.01162655505173817
O=C1CC2CCC=CC2O1,2,0.01162655505173817
C1=C2C3CCCCC3CCC2C2CCC3CC(OC4CC5OCCOC5CO4)CCC3C2C1,2,0.01162655505173817
O=C1CC(COC2CCCCO2)CC2C3=CCC4C5CCC(OC6OCCCC6OC6CCCCO6)CC5CCC4C3CCC12,2,0.01162655505173817
O=C(OC1CCCCO1)C12CCCCC1C1=CCC3C4CCC(OC5OCCC6OCCOC65)CC4CCC3C1CC2,2,0.01162655505173817
O=c1cc(-c2ccccc2)oc2cc(OC3CCC(OC4CCCCO4)C(COC4CCCCO4)O3)ccc12,2,0.01162655505173817
O=C(CCc1ccccc1)c1ccc(OC2CCCC(COC3CCCCO3)O2)cc1,2,0.01162655505173817
O=c1cc(-c2ccccc2)oc2c(OC3OCCCC3OC3CCCCO3)cccc12,2,0.01162655505173817
O=c1c(-c2ccccc2)coc2c(OC3CCCC(COC4CCCCO4)O3)cccc12,2,0.01162655505173817
O=c1cc(-c2ccccc2)oc2ccc(C3CCCC(OC4CCCCO4)O3)cc12,2,0.01162655505173817
O=c1cc(-c2cccc(OC3CC(OC4CCCCO4)CCO3)c2)oc2ccccc12,2,0.01162655505173817
C1=C2C(CCC1)CCC1C2CCC2C3CCC(OC4OCCC(OC5CCCCO5)C4OC4CCCCO4)CC3CCC12,2,0.01162655505173817
O=c1cc(-c2ccccc2)oc2cc(OC3OC(COC4CCCCO4)CCC3OC3CCCCO3)ccc12,2,0.01162655505173817
O=C1c2ccc(OC3CCCCO3)cc2OC(c2ccccc2)C1OC1CCCCO1,2,0.01162655505173817
O=C(OC1CCCCO1)C1CCC2CCC3C(=CCC4C5CCC(OC6CCCCO6)CC5CCC34)C2C1,2,0.01162655505173817
O=[PH](OCC1CCC(n2cnc3cncnc32)O1)N1CCOCC1,2,0.01162655505173817
O=C1CC2C(=CCC3C4CCC(OC5OCCCC5OC5CCCCO5)CC4CCC23)C2CCCCC12,2,0.01162655505173817
C1=C2C3CCCCC3CCC2C2CCC3CC(OC4OCCC(OC5OCCCC5OC5CCCCO5)C4OC4CCCCO4)CCC3C2C1,2,0.01162655505173817
c1nc(N2CCCCC2)c2ncn(C3CCCO3)c2n1,2,0.01162655505173817
O=C(OC1CCC(OC2CCCCO2)CO1)C12CCCCC1C1=CCC3C4CCC(OC5CCCCO5)CC4CCC3C1CC2,2,0.01162655505173817
O=C1COCCO1,2,0.01162655505173817
C=C1CC23CCC4C(C(=O)OC5CCCC(COC6CCCCO6)O5)CCCC4C2CCC1C3,2,0.01162655505173817
O=C1CC(c2ccccc2)Oc2cc(OC3CCCC(COC4CCCO4)O3)ccc21,2,0.01162655505173817
O=C1CC(c2ccccc2)Oc2cc(OC3OC(COC4CCCCO4)CCC3OC3CCCCO3)ccc21,2,0.01162655505173817
O=C1CC(c2ccc(OC3CCCO3)cc2)Oc2cc(OC3CCCCO3)ccc21,2,0.01162655505173817
O=C1C=C2C(CCC3(C(=O)OC4CCCCO4)CCCCC23)C2CCC3CC(OC4CCCCO4)CCC3C12,2,0.01162655505173817
O=c1cc(-c2ccc(OC3CCCCO3)cc2)oc2c(C3CCCCO3)cccc12,2,0.01162655505173817
O=c1cc(-c2ccccc2)oc2cc(OC3CCCC(COC4CCCCO4)O3)c(C3CCCCO3)cc12,2,0.01162655505173817
O=c1cc(-c2cccc(OC3OCCCC3OC3CCCCO3)c2)oc2ccc(C3CCCCO3)cc12,2,0.01162655505173817
O=c1cc(-c2cccc(OC3OCCCC3OC3CCCCO3)c2)oc2ccccc12,2,0.01162655505173817
O=c1cc(-c2ccccc2)oc2cc(OC3OCCCC3OC3OCCCC3OC3CCCCO3)ccc12,2,0.01162655505173817
O=c1cc(-c2ccccc2)oc2c(C3CCCC(COC4CCCCO4)O3)cccc12,2,0.01162655505173817
O=c1cc(-c2ccccc2)oc2c(C3CCC(OC4CCCCO4)CO3)cccc12,2,0.01162655505173817
O=c1cc(-c2cc(OC3CCCCO3)cc(OC3CCCCO3)c2)oc2ccccc12,2,0.01162655505173817
O=c1cc(-c2ccccc2)oc2cc(OC3CCCCO3)c(OC3CCCCO3)cc12,2,0.01162655505173817
O=c1c(OC2CCC(OCC3CCCCO3)OC2)c(-c2ccccc2)oc2ccccc12,2,0.01162655505173817
C=C1CC23CCC4C(C(=O)OC5CCCCO5)CCCC4C2CCC1(OC1OCC(OC2CCCCO2)CC1OC1CCCCO1)C3,2,0.01162655505173817
C=C1CC23CCC4CCCCC4C2CCC1(OC1OCC(OC2CCCCO2)CC1OC1CCCCO1)C3,2,0.01162655505173817
O=C(OC1CCCCO1)C1OC(OC2CCC3C(CCC4C5CCC6CCCCC6C5=CCC34)C2)CCC1OC1CCCO1,2,0.01162655505173817
C1COCC(OC2CCOCC2)C1,2,0.01162655505173817
C1CC(OC2CCOCC2)CCO1,2,0.01162655505173817
O=C(c1ccccc1)c1ccc(OC2CCCCO2)cc1,2,0.01162655505173817
O=C1CC2C3CCC(OC4CCC(OC5OCCC(OC6CCCCO6)C5OC5CC(OC6CCCCO6)CCO5)CO4)CC3CCC2C2CC(OC3CCCCO3)CC12,2,0.01162655505173817
O=C1C=CCC(OC2CCCC3C4=CCC5C6CCC(OC7OCCCC7OC7CCCCO7)CC6CCC5C4CCC23)C1,2,0.01162655505173817
O=C1c2ccc(OC3CCCCO3)cc2OCC1c1ccccc1,2,0.01162655505173817
C1=C2C3CCCCC3CCC2C2CCC3CC(OC4CC(OC5CCCC(COC6CCCCO6)O5)CCO4)CCC3C2C1,2,0.01162655505173817
C1CCC(COCOCCOC2CCCCO2)OC1,2,0.01162655505173817
c1nc(N2CCCC2)c2ncn(C3CCCO3)c2n1,2,0.01162655505173817
[CH]1CCOCC1,2,0.01162655505173817
[CH]1CCC(OC2CCCO2)OC1,2,0.01162655505173817
[CH]1CCOC1n1cnc2cncnc21,2,0.01162655505173817
O=C1CC(c2ccccc2)Oc2cc(OC3CCC(COCC4CCCCO4)C(COC4CCCCO4)O3)ccc21,2,0.01162655505173817
c1ccc(OC2CCCC2)cc1,2,0.01162655505173817
O=P1(OC2COC(n3cnc4cncnc43)C2)O[B]O1,2,0.01162655505173817
c1ccc(CCNC2CCCC2)cc1,2,0.01162655505173817
[CH]1[CH]COC(OC2[CH]OCCC2)[CH]1,2,0.01162655505173817
O=C(OC1CCCCO1)C1CCC2CCC3C(=CCC4C5CCC(OC6OCCCC6OC6OCCCC6OC6CCCCO6)CC5CCC34)C2C1,2,0.01162655505173817
O=c1c2ccccc2oc2ccc(OC3OCCCC3OC3CCCCO3)cc12,2,0.01162655505173817
O=c1cc(-c2ccccc2)oc2cc(OC3OCCCC3OC3CCCCO3)c(C3CCCCO3)cc12,2,0.01162655505173817
c1ccc(OC2CC2)cc1,2,0.01162655505173817
C1=C2C3CCCCC3CCC2C2CCC3CC(OC4OCCCC4OC4OCCCC4OC4OCCCC4OC4CCCCO4)CCC3C2C1,2,0.01162655505173817
O=C(OC1CCCCO1)C12CCCCC1C1=CCC3C4CCC(OC5OCCCC5OC5CC(OC6CCCCO6)CCO5)CC4CCC3C1CC2,2,0.01162655505173817
C1CCC(OC2(C3OCCO3)CCCO2)OC1,2,0.01162655505173817
O=C(CCCC=CC=CC=CC=CC1=CCCCC1)NCCc1ccccc1,2,0.01162655505173817
C=C1CC23CCC4C(C(=O)OC5CC(OC6CCCCO6)CCO5)CCCC4C2CCC1(OC1OCCC(OC2CCCCO2)C1OC1CCCCO1)C3,2,0.01162655505173817
c1ncc2ncn(C3CC4OPOCC4O3)c2n1,2,0.01162655505173817
C=C1CC23CCC4C(C(=O)OC5OCCCC5OC5CCCCO5)CCCC4C2CCC1(OC1CCCCO1)C3,2,0.01162655505173817
O=c1cc(-c2ccccc2)oc2cc(C3CCC(OC4CCCCO4)CO3)ccc12,2,0.01162655505173817
O=c1c(C2CCCC(COC3OCCCC3OC3CCCCO3)O2)c(-c2ccccc2)oc2ccccc12,2,0.01162655505173817
O=C1C=COC(OC2CCCC3C4=CCC5C6CCC(OC7OCCCC7OC7CCCCO7)CC6CCC5C4CCC23)C1,2,0.01162655505173817
O=C(OC1CCCCO1)C12CCCCC1C1=CCC3C4CCC(OC5CC(OC6CC(OC7CCCCO7)CCO6)CCO5)CC4CCC3C1CC2,2,0.01162655505173817
O=C(OC1CC(OC2CCCCO2)CCO1)C12CCCCC1C1=CCC3C4CCC(OC5CCCCO5)CC4CCC3C1CC2,2,0.01162655505173817
O=C(OC1CC(OC2CCCCO2)CCO1)C12CCCCC1C1=CCC3C4CCC(OC5OCCCC5OC5CCCCO5)CC4CCC3C1CC2,2,0.01162655505173817
O=c1c(-c2ccc(OC3CCCCO3)cc2)coc2c(C3CCCCO3)cccc12,2,0.01162655505173817
O=c1c(C2CCCC(COC3CCCCO3)O2)c(-c2ccccc2)oc2ccccc12,2,0.01162655505173817
O=c1cc(-c2ccccc2)oc2c(C3CC(OC4CCCCO4)CCO3)cccc12,2,0.01162655505173817
O=c1c(-c2ccccc2)coc2cccc(OC3CCCCO3)c12,2,0.01162655505173817
C=C1CC23CCC4C(C(=O)OC5OCCC(CC6CCCCO6)C5OC5CCCCO5)CCCC4C2CCC1(OC1OCCC(OC2CCCCO2)C1OC1CCCCO1)C3,2,0.01162655505173817
C=C1CC23CCC4CCCCC45CC(CC1(OC1OCCC(OC4CCCCO4)C1OC1CCCCO1)C2)C35,2,0.01162655505173817
C=C1CC23CCC4C(C(=O)OC5OCCCC5OC5CCCCO5)CCCC4C2CCC1(OC1OC(COC2CCCCO2)CCC1OC1CCCCO1)C3,2,0.01162655505173817
O=c1[nH]c(=O)c2nccnc2[nH]1,2,0.01162655505173817
C1CSCN1,2,0.01162655505173817
O=c1cnc2cncnc2[nH]1,2,0.01162655505173817
O=c1[nH]cnc2nccnc12,2,0.01162655505173817
c1ncc2nc[nH]c2n1,2,0.01162655505173817
O=c1nc[nH]c(=O)[nH]1,2,0.01162655505173817
O=c1[nH]ncc(=S)[nH]1,2,0.01162655505173817
O=c1cnnc[nH]1,2,0.01162655505173817
O=C1NCc2[nH]nnc2N1,2,0.01162655505173817
O=c1ncnc2[nH]ncnc1-2,2,0.01162655505173817
O=c1cnn2cn[nH]c2n1,2,0.01162655505173817
O=C1CC=CC=N1,2,0.01162655505173817
c1cnc2nn[nH]c2c1,2,0.01162655505173817
O=C1CCCC(=O)C1,2,0.01162655505173817
O=c1cnc2c[nH]c(=O)[nH]c-2n1,2,0.01162655505173817
O=c1cnc2[nH]cnc(=O)c2[nH]1,2,0.01162655505173817
O=c1cnc2c(=O)nc[nH]c2[nH]1,2,0.01162655505173817
O=c1nc2nc[nH]c2c[nH]1,2,0.01162655505173817
C1=CC2CCC1C2,2,0.01162655505173817
O=C1CCc2ccccc21,2,0.01162655505173817
c1ncc2c(n1)CCCC2,2,0.01162655505173817
O=c1cc[nH]c(Cc2ccccc2)n1,2,0.01162655505173817
O=c1cnc2c(=O)[nH]c(=O)n(-c3ccccc3)c2[nH]1,2,0.01162655505173817
c1ccc(N=Nc2ccccc2)cc1,2,0.01162655505173817
O=C1C=CC(=O)C(C2CC(=O)C=CC2=O)=C1,2,0.01162655505173817
O=C1CCCC(=O)C1C1NC=Nc2nccnc21,2,0.01162655505173817
O=C(CCc1ccccc1)NC(Cc1ccccc1)C(=O)NCCc1ccccc1,1,0.005813277525869085
O=c1ccc2cc(O[C@H]3CCCCO3)ccc2o1,1,0.005813277525869085
O=C1CC2CCC3C(=O)C=CCC3C2O1,1,0.005813277525869085
O=C1C=CC2C(=C1)CC[C@H]1[C@@H]3CCCC3CC[C@H]21,1,0.005813277525869085
O=C(NCC1CCCCO1)C1CCCN1,1,0.005813277525869085
O=C(O[C@H]1[C@@H]2C=CO[C@@H](O[C@H]3CCCCO3)[C@@H]2C2O[C@H]21)c1ccccc1,1,0.005813277525869085
O=C1C=C[C@@H]2C[C@H]3OC(=O)C[C@H]4CCC[C@H](C2C1)C43,1,0.005813277525869085
O=C(CNC(=S)Nc1ccccc1)NCc1ccccc1,1,0.005813277525869085
O=C1CCC2=C1NCCC=C2,1,0.005813277525869085
C=C1C[C@@]23CC[C@@H]4C(C(=O)O[C@H]5CCCCO5)CCCC4[C@@H]2CC[C@]1(O[C@H]1CCCCO1)C3,1,0.005813277525869085
C1=COCCC1,1,0.005813277525869085
C1=C2C[C@@H](O[C@@H]3OC[C@@H](O[C@H]4CCCCO4)C[C@H]3O[C@H]3CCCCO3)CCC2[C@H]2CCC3[C@@H](C[C@@H]4O[C@]5(CCC(CO[C@H]6CCCCO6)O5)C[C@H]34)[C@@H]2C1,1,0.005813277525869085
C1CC[NH+]2CCCCC2C1,1,0.005813277525869085
c1ccc(C2CCc3ccc4c(c3O2)C2CC(c3ccccc3)(Oc3ccccc32)O4)cc1,1,0.005813277525869085
C1=C2C[C@@H](O[C@H]3CCC(O[C@H]4CC[C@H](O[C@H]5CCCCO5)CO4)CO3)CCC2[C@H]2CCC3CCCC3[C@@H]2C1,1,0.005813277525869085
C(=Nc1ccc2c(c1)CCC2)NCc1ccccc1,1,0.005813277525869085
c1ccc2c(c1)CCN[C@@H]2C[C@@H]1CCN2CCc3ccccc3[C@@H]2C1,1,0.005813277525869085
c1cc2cc(c1)-c1cccc(c1)C[C@@H]1NCCc3ccc4c(c31)Oc1cc3c(cc1O4)CCN[C@H]3C2,1,0.005813277525869085
O=C(NCc1ccc2c(c1)CCC2)Nc1ccccc1,1,0.005813277525869085
O=C(CNC(=O)CNC(=O)CNC(=O)C1CSC=N1)NCC(=O)NCC(=O)NCC(=O)N[C@H](Cc1ccccc1)C(=O)NCCc1cnc[nH]1.O=C(OCOC(=O)c1ccccc1)c1ccccc1,1,0.005813277525869085
O=C1NC(=O)C(C2=CCCCCC2)C(=O)N1,1,0.005813277525869085
C1CC[C@@H](O[C@H]2COC[C@@H](O[C@H]3CCCCO3)C2)OC1,1,0.005813277525869085
c1ccc(N=C(Nc2nnn[nH]2)NC2CCCCC2)cc1,1,0.005813277525869085
O=C1CCCN1CC1CCCCO1,1,0.005813277525869085
c1ccc(CO[C@H]2CCC[C@@H](CO[C@H]3CCCCO3)O2)cc1,1,0.005813277525869085
O=C1C[C@@H]2OCC=C3C[NH+]4CC[C@]56c7ccccc7N1[C@H]5[C@H]2[C@H]3C[C@H]46,1,0.005813277525869085
C1CC[C@@H](OC[C@@H]2CCCO2)OC1,1,0.005813277525869085
O=C1CC[C@]2(CCC(=O)C3[C@@H]2CCC2[C@H](c4ccoc4)OC(=O)[C@H]4O[C@]234)CO1,1,0.005813277525869085
O=C1CC2CCC=CCCC=CC2O1,1,0.005813277525869085
c1nc(Sc2cnc[nH]2)c2[nH]cnc2n1,1,0.005813277525869085
C=C1C[C@]23C[C@H]1CC[C@H]2[C@@]12COC3C[C@@H]1CC=CC2=O,1,0.005813277525869085
O=C1C=C([C@H]2CCC3C2CC[C@@H]2C4CC[C@H](O[C@H]5CC[C@H](O[C@H]6CC[C@H](O[C@H]7CCCCO7)CO6)CO5)C[C@H]4CC[C@@H]32)CO1,1,0.005813277525869085
C1CC2OCOC2O1,1,0.005813277525869085
C1CCC(OC2OCC3OC32)OC1,1,0.005813277525869085
O=C1CCC2[C@H](CO1)CC(=O)C1[C@@H]2CCC2[C@H](c3ccoc3)OC(=O)[C@H]3O[C@@]123,1,0.005813277525869085
O=C(CCCc1ccccc1)CNC(=O)Nc1ccccc1,1,0.005813277525869085
O=c1ccc(C2CCC3C2CCC2C4CCCCC4CCC23)co1,1,0.005813277525869085
O=C1C=C2C(CCC3CCCC[C@@H]23)C2CC[C@H]3C[C@@H](O[C@H]4OCCC[C@H]4O[C@H]4CCCO4)CCC3[C@@H]12,1,0.005813277525869085
C=C1CC[C@@H]2CCCCC2[C@@H]1C/C=C1\CCOC1=O,1,0.005813277525869085
O=C(C[NH2+]Cc1ccccc1)Nc1ccccc1.O=S1(=O)N=Cc2ccccc21,1,0.005813277525869085
O=C(CNC(=S)Nc1ccccc1)NCC(=O)OC1CC2CCC1C2,1,0.005813277525869085
C(=CCCC=CCOC1OCCC(OC2CCCCO2)C1OC1CCCCO1)CCC=CCOC1OCCC(OC2CCCCO2)C1OC1CCCCO1,1,0.005813277525869085
c1cc2n(c1)C[C@]1(CCCCO1)OC2,1,0.005813277525869085
O=C(CNC(=O)Nc1ccccc1)NCC1CCCCC1,1,0.005813277525869085
O=C1CCOc2ccccc21,1,0.005813277525869085
C1=C2C[C@@H](O[C@@H]3OC[C@@H](O[C@H]4CCCCO4)C[C@H]3O[C@H]3CCCCO3)CCC2[C@H]2CCC3[C@@H](C[C@@H]4O[C@]5(CCCCO5)C[C@H]34)[C@@H]2C1,1,0.005813277525869085
O=C1CC2CC(=O)C3(C2)C(=O)OC2CCCCC2C13,1,0.005813277525869085
O=C(/C=C/c1ccccc1)OC1CCCCO1,1,0.005813277525869085
O=C1CCCCCN1,1,0.005813277525869085
O=C(C[SH+]Cc1ccco1)NCC=CCOc1cc(CN2CCCCC2)ccn1,1,0.005813277525869085
O=c1oc2ccccc2cc1C1CCCc2ccccc21,1,0.005813277525869085
C1CCC(CCC2CCCCC2)CC1,1,0.005813277525869085
c1cnc2c(c1)ccc1cccnc12.c1cnc2c(c1)ccc1cccnc12.c1cnc2c(c1)ccc1cccnc12,1,0.005813277525869085
C1CC[C@H](OC2CCO[C@]34C[C@@]5(CO3)C3CC[C@H]6C[C@@H](O[C@H]7CC[C@@H](O[C@H]8CCCCO8)CO7)CCC6[C@H]3CC[C@@H]5[C@@H]24)OC1,1,0.005813277525869085
S=C(Nc1ccccc1)Nc1ccccc1,1,0.005813277525869085
C1CC[C@H](O[C@H]2CC3C4CCC(O[C@H]5CCCO5)CC4CCC3C3CCC(C4CCCO4)C32)OC1,1,0.005813277525869085
C(=N\c1ccccc1)\NCc1ccccc1,1,0.005813277525869085
C1=CC2CC=C[C@@H]2CCC1,1,0.005813277525869085
C1CCC(OCC2CCCC(OCC3CCCC(OC4CCCO4)O3)O2)OC1,1,0.005813277525869085
c1ccc(C2CC(c3cccc4c3OC(c3ccccc3)CC4)c3ccccc3O2)cc1,1,0.005813277525869085
C1CC[C@@H](OC2CCOCC2)OC1,1,0.005813277525869085
O=C1O[C@@H]2CCC(CCc3ccoc3)C3CCCC1[C@@H]32,1,0.005813277525869085
O=C(CCc1c[nH]c2ccccc12)NCCc1c[nH]c2ccccc12,1,0.005813277525869085
C(=Nc1ccc2c(c1)OCO2)NCc1ccccc1,1,0.005813277525869085
C(=NCc1ccccc1)Nc1ccccc1,1,0.005813277525869085
C1=C2C[C@@H](O[C@H]3CCC[C@@H](CO[C@H]4CCCCO4)O3)CC[C@H]2C2CCC3C(CC[C@@H]3CCCCO[C@@H]3O[C@H](CO[C@H]4CCCCO4)CC[C@H]3O[C@H]3CCCCO3)[C@@H]2C1,1,0.005813277525869085
O=C(C[NH2+]CCc1ccccc1)Nc1ccccc1,1,0.005813277525869085
O=S(=O)(CC1CCCC1)c1ccccc1,1,0.005813277525869085
S=C1NCCN1,1,0.005813277525869085
c1ccc(CCc2ccc3ccccc3c2)cc1,1,0.005813277525869085
C1CCC23COC(CC2C1)C12CCC(CCC31)C2,1,0.005813277525869085
C(=Nc1ccccc1)NC1CCCCCCCCC1,1,0.005813277525869085
C=C1C[C@]23CCC4C(C(=O)OC5CCCCO5)CCCC4C2CC[C@@]1(OC1CCCC(COC2CCCCO2)O1)C3,1,0.005813277525869085
O=C(CS(=O)(=O)c1ccccc1)c1ccccc1,1,0.005813277525869085
c1ccc2ncncc2c1,1,0.005813277525869085
O=C(O[C@H]1CCCCO1)[C@]12CCC=C[C@H]1C1=CC[C@H]3C(CC[C@H]4CCCCC43)C1CC2,1,0.005813277525869085
C(CCC1CC2C(C[C@@H]3C2CC[C@@H]2C4CC[C@H](O[C@H]5CC[C@H](O[C@H]6CCCCO6)CO5)CC4CC[C@H]23)O1)CO[C@H]1CCCCO1,1,0.005813277525869085
O=C1NS(=O)(=O)c2cscc21,1,0.005813277525869085
C1=C(CCc2ccoc2)C2CC[C@H](O[C@@H]3OCCC[C@H]3O[C@H]3CCCCO3)C[C@@H]2CC1,1,0.005813277525869085
O=C(OOC(=O)c1ccccc1)c1ccccc1,1,0.005813277525869085
C1=C2C(CCC1)CCC1C3CC[C@H]4CC(O[C@@H]5OCCCC5O[C@H]5CCCCO5)CCC4[C@H]3CC[C@H]21,1,0.005813277525869085
N=C(Nc1ccccc1)NC(c1ccccc1)c1ccccc1,1,0.005813277525869085
c1cc2cc(c1)Oc1ccc(cc1)CC1NCCc3cccc(c31)Oc1ccc3c(c1)C(C2)NCC3,1,0.005813277525869085
O=C1CC2CC(=O)C3(C2)C(=O)OC2CCCC4COCC42C13,1,0.005813277525869085
C=C1CC23CCC4C(C(=O)OC5CCCCO5)CCCC4C2CCC1(OC1OC(COC2CCCCO2)CCC1OC1CCCCO1)C3,1,0.005813277525869085
c1ccc(COCC2CCCC(OC3CCCO3)O2)cc1,1,0.005813277525869085
O=C1CC(CC[C@@H]2CCCCC2=O)CC(=O)N1,1,0.005813277525869085
O=C1CCC23CCCN4CCCC1C42CCC3,1,0.005813277525869085
O=S1(=O)CCC1,1,0.005813277525869085
c1ccc(CCCc2ccccc2)cc1,1,0.005813277525869085
c1cc2c(cc1CN1CCNCC1)OCO2,1,0.005813277525869085
C1=C2C(CCC3CCCC[C@@H]23)C2CC[C@H]3C[C@@H](O[C@H]4C[C@@H](O[C@H]5CCCCO5)CCO4)CCC3[C@H]2C1,1,0.005813277525869085
S=c1cc(-c2ccccc2)ss1,1,0.005813277525869085
O=C1/C(=C\c2ccco2)C[n+]2ccc(Cc3ccco3)cc21,1,0.005813277525869085
O=C1OCC2(C3CCCCC3)C=CCCC12,1,0.005813277525869085
O=C(C=CCCc1ccc2c(c1)OCO2)N1CCCCC1,1,0.005813277525869085
C=C1C[C@@]23CC[C@@H]4C(C(=O)O[C@H]5C[C@@H](O[C@H]6CCCCO6)CCO5)CCCC4[C@@H]2CC[C@]1(O[C@@H]1OCC[C@H](O[C@H]2CCCCO2)[C@H]1O[C@H]1CCCCO1)C3,1,0.005813277525869085
c1ccc2[nH]cnc2c1,1,0.005813277525869085
O=C1C=C2C(CCC3CCCC[C@H]23)C2CC[C@H]3C[C@@H](O[C@H]4OCCC[C@@H]4O[C@H]4CCCCO4)CCC3[C@H]12,1,0.005813277525869085
O=C1C=C[C@@H](CO[C@H]2CCCCO2)O1,1,0.005813277525869085
O=c1ccoc2ccccc12,1,0.005813277525869085
O=C(O[C@]12CCCC34C(NC1)C(C[C@@H]32)C1CC[C@@H]2CC1[C@H]4C2)c1ccccc1,1,0.005813277525869085
O=C1CCC[C@@H]2[C@H]3CCCN4CCC[C@@H](CN12)[C@@H]34,1,0.005813277525869085
O=C1C=CC2C(=C1)CC[C@H]1[C@@H]3CCCC3CC(=O)[C@H]21,1,0.005813277525869085
O=C1[C@@H]2CCCN2C(=O)[C@@H]2CCCN12,1,0.005813277525869085
O=C1Cn2cccc2CN1,1,0.005813277525869085
O=C(Cc1ccccc1)OC1C[C@H]2CC[C@@H](C1)N2,1,0.005813277525869085
O=c1[nH]c(=S)[nH]c2c1ncn2C1CCCO1,1,0.005813277525869085
O=C1CCc2ccccc2O1,1,0.005813277525869085
c1cc(C2CCCCO2)cc([C@H]2CCCCO2)c1,1,0.005813277525869085
O=C(Cc1ccccc1)Cc1ccccc1,1,0.005813277525869085
O=C1C[C@H]2C=CC(=O)[C@@H]3C4C(=O)C=CC[C@@H]4C[C@@H](O1)C32,1,0.005813277525869085
O=c1c(OC2CCCCC2)c(-c2ccccc2)oc2ccccc12,1,0.005813277525869085
C=C1C[C@@]23CC[C@@H]4C(C(=O)O[C@@H]5OCCC[C@H]5O[C@H]5CCCCO5)CCCC4[C@@H]2CC[C@]1(O[C@@H]1OCCC[C@H]1O[C@H]1CCCCO1)C3,1,0.005813277525869085
C(=C/c1ccccc1)\CNCCc1ccccc1,1,0.005813277525869085
O=C1C[C@H]2CCC1C2,1,0.005813277525869085
O=C(CCc1ccccc1)c1ccccc1O[C@H]1CCCCO1,1,0.005813277525869085
O=C1C=COS(=O)(=O)N1.c1ccccc1,1,0.005813277525869085
c1ccc(C2OC3CC4CCC3(CS2)C4)cc1,1,0.005813277525869085
O=C1CCCC2CC3OCC12C1CCC2CC(=O)C31C2,1,0.005813277525869085
c1ccc2c(c1)CC1COc3ccccc3[C@@H]21,1,0.005813277525869085
C=C1C[C@@]23CC[C@@H]4C(C(=O)O[C@@H]5OCC[C@H](O[C@H]6CCCCO6)[C@H]5O[C@H]5C[C@H](O[C@H]6CCCCO6)CCO5)CCCC4[C@@H]2CC[C@]1(O[C@@H]1OCC[C@H](O[C@H]2CCCCO2)[C@H]1O[C@H]1CCCCO1)C3,1,0.005813277525869085
C1CCN2CCCCC2C1,1,0.005813277525869085
c1cc(CCC2CCCC3CCCC[C@@H]32)co1,1,0.005813277525869085
O=C1c2ccccc2C([C@H]2CCCCO2)c2ccccc21,1,0.005813277525869085
c1ccc2c(C[C@@H]3CC4CCN3CC4)ccnc2c1.c1ccc2c(C[C@@H]3CC4CCN3CC4)ccnc2c1,1,0.005813277525869085
O=C1C[C@@H]2CC=CCCCC=C[C@H]2O1,1,0.005813277525869085
O=S(=O)(NC=Nc1ccccc1)C1CCCCC1,1,0.005813277525869085
O=C(Nc1ccccc1)NC1CCCCC1,1,0.005813277525869085
C1=C2CCCCC2[C@H]2CCC3[C@@H](C[C@H]4[C@@H]3C[C@H]3CCCCN34)[C@@H]2C1,1,0.005813277525869085
O=C1Nc2cccnc2N(C(=O)CN2CCNCC2)c2ccccc21,1,0.005813277525869085
O=C1C=C2CC[C@@H]3C(CCC4CCC[C@H]43)C2CC1,1,0.005813277525869085
O=C1CCC2C3=C(CC[C@H]2C1)C1CCCC1CC3=O,1,0.005813277525869085
C(=Nc1ccc2cn[nH]c2c1)NC1CCCCCCC1,1,0.005813277525869085
C=C1CC23CCC4C(C(=O)OC5CCC(OC6CCCCO6)CO5)CCCC4C2CC1C(=O)C3,1,0.005813277525869085
C(=NC1CCCCCCC1)Nc1ccccc1,1,0.005813277525869085
O=C([CH-][NH2+]CCc1ccccc1)Nc1ccccc1,1,0.005813277525869085
C=C1CC2OC[C@]34[C@H]2C2CC(=O)C=C[C@@H]2C[C@H]3OC(=O)C[C@@H]14,1,0.005813277525869085
O=C1C[C@@H]2CCCC3=CCC=C3[C@H]2O1,1,0.005813277525869085
C=C1C(=O)[C@]23C[C@H]1CC[C@H]2[C@@]12COC3C[C@@H]1CC=CC2=O,1,0.005813277525869085
C1CC[C@H](O[C@H]2CCOC2)OC1,1,0.005813277525869085
c1ccc(Cc2cncnc2)cc1,1,0.005813277525869085
C=C1CCC[C@]2(C(=O)O[C@H]3CCCCO3)CCC3C(=CC[C@H]4C3CC[C@H]3CCCCC34)[C@H]12,1,0.005813277525869085
C=C1C(=O)O[C@H]2[C@H]1CCC1CCC=C[C@@H]12,1,0.005813277525869085
O=C(O[C@H]1CCCCO1)[C@]12CCCC[C@H]1C1=CC[C@H]3C(CC[C@H]4C[C@@H](O[C@H]5C[C@@H](O[C@H]6CCCCO6)CCO5)CCC43)C1CC2,1,0.005813277525869085
C=C1C(=O)O[C@@H]2[C@@H]3OC3CC/C=C/CC[C@@H]12,1,0.005813277525869085
c1ccc2c3c([nH]c2c1)[C@@H]1C[C@@H]2CCCC[C@H]2CN1CC3,1,0.005813277525869085
O=C1CNC(=O)[C@@H](Cc2ccccc2)N1,1,0.005813277525869085
O=C1OCC23C(CCCC12)OC(=O)C12CC(CC(=O)C13)CC2=O,1,0.005813277525869085
O=C(NCCc1ccccc1)Nc1ccccc1,1,0.005813277525869085
O=C(Nc1ccccc1)c1ccsc1-c1ccncc1,1,0.005813277525869085
O=C1O[C@@H]2CC[C@]3(CC[C@]4(C=COC4)O3)C3CCCC1[C@@H]32,1,0.005813277525869085
O=C1CC=CO1,1,0.005813277525869085
C=C1C[C@@]23CC[C@@H]4CCCCC4[C@@H]2CC[C@]1(O[C@@H]1OCC[C@H](O[C@H]2CCCCO2)[C@H]1O[C@H]1CCCCO1)C3,1,0.005813277525869085
c1ccc2c3c([nH]c2c1)CCC1CCCN(CC3)C1,1,0.005813277525869085
C=C1C[C@@]23CC[C@@H]4C(C(=O)O[C@H]5CCCCO5)CCCC4[C@@H]2CC[C@]1(O[C@@H]1OCC[C@H](O[C@H]2CCCCO2)[C@H]1O[C@H]1C[C@H](O[C@H]2CCCCO2)CCO1)C3,1,0.005813277525869085
O=C(c1ccccc1)c1ccc(Oc2ccccc2)cc1,1,0.005813277525869085
O=C(NCc1ccc2ccccc2c1)Nc1ccccc1,1,0.005813277525869085
c1ccc(NCCNc2ccccc2)cc1,1,0.005813277525869085
c1ccc(CCc2cccc3ccccc23)cc1,1,0.005813277525869085
C1COC(OC[C@@H]2CCC(OC[C@@H]3CCCO3)O2)C1,1,0.005813277525869085
c1cnc(-n2cccn2)nc1,1,0.005813277525869085
C=C1c2ccccc2COc2ccccc21,1,0.005813277525869085
O=C1C[C@H]2CCC[C@@H]3C4C(=O)CCC[C@@H]4C[C@@H](O1)C23,1,0.005813277525869085
O=C1NC(c2ccccc2)Sc2ccccc21,1,0.005813277525869085
O=C1CCC2(C3CCCCC3)COC(=O)C2C1,1,0.005813277525869085
N=C(Cc1c[nH]c2ccccc12)SC1CCCCO1,1,0.005813277525869085
O=C1N=CNC(=O)C1c1ccccc1.O=C1N=CNC(=O)C1c1ccccc1,1,0.005813277525869085
c1ccc2c(c1)C[C@H]1NCC[C@@]23CCCCC13,1,0.005813277525869085
O=c1cc[nH]c2nc(N3CCNCC3)ccc12,1,0.005813277525869085
C1CC2OCC1OC1CCC(CO1)OC1CCC(CO1)OC1CCC(CO1)OC1CCC(CO1)OC1CCC(CO1)OC1CCC(CO1)O2,1,0.005813277525869085
O=C(/C=C/c1ccccc1)c1cccc2ccoc12,1,0.005813277525869085
O=C(NC1CCCCC1)NS(=O)(=O)c1ccc(CCNC(=O)N2CC=CC2=O)cc1,1,0.005813277525869085
O=C(CNC(=O)Nc1ccccc1)NCC(=O)OC1CC2CCC1C2,1,0.005813277525869085
c1ccc(Cc2ccco2)cc1,1,0.005813277525869085
O=C(NC1CCCC1)C1C2CCCCC21,1,0.005813277525869085
O=S1(=O)N=Cc2ccccc2N1,1,0.005813277525869085
O=C1c2ccccc2CC1CC1CCN(Cc2ccccc2)CC1,1,0.005813277525869085
O=C1C=C2CCCC=C2O1,1,0.005813277525869085
O=C1CC2C(CC[C@@H]2CCCC=CCO[C@H]2CCC[C@@H](CO[C@H]3CCCCO3)O2)[C@@H]2CC=C3C[C@@H](O[C@H]4CCCCO4)CC[C@H]3C12,1,0.005813277525869085
C(=Nc1ccccc1)NC(c1ccccc1)c1ccccc1,1,0.005813277525869085
C1CCC(OC[C@@H]2CCCCO2)OC1,1,0.005813277525869085
O=C1CCC2[C@@H](C1)CC(=O)[C@H]1[C@@H]3CCCC3C(=O)C[C@H]21,1,0.005813277525869085
C1CCC(O[C@H]2CCC(O[C@H]3CCCOC3)OC2)OC1,1,0.005813277525869085
O=C(NC1CCCCC1)C1CC1,1,0.005813277525869085
O=C1c2ccccc2C[C@@H]1CC1CCN(Cc2ccccc2)CC1,1,0.005813277525869085
C1=C[C@H]2CCC[C@H]2[C@H](O[C@H]2CCCCO2)O1,1,0.005813277525869085
O=c1c(-c2nn[nH]n2)cnc2ccccn12,1,0.005813277525869085
C1=C2C[C@@H](O[C@H]3CCCCO3)CC[C@H]2C2CCC3C(CC[C@@H]3CCCCO[C@@H]3O[C@H](CO[C@H]4CCCCO4)CC[C@H]3O[C@H]3CCCCO3)[C@@H]2C1,1,0.005813277525869085
c1ccc(NC(=NC2CCCCCCC2)NCc2nnn[nH]2)cc1,1,0.005813277525869085
O=C(NC1CCCCC1)c1ccccc1,1,0.005813277525869085
O=C1C[C@@]23CC[C@H]4OC(=O)[C@]5(O[C@@H]2O1)C1CC(=O)O[C@H]1C[C@@]435,1,0.005813277525869085
C(=Cc1ccccc1C1OCc2ccccc2S1)Cc1ccccc1,1,0.005813277525869085
N=C(C(=O)N[C@@H]1C(=O)N2C=CCS[C@H]12)c1cscn1,1,0.005813277525869085
C=C1CC23CC1CCC2C12CCCCC1CC3OC2,1,0.005813277525869085
O=C(C=CC=CC1CCC2OCOC2C1)N1CCCCC1,1,0.005813277525869085
C(=Nc1cccnc1)NC1CCCCCCCC1,1,0.005813277525869085
C1C2CC3CC1CC(C2)C3,1,0.005813277525869085
O=C1C=C[C@@H]2C(=CC[C@H]3C4C[C@H]5OCCC(=O)C[C@@H]5C4CC(=O)C32)C1,1,0.005813277525869085
c1ccc([C@H]2CO2)cc1,1,0.005813277525869085
C=C1C[C@]23CC[C@@H]4CCCCC4[C@H]2CC[C@]1(O[C@@H]1OCCC(O[C@@H]2CCCCO2)C1O[C@@H]1CCCCO1)C3,1,0.005813277525869085
O=C1CC2OCC3CC(=O)C4C(CCC(Cc5ccoc5)C45CO5)C32CO1,1,0.005813277525869085
O=C(O[C@H]1C[C@H]2CC[C@@H](C1)N2)c1ccccc1,1,0.005813277525869085
C(=Nc1ccc2ccccc2c1)NCc1ccccc1,1,0.005813277525869085
O=C1COC(=O)N1,1,0.005813277525869085
C=C1C(=O)O[C@@H]2[C@@H]3C=CC(=O)C3=CCC[C@@H]12,1,0.005813277525869085
C1=C2CC[C@@H]3[C@H](CCC4CCC[C@H]43)[C@H]2CCC1,1,0.005813277525869085
c1ccc(C2OCc3ccccc3CO2)cc1,1,0.005813277525869085
C1=C2C(CCC3CCCC[C@@H]23)C2CC[C@H]3CC(O[C@@H]4OCCCC4O[C@H]4CCCCO4)CCC3[C@H]2C1,1,0.005813277525869085
O=C1CC2OC(=O)C34CC(CCC3C23COC(=O)C3C1)CC4=O,1,0.005813277525869085
c1ccc([C@@H]2CCc3cccc([C@@H]4C[C@@H](c5ccccc5)Oc5c4ccc4c5[C@H]5C[C@](c6ccccc6)(Oc6ccccc65)O4)c3O2)cc1,1,0.005813277525869085
O=C(c1ccccc1)c1ccncc1,1,0.005813277525869085
C1CC[C@@H](O[C@@H]2CCCOC2)OC1,1,0.005813277525869085
C1CC[C@@H](CO[C@H]2CCCCO2)OC1,1,0.005813277525869085
O=C1CC2CCC1C2.O=C1N(Cc2ccccc2)C2C[S+]3CCCC3C2N1Cc1ccccc1,1,0.005813277525869085
C=C1C[C@]23CC[C@@H]4C(C(=O)O[C@H]5CCCCO5)CCCC4[C@H]2CC[C@@]1(O[C@@H]1OCCC[C@@H]1O[C@H]1CCCCO1)C3,1,0.005813277525869085
O=C1C=CC(=NNc2ccc(S(=O)(=O)Nc3ccccn3)cc2)C=C1,1,0.005813277525869085
O=C(C=Cc1ccccc1)OC1CC2CCC1OC2=O,1,0.005813277525869085
C=C1C(=O)OC2C1CCC(=C)C1CC(=O)C(=C)C12,1,0.005813277525869085
O=C(CNC(=O)C1CCCCC1)SCCC(=O)N1CCCC1.O=C(CNC(=O)C1CCCCC1)SCCC(=O)N1CCCC1,1,0.005813277525869085
C1=C2CCCCC2[C@H]2CCC3CCCC3[C@@H]2C1,1,0.005813277525869085
O=C(OCC1CCCC(Oc2ccccc2)O1)c1ccccc1,1,0.005813277525869085
O=c1cc[nH]c2nc(N3CCNCC3)ncc12,1,0.005813277525869085
C1CSC1.C1CSC1,1,0.005813277525869085
O=C1CC[C@H]2C(CCC[C@@]23CO[C@H](c2ccoc2)C3)[C@]12CO2,1,0.005813277525869085
N=C1Cc2ccccc2OC1c1ccccc1,1,0.005813277525869085
C=C1C(=O)O[C@@H]2CC3CCCC(=CC[C@@H]12)C3,1,0.005813277525869085
S=C1NCCO1,1,0.005813277525869085
C=C1CC23CCC4C5CCCC4(C4OCCN4C5)C2CCC1C3,1,0.005813277525869085
C1C2CC3C1C3C2.C=C1C[C@H]2CC[C@@H]1C2,1,0.005813277525869085
O=C1c2ccccc2NCN1c1ccccc1,1,0.005813277525869085
O=C(CCc1ccccc1)NCCc1c[nH]c2ccccc12,1,0.005813277525869085
C1=C2CC(OC3OCC(OC4CCCCO4)CC3OC3CCCCO3)CCC2C2CCC3C(CC4C3CC3CCCCN34)C2C1,1,0.005813277525869085
N=C1c2ccccc2COC1c1ccccc1,1,0.005813277525869085
O=C(C[NH+](Cc1ccccc1)Cc1ccccc1)Nc1ccccc1,1,0.005813277525869085
C1=C[C@H]2C[C@@H]3OC3[C@H]2[C@H](O[C@H]2CCCCO2)O1,1,0.005813277525869085
C=C1C(=O)O[C@@H]2CCC(=O)C[C@H]12,1,0.005813277525869085
O=C1C[C@@H]2OC[C@@H]3CC(=O)C4[C@H](CCC5[C@H](c6ccoc6)OC(=O)[C@H]6O[C@]546)[C@]32CO1,1,0.005813277525869085
c1ccc(Cc2ccncc2)cc1,1,0.005813277525869085
O=C1C=CC2C(=C1)CC[C@@H]1C2CCC2CCC[C@H]21,1,0.005813277525869085
O=C1CC2CCCC34C1CCCN3CCCC24,1,0.005813277525869085
C1CCC(O[C@@H]2OCC[C@H]2O[C@H]2CCCCO2)CC1,1,0.005813277525869085
C(=Cc1ccccc1)Cc1ccccc1C1OCc2ccccc2S1,1,0.005813277525869085
c1ccc2c(CC3CC4CCN3CC4)ccnc2c1.c1ccc2c(CC3CC4CCN3CC4)ccnc2c1,1,0.005813277525869085
O=C1CC2[C@H](CC[C@]34CC(CO[C@H]5CCCCO5)[C@H](CC[C@@H]23)C4)c2ccoc21,1,0.005813277525869085
O=c1ccc([C@H]2CCC3C2CC[C@@H]2C4CC[C@H](OC5CC(OC6CCCCO6)CCO5)C=C4CC[C@@H]32)co1,1,0.005813277525869085
c1ccc(CCCO[C@H]2CCCCO2)cc1,1,0.005813277525869085
O=c1ccc2ccc(Oc3cc4ccccc4oc3=O)cc2o1,1,0.005813277525869085
C1=C2C[C@@H](O[C@@H]3OC[C@@H](O[C@H]4CCCCO4)C[C@H]3O[C@H]3CCCCO3)CCC2[C@H]2CCC3[C@@H](C[C@@H]4OC(CCCCO[C@H]5CCCCO5)C[C@H]34)[C@@H]2C1,1,0.005813277525869085
O=C1C=C2C(CCC3CCCC[C@@H]23)C2CC[C@H]3C[C@@H](O[C@H]4OCCC[C@H]4OC4CCCCC4)CCC3[C@@H]12,1,0.005813277525869085
O=C1CC(C2CCCCC2)CO1,1,0.005813277525869085
C=C1CC23CCC4C(C(=O)OC5CCCCO5)CCCC4C2CCC1(OC1OCCC(OC2CCCCO2)C1OC1CCCC(COC2CCCCO2)O1)C3,1,0.005813277525869085
c1ncc2c(n1)COC2,1,0.005813277525869085
c1ccc(CSc2ccccc2)cc1,1,0.005813277525869085
O=C(COc1cccc(C2OCc3ccccc3S2)c1)c1ccccc1,1,0.005813277525869085
O=C1CC[C@H]2[C@H](O[C@H]3CCCCO3)OC=C[C@@H]12,1,0.005813277525869085
C1=CC[C@@H](O[C@H]2CCCCO2)CC1,1,0.005813277525869085
O=C1C=C2[C@H]3CC[C@H](C[C@H]4CCC[C@@H](O[C@H]5CCCCO5)O4)C3CC[C@H]2C2CC[C@@H](O[C@@H]3OCCC[C@H]3O[C@H]3CCCCO3)C[C@@H]12,1,0.005813277525869085
O=C(OCC1CCCC(OC[C@H]2CCc3ccccc3[C@@H]2c2ccccc2)O1)c1ccccc1,1,0.005813277525869085
O=C1CC2CC=CCCC=CC[C@@H]2O1,1,0.005813277525869085
C1CCc2nnnn2CC1,1,0.005813277525869085
O=S1(=O)CC(c2ccccc2)Oc2ccccc21,1,0.005813277525869085
C(=Nc1cccnc1)NC(c1ccccc1)c1ccco1,1,0.005813277525869085
O=C1OC2CCCCC2C2CCC3CCC12C3,1,0.005813277525869085
C1CCC23CCCC2C3C1,1,0.005813277525869085
C1CC2CN[C@@H]3C4C[C@H]2C3(C1)[C@@H]1CC2CCC4[C@H]1C2,1,0.005813277525869085
C=C1C(=O)[C@@]23CC[C@@H]4CCC(OOC5CCCCO5)CC4[C@@H]2CCC1C3,1,0.005813277525869085
C1=NCc2ccccc21,1,0.005813277525869085
O=c1occc2ccccc12,1,0.005813277525869085
O=C1C[C@@H]2[C@H]3CCC(C[C@H]4CCC[C@@H](O[C@H]5CCCCO5)O4)C3CC[C@H]2C2CC[C@@H](O[C@@H]3OCCC[C@H]3O[C@H]3CCCCO3)C[C@@H]12,1,0.005813277525869085
O=C1CC2CCC1C2.c1cc[nH+]cc1,1,0.005813277525869085
O=C1NC(=O)C(C2C=CCC2)C(=O)N1,1,0.005813277525869085
C1CC[C@@H](OC[C@@H]2CCC[C@@H](OC3CCCO3)O2)OC1,1,0.005813277525869085
C1CCN2C[C@@H]3C[C@@H](CN4CCCC[C@@H]34)[C@H]2C1,1,0.005813277525869085
O=C(C=CC=Cc1ccc2c(c1)OCO2)N1CCCC1,1,0.005813277525869085
O=C(C=Cc1ccccc1)OC1CC2CC(C1)C(=O)O2,1,0.005813277525869085
C(=Nc1cccnc1)NCc1ccccc1,1,0.005813277525869085
O=C1C=C([C@H]2CCC3C4CCC5C[C@@H](O[C@H]6CCCCO6)CCC5C4CCC32)CO1,1,0.005813277525869085
C1=C2C(CCC3CCCC[C@@H]23)C2CC[C@H]3C[C@@H](O[C@H]4CCCCO4)CCC3[C@H]2C1,1,0.005813277525869085
O=C(Nc1ccccc1)Oc1cccc(C2OCc3ccccc3O2)c1,1,0.005813277525869085
c1ccc([C@H]2COc3ccccc3C2)cc1,1,0.005813277525869085
c1ccc(N=C(Nc2nnn[nH]2)NC2CCCCCCC2)cc1,1,0.005813277525869085
C1OC2OC[C@H]3OCO[C@H]3[C@@H]2O1,1,0.005813277525869085
C1CC[C@@H](O[C@@H]2CCCCO2)OC1,1,0.005813277525869085
C1=C2CC(OC3CCCCO3)CCC2C2CCC3C(CCCCOC4CCCCO4)CCC3C2C1,1,0.005813277525869085
c1ccc(C(c2ccccc2)c2ccccn2)cc1,1,0.005813277525869085
C1CC[C@@H]2CC[C@H]3[C@@H]4CCCC4CC[C@@H]3C2C1,1,0.005813277525869085
O=C1OC(c2ccccc2)Oc2ccccc21,1,0.005813277525869085
C1C[SH+]C1,1,0.005813277525869085
c1ccc2c(c1)C[C@@H]1CCCCC21,1,0.005813277525869085
C1=C2C[C@@H](O[C@@H]3OC[C@@H](O[C@H]4CCCCO4)C[C@H]3O[C@H]3CCCCO3)CCC2[C@H]2CCC3[C@@H](C[C@H]4[C@@H]3C[C@H]3CCCCN34)[C@@H]2C1,1,0.005813277525869085
O=C1CN=C(c2ccccc2)c2ccccc2N1,1,0.005813277525869085
O=C(c1ccccc1)c1ccccn1,1,0.005813277525869085
O=C1CCOC(OC2CCCO2)C1,1,0.005813277525869085
O=C([CH-][NH2+]Cc1ccccc1)Nc1ccccc1,1,0.005813277525869085
O=C1NC(c2ccccc2)=CCN1c1ccccc1,1,0.005813277525869085
c1ccc(COC(Cn2ccnc2)c2ccccc2)cc1,1,0.005813277525869085
C(=Nc1ccc2nonc2c1)NC1CCCCCCC1,1,0.005813277525869085
O=C1NCC[C@H]2C[C@H](O[C@H]3CCCCO3)OC=C12,1,0.005813277525869085
C(CCC1CC2C(CC3C2CCC2C3CC[C@H]3CC(OC4CCC(COCC5OCCCC5OC5CCCCO5)CO4)CCC23)O1)COCC1CCCCO1,1,0.005813277525869085
C1CC[C@]2(C[C@@H]3C4CC[C@@H]5C6CC[C@H](O[C@H]7CC[C@@H](O[C@@H]8OCC[C@H](O[C@H]9CCCCO9)[C@H]8O[C@H]8CCCCO8)CO7)C[C@@H]6CC[C@H]5[C@@H]4C[C@@H]3O2)NC1,1,0.005813277525869085
c1ccc(C2CC(c3cccc4c3OC(c3ccccc3)CC4c3cccc4c3OC(c3ccccc3)CC4)c3ccccc3O2)cc1,1,0.005813277525869085
c1ccc(NCc2ccco2)cc1,1,0.005813277525869085
O=C(C[NH2+]CCCc1ccccc1)Nc1ccccc1,1,0.005813277525869085
C1=CC2[C@H]3Cc4ccc(OCCN5CCOCC5)c5c4[C@@]2(CCN3)[C@H](C1)O5,1,0.005813277525869085
O=C(CCNNC(=O)c1ccncc1)NCc1ccccc1,1,0.005813277525869085
O=C1C[C@@H](c2ccc3c(c2)O[C@H](c2ccccc2)CO3)Oc2ccccc21,1,0.005813277525869085
O=C1NCNC(=O)C1c1ccccc1,1,0.005813277525869085
C=C1CCC/C=C/C[C@@H]2C(=C)C(=O)O[C@H]2C1,1,0.005813277525869085
C=C1C[C@@]23CC[C@H]4C(C(=O)OC5CCCCO5)CCCC4[C@H]2CC[C@@]1(O[C@@H]1OCCCC1O[C@@H]1CCCCO1)C3,1,0.005813277525869085
O=C1[N-]C(=O)C(c2ccccc2)(c2ccccc2)N1,1,0.005813277525869085
C(=Nc1ccc2ccccc2n1)NCc1ccccc1,1,0.005813277525869085
O=C(Sc1ccccc1)c1ccccc1,1,0.005813277525869085
O=C(/C=C/c1ccccc1)c1cccc(CC2CO2)c1,1,0.005813277525869085
O=C1CC2CCC1C2.c1ccccc1.c1ccccc1,1,0.005813277525869085
O=C1C[C@@H]2CCC3CCCC=C3[C@H]2O1,1,0.005813277525869085
O=C(CCc1ccccc1)NCCCCN(CCCNC(=O)CCc1ccccc1)C(=O)CCc1ccccc1,1,0.005813277525869085
O=C1O[C@H](c2ccoc2)C[C@]12CC[C@@H](O[C@H]1CCCCO1)C1=CCCC[C@@H]12,1,0.005813277525869085
O=C1CCON1,1,0.005813277525869085
O=C1CCCCCCCCCCCC(=O)OCCO1,1,0.005813277525869085
O=c1cc([C@H]2CCC3C4CC[C@@H]5CCCCC5C4CCC32)cco1,1,0.005813277525869085
O=C1C[C@H]2CCC3OC[C@@]24[C@H]3C2CCC=C[C@@H]2C[C@H]4O1,1,0.005813277525869085
C1=C2C[C@@H](O[C@H]3CC[C@H](O[C@H]4CCCCO4)CO3)CCC2[C@H]2CCC3[C@@H](C[C@@H]4OC(CCCCO[C@H]5CCCCO5)C[C@H]34)[C@@H]2C1,1,0.005813277525869085
O=C1C[C@@H]2CCC[C@H]3C(=C[C@H]4[C@@H]3[C@H]3C=C[C@]45[C@@H]3CCC[C@H]3CC(=O)O[C@@H]35)[C@H]2O1,1,0.005813277525869085
O=C1O[C@H]2C=CC1C1CC[C@H]3C(=O)O[C@H](c4ccoc4)CC3[C@@H]12,1,0.005813277525869085
c1ccc(C2Oc3ccccc3O2)cc1,1,0.005813277525869085
C=C1C[C@@]23CCC4CCCCC4C2CC[C@]1(O[C@@H]1OCCC[C@H]1O[C@H]1CCCCO1)C3,1,0.005813277525869085
O=C1CC[C@@H]2C1CC[C@@H]1C3CCCC[C@@H]3CC[C@@H]21,1,0.005813277525869085
C1=C2C[C@H](O[C@H]3CC[C@H](O[C@@H]4OCCC[C@H]4OC4CCCCC4)CO3)CCC2[C@H]2CCC3[C@@H](C[C@H]4[C@@H]3C[C@H]3CCCCN34)[C@@H]2C1,1,0.005813277525869085
O=C1CC2CCC3C45CCCCC4CC(OC5)C13C2,1,0.005813277525869085
c1ccc(-c2ccncc2)cc1,1,0.005813277525869085
C1CC[C@H](O[C@@H]2CO[C@@H](O[C@H]3CCC4[C@H](CC[C@@H]5[C@@H]4CCC4[C@H]5C[C@@H]5O[C@]6(CCCCO6)C[C@H]45)C3)[C@H](O[C@H]3CCCCO3)C2)OC1,1,0.005813277525869085
C1=C2C[C@@H](O[C@@H]3OC[C@@H](O[C@H]4C[C@@H](O[C@H]5CCCCO5)CCO4)C[C@H]3O[C@H]3CCCCO3)CCC2[C@H]2CCC3[C@@H](C[C@@H]4O[C@]5(CCC(CO[C@H]6CCCCO6)O5)C[C@H]34)[C@@H]2C1,1,0.005813277525869085
O=C1OCC[C@H]2C[C@H](O[C@@H]3OC[C@@H](OC(=O)c4cccc(O[C@H]5CCCCO5)c4)C[C@H]3OC(=O)c3ccccc3)OC=C12,1,0.005813277525869085
O=C(OC[C@@H]1O[C@@H](OC(=O)c2ccccc2)[C@@H](OC(=O)c2ccccc2)[C@@H](OC(=O)c2ccccc2)[C@H]1OC(=O)c1ccccc1)c1ccccc1,1,0.005813277525869085
C1CCC(C2(OC3CCCO3)CCCCO2)OC1,1,0.005813277525869085
O=C(/C=C/c1ccccc1)O[C@@H]1CO[C@@H](OCCc2ccccc2)C[C@H]1O[C@H]1CCCCO1,1,0.005813277525869085
C1=CCC2C(C=C1)CCC1CCCCC12,1,0.005813277525869085
C1=C2CC(OC3CCCC(COC4CCCCO4)O3)CCC2C2CCC3C(CCCCOC4OCCCC4OC4CCCCO4)CCC3C2C1,1,0.005813277525869085
O=S(=O)(Nc1cccnn1)c1ccccc1,1,0.005813277525869085
O=S(=O)(Cc1ccccc1)NC=Nc1ccccc1,1,0.005813277525869085
O=C1O[C@H]([C@@H]2NCCc3cc4c(cc32)OCO4)c2ccccc21,1,0.005813277525869085
C=C1C(=O)[C@]23C[C@H]1CC[C@H]2[C@@]12COC[C@@H]1CCC[C@@H]2OC3=O,1,0.005813277525869085
O=C([CH-][NH2+]CCCc1ccccc1)Nc1ccccc1,1,0.005813277525869085
O=S(=O)(Nc1ccon1)c1ccccc1,1,0.005813277525869085
C=C1C(=O)O[C@H]2C=CCCCC=CC[C@H]12,1,0.005813277525869085
O=C(CNCCCc1ccccc1)N1CCCC1,1,0.005813277525869085
O=C(NCCCc1ccccc1)Nc1ccccc1,1,0.005813277525869085
O=C(Cc1ccccc1)OC[C@@H]1CC[C@@H](OC(=O)Cc2ccccc2)CO1,1,0.005813277525869085
O=C1C=C(N2CCCC2)CC1,1,0.005813277525869085
C=C1CCCC=C[C@H]2OC(=O)C[C@@H]2CC1,1,0.005813277525869085
O=C1CCC[C@@H]2[C@H]3C[C@@H](CN12)[C@@H]1CCCCN1C3,1,0.005813277525869085
O=C(Cc1ccccc1)OC[C@@H]1C[C@H](OC(=O)Cc2ccccc2)[C@@H](OC(=O)Cc2ccccc2)CO1,1,0.005813277525869085
O=C1CNC(=O)N1,1,0.005813277525869085
O=C1CC(c2ccccc2)Oc2c1ccc1c2CCCO1,1,0.005813277525869085
C(CCC1CC2C(CC3C2CCC2C4CCC(OC5OCC(OC6CCCCO6)CC5OC5CCCCO5)CC4CCC23)O1)COC1CCCCO1,1,0.005813277525869085
C(=N/Cc1cccc2c1OCO2)\Nc1ccccc1,1,0.005813277525869085
O=C(c1ccccc1)c1ccc(-c2ccccc2)cc1,1,0.005813277525869085
O=c1ccc([C@H]2CCC3C2CC[C@@H]2C4CCCC[C@H]4CC[C@@H]32)co1,1,0.005813277525869085
C(=C\C1OCCO1)\c1ccccc1,1,0.005813277525869085
O=C1OCC2(C3CCCCC3)CCCCC12,1,0.005813277525869085
O=C1C=CC2=C(C[C@@H]3CCN4CCc5ccccc5[C@@H]4C3)NCCC2=C1,1,0.005813277525869085
C=C1C(=O)O[C@H]2[C@H]1CCC1COC(=O)C(=C)[C@@H]12,1,0.005813277525869085
C=C1C(=O)OCC2CCCC[C@@H]12,1,0.005813277525869085
C=C1C(=O)O[C@@H]2C3CC(=O)CCC3CC[C@@H]12,1,0.005813277525869085
O=C1N=CC(C2=CCCCC2)C(=O)N1.O=C1N=CC(C2=CCCCC2)C(=O)N1,1,0.005813277525869085
S=c1[nH]cnc2c1ncn2C1CCCO1,1,0.005813277525869085
O=C(Oc1ccccc1)Oc1cccc(C2OCc3ccccc3S2)c1,1,0.005813277525869085
C=C1C(=O)O[C@H]2C=CCCC/C=C/C[C@H]12,1,0.005813277525869085
O=c1cccc(-c2ccccc2O[C@H]2CCCCO2)o1,1,0.005813277525869085
O=C(/C=C/c1ccccc1)c1ccc2c(c1)C=CCO2,1,0.005813277525869085
O=S(=O)(CCc1ccccc1)c1ccccc1,1,0.005813277525869085
C1=CCCCCC1,1,0.005813277525869085
O=C(CCc1ccccc1)c1ccc(O[C@@H]2OCCC[C@H]2O[C@H]2CCCCO2)cc1,1,0.005813277525869085
c1ncn([C@H]2CCCO2)n1,1,0.005813277525869085
C1=C2C[C@@H](O[C@H]3CCC[C@@H](CO[C@H]4CCCCO4)O3)CC[C@H]2C2CCC3C(CC[C@@H]3CCCCO[C@@H]3OCCC[C@H]3O[C@@H]3CCCCO3)[C@@H]2C1,1,0.005813277525869085
O=C(NCC(=O)C1CCCN1)C1CCCCC1.O=C(NCC(=O)C1CCCN1)C1CCCCC1,1,0.005813277525869085
C1CC[C@@H](OC[C@H]2O[C@H](O[C@H]3CCCOC3)CC[C@@H]2O[C@@H]2CCCCO2)OC1,1,0.005813277525869085
O=C1/C=C\CCOC(=O)CC(=O)CC(OC2CCCCO2)CCC1,1,0.005813277525869085
O=S(=O)(NC=Nc1ccccc1)C1CCCCCC1,1,0.005813277525869085
O=C(CCCN1CC=C(n2c(=O)[nH]c3ccccc32)CC1)c1ccccc1,1,0.005813277525869085
C=C1C[C@]23CC[C@H]4CCCCC4[C@@H]2CC[C@@]1(O[C@H]1OCCCC1O[C@H]1CCCCO1)C3,1,0.005813277525869085
C1=C2C3CCC(OC4CCCCO4)CC3CCC2C2CCC3CC(OC4CCCCO4)CCC3C2C1,1,0.005813277525869085
C(=Nc1ccccc1)NCC12CC3CC(CC(C3)C1)C2,1,0.005813277525869085
C=C1C[C@@]23CC[C@@H]4C5CCC[C@@]4(CN4CCOC54)[C@@H]2CC[C@H]1C3,1,0.005813277525869085
O=C1OC2CC1C1CC3O[C@]34C(=O)O[C@H]2C14.O=C1OC2CC1C1C[C@H]3O[C@]34C(=O)O[C@H]2C14,1,0.005813277525869085
O=C1O[C@H](c2ccoc2)C[C@]12CCCC1[C@@H]2CCC[C@]12CO2,1,0.005813277525869085
O=C1O[C@@H](c2ccccc2)Cc2ccccc21,1,0.005813277525869085
O=c1ccc2cccc(O[C@H]3CCCCO3)c2o1,1,0.005813277525869085
C(=CCO[C@H]1CCC[C@@H](CO[C@H]2CCCCO2)O1)CCC[C@H]1CCC2C1CCC1[C@H]2CC=C2C[C@@H](O[C@H]3CCCCO3)CC[C@H]21,1,0.005813277525869085
O=c1oc2ccccc2c2oc3ccccc3c12,1,0.005813277525869085
N=C(NCC(=O)NCc1ccccc1)Nc1ccccc1,1,0.005813277525869085
c1cnc2ncnn2c1,1,0.005813277525869085
O=S(=O)([N-]c1ncccn1)c1ccccc1,1,0.005813277525869085
O=C(CCc1ccccc1)OC1CCCCC1,1,0.005813277525869085
C1CC[C@H](OC[C@H]2O[C@@H](O[C@H]3CCC4[C@H](CC[C@@H]5[C@@H]4CCC4[C@H]5C[C@@H]5O[C@]6(CCCCO6)C[C@H]45)C3)[C@H](O[C@H]3CCCCO3)C[C@@H]2O[C@H]2CCCCO2)OC1,1,0.005813277525869085
O=C1Oc2ccccc2Oc2ccccc21,1,0.005813277525869085
O=S(=O)(Nc1ccno1)c1ccccc1,1,0.005813277525869085
O=C(Nc1ccccc1C1OCc2ccccc2S1)c1ccccc1,1,0.005813277525869085
C(=Nc1ccccc1)NNc1ccccc1,1,0.005813277525869085
O=C1C=CC[C@@H](C[C@H]2CCC3C2CC[C@@]24C[C@@]25CC[C@H](O[C@H]2CCCCO2)C[C@@H]5CC[C@@H]34)O1,1,0.005813277525869085
C(=Nc1ccccc1)NC(c1ccccc1)c1ccco1,1,0.005813277525869085
O=C(CNC(=S)Nc1cncnc1)NCCc1ccccc1,1,0.005813277525869085
c1ccc(CCC2CCCCC2)cc1,1,0.005813277525869085
O=C1C=CC[C@@H]2C[C@H]3OCC[C@H]4CCC[C@H](C12)C43,1,0.005813277525869085
O=C1OC(c2ccoc2)CC2C1CC(=O)C1C3CC(CC21)OC3=O,1,0.005813277525869085
O=c1nc[nH]c2nc[nH]c12,1,0.005813277525869085
c1ccc(C2CSc3ccccc3C2)cc1,1,0.005813277525869085
C1=C2CC(O[C@@H]3CCCCO3)CC[C@@H]2C2CCC3C(CC[C@@H]3CCCCOC3CCCCO3)[C@@H]2C1,1,0.005813277525869085
O=C(NCc1ccccc1)Nc1cccnc1,1,0.005813277525869085
C=C1CC23CCC4CCCCC4C2CCC1C3,1,0.005813277525869085
O=C(CNC(=O)Nc1ccccc1)NCC(=O)NC(C1CC1)C1CC1,1,0.005813277525869085
O=C1CCCCCCC1,1,0.005813277525869085
C(=NC=NCCCCCCN=CN=CNc1ccccc1)Nc1ccccc1,1,0.005813277525869085
C1CC2CSC(C1)C2,1,0.005813277525869085
C1=C2CCCC[C@H]2C2CCC3CCCC3[C@@H]2C1,1,0.005813277525869085
C1CC[C@H](O[C@H]2CC[C@H](O[C@H]3CC[C@H](O[C@H]4CC[C@H](O[C@H]5CC[C@H](O[C@H]6CC[C@@H](O[C@H]7CCC8[C@@H](CC[C@H]9C%10CCCC%10CC[C@H]89)C7)OC6)OC5)OC4)OC3)OC2)OC1,1,0.005813277525869085
O=S(=O)(c1ccccc1)C1CCC1,1,0.005813277525869085
c1ccc(Cc2nccc3ccccc23)cc1,1,0.005813277525869085
O=c1ccc2cccc(C[C@H]3CO3)c2o1,1,0.005813277525869085
C=C1C(=O)O[C@@H]2[C@H]3C(COC(=O)Cc4ccccc4)=CC(=O)C3=CCC[C@@H]12,1,0.005813277525869085
O=C1OC2CCC3C4=CCC5C6CCC(OC7OC(COC8CCCCO8)CCC7OC7CCCCO7)CC6CCC5C4CC[C@@]13C2,1,0.005813277525869085
O=C(OCC1OC(OC(=O)c2ccccc2)C(OC(=O)c2ccccc2)C(OC(=O)c2ccccc2)C1OC(=O)c1ccccc1)c1ccccc1,1,0.005813277525869085
O=C1C=CC[C@@H]2C[C@H]3OCC[C@H]4C=CC(=O)[C@H](C12)C43,1,0.005813277525869085
O=C1CC=CC2=C1C(=O)CC(c1ccccc1)O2,1,0.005813277525869085
O=C(CCCN1CCC(c2ccccc2)CC1)c1ccccc1,1,0.005813277525869085
O=C1CCc2ccc(cc2)Oc2cc3cc(c2O[C@@H]2OCCC[C@H]2O[C@H]2CCCCO2)Oc2ccc(cc2)C[C@@H]2NC(=O)[C@H](NC(=O)[C@@H]3NC(=O)CN1)c1cccc(c1)-c1ccccc1CNC2=O,1,0.005813277525869085
c1ccc([SH+]c2ccccc2)cc1,1,0.005813277525869085
O=C(Nc1ccccc1)C1CCCCC1,1,0.005813277525869085
C1=C2CC(OC3CCC(OC4CCCCO4)CO3)CCC2C2CCC3C(CCCCOC4OC(COC5CCCCO5)CCC4OC4CCCCO4)CCC3C2C1,1,0.005813277525869085
C(=Nc1ccccc1)NCCc1ccccc1,1,0.005813277525869085
O=c1ccoc2ccc(OCCCOc3cccc4occc(=O)c34)cc12,1,0.005813277525869085
C1=C2C[C@@H](O[C@@H]3O[C@H](CO[C@H]4CCCCO4)CC[C@H]3O[C@H]3CCCCO3)CC[C@H]2C2CCC3C(CC[C@@H]3CCCCO[C@@H]3O[C@H](O[C@H]4CCCCO4)CC[C@H]3CO[C@H]3CCCCO3)[C@@H]2C1,1,0.005813277525869085
O=C(/C=C/c1ccccc1)O[C@H]1CCN2C[C@@H]3C[C@@H](CN4C(=O)CCC[C@H]34)[C@@H]2C1,1,0.005813277525869085
O=C(/C=C/c1ccccc1)OC1CCC2C=CO[C@@H](O[C@H]3CCCCO3)[C@@H]21,1,0.005813277525869085
O=C1OC(c2ccccc2)Sc2ccccc21,1,0.005813277525869085
c1cc2n(c1)C[C@]1(CCCO1)OC2,1,0.005813277525869085
O=c1[nH]c(=O)c2[nH]c(=O)[nH]c2[nH]1,1,0.005813277525869085
c1ccc2c(c1)CCN[C@H]2C[C@@H]1CCN2CCc3ccccc3[C@H]2C1,1,0.005813277525869085
C(=Nc1cnc2cn[nH]c2c1)NCc1ccccc1,1,0.005813277525869085
O=C(/C=C/c1ccccc1)OCc1ccccc1,1,0.005813277525869085
c1ccc2nc(CCc3ccc4c(c3)OCO4)ccc2c1,1,0.005813277525869085
c1ccc(CCc2ccc3c(c2)OCO3)cc1,1,0.005813277525869085
O=c1cc[nH]c2cc(N3CCNCC3)ccc12,1,0.005813277525869085
O=C1CNC=N1,1,0.005813277525869085
c1ccc(OCC2OCCc3ccccc32)cc1,1,0.005813277525869085
O=C1CC(c2ccccc2)Cc2ccccc21,1,0.005813277525869085
c1cc(-c2ccncc2)ccn1,1,0.005813277525869085
O=C1CC2OCC=C3CN4CCC56c7ccccc7N1C5C2C3CC46,1,0.005813277525869085
C=C1CC23CCC4C(C(=O)OC5CCCCO5)CCCC4C2CCC1(OC1OCCCC1OC1OCCCC1OC1CCC(OC2CCCCO2)CO1)C3,1,0.005813277525869085
O=C(C1CCCCC1)N1CC(=O)N2CCc3ccccc3[C@H]2C1,1,0.005813277525869085
C=C1C(=O)O[C@H]2[C@H]1CCC1O[C@@]13CC=C[C@@H]23,1,0.005813277525869085
O=C1OC(Cc2ccccc2)c2ccccc21,1,0.005813277525869085
O=c1nc2[nH]c3ccccc3nc-2c(=O)[nH]1,1,0.005813277525869085
C=C1CCCC(=O)OCC2=CCN3CC[C@@H](OC1=O)[C@@H]23,1,0.005813277525869085
C=C1C[C@@]23CC[C@@H]4C(C(=O)O[C@H]5CCCCO5)CCCC4[C@@H]2CC[C@]1(O[C@@H]1OCCC[C@H]1O[C@H]1C[C@@H](O[C@H]2CCCCO2)CCO1)C3,1,0.005813277525869085
c1ccc(C2Oc3ccccc3S2)cc1,1,0.005813277525869085
c1ccc(C(CCCN2CCCCC2)c2ccccc2)cc1,1,0.005813277525869085
O=C1C=C[C@@H]2C[C@H]3OC(=O)C[C@H]4C5CC[C@H](C2C1)[C@@]34CO5,1,0.005813277525869085
O=C1C[C@@H]2CCC1C2,1,0.005813277525869085
O=c1ccc([C@H]2CCC3C2CC[C@@H]2C4CC[C@H](O[C@H]5CC[C@@H](O[C@H]6CCCCO6)CO5)C=C4CC[C@@H]32)co1,1,0.005813277525869085
c1ccc(C2CSc3ccccc3S2)cc1,1,0.005813277525869085
O=C(/C=C/C=C/c1ccc2c(c1)OCO2)N1CCCCC1,1,0.005813277525869085
O=c1c2ccccc2oc2ccccc12,1,0.005813277525869085
C(=CCO[C@@H]1OCCC[C@H]1O[C@H]1CCCCO1)CCC[C@H]1CCC2C1CCC1[C@H]2CC=C2C[C@@H](O[C@H]3CCCCO3)CC[C@H]21,1,0.005813277525869085
C1=C2CCCCC2C2CCC3CCCC3C2C1,1,0.005813277525869085
C(=C/c1cccs1)\C1=NCCCN1,1,0.005813277525869085
C(=C/c1ccccc1)\c1ccccc1,1,0.005813277525869085
C=C1C[C@@]23CC[C@@H]4C(C(=O)O[C@H]5CCCCO5)CCCC4[C@@H]2CC[C@]1(O[C@H]1C[C@@H](O[C@H]2CCCCO2)CCO1)C3,1,0.005813277525869085
O=C(CNC(=S)Nc1ccccc1)NCC(=O)NC(C1CC1)C1CC1,1,0.005813277525869085
O=C1CC2[C@H](CCC[C@]23CO3)[C@]2(C1)C[C@@H](c1ccoc1)OC2=O,1,0.005813277525869085
C(=Cc1ccccc1)c1ccccc1,1,0.005813277525869085
C=C1C[C@@]23CCC4C(C(=O)OC5CCCCO5)CCCC4C2CC[C@@]1(OC1OCCCC1OC1CCCCO1)C3,1,0.005813277525869085
c1ccc2oncc2c1,1,0.005813277525869085
C(=Cc1ccccc1C1OCc2ccccc2S1)c1ccccc1,1,0.005813277525869085
O=C1/C(=C/c2ccco2)C[n+]2ccc(Cc3ccco3)cc21,1,0.005813277525869085
C1=C(/C=C/C=C/C=C/C=C/C=C/C=C/C=C/C=C/C=C/C2=CCCCC2)CCCC1,1,0.005813277525869085
c1ccc(C2CCc3ccccc3S2)cc1,1,0.005813277525869085
O=C(NCc1cnc2ccccc2c1)Nc1ccccc1,1,0.005813277525869085
O=C1NC(c2ccccc2)Oc2ccccc21,1,0.005813277525869085
O=C1OCC[C@H]2C[C@H](O[C@H]3CCC[C@@H](COc4ccccc4)O3)OC=C12,1,0.005813277525869085
O=C1OCc2cc3cccc(O[C@H]4CCCCO4)c3cc21,1,0.005813277525869085
O=C1OC2CCCC3COCC32C2CCC3CCC12C3,1,0.005813277525869085
O=C1O[C@H]2C[C@H]3C(=O)O[C@H](c4ccoc4)CC3[C@@H]3CC[C@H](O[C@H]4CCCCO4)C1C32,1,0.005813277525869085
O=C(O[C@@H]1Cc2cccc([C@@H]3C[C@@H](c4ccccc4)Oc4ccccc43)c2O[C@@H]1c1ccccc1)c1ccccc1,1,0.005813277525869085
O=C1C[C@@H](c2ccccc2)Oc2cc(O[C@H]3CCCCO3)ccc21,1,0.005813277525869085
c1ccc(C2COc3ccccc3S2)cc1,1,0.005813277525869085
C(=Nc1ccccc1)NC12CC3CC(CC(C3)C1)C2,1,0.005813277525869085
O=C1OCCc2ccncc21,1,0.005813277525869085
O=C1CCc2cc(O[C@H]3CCCCO3)ccc2O1,1,0.005813277525869085
c1ccc(CNCNc2ccccc2)cc1,1,0.005813277525869085
C=C1C[C@@]23CC[C@H]4C(C(=O)OC5CCCCO5)CCCC4[C@@H]2CC[C@@]1(O[C@H]1CCCCO1)C3,1,0.005813277525869085
O=S1(=O)NCNc2ccccc21,1,0.005813277525869085
C1SCSCS1,1,0.005813277525869085
C(CCC1C[C@@H]2C3CC[C@@H]4C5CC[C@H](O[C@@H]6OCCC[C@H]6O[C@H]6CCCCO6)C[C@H]5CC[C@H]4[C@@H]3C[C@@H]2O1)CO[C@H]1CCCCO1,1,0.005813277525869085
O=C(OCC1CC=CCC1)c1ccccc1,1,0.005813277525869085
O=C(OCC1COC(COC(=O)c2ccccc2)C1)c1ccccc1,1,0.005813277525869085
C(=Nc1ccccc1)NC1CCCCCCCC1,1,0.005813277525869085
c1ccc(N=N/C(=N\Nc2ccccc2)c2ccccc2)cc1,1,0.005813277525869085
O=C(CCc1ccccc1)NCCCCNCCCNC(=O)CCc1ccccc1,1,0.005813277525869085
O=C1O[C@H]2[C@@H]3C(CC[C@H]4C(=O)O[C@@H](c5ccoc5)CC34)C1[C@H]1O[C@@H]21,1,0.005813277525869085
c1ccc2c(c1)OC1c3ccccc3OCC21,1,0.005813277525869085
c1ccc(Sc2ccccc2)cc1,1,0.005813277525869085
c1ccc(C2Sc3ccccc3S2)cc1,1,0.005813277525869085
O=C(CNC(=O)Nc1ccccc1)NCCC1CCCCC1,1,0.005813277525869085
O=C1C=C[C@@H]2CC(=O)C3[C@H](C[C@H]4C[C@@H]3C(=O)O4)C2C1,1,0.005813277525869085
C=C1CCC2C(=C)C(=O)OC2C2CC(=O)CC12,1,0.005813277525869085
O=C1C[C@@H]2CCC=CCCC=C[C@H]2O1,1,0.005813277525869085
O=C1C=C/C(=C\C=C\c2ccccc2)C(=O)C1,1,0.005813277525869085
O=C1C[C@H]2CCC(=O)[C@@H]3C4CCCC[C@@H]4C[C@@H](O1)C23,1,0.005813277525869085
c1nc(N2CCCCC2)c2ncnc(N3CCCCC3)c2n1,1,0.005813277525869085
O=C(/C=C/c1ccccc1)c1cccc2c1OCC2,1,0.005813277525869085
O=C1C=C[C@@H]2CC3OC(=O)CC4C5CC[C@H](C2C1)[C@@]34CO5,1,0.005813277525869085
S=C(NCc1ccccc1)Nc1ccccc1,1,0.005813277525869085
O=C1C=CC(=O)CC1,1,0.005813277525869085
c1ccc(C2COc3ccccc3C2)cc1,1,0.005813277525869085
c1ccc2cc(O[C@H]3CCCCO3)ccc2c1,1,0.005813277525869085
O=C(O[C@H]1CCCCO1)c1ccccc1,1,0.005813277525869085
c1ccc2[nH]c(-c3cscn3)nc2c1,1,0.005813277525869085
O=C(Nc1ccc(S(=O)(=O)Nc2nccs2)cc1)c1ccccc1,1,0.005813277525869085
O=C(NCc1ccncc1)Nc1ccccc1,1,0.005813277525869085
C(=Nc1ccccc1)NC1CCc2ccccc21,1,0.005813277525869085
c1ccc2c(c1)ccc1ccc3c(c12)OCO3,1,0.005813277525869085
C=C1C(=O)O[C@H]2C3C(=O)C=CC3CCC[C@@H]12,1,0.005813277525869085
O=C1OCC=C2C[C@H](O[C@H]3CCCCO3)OC=C12,1,0.005813277525869085
C1CC[C@@H](OC2C[C@H](O[C@H]3CCCCO3)CO2)OC1,1,0.005813277525869085
C(=Nc1ccc2ccccc2n1)NC1CCCCCCC1,1,0.005813277525869085
C1CCC(OC2CCC(OC3CCCO3)OC2)OC1,1,0.005813277525869085
c1ccc(C2Oc3ccccc3CS2)cc1,1,0.005813277525869085
O=C1NC(c2ccccc2)Nc2ccccc21,1,0.005813277525869085
c1cncc([C@@H]2CCCN2)c1,1,0.005813277525869085
O=C(OCC1CCCC(OC2CCCO2)O1)c1ccccc1,1,0.005813277525869085
c1ccc2sccc2c1,1,0.005813277525869085
C=C1C(=O)O[C@H]2[C@H]1CCC(=O)CC1CCCO[C@@H]12,1,0.005813277525869085
O=C(C[NH+]([CH-]c1ccccc1)Cc1ccccc1)Nc1ccccc1,1,0.005813277525869085
C=C1C[C@@]23CCC4C(C(=O)O[C@H]5CCCCO5)CCCC4C2CC[C@]1(O[C@@H]1OCC[C@H](O[C@H]2CCCCO2)[C@H]1O[C@H]1CCCCO1)C3,1,0.005813277525869085
c1ccc2c(C[C@H]3CC4CCN3CC4)ccnc2c1,1,0.005813277525869085
C=C1C(=O)O[C@@H]2CC[C@@H]3C=CC(=O)C3C[C@H]12,1,0.005813277525869085
O=c1ccn2c3c(c(N4CCNCC4)ccc13)OCC2,1,0.005813277525869085
O=C1CC2CCC3CCCCC3C2O1,1,0.005813277525869085
O=C1O[C@H]2CC[C@@H]3C=CC(=O)C3[C@@H]3OCC1[C@H]23,1,0.005813277525869085
c1ccc([C@H]2C[C@H](c3cccc4c3O[C@@H](c3ccccc3)CC4)c3ccccc3O2)cc1,1,0.005813277525869085
C1=C(c2ccccc2)Oc2ccccc2O1,1,0.005813277525869085
C(=Nc1cnc2ccccc2c1)NCc1ccccc1,1,0.005813277525869085
O=C1CCC2CCCCC2O1,1,0.005813277525869085
O=C1C[C@@H]2CC/C=C\CCC=C[C@H]2O1,1,0.005813277525869085
C=C1C(=O)O[C@H]2CC=CCCC3O[C@H]3C[C@H]12,1,0.005813277525869085
c1cc2cc(c1)Oc1ccc(cc1)C[C@@H]1NCCc3cccc(c31)COc1ccc3c(c1)[C@@H](C2)NCC3,1,0.005813277525869085
O=c1ccoc2cc3occc3cc12,1,0.005813277525869085
C1CCN2C[C@H]3C[C@H](CN4CCCC[C@@H]34)[C@H]2C1,1,0.005813277525869085
O=C(NCc1ccc2c(c1)OCO2)Nc1ccccc1,1,0.005813277525869085
C1CCC(OC[C@@H]2CCCC(OC3CCCO3)O2)OC1,1,0.005813277525869085
O=S(c1ccccc1)c1ccccc1,1,0.005813277525869085
O=S1CCC1,1,0.005813277525869085
O=C1C=COS(=O)(=O)[N-]1.c1ccccc1,1,0.005813277525869085
C=C1C(=O)OC2C3C=CC(=O)C3=CCCC12,1,0.005813277525869085
O=c1[nH]c(=O)c2[nH]cnc2[nH]1.O=c1[nH]c(=O)c2[nH]cnc2[nH]1,1,0.005813277525869085
O=C(Cc1ccccc1)OC1CC2CCC(C1)N2.O=C(Cc1ccccc1)OC1CC2CCC(C1)N2,1,0.005813277525869085
O=C(C[NH2+]Cc1ccccc1)Nc1ccccc1.c1ccccc1,1,0.005813277525869085
O=C1[N-]C(=O)C(C2=CCCCC2)C(=O)N1,1,0.005813277525869085
O=C(CS(=O)Cc1ccco1)NCC=CCOc1cc(CN2CCCCC2)ccn1,1,0.005813277525869085
O=C(NCC1CCCCCCC1)Nc1ccccc1,1,0.005813277525869085
O=C(NCC1CCCCC1)Nc1ccccc1,1,0.005813277525869085
O=C(Nc1ccccc1)NC1CCCCCC1,1,0.005813277525869085
O=S(=O)(NC1CCCCC1)OC1CCCCC1,1,0.005813277525869085
O=C(CCc1ccccc1)N1CCCC1,1,0.005813277525869085
O=C(CCc1c[nH]cn1)NCC(=O)NCC(=O)NCC(=O)N[C@@H](Cc1ccccc1)C(=O)NCCc1ccccc1,1,0.005813277525869085
O=C(CCc1ccccc1)NCC(=O)NCC(=O)NCC(=O)N1CCC[C@H]1C(=O)N1CCC[C@H]1C(=O)NCCc1ccccc1,1,0.005813277525869085
O=C(CCc1c[nH]cn1)NCC(=O)NCCc1c[nH]cn1,1,0.005813277525869085
O=C(CNC(=O)CNC(=O)CNC(=O)[C@@H]1CCCN1)NCCc1c[nH]cn1,1,0.005813277525869085
O=C(CNC(=O)CNC(=O)[C@@H]1CCCN1)NCC(=O)N1CCCC1,1,0.005813277525869085
O=C(CNC(=O)[C@@H]1CCCN1)NCC(=O)N1CCCC1,1,0.005813277525869085
O=C(NCC(=O)N1CCCC1)[C@@H]1CCCN1,1,0.005813277525869085
O=C(NCC(=O)N1CCC[C@H]1C(=O)NCCc1ccccc1)[C@@H]1CCCN1,1,0.005813277525869085
O=C(CNC(=O)CNC(=O)CNC(=O)CNC(=O)[C@@H]1CCCN1)NCCc1ccccc1,1,0.005813277525869085
C=C1C[C@]23CC[C@H]4[C](C(=O)OC5CCCCO5)CCCC4[C@@H]2CC[C@@]1(O[C@H]1OCCC(O[C@@H]2CCCCO2)C1O[C@@H]1CCCCO1)C3,1,0.005813277525869085
O=C1CC2CCC=CCC/C=C/[C@H]2O1,1,0.005813277525869085
C1=CCCCC/C=C/CC1,1,0.005813277525869085
C1=CC2[C@@H](O1)O[C@H]1C[C@@H]2C2O[C@@]21C1C[C@@H]2OCC3CCC[C@@]4(COC[C@@H]14)[C@H]32,1,0.005813277525869085
C1=C2CCCNC2C2CC1C1CCCCN1C2,1,0.005813277525869085
C1CC2COC(C1)O2.C1CCOCC1,1,0.005813277525869085
C=C(C(=O)OC1CC2CCC(C1)N2)c1ccccc1,1,0.005813277525869085
O=C1CCCC2=CC(=O)OC2C2OC2CC1,1,0.005813277525869085
O=C(OC1CCCC(COC2CCC(OC3CCCCO3)CO2)O1)C12CCCC1C1CCC3CCCCC3C1CC2,1,0.005813277525869085
O=C1CCC2CCCC3C4CCC5(C(=O)OC6CCCC(COC7CCC(OC8CCCCO8)CO7)O6)CCCC5C4CC(O1)C23,1,0.005813277525869085
O=C1O[C@@H]2CC3C([C@H]1C2)[C@@H]1O[C@@H]1[C@@]31CO1,1,0.005813277525869085
O=C1c2ccc3c(c2O[C@@H]2COc4ccccc4[C@H]12)CCO3,1,0.005813277525869085
C1CCC(OC2CCC3C(CCC4C3CCC3C5CCOC5CC34)C2)OC1,1,0.005813277525869085
C=C1C(=O)C23CCC4CCC(=O)CC4C2CCC1C3,1,0.005813277525869085
C=C1C(=O)OC2C1CCC1COC(=O)C(=C)C12,1,0.005813277525869085
C=C1C(=O)OC2C1CCC(=C)C1CCC(=C)C12,1,0.005813277525869085
C=C1C(=O)OC2C1CCCC13OC1C1OC1C23,1,0.005813277525869085
C=C1C(=O)OC2C1CCC1CCCC(=C)C12,1,0.005813277525869085
C=C1C(=O)OC2C=CCCC=C(C(=O)OC3CCCCO3)CCC12,1,0.005813277525869085
C=C1C(=O)OC2CC3CCCCC3=CC12,1,0.005813277525869085
C=C1C(=O)OC2CC3OC3CCC=CCC12,1,0.005813277525869085
C=C1C(=O)OCC2CCC3CC(=O)OC3C12,1,0.005813277525869085
C=C1C(C2C=CC(=O)OCC2)CCC2C1CC(=O)OC2c1ccoc1,1,0.005813277525869085
C=C1CC2OCC34C(CC5C=CC(OC6CCCCO6)CC5C23)OC(=O)CC14,1,0.005813277525869085
C=C1CC2OCC34C(CC5C=CC(=O)CC5C23)OC(=O)CC14,1,0.005813277525869085
C=C1CC23CCC4CCCCC4C2CCC1(OC1CCCCO1)C3,1,0.005813277525869085
C=C1CC23CCC4CCCCC4C2CCC1(OC1OCCCC1OC1CCC(OC2CCCCO2)CO1)C3,1,0.005813277525869085
C=C1CC23CCC4CCCCC4C2CCC1(OC1CC(OC2CCCCO2)CCO1)C3,1,0.005813277525869085
C=C1CC23CCC4C(C(=O)OC5CCCCO5)CCCC4C2CC(OC2CCCCO2)C1C3,1,0.005813277525869085
C=C1CC23CCC4C(C(=O)OC5CCCCO5)CCCC4C2CC(OC2OCCCC2OC2CCCCO2)C1C3,1,0.005813277525869085
C=C1CC23CCC4C(C(=O)OC5CCCCO5)CCCC4C2CC(OC2OCCC(OC4CCCCO4)C2OC2CCCCO2)C1C3,1,0.005813277525869085
C1CCC2C(C1)CCC1C3CCCC3CCC21.C=C1CC23CCC4C(C(=O)OC5CCCCO5)CCCC4C2CCC1(OC1OCCCC1OC1CCCCO1)C3,1,0.005813277525869085
C=C1CC23CCC4C(C(=O)OC5CCCCO5)CCCC4C2CCC1(OC1OCCCC1OC1CCC(OC2CCCCO2)CO1)C3,1,0.005813277525869085
C=C1CC23CCC4C(C(=O)OC5CCCCO5)CCCC4C2CCC1(OC1OCCC(OOC2CCCOC2)C1OC1CCCCO1)C3,1,0.005813277525869085
C=C1CC23CCC4C(C(=O)OC5CCCCO5)CCCC4C2CCC1(OC1CCCC(COC(=O)/C=C/c2ccccc2)O1)C3,1,0.005813277525869085
C=C1CC23CCC4C(C(=O)OC5CCCCO5)CCCC4C2CCC1(OC1OCCC(OC2CCCOC2)C1OC1CCCCO1)C3,1,0.005813277525869085
C=C1CC23CCC4C(C(=O)OC5OCC(OC6CCCCO6)CC5OC5CCCCO5)CCCC4C2CCC1(OC1OC(COC2CCCCO2)CCC1OC1CCCC(COC2OCC(OC4CCCCO4)CC2OC2CCCCO2)O1)C3,1,0.005813277525869085
C=C1CC23CCC4C(C(=O)OC5OCC(OC6CCCCO6)CC5OC5CCCCO5)CCCC4C2CCC1(OC1OC(COC2CCCC(COC4OCC(OC5CCCCO5)CC4OC4CCCCO4)O2)CCC1OC1CCCCO1)C3,1,0.005813277525869085
C=C1CC23CCC4C(C(=O)OC5CCCC(COC(=O)/C=C/c6ccccc6)O5)CCCC4C2CCC1(OC1CCCCO1)C3,1,0.005813277525869085
C=C1CC23CCC4C(C(=O)OC5CCCC(COC6CCCCO6)O5)CCCC4C2CCC1(OC1CCCCO1)C3,1,0.005813277525869085
C=C1CC23CCC4C(C(=O)OC5OC(COC6OCC(OC7CCCCO7)CC6OC6CCCCO6)C(OC6CCCCO6)CC5OC5CCCCO5)CCCC4C2CCC1(OC1OC(COC2CCCCO2)CCC1OC1CCCCO1)C3,1,0.005813277525869085
C=C1CC23CCC4C(CC(=O)OC5CCCCO5)CCCC4C2CCC1(OC1CCCCO1)C3,1,0.005813277525869085
C=C1CCC2CC12,1,0.005813277525869085
C=C1CCCC=CC2OC(=O)C(=C)C2CC1,1,0.005813277525869085
C=C1CCC2CCCCC2C1CC=C1C=COC1=O,1,0.005813277525869085
C=C1CCC2C3CCCC24C(OC3=O)OC(c2ccoc2)CC14,1,0.005813277525869085
C=C1CCC=CCCC2CCC12,1,0.005813277525869085
C=C1CC[C@@H]2CCCCC2[C@@H]1CCC1=CCOC1=O,1,0.005813277525869085
C=C1CC[C@@H]2C(CO[C@H]3CCCCO3)CCCC2[C@@H]1CCC1=CCOC1=O,1,0.005813277525869085
C=C1CCc2cccc3cc(=O)oc-3c21,1,0.005813277525869085
C=C1C[C@]23CC[C@H]1C[C@H]2[C@@]12CCCC(CN4CCOC41)[C@H]2CC3,1,0.005813277525869085
C=C1C(=O)CC2CC3C(=C)c4ccccc4C=C3C(=O)C2C1=O,1,0.005813277525869085
O=C1Nc2ccccc2C12C1CC3C(CO1)C1NCC3C12,1,0.005813277525869085
C=C1C(=O)OC2C1CCC1COC(=O)CC12,1,0.005813277525869085
O=C(/C=C\c1ccccc1)OC1CCC(OC2CC3CCOC(=O)C3=CO2)OC1,1,0.005813277525869085
O=C1OCCC2CC(OC3CCC(OC(=O)c4cccc(OC5CCCCO5)c4)CO3)OC=C12,1,0.005813277525869085
O=C1OCCC2CC(OCC3CCCC(OC(=O)c4ccc(-c5ccccc5)cc4)O3)OC=C12,1,0.005813277525869085
O=C1OCCC2CC(O[C@H]3OCCC[C@@H]3OC(=O)c3ccccc3-c3ccccc3)OC=C12,1,0.005813277525869085
c1ccc2[nH]c(C3CC4CCN3CC4)cc2c1,1,0.005813277525869085
O=C1CCCC2C3CNCC(C3)CN12,1,0.005813277525869085
c1ccc2c(C[C@@H]3C[C@H]4CC[N@@H+]3CC4)ccnc2c1,1,0.005813277525869085
O=C1OCC[C@H]2C[C@H](O[C@H]3CCCCO3)OC=C12,1,0.005813277525869085
O=C1OCCC2C[C@H](O[C@H]3CCCCO3)OC=C12,1,0.005813277525869085
O=C1OCCC2C[C@H](O[C@@H]3OCCC[C@H]3OC(=O)c3ccccc3-c3ccccc3)OC=C12,1,0.005813277525869085
O=C1CC2C(CCCC=CCOC3OCCCC3OC3CCCCO3)CCC2C2CC=C3CC(OC4CCCCO4)CCC3C12,1,0.005813277525869085
O=C(Cc1ccccc1)OC1CCOCC1,1,0.005813277525869085
O=C(Cc1ccccc1)OC1CCOCC1OC(=O)Cc1ccccc1,1,0.005813277525869085
O=C1C=C2C(=O)OC3C(OC(=O)c4ccccc4)OC4COC(=O)c5ccccc5-c5ccccc5C(=O)OC3C4OC(=O)c3cccc4c3C2C(C1)O4,1,0.005813277525869085
O=C1C=C2C(=O)O[C@H]3[C@H](OC(=O)c4ccccc4)O[C@@H]4COC(=O)c5ccccc5-c5ccccc5C(=O)O[C@H]3[C@@H]4OC(=O)c3cccc4c3[C@@H]2C(C1)O4,1,0.005813277525869085
O=C1CC2OCC3CC(=O)C4C(CCC5C(c6ccoc6)OC(=O)C6OC654)C32CO1,1,0.005813277525869085
O=C(/C=C/c1ccccc1)OC1CC2CCCC2C2CCC3CC(OC4CCC(OC5CCC(OC6CCC(OC7CCC(OC8CCCCO8)CO7)CO6)CO5)CO4)CCC3C12,1,0.005813277525869085
O=C1CC(C(=O)C2CCC3C4C(=O)CCCC4CC4OC(=O)CC2C43)CO1,1,0.005813277525869085
O=C1CC2CCC=C3C=CCC3C2O1,1,0.005813277525869085
O=C1C=C(C2CCC3C2CCC2C4CC5OC6CCCOC6OC5CC4CCC23)CO1,1,0.005813277525869085
O=C1CC2C(c3ccoc3)CC3OC32C2CCC3C4CCCC3(COC4)C12,1,0.005813277525869085
O=C1C=C(C2CCC3C2CCC2C4CCC(OC5CCC(OC6CCC(OC7CCC(OC8CCCCO8)CO7)CO6)CO5)CC4CCC23)CO1,1,0.005813277525869085
C1=C2C(=CCC3CC(OC4CCCCO4)CCC23)C2CCC(C3COC4CCOC43)C2C1,1,0.005813277525869085
C1CCC2C(C1)CCC1C2CCC2C3CCCC3CCC21,1,0.005813277525869085
C1=CC2CCCC2CO1,1,0.005813277525869085
C1=C(COC2CCCCO2)C2CCCC2CO1,1,0.005813277525869085
O=C(OCC1(OC2OCCC(OC3CCCCO3)C2OC2CCCCO2)OCC(OC(=O)c2ccccc2)C1OC(=O)c1ccccc1)c1ccccc1,1,0.005813277525869085
O=C1OCCC2C1=COC(OC1CCC(OC(=O)c3cccc(OC4CCCCO4)c3)CO1)C2C1CO1,1,0.005813277525869085
c1ccc2cc3ccccc3cc2c1,1,0.005813277525869085
O=C1C=CC2[C@@H](CCC3[C@@H]2CCC2[C@H](c4ccoc4)C(=O)[C@H]4O[C@@]324)C1,1,0.005813277525869085
O=C(CCc1ccccc1)O[C@H]1CCC2CC1=CCC1CCC=C(CC2=O)C1,1,0.005813277525869085
O=C(CCCOC1CCCCO1)CC1CCC2C1CC(=O)C1C3CC(OC4CCCCO4)C(=O)CC3=CCC21,1,0.005813277525869085
O=C1CC2CCCC2C2CC=C3CCC(OC4CCCCO4)CC3C12,1,0.005813277525869085
O=c1ccc2ccc3c(c2o1)C[C@@H](CO[C@H]1CCCCO1)O3,1,0.005813277525869085
C1=CCC=C1,1,0.005813277525869085
O=C1OCC2=C1C1CCC3C4CCC(OC5CCCC(COC6CCCCO6)O5)CC4CCC3C1C(=O)OC2,1,0.005813277525869085
O=C1OCC2OC(=O)C3C4CCC5CC(OC6CCCC(COC7CCCCO7)O6)CCC5C4CCC3C12,1,0.005813277525869085
O=C1OCC2OC(OC3CCCCO3)C3C4CCC5CC(OC6CCCC(COC7CCCCO7)O6)CCC5C4CCC3C12,1,0.005813277525869085
C1CCC(OC2C(OC3CCCO3)CCOC2OC2CCCOC2OC2CCC3C(CCC4C3CCC3C5CCOC5CC34)C2)OC1,1,0.005813277525869085
C1CC2CCC3=C(CC[C@H]4CCCCC34)C2C1,1,0.005813277525869085
O=c1cc(-c2ccccc2)c2ccccc2o1,1,0.005813277525869085
O=C1OCC=C1C1CCC2C3=CCC4CCCCC4C3=CCC12,1,0.005813277525869085
O=C1OCC=C1C1CCC2C3=CCC4CC(OC5CCCCO5)CCC4C3=CCC12,1,0.005813277525869085
O=C1OC(C2CO2)CC1C1C(=O)CC2C3=CCC4CC(OC5CCCCO5)CCC4C3=CCC21,1,0.005813277525869085
O=C1OC(C2CO2)CC1C1CCC2C3=CCC4CC(OC5CCCCO5)CCC4C3=CCC21,1,0.005813277525869085
O=C1OC2CCOC2C1C1CCC2C3=CCC4CC(OC5CCCCO5)CCC4C3=CCC21,1,0.005813277525869085
O=C1C=COC1C1CCC2C1CC(=O)C1C3CCC(OC4OCCCC4OC4CCCCO4)CC3=CCC21,1,0.005813277525869085
C1=CC2=CCC3CCCCC3C2CC1,1,0.005813277525869085
c1cc(C2CCCO2)co1,1,0.005813277525869085
O=c1ccc2ccc3c(c2o1)CCO3,1,0.005813277525869085
O=C(NC1OC2[C@@H]3CCCN3C(=O)CN2C1=O)[C@@H]1C=C2c3cccc4[nH]cc(c34)C[C@H]2NC1,1,0.005813277525869085
O=C1CCC[C@@]2(CCC(=O)C2)C1,1,0.005813277525869085
O=C1CC2C[C@@H]2C1,1,0.005813277525869085
O=C1O[C@H]2C[C@H]3CCCC[C@@]13c1ccccc12,1,0.005813277525869085
C(=CC=CC=CC=CC=CC1C=CCCC1)C=CC=CC=CC=CC1=CCCCC1,1,0.005813277525869085
O=C(CCCC1CCC2C1CCC1C3CCC(OC4CCCC(COC5CCCCO5)O4)CC3=CCC12)COC1CCCCO1,1,0.005813277525869085
O=C1CC2C(CCCCCOC3CCCCO3)CCC2C2CC=C3CC(OC4CCCCO4)CCC3C12,1,0.005813277525869085
O=C1CC2C(CCCCCOC3CCCCO3)CCC2C2CC=C3CC(OC4OCCCC4OC4CCCCO4)CCC3C12,1,0.005813277525869085
O=C1CC2C(CCCCCOC3OCCCC3OC3CCCCO3)CCC2C2CC=C3CC(OC4OCCCC4OC4CCCCO4)CCC3C12,1,0.005813277525869085
O=C1CC2C(CCCCCOC3CCCC(COC4CCCCO4)O3)CCC2C2CC=C3CC(OC4CCCCO4)CCC3C12,1,0.005813277525869085
O=C1CC2C(CCCCOC3CCCCO3)CCC2C2CC=C3CC(OC4CCCCO4)CCC3C12,1,0.005813277525869085
C1=C2CC(OC3CCCCO3)CCC2C2CCC3C(CCCCOC4CCCC(COC5CCCCO5)O4)CCC3C2C1,1,0.005813277525869085
C1=C2CC(OC3CCCC(COC4CCCCO4)O3)CCC2C2CCC3C(CCCCOC4CCCC(COC5CCCCO5)O4)CCC3C2C1,1,0.005813277525869085
O=C1CC2C(CCCCOC3OC(COC4CCCCO4)CCC3OC3CCCCO3)CCC2C2CC=C3CC(OC4CCCC(COC5CCCCO5)O4)CCC3C12,1,0.005813277525869085
C1=C2CC(OC3OC(COC4CCCCO4)CCC3OC3CCCCO3)CCC2C2CCC3C(CCCCOC4OC(COC5CCCCO5)CCC4OC4CCCCO4)CCC3C2C1,1,0.005813277525869085
C1=C2CC(OC3CCCC(COC4CCCC(COC5CCCCO5)O4)O3)CCC2C2CCC3C(CCCCOC4OC(COC5CCCCO5)CCC4OC4CCCCO4)CCC3C2C1,1,0.005813277525869085
C1=C2CC(OC3CCCC(COC4CCCCO4)O3)CCC2C2CCC3C(CCCCOC4OC(COC5CCCCO5)CCC4OC4CCCC(COC5CCCCO5)O4)CCC3C2C1,1,0.005813277525869085
C1=C2CC(OC3CC(OC4CCCCO4)CCO3)CCC2C2CCC3C4CC(CCCCOC5CCCCO5)OC4CC3C2C1,1,0.005813277525869085
O=C1C=C2C3C4OC4CC4C(=O)OC(C43)C3OC23CO1,1,0.005813277525869085
O=C(OC1CCCCO1)c1ccccc1-c1ccccc1,1,0.005813277525869085
C1CCC(OC23CCC4C5CCCCC5CCC4(CC2)C3)OC1,1,0.005813277525869085
O=C(OC1CCCCO1)C1CCCC2C1CCC13CC4COC(CC4(OC4CCCCO4)C1)C23,1,0.005813277525869085
O=C(OC1CCCCO1)C1CCCC2C1CCC13CCC(CCC21)C3,1,0.005813277525869085
O=C(OC1CCCCO1)C1CCCC2C1CCC13CC(=O)C(OC4CCCCO4)(CCC21)C3,1,0.005813277525869085
O=C(OC1CCCCO1)C1CCCC2C1CCC13CC(OC4CCCCO4)(C=CO1)CCC23,1,0.005813277525869085
C1=C2CCC3CC(OC4CCCCO4)CCC3C2CCC1,1,0.005813277525869085
O=C1CCC2[C@H](CC[C@@]34CC(CO[C@@H]5CCCCO5)[C@@H](CC[C@H]23)C4)C1,1,0.005813277525869085
O=C1C=C2C(CCC3CCCC[C@@H]23)C2CC[C@H]3CC(O[C@H]4OCCCC4O[C@H]4CCCCO4)CCC3[C@@H]12,1,0.005813277525869085
O=C1C=C2C(CCC3CCCC[C@@H]23)C2CC[C@H]3CC(O[C@H]4OCCCC4O[C@@H]4CCCCO4)CCC3[C@H]12,1,0.005813277525869085
O=C1C=CC(C2CCOC23C=C2C(CCC45CC24C(=O)OC5c2ccoc2)OO3)O1,1,0.005813277525869085
O=C1OC2CCC3C4=CCC5C6CCC(OC7CCCC(COC8OCCCC8OC8CCCCO8)O7)CC6CCC5C4CCC13C2,1,0.005813277525869085
C1=CC2CC2C2CCCC12,1,0.005813277525869085
O=C(OC1CC(OC2CCCCO2)CCO1)C12CCCCC1C1=CCC3C(CCC4C(COC5CCCCO5)C(OC5CCCCO5)CCC43)C1CC2,1,0.005813277525869085
C1=CCC2C(C1)CCC1CCCCC12,1,0.005813277525869085
C1=CCC2C(CC1)CCC1CCCCC12,1,0.005813277525869085
C1CCC2CC3(CCC2C1)CO3,1,0.005813277525869085
C1=C2C(CCC3CCCC[C@H]23)C2CCC3C[C@@H](O[C@@H]4OCCC[C@H]4O[C@@H]4CCCCO4)CCC3[C@H]2C1,1,0.005813277525869085
C1=C2C(CC[C@H]3C2CC[C@H]2CCCCC23)[C@@H]2CCCCC2C1,1,0.005813277525869085
O=C1C=CC2C(CCC3C4=CCC(C5COC(=O)C5)C4CCC32)CO1,1,0.005813277525869085
O=C1CCC2C(CC=C3C2CCC2C3CCC2C2COC(C3CO3)C2)C1,1,0.005813277525869085
O=c1ccc2c(OCC3CO3)c3ccoc3cc2o1,1,0.005813277525869085
O=C1OC(c2ccoc2)C23CCC4OC5(CC(C6C=CCO6)CO5)CC4C12C3,1,0.005813277525869085
C1OC2COCC(C2)O1,1,0.005813277525869085
O=C(CC1=CCCC23CC12C(=O)OC3c1ccoc1)CC1COC2CC(=O)OC12,1,0.005813277525869085
O=C(CC1COC2CC(=O)OC12)CC1C(=O)CCC23CC12C(=O)OC3c1ccoc1,1,0.005813277525869085
O=C1CC2OCC(Cc3cc4c(o3)CCC35CC43COC5c3ccoc3)C2O1,1,0.005813277525869085
O=C1CC2OCC3=CC(=O)C4C(CCC5C(c6ccoc6)OC(=O)C6OC654)C32CO1,1,0.005813277525869085
O=C1CC2OCC3C(=O)CC4C(CCC5C(c6ccoc6)OC(=O)C6OC654)C23CO1,1,0.005813277525869085
O=C1C=C(C2OC(=O)C3OC34C2CCC2C4C(=O)CC3COC4CC(=O)OCC342)CO1,1,0.005813277525869085
C1OC2COC(C2)O1,1,0.005813277525869085
C1CC(CC2COCO2)OCO1,1,0.005813277525869085
C1OCC(C2OCCC3OCOC32)O1,1,0.005813277525869085
C1CCC(CCC2COCO2)OC1,1,0.005813277525869085
C1CC(C2OCC3OCOC32)OCO1,1,0.005813277525869085
C1CCC(CCCC2OCCO2)OC1,1,0.005813277525869085
O=C1CC(CCC2=CC(=O)OC2)C2CCC=C3C(=O)OCC32C1,1,0.005813277525869085
C1CCOC1.C1COCCO1,1,0.005813277525869085
O=C1OC2CC3C1COC14OC5(C(CCC6C7C(=O)C=CCC7=CCC61)C(=O)OC25)C3C4=O,1,0.005813277525869085
O=C1CC2C(CCC34CCC(CC(OC5CCCCO5)C23)C4)c2ccoc21,1,0.005813277525869085
O=C1OC2CC1C1=C(OC3CCCCO3)CC3C(=O)OC(c4ccoc4)CC3C1C2,1,0.005813277525869085
O=C1OC(c2ccoc2)CC2C1CC1OC(=O)C3CCCC2C13,1,0.005813277525869085
O=C1OC2CC1C1C3CC4(OC(c5ccoc5)CC4C1C2)C(=O)O3,1,0.005813277525869085
C1CC2CCC1CO2,1,0.005813277525869085
C1=C(CCc2ccoc2)C2CCCCC2CC1,1,0.005813277525869085
O=C1CC2C=CC(=O)C3C4CCCCC4CC(O1)C23,1,0.005813277525869085
O=C(Cc1ccccc1)OC1CC=C2C(=O)C=CC2C2OC(=O)CC12,1,0.005813277525869085
O=C1CC2CCC=C3C(=O)C=C(COC4CCCCO4)C3C2O1,1,0.005813277525869085
O=C1CC2OCC3CC4OC(=O)CC5=CCCC(C54)C32CO1,1,0.005813277525869085
O=C1C=C2CC3CC(=O)OC3CCC2C1,1,0.005813277525869085
O=C1CC2CCC3C(=O)CCC=C3C2O1,1,0.005813277525869085
O=C1CC2CCC3(OC4CCCCO4)OCC24C(CC2=CCCCC2C34)O1,1,0.005813277525869085
O=C1C=CC2CC3OC(=O)CC4CCCC(C2C1)C43,1,0.005813277525869085
O=C1C=CC2CC3OC(=O)CC4CC5C(=O)OCC43C5C2C1,1,0.005813277525869085
O=C1C=CC2CC3OC(=O)CC4CCC5OCC43C5C2C1,1,0.005813277525869085
O=C1CC2CC(=O)C3=C4C2C(CC2C=CC(=O)C(O3)C42)O1,1,0.005813277525869085
O=C1C=C2C=C3C=CC(=O)C3=CCC2O1,1,0.005813277525869085
O=C1CC2CCCC3C(=O)C=CC3C2O1,1,0.005813277525869085
O=C1C=C2C(C3C=CC(=O)O3)CC3OC(=O)CC(C1)C23,1,0.005813277525869085
O=C1C=CCC2(CC3CCC2CN3)O1,1,0.005813277525869085
O=C1C=COS(=O)(=O)[NH2+]1.c1ccccc1,1,0.005813277525869085
O=C1CC2C3CCC4C5CCC=CC5CC(O1)C24CO3,1,0.005813277525869085
C1=CC23CCC4CCCCC4C2CCC1(OC1OCCC(OC2CCCCO2)C1OC1CCCCO1)C3,1,0.005813277525869085
O=C1CC2CCC(C(=O)OC3CCOCC3)=CCCC=CC2O1,1,0.005813277525869085
O=C1CC2CCC=CCCCCC2O1,1,0.005813277525869085
C1=CCC2CC2C1,1,0.005813277525869085
C1=[NH+]COC1,1,0.005813277525869085
O=C1CC2CCCC3=C(CCC3=O)C2O1,1,0.005813277525869085
O=C1CC2CCCC3=C(CCC3)C2O1,1,0.005813277525869085
O=C1CCCC(=O)OC2CCN3CC=C(CO1)C23,1,0.005813277525869085
C1=C2CCCCC2C2CCC34CNCC3CCC4C2C1,1,0.005813277525869085
O=C1CC2CC(=O)OC3CC4CCCC(=O)C4C(C1)C23,1,0.005813277525869085
O=C1CC2CCC3OCC24C(CC2CCCCC2C34)O1,1,0.005813277525869085
O=C(Cc1ccccc1)OC1CCCCC1,1,0.005813277525869085
O=C1CC(OC2CCCCO2)CCO1,1,0.005813277525869085
O=C1CC(OC2OCCCC2OC(=O)Cc2ccccc2)CCO1,1,0.005813277525869085
O=C1CC(OC2OCCC(OC(=O)Cc3ccccc3)C2OC(=O)Cc2ccccc2)CCO1,1,0.005813277525869085
C1=C2CCCCC2C2CCC3C4CC5(CCCCN5)OC4CC3C2C1,1,0.005813277525869085
C1=C2CC(OC3CCC(OC4OCCCC4OC4CCCCO4)CO3)CCC2C2CCC3C4CC5(CCCCO5)OC4CC3C2C1,1,0.005813277525869085
O=C1CC2CCCC3CCC4OOC32C(O1)O4,1,0.005813277525869085
C1=C2CC(OC3CCC(OC4CCCCO4)CO3)CCC2C2CCC3C(CC4C3CC3CCCCN34)C2C1,1,0.005813277525869085
c1cc(C2CCCC3CCCC[NH+]32)co1,1,0.005813277525869085
O=C1CC2C(CC3C4CN5CCCCC5CC4CCC32)C2CCCCC12,1,0.005813277525869085
C1CCOCC1.C1CO1,1,0.005813277525869085
O=C1C[C@H](OC2CCCCO2)CCO1,1,0.005813277525869085
C1CCC(CC2CCCCO2)OC1,1,0.005813277525869085
O=C1c2ccccc2OC(c2ccccc2)C1OC1CC(OC2CCCCO2)CCO1,1,0.005813277525869085
O=C1CC(c2ccccc2)Oc2cccc(OC3OCCCC3OC3CCCCO3)c21,1,0.005813277525869085
O=c1c(OC2CCCC(COC3CC(OC4CCCCO4)CCO3)O2)c(-c2ccccc2)oc2ccccc12,1,0.005813277525869085
C1CCC(OOC2CCCO2)OC1,1,0.005813277525869085
C1OCC2OCOCC2O1,1,0.005813277525869085
[CH-]1CCC2OCOCC2O1,1,0.005813277525869085
O=C(OCCc1ccc2c(c1)OCO2)C1CO1,1,0.005813277525869085
O=C1CCC2CCC=CCC12,1,0.005813277525869085
C=C1COC=CC1CC(=O)OCCc1ccccc1,1,0.005813277525869085
C=C1C(CC(=O)OCC2CCCC(OCCc3ccccc3)O2)C=COC1OC1CCCCO1,1,0.005813277525869085
C=C1C2C=CCC1c1ccc(=O)[nH]c1C2,1,0.005813277525869085
C=C1CCCC(=O)OCC2=CCN3CCC(OC1=O)C23,1,0.005813277525869085
C=C1C[NH+]2CCC34CC1CCC23Nc1ccccc14,1,0.005813277525869085
C1=CC(C2CC3C=COC3O2)C2CCCC3(CO3)C2C1,1,0.005813277525869085
C1=CC2CC(C3CCCC4C3CCCC43CO3)OC2O1,1,0.005813277525869085
O=C1CCCCCNC(=O)CC(C(=O)NCCc2ccccc2)NC(=O)CNC(=O)CNC(=O)CN1,1,0.005813277525869085
c1ccc2c(c1)NC1CCC3CCCN4CCC21C34,1,0.005813277525869085
c1ccc2c(c1)c1c3n2CCC2CCCN(CC1)C32,1,0.005813277525869085
O=C1CC2C(CCC3CC(=O)OC32)CO1,1,0.005813277525869085
O=C1C=CC2(CC3C(CCCN4C(C5CCC(=O)O5)CCC34)O2)O1,1,0.005813277525869085
c1ccc2c(c1)NC1C3CC4CCN3C3CC21CC43,1,0.005813277525869085
O=C1CC(C(=O)NCCc2ccccc2)N1,1,0.005813277525869085
O=C(CN1C(=O)CC1C(=O)NCCc1ccccc1)NCC1CCCCC1,1,0.005813277525869085
C1CC2CCC(C1)[NH2+]2,1,0.005813277525869085
C1CCC(OC2(C3OO3)CCCO2)OC1,1,0.005813277525869085
O=C1CCNCCCNCCCCNCCCN1,1,0.005813277525869085
C1CCC(CCCCC2CCCO2)OC1,1,0.005813277525869085
C1CCC(OC2CCCOC2OC2CCOC2)OC1,1,0.005813277525869085
C1OCC2OC12,1,0.005813277525869085
C1COC2O[Sn]OC2C1,1,0.005813277525869085
C1COC2CO[Sn]OC2C1,1,0.005813277525869085
C1CCC(OC2CCOCC2)CC1,1,0.005813277525869085
O=C(CCCC1CCNCC1)NCC(=O)NCCc1ccccc1,1,0.005813277525869085
O=C(CCCC1CCNCC1)NCC(=O)NCC(=O)NCCc1ccccc1,1,0.005813277525869085
O=C(CCc1ccccc1)NC(=O)C1CN1,1,0.005813277525869085
O=C(NC(Cc1ccccc1)C(=O)NC1CCCCC1)C1CN1,1,0.005813277525869085
C1CCC(CC2COCO2)OC1,1,0.005813277525869085
C1CCC(C2CC3OCOC3O2)OC1,1,0.005813277525869085
C1=C2CCCCC2[C@H]2CCC3CCC[C@H]3[C@@H]2C1,1,0.005813277525869085
O=C1CCC(=O)OC(=O)C(Cc2ccccc2)N1,1,0.005813277525869085
O=C(CC1CCCC(CCc2ccccc2)N1)c1ccccc1,1,0.005813277525869085
O=C(Cc1ccccc1)OC1CC2CCC(C1)N2,1,0.005813277525869085
O=C(OC1CC2CCC(C1)N2)[C@H]1CC[C@](C(=O)OC2CC3CCC(C2)N3)(c2ccccc2)c2ccccc21,1,0.005813277525869085
O=C(NC1OC2[C@@H]3CCCN3C(=O)[C@H](Cc3ccccc3)N2C1=O)[C@@H]1C=C2c3cccc4[nH]cc(c34)C[C@H]2NC1,1,0.005813277525869085
c1c2c(cc3c1OCO3)C1NCc3c(ccc4c3OCO4)C1CC2,1,0.005813277525869085
O=C(Cc1ccccc1)O[C@H]1C[C@H]2CC[C@@H](C1)N2.O=C(Cc1ccccc1)O[C@H]1C[C@H]2CC[C@@H](C1)N2,1,0.005813277525869085
O=C1CCNC(CCc2ccccc2)C(=O)NCCCCCN1,1,0.005813277525869085
c1ccc2c(c1)NC1NCCC21,1,0.005813277525869085
O=C(CCC(=O)NCc1ccccc1)NCCc1ccccc1,1,0.005813277525869085
O=C(NCCc1ccccc1)C1CCCC1,1,0.005813277525869085
c1ccc(CCNCc2ccccc2)cc1,1,0.005813277525869085
O=C1CNCN1CCc1ccccc1,1,0.005813277525869085
O=C1CCC(=O)N1CCc1ccccc1,1,0.005813277525869085
O=C1CCN1CCc1ccccc1,1,0.005813277525869085
O=C(CNC(=O)CC1=CCCCC1)NCCc1ccccc1,1,0.005813277525869085
O=C(CNC(=O)CC1CC1)NCCc1ccccc1,1,0.005813277525869085
O=C(CNC(=O)CC1CCCC1)NCCc1ccccc1,1,0.005813277525869085
O=C(CNC(=O)CC1CCCCC1)NCCc1ccccc1,1,0.005813277525869085
O=C(CNC(=O)OC1CCC1)NCCc1ccccc1,1,0.005813277525869085
O=C(NC(Cc1ccccc1)C(=O)NCCc1ccccc1)C1CCCN1,1,0.005813277525869085
O=C1CCC(C(=O)NCCc2ccccc2)N1,1,0.005813277525869085
O=C(NCCc1ccccc1)C1CCC[NH2+]1,1,0.005813277525869085
O=C(CC1NC(=O)C(Cc2ccccc2)NC1=O)NCCc1ccccc1,1,0.005813277525869085
O=C(CCC(=O)NCCc1ccccc1)NCCCc1ccccc1,1,0.005813277525869085
O=C(CCC(=O)NCCc1ccccc1)NCCC1=CCCCC1,1,0.005813277525869085
O=C(CNCC(=O)NC1CC1)NCCc1ccccc1,1,0.005813277525869085
O=C(CN1CC=CCCNCC1=O)NCCc1ccccc1,1,0.005813277525869085
O=C(CN1CCCCC1)NCCc1ccccc1,1,0.005813277525869085
O=C(CN1CCCC=CCCCNCC1=O)NCCc1ccccc1,1,0.005813277525869085
O=C(CN1CCNCC1)NCCc1ccccc1,1,0.005813277525869085
O=C(C[NH2+]CC(=O)NC1CC1)NCCc1ccccc1,1,0.005813277525869085
O=C(C[NH+]1CCCCC1)NCCc1ccccc1,1,0.005813277525869085
O=C(C[NH+]1CCNCC1)NCCc1ccccc1,1,0.005813277525869085
O=C1C=CC2CCC3C(=O)OC(c4ccoc4)CC3C2C1,1,0.005813277525869085
O=C1OC(c2ccoc2)CC2C1CCC1C=CCCC12,1,0.005813277525869085
C1=CC2C=COC(OC3CCCCO3)C2C1,1,0.005813277525869085
O=C1C=CC2(C=CC3C=COC(OC4CCCCO4)C32)O1,1,0.005813277525869085
C1=C[C@H]2C[C@H]3c4[nH]c5ccccc5c4CCN3C[C@@H]2CO1,1,0.005813277525869085
O=C1C=C[C@@]2(C=C[C@@H]3C=CO[C@@H](O[C@H]4CCCCO4)[C@@H]32)O1,1,0.005813277525869085
O=C(OC1CC2CCC(C1)N2)C1C(c2ccccc2)C(C(=O)OC2CC3CCC(C2)N3)C1c1ccccc1,1,0.005813277525869085
O=C(OC1CCC2CC3c4[nH]c5ccccc5c4CCN3CC2C1)c1ccccc1,1,0.005813277525869085
O=C1OC(c2ccoc2)CC2C1CC(OC1CCCCO1)=C1CCCCC12,1,0.005813277525869085
O=C1OC2CC13OC(c1ccoc1)CC3C1CCCCC21,1,0.005813277525869085
O=C1CCc2cccc(c2)CCNC(=O)CN1,1,0.005813277525869085
O=C1CCNC(=O)CCc2cccc(c2)CCN1,1,0.005813277525869085
O=C1CCCNC(=O)CCc2cccc(c2)CCN1,1,0.005813277525869085
O=C1CCCCNC(=O)CCc2cccc(c2)CCN1,1,0.005813277525869085
O=C1CCCCCNC(=O)CCc2cccc(c2)CCN1,1,0.005813277525869085
O=C(CN1CC=CC1=O)NCCc1ccccc1,1,0.005813277525869085
O=C1C=C(C2C=C3C(C2)OC2CC4CC=CC(=O)C4CC32)CO1,1,0.005813277525869085
O=C1OCC=C1C1C=C2C(C1)OC1CC3CC=CC(=O)C3CC21,1,0.005813277525869085
O=C1C=C(C2C=C3C(C2)OC2C3CC3C=CC(=O)C4COC2C34)CO1,1,0.005813277525869085
O=C1OCC=C1C1C=C2C(C1)OC1C2CC2C=CC(=O)C3COC1C23,1,0.005813277525869085
O=C1NC(=O)C(Cc2ccccc2)NC1=O,1,0.005813277525869085
O=C(NCCc1ccccc1)C1CC(=O)N1CCc1ccccc1,1,0.005813277525869085
O=C1C=CC[C@@H]2C[C@H]3O[C@@H]4C[C@@H](c5ccoc5)C=C4C3CC12,1,0.005813277525869085
C1COC2C(COC3COCOC32)O1,1,0.005813277525869085
C1CCC(OC2CCOC3OCOC23)OC1,1,0.005813277525869085
C1CCC(OC2COC3OCOC3C2)OC1,1,0.005813277525869085
C1COC(OC2CCC3OCOCC3O2)C1,1,0.005813277525869085
O=C1C=C(C2CCOC2CC23OC2CCC24CC23C(=O)OC4c2ccoc2)CO1,1,0.005813277525869085
C1=C2CC(OC3OCC(OC4CCCCO4)CC3OC3CCCCO3)CCC2C2CCC3C4CC(CCCCOC5CCCCO5)OC4CC3C2C1,1,0.005813277525869085
O=C1CC2C=CC(=O)C3C4C(=O)CCCC4CC(O1)C23,1,0.005813277525869085
O=C1CC(C(=O)C2CCC3C4C(=O)C=CCC4CC4OC(=O)CC2C43)CO1,1,0.005813277525869085
O=C1CC2C=CC(=O)C3C4C(=O)C=CCC4CC(O1)C23,1,0.005813277525869085
O=C1C=CCC2CC3OCCC4CCCC(C12)C43,1,0.005813277525869085
C1=C[C@@H]2Oc3cccc4c3[C@@]23CCN[C@H](C4)C3=C1,1,0.005813277525869085
C1=C2CC(OC3OCC(OC4CCCCO4)CC3OC3CCCCO3)CCC2C2CCC3C4CC5(CCCCO5)OC4CC3C2C1,1,0.005813277525869085
O=C1C=C(C2CCC3C2CCC2C4CCC(OC5CCC(OC6CCCC(COC7CCCCO7)O6)CO5)CC4CCC23)CO1,1,0.005813277525869085
O=C1CC2=C(CCN3CC=C4C=CCCC423)CO1,1,0.005813277525869085
C1=C2CC(OC3CCC(OC4CCC(OC5CCCCO5)CO4)CO3)CCC2C2CCC3CC(OC4CCCC(COC5CCCC(COC6CCCCO6)O5)O4)CC3C2C1,1,0.005813277525869085
O=C1C=C(C2CCC3C2CCC2C4CCC(OC5CCC(OC6CCCCO6)CO5)CC4CCC23)CO1,1,0.005813277525869085
C1COC2OC3COCCC3OC2C1,1,0.005813277525869085
C1COC2OC3CCOCC3OC2C1,1,0.005813277525869085
C1CCC(C2COCO2)OC1,1,0.005813277525869085
C1COCCOCCOC2COCCC2OCCOCCO1,1,0.005813277525869085
C1CC2OCOC3CCOCC3OCOC2CO1,1,0.005813277525869085
C1CCC(OC2CCC(OC3CCC(OC4CCC(OC5CCC(OC6CCC(OC7CCC(OC8CCCOC8)OC7)OC6)OC5)OC4)OC3)OC2)OC1,1,0.005813277525869085
C1CCOC(OCC2CCCCO2)CC1,1,0.005813277525869085
C1CCOC(OCC2CCCO2)CC1,1,0.005813277525869085
C1CCC(COC2CC(OC3CCCO3)CCO2)OC1,1,0.005813277525869085
C1CCCOCC2CCCC(O2)OC2COC(COCC1)CC2OC1CCCCO1,1,0.005813277525869085
O=C1C=C([C@H]2CCC3C2CC[C@@H]2C4CC[C@H](O[C@H]5CCCCO5)C[C@H]4CC[C@@H]32)CO1,1,0.005813277525869085
O=C1C=C([C@H]2CCC3C2CC[C@@H]2C4CC[C@H](O[C@H]5CC[C@@H](O[C@H]6CCCCO6)CO5)C[C@H]4CC[C@@H]32)CO1,1,0.005813277525869085
O=C1O[C@@H]2CCCO[C@H]2c2ccccc21,1,0.005813277525869085
O=c1ccoc2cc3c(cc12)CCO3,1,0.005813277525869085
O=C(/C=C/c1ccccc1)NCCc1c[nH]c2ccccc12,1,0.005813277525869085
O=C(OC/C=C/COC1CCCCO1)c1ccccc1,1,0.005813277525869085
O=C(OC1C2C=COC(O[C@H]3CCCCO3)C2C2OC12)c1ccccc1,1,0.005813277525869085
O=C(OCC12OC1CC1C=COC(OC3CCCCO3)C12)c1ccccc1,1,0.005813277525869085
c1ccc(C2CCCc3ccccc32)cc1,1,0.005813277525869085
O=C(C=Cc1ccccc1)CC(=O)C=Cc1ccccc1,1,0.005813277525869085
O=C(C=Cc1ccccc1)CCCCc1ccccc1,1,0.005813277525869085
c1ccc(CCC(COC2CCCCO2)Cc2ccccc2)cc1,1,0.005813277525869085
O=C(CCCCc1ccccc1)CCc1ccccc1,1,0.005813277525869085
c1ccc2c(c1)ccc1ccccc12,1,0.005813277525869085
c1ccc2[nH+]c(CCc3ccc4c(c3)OCO4)ccc2c1,1,0.005813277525869085
O=C1OC[C@H](Cc2ccc(O[C@H]3CCCCO3)cc2)[C@H]1Cc1ccccc1,1,0.005813277525869085
c1ccc(C2Oc3ccccc3CC2OC2CCCO2)cc1,1,0.005813277525869085
c1ccc2c(c1)CC1c3ccccc3CC[NH+]1C2,1,0.005813277525869085
c1ccc2c(c1)C[C@@H]1NCCc3cccc-2c31,1,0.005813277525869085
O=C1Cc2ccc3c(c2CNCCc2ccccc21)OCO3,1,0.005813277525869085
O=C1c2ccccc2C[C@@H]1CC1CC[NH+](Cc2ccccc2)CC1,1,0.005813277525869085
c1ccc(CC2NCCc3ccc(Oc4cccc(CC5NCCc6ccccc65)c4)cc32)cc1,1,0.005813277525869085
O=C1Cc2ccccc2CNCCc2cc3c(cc21)OCO3,1,0.005813277525869085
c1cc2cc(c1)Oc1ccc(cc1)CC1NCCc3ccc(cc31)Oc1cccc3c1C(C2)NCC3,1,0.005813277525869085
c1cc2cc(c1)-c1cccc(c1)CC1NCCc3cccc(c31)Oc1ccc3c(c1)C(C2)NCC3,1,0.005813277525869085
c1cc2cc(c1)Oc1ccc3c(c1)C(Cc1ccc(cc1)Oc1cccc4c1C(C2)NCC4)NCC3,1,0.005813277525869085
c1cc2cc(c1)Oc1ccc3c(c1)C(Cc1ccc(cc1)Oc1cccc4c1C(C2)[NH2+]CC4)NCC3,1,0.005813277525869085
c1cc2cc(c1)Oc1ccc3c(c1)C(Cc1ccc(cc1)Oc1cccc4c1C(C2)[NH2+]CC4)[NH2+]CC3,1,0.005813277525869085
O=c1ccc2ccc(OC3CCCC(COC4CCCO4)O3)cc2o1,1,0.005813277525869085
O=C(/C=C\c1ccccc1)NCCc1ccccc1,1,0.005813277525869085
O=C(C=Cc1ccccc1)NCCc1ccc2c(c1)OCO2,1,0.005813277525869085
O=C(CCc1ccccc1)OCCCc1ccccc1,1,0.005813277525869085
O=C(/C=C/c1ccc2c(c1)OCO2)NCCc1ccccc1,1,0.005813277525869085
c1ccc2c(c1)C[C@H]1NCC[C@@]23CCCC[C@H]13,1,0.005813277525869085
O=C1OC(C2NCCc3cc4c(cc32)OCO4)c2ccccc21,1,0.005813277525869085
c1ccc2c(c1)c[nH+]c1c3cc4c(cc3ccc21)OCO4,1,0.005813277525869085
c1cc2cc(c1)Oc1ccc(cc1)C[C@@H]1NCCc3ccc(cc31)Oc1cccc3c1[C@H](C2)NCC3,1,0.005813277525869085
O=C1C[C@@H]2CCCC3=C(C4C(=O)[C@H]3C3C5=C(CCC[C@H]6CC(=O)O[C@H]56)C[C@@H]43)[C@H]2O1,1,0.005813277525869085
O=C1C=C([C@H]2CCC3C2CC[C@@H]2C4C[C@H]5OC6CCCO[C@H]6O[C@@H]5C[C@@H]4CC[C@@H]32)CO1,1,0.005813277525869085
O=C1CCCCCCC[C@@H]2CC[C@@H](CN2)OC(=O)CCCCCCC[C@@H]2CC[C@@H](CN2)O1,1,0.005813277525869085
O=c1c(O[C@H]2CCC[C@@H](CO[C@H]3CCCCO3)O2)c(-c2ccccc2)oc2ccccc12,1,0.005813277525869085
O=C1c2ccccc2O[C@@H](c2ccccc2)[C@@H]1O[C@H]1CCCCO1,1,0.005813277525869085
C1=C2C[C@@H](O[C@@H]3OCC[C@H](O[C@H]4CCCCO4)[C@H]3O[C@H]3CCCCO3)CCC2[C@H]2CCC3[C@@H](C[C@@H]4O[C@]5(CCCCN5)C[C@H]34)[C@@H]2C1,1,0.005813277525869085
C1CC[C@H](O[C@H]2CCO[C@@H](O[C@H]3[C@H](O[C@@H]4CC[C@H](O[C@H]5CCC6[C@@H](CC[C@@H]7[C@@H]6CCC6[C@H]7C[C@@H]7O[C@]8(CCCCO8)C[C@H]67)C5)OC4)OCC[C@@H]3O[C@H]3CCCCO3)C2)OC1,1,0.005813277525869085
O=C1C=C([C@H]2CC[C@H]3C2CC[C@@H]2C4CCCCC4CC[C@H]23)CO1,1,0.005813277525869085
c1ccc2c(c1)CCCO2,1,0.005813277525869085
O=C1CC2CCCC2C2C=Cc3ccc(OC4OCCCC4OC4CCCCO4)cc3C12,1,0.005813277525869085
c1ccc2cc(-c3ccc4ccccc4c3)ccc2c1,1,0.005813277525869085
c1cc2c(o1)CCCC2,1,0.005813277525869085
O=c1nc(Cc2ccccc2)[nH]c2ccccc12,1,0.005813277525869085
O=C(OCC=CCOC1CCCCO1)c1ccccc1,1,0.005813277525869085
c1ccc(CO[C@H]2CCCCO2)cc1,1,0.005813277525869085
N=S1NC(=O)c2ccccc21,1,0.005813277525869085
O=C1NCCNC1=O.c1ccccc1,1,0.005813277525869085
O=C(CCc1ccccc1)OCCc1ccccc1,1,0.005813277525869085
O=C(CCc1ccccc1)Nc1ccc2ccccc2c1,1,0.005813277525869085
C1CCC(OC2CCCC(OC3CCCCO3)C2)OC1,1,0.005813277525869085
O=C(CCc1c[nH]c2ccccc12)NCCc1ccccc1,1,0.005813277525869085
O=c1[nH]cnc2ncc(CNc3ccccc3)nc12,1,0.005813277525869085
O=C(/C=C/c1ccccc1)OC1CC2CC(OC2=O)C1OC(=O)/C=C/c1ccccc1,1,0.005813277525869085
O=C(/C=C/c1ccc2c(c1)OCO2)NCCc1ccc2c(c1)OCO2,1,0.005813277525869085
O=C(/C=C/c1ccccc1)OC[C@]12O[C@H]1C[C@@H]1C=CO[C@@H](O[C@H]3CCCCO3)[C@@H]12,1,0.005813277525869085
O=C(/C=C\c1ccc2c(c1)OCO2)N1CCCCC1,1,0.005813277525869085
O=C(C=CC=CC=Cc1ccc2c(c1)OCO2)N1CCCCC1,1,0.005813277525869085
O=C(C=CC=CCCC=Cc1ccc2c(c1)OCO2)N1CCCCC1,1,0.005813277525869085
O=C(C=CC=CCCc1ccc2c(c1)OCO2)N1CCCCC1,1,0.005813277525869085
O=C(C=Cc1ccccc1)OC1CCC(OC(=O)C=Cc2ccccc2)CC1,1,0.005813277525869085
O=C(C=Cc1ccc2c(c1)OCO2)N1CCCCC1,1,0.005813277525869085
O=C(C=Cc1ccccc1)N1CCCCC1,1,0.005813277525869085
O=C(C=Cc1ccccc1)OCC1CCCC(OC2OC=CC3CC4OC4C32)O1,1,0.005813277525869085
O=C(C=Cc1ccccc1)OCC=Cc1ccccc1,1,0.005813277525869085
O=C(CCCCC=Cc1ccc2c(c1)OCO2)N1CCCCC1,1,0.005813277525869085
O=C(CCCCCCC=Cc1ccc2c(c1)OCO2)N1CCCCC1,1,0.005813277525869085
O=C(Cc1ccccc1)OCC1OCCC(OC(=O)Cc2ccccc2)C1OC(=O)Cc1ccccc1,1,0.005813277525869085
O=C(Cc1ccccc1)OCC1CC(OC(=O)Cc2ccccc2)C(OC(=O)Cc2ccccc2)CO1,1,0.005813277525869085
O=C(NC(Cc1ccccc1)C(=O)NCCc1ccccc1)C1CN1,1,0.005813277525869085
C1CSSC1,1,0.005813277525869085
O=C(CCC(=O)N1CCNCC1)NCC(=O)NCC(=O)NCCc1ccccc1,1,0.005813277525869085
O=C1CCCCCCCNC(=O)OCOC(=O)C(Cc2ccccc2)NC(=O)CN1,1,0.005813277525869085
O=C1CCCCCNC(=O)OCOC(=O)C(Cc2ccccc2)NC(=O)CN1,1,0.005813277525869085
O=C1CCCNC(=O)OCOC(=O)C(Cc2ccccc2)NC(=O)CN1,1,0.005813277525869085
O=C1CNC(=O)OCOC(=O)C(Cc2ccccc2)NC(=O)CN1,1,0.005813277525869085
O=c1ccccc2c(C3CCc4ccccc4O3)cccc12,1,0.005813277525869085
O=C(OC1Cc2ccccc2OC1C1CCC(=O)c2cccc(C3CCc4ccccc4O3)c2C1)c1ccccc1,1,0.005813277525869085
O=C(OC1Cc2ccccc2OC1c1cc(=O)cc2cccc(C3CCc4ccccc4O3)c2c1)c1ccccc1,1,0.005813277525869085
O=C(OC1Cc2ccccc2OC1c1cc(=O)cc2cccc(C3Oc4ccccc4CC3OC(=O)c3ccccc3)c2c1)c1ccccc1,1,0.005813277525869085
O=C(OC[C@H]1O[C@@H](OC(=O)c2cccc(OC(=O)c3ccccc3)c2)[C@H](OC(=O)c2cccc(OC(=O)c3ccccc3)c2)[C@@H](OC(=O)c2cccc(OC(=O)c3ccccc3)c2)[C@@H]1OC(=O)c1cccc(OC(=O)c2ccccc2)c1)c1cccc(OC(=O)c2ccccc2)c1,1,0.005813277525869085
O=C(O[C@H]1C[C@@H]2C[C@@H](COC(=O)c3ccccc3-c3ccccc3C(=O)O2)O1)c1ccccc1,1,0.005813277525869085
O=C1/C(=C/c2ccccc2)Oc2ccccc21,1,0.005813277525869085
O=C1C=C2C=CC3CC2(O1)C1CCCCN31,1,0.005813277525869085
O=C1CCCc2cccc(c2)-c2cccc(c2)CCC1,1,0.005813277525869085
O=C1CC2C(CCC34CC(CCC23)C(COC2CCCCO2)C4)c2ccoc21,1,0.005813277525869085
O=C1CCCC2C3CC(CN12)C1CCCCN1C3,1,0.005813277525869085
O=C1CCCC2C3CCC[NH+]4CCCC(CN12)C34,1,0.005813277525869085
O=C1CCN(c2ccccc2)CC1,1,0.005813277525869085
O=C1NS(=O)(=O)c2c1cccc2-c1ccccc1,1,0.005813277525869085
O=C1NS(=O)(=O)c2c1cccc2[P+](=O)c1cccc2c1S(=O)(=O)NC2=O,1,0.005813277525869085
O=C1NSc2ccccc21,1,0.005813277525869085
O=C1OCCC2OC(=O)c3c(cccc3-c3cccc4c3C(=O)OC2C4)-c2ccccc21,1,0.005813277525869085
O=C1OC2COC3COC(=O)c4ccccc4-c4ccc5oc(=O)c6c(ccc7oc(=O)c4c5c76)-c4ccccc4C(=O)OC3C2OC(=O)c2ccccc2-c2ccccc21,1,0.005813277525869085
O=C1OC2C3COC(=O)c4ccccc4-c4ccccc4C(=O)OC2C(OC(=O)c2cccc4c2C2CC(O4)C(=O)C=C12)C(OC(=O)c1ccccc1)O3,1,0.005813277525869085
O=C1OCC(COC2CCCCO2)O1,1,0.005813277525869085
O=C1OCC2OC(=O)c3ccccc3-c3cccc4c3C(=O)OC(C2OC(=O)c2ccccc2-c2ccccc21)C1OC(=O)c2c-4cccc2C1C1CCCO1,1,0.005813277525869085
O=C1OCC2OC(=O)c3ccccc3-c3cccc4c3C(=O)OC(C2OC(=O)c2ccccc2-c2ccccc21)C1OC(=O)c2c-4cccc2C1C1CCCCO1,1,0.005813277525869085
O=C1OCC2OC(=O)c3ccccc3-c3cccc4c3C(=O)OC(C2OC(=O)c2ccccc2-c2ccccc21)C1OC(=O)c2c-4cccc2C1c1cccc2c1C(=O)OCC1OC(=O)c3ccccc3-c3cccc4c3C(=O)OC(C1OC(=O)c1ccccc1-2)C1OC(=O)c2c-4cccc2C1C1CCCCO1,1,0.005813277525869085
O=C1OCC2OC(=O)c3ccccc3-c3cccc4c3C(=O)OC(C2OC(=O)c2ccccc2-c2ccccc21)C1OC(=O)c2c-4cccc2C1c1cccc2c1C(=O)OCC1OC(=O)c3ccccc3-c3cccc4c3C(=O)OC(C3Cc5cccc-4c5C(=O)O3)C1OC(=O)c1ccccc1-2,1,0.005813277525869085
O=C1OCC2OC(=O)c3ccccc3-c3cccc4c3C(=O)OC(C2OC(=O)c2ccccc2-c2ccccc21)C1OC(=O)c2c-4cccc2C1c1cccc2c1OC(c1ccccc1)CC2,1,0.005813277525869085
O=C1OCC2OC(=O)c3ccccc3-c3cccc4c3C(=O)OC(C2OC(=O)c2ccccc2-c2ccccc21)C1OC(=O)c2c-4cccc2C1c1ccc2c(c1)CCC(c1ccccc1)O2,1,0.005813277525869085
O=C1OCC2OC(=O)c3ccccc3-c3cccc4c3C(=O)OC(C3OC(=O)c5c(cccc5-4)C3=O)C2OC(=O)c2ccccc2-c2ccccc21,1,0.005813277525869085
O=C1[NH2+]Sc2ccccc21,1,0.005813277525869085
O=C1c2c(OC3CCCCO3)cccc2OC1Cc1ccccc1,1,0.005813277525869085
O=C1c2ccccc2S(=O)(=O)N1C(=O)N1C(=O)c2ccccc2S1(=O)=O,1,0.005813277525869085
O=C1c2ccccc2S(=O)(=O)N1COCN1C(=O)c2ccccc2S1(=O)=O,1,0.005813277525869085
O=C1c2ccccc2S(=O)(=O)N1[Se]c1ccccc1,1,0.005813277525869085
O=C1c2ccccc2S(=O)N1S(=O)(=O)c1ccccc1,1,0.005813277525869085
O=C1[NH2+]S(=O)c2ccccc21,1,0.005813277525869085
O=C1c2ccccc2S[N+]1=O,1,0.005813277525869085
O=S(=O)(N=Cc1ccccc1)c1ccccc1,1,0.005813277525869085
O=S(=O)(NC1CCCCC1)NC1CCCCC1,1,0.005813277525869085
O=S(=O)(OC1CCCCO1)OC1CCCCO1,1,0.005813277525869085
O=[P+](c1cccc2c1S(=O)(=O)N=C2)c1cccc2c1S(=O)(=O)N=C2,1,0.005813277525869085
O=c1[n-]sc2ccccc12,1,0.005813277525869085
O=c1c(OC2CCCO2)c(-c2ccccc2)oc2ccccc12,1,0.005813277525869085
O=c1c2ccccc2oc2c(C3CCCCO3)cccc12,1,0.005813277525869085
O=c1c2ccccc2[se]n1S(=O)(=O)c1ccccc1,1,0.005813277525869085
O=c1cc(-c2ccccc2)oc2c(C3CCCCO3)cccc12,1,0.005813277525869085
O=c1cc(-c2ccccc2)oc2ccc(C3CCCCO3)cc12,1,0.005813277525869085
O=c1cc2c3c4c(cc[n+]3CCC2)c2ccccc2n14,1,0.005813277525869085
O=c1ccc2cccc(OC3CCCCO3)c2o1,1,0.005813277525869085
O=c1cccc2n1CC1CNCC2C1,1,0.005813277525869085
O=c1oc2cccc3c(=O)oc4cccc1c4c23,1,0.005813277525869085
C1COC(CCCCC2OCCCO2)OC1,1,0.005813277525869085
C1COC(CCOCCC2CCCO2)C1,1,0.005813277525869085
c1ccc2c(c1)CN1CCCC1=N2,1,0.005813277525869085
C1CCC(OC2CCCOC2)CC1,1,0.005813277525869085
C1CCC2(CC1)OCC1(CCCCO1)O2,1,0.005813277525869085
C1CCC2(COC3(CCCCO3)CO2)OC1,1,0.005813277525869085
C1CCC2(COCCO2)OC1,1,0.005813277525869085
C1CC2CCC(OCCC3CCC(O1)O3)O2,1,0.005813277525869085
C1CC(CC2CCOCO2)OCO1,1,0.005813277525869085
C1CCC(COCCOCCOCC2CCCCO2)OC1,1,0.005813277525869085
C1COC(C2OCCOC2C2COCCO2)CO1,1,0.005813277525869085
c1cc2c(cc1CC1COCC1Cc1ccc3c(c1)OCO3)OCO2,1,0.005813277525869085
C1CCC(OCCCOC2CCC(COC3CCCCO3)O2)OC1,1,0.005813277525869085
C(CCOC1CCC(COC2CCCCO2)O1)COC1CCCCO1,1,0.005813277525869085
C1CCC(OC2COC(OC3CCOCC3)C2)OC1,1,0.005813277525869085
C1COC(CCOC2CCCO2)C1,1,0.005813277525869085
C1=C[C@H]2[C@H](O[C@H]3CCCCO3)OC=C[C@H]2C1,1,0.005813277525869085
C1CCC(CC2CCCO2)OC1,1,0.005813277525869085
C1COC(OCC2CCCC(OC3CCCO3)O2)C1,1,0.005813277525869085
C1CCC(OC2CCCO2)OC1.C1CCOC1,1,0.005813277525869085
C1COC(COCC2CCCC(OC3CCCO3)O2)C1,1,0.005813277525869085
C1CCC(OC2CCCO2)OC1.C1CCOCC1,1,0.005813277525869085
C1COC(CC2COCCO2)CO1,1,0.005813277525869085
C1COC(C2COCCO2)CO1,1,0.005813277525869085
C1CCC(OC2(CCC3CO3)CCCO2)OC1,1,0.005813277525869085
C1CCC(OC2CCC(COC3CCCO3)O2)OC1,1,0.005813277525869085
C1CCC(OC2CCC(OC3CCOCC3)OC2)OC1,1,0.005813277525869085
C1CCC(OC2CCC(OC3CCCCO3)CO2)CC1,1,0.005813277525869085
C1CCC(OC2CCC(OCC3CCCO3)OC2)OC1,1,0.005813277525869085
C1CCC(COC2CCC(OC3CCCCO3)CO2)OC1,1,0.005813277525869085
C1CCC(OC2CCC(OCCC3CO3)OC2)OC1,1,0.005813277525869085
C1CCC(OC2CCOC(OC3CCCO3)C2)OC1,1,0.005813277525869085
C1CCC(OC2CCOC(OCC3CCCO3)C2)OC1,1,0.005813277525869085
C1CCC(COC2CC(OC3CCCCO3)CCO2)OC1,1,0.005813277525869085
C1CCC(OC2CCC3O[O+]3C2)OC1,1,0.005813277525869085
C1COCC(OC2CC(OC3CCCO3)CCO2)C1,1,0.005813277525869085
c1ccc(C2Oc3ccccc3CC2OC2CCCCO2)cc1,1,0.005813277525869085
C1CCC(OC2CCCOC2OC2CCCO2)OC1,1,0.005813277525869085
C1CCC(OC2CCCOC2OC2CCOCC2)OC1,1,0.005813277525869085
C1CCC(OC2OCCCC2OC2CCCCO2)CC1,1,0.005813277525869085
C1CCC(OC2CCC3OCC2O3)OC1,1,0.005813277525869085
C1COC(OC2C3CCOC2CO3)C1,1,0.005813277525869085
C1COC(OC2COC3COC2C3)C1,1,0.005813277525869085
C1CCC(OC2CCCOC2OC2CCCCO2)OC1,1,0.005813277525869085
C1CCC(OC2CC(OC3CCCO3)CCO2)OC1,1,0.005813277525869085
C(C#CCOC1CCCCO1)#CCOC1CCCCO1,1,0.005813277525869085
C(CCCOC1CCC(COC2CCCCO2)O1)CCOC1CCCCO1,1,0.005813277525869085
C1CCC(OCC2(OC3CCCCO3)CCCO2)OC1,1,0.005813277525869085
C1CCC(OCC2(OCC3CCCO3)CCCO2)OC1,1,0.005813277525869085
C1CCC(OCC2CCCOC2)OC1,1,0.005813277525869085
C1CCC(OCC2CC2)OC1,1,0.005813277525869085
C1CCC(OCC2CCC(OC3CCCCO3)O2)OC1,1,0.005813277525869085
C1CCC(OCC2OCCCC2OC2CCCCO2)OC1,1,0.005813277525869085
C1CCC(OCC2CCCC(OCC3CO3)O2)OC1,1,0.005813277525869085
C1CCC(OCC2CCCC(OCC3CCCO3)O2)OC1,1,0.005813277525869085
C1CCC(OCCC2CO2)OC1,1,0.005813277525869085
C(CCOCCCOC1CCCCO1)COCCCOCC1CCCCO1,1,0.005813277525869085
C1CCC(OOC2CCCCO2)OC1,1,0.005813277525869085
C1CCC(OOOC2CCCCO2)OC1,1,0.005813277525869085
c1ccc2c(OC3CCCCO3)c[nH]c2c1,1,0.005813277525869085
C1CCC(OCCCC2CO2)OC1,1,0.005813277525869085
C1CCC2(COC3(CCCO3)CO2)OC1,1,0.005813277525869085
C1CCCOCC2(CCCO2)OC2CCCC(COCC1)O2,1,0.005813277525869085
C1COC2OCC3(CCCO3)OC2C1,1,0.005813277525869085
C1COC2(C1)COC1OCCC1O2,1,0.005813277525869085
C1CCC2(COC3OCCCC3O2)OC1,1,0.005813277525869085
C1COC2OCCOC3CCCOC3OCCOC2C1,1,0.005813277525869085
C1CCOOC1,1,0.005813277525869085
C1CCO[11CH2]C1,1,0.005813277525869085
C1C[13CH2][13CH2]OC1,1,0.005813277525869085
C1COCC[13CH2]1,1,0.005813277525869085
C1CC[C@H](OC[C@@H]2CCC[C@@H](OC3CCCO3)O2)OC1,1,0.005813277525869085
C1CC[C@H](O[C@H]2CC[C@H](O[C@H]3CC[C@H](O[C@@H]4CCCOC4)OC3)OC2)OC1,1,0.005813277525869085
c1ccc2c(O[C@H]3CCCCO3)c[nH]c2c1,1,0.005813277525869085
C1COC[13CH2][13CH2]1,1,0.005813277525869085
C1C[13CH2]COC1,1,0.005813277525869085
C1CC[C@@H](O[C@H]2CC[C@@H](OC[C@H]3O[C@H](O[C@H]4CCCOC4)CC[C@@H]3O[C@@H]3CCCCO3)OC2)OC1,1,0.005813277525869085
C1CC[C@@H](O[C@@]2(CO[C@@]3(CO[C@@]4(CO[C@@]5(CO[C@@]6(CO[C@@]7(CO[C@@]8(CO[C@@]9(CO[C@@]%10(CO[C@@]%11(CO[C@@]%12(CO[C@@]%13(CO[C@@]%14(CO[C@@]%15(CO[C@@]%16(CO[C@@]%17(CO[C@@]%18(CO[C@@]%19(CO[C@@]%20(CO[C@@]%21(CO[C@@]%22(CO[C@@]%23(CO[C@@]%24(CO[C@@]%25(CO[C@@]%26(CO[C@@]%27(CO[C@@]%28(CO[C@@]%29(CO[C@@]%30(CO[C@@]%31(CO[C@@]%32(CO[C@@]%33(CO[C@@]%34(CO[C@@]%35(CO[C@@]%36(CO[C@@]%37(COC%38CCCO%38)CCCO%37)CCCO%36)CCCO%35)CCCO%34)CCCO%33)CCCO%32)CCCO%31)CCCO%30)CCCO%29)CCCO%28)CCCO%27)CCCO%26)CCCO%25)CCCO%24)CCCO%23)CCCO%22)CCCO%21)CCCO%20)CCCO%19)CCCO%18)CCCO%17)CCCO%16)CCCO%15)CCCO%14)CCCO%13)CCCO%12)CCCO%11)CCCO%10)CCCO9)CCCO8)CCCO7)CCCO6)CCCO5)CCCO4)CCCO3)CCCO2)OC1,1,0.005813277525869085
[11CH2]1[11CH2][11CH2]O[11CH2][11CH2]1,1,0.005813277525869085
[13CH2]1[13CH2][13CH2]O[13CH2][13CH2]1,1,0.005813277525869085
C1C[13CH2]O[13CH2][13CH2]1,1,0.005813277525869085
[14CH2]1[14CH2][14CH2]O[14CH2][14CH2]1,1,0.005813277525869085
c1cc2c(cc1C[C@H]1COC[C@@H]1Cc1ccc3c(c1)OCO3)OCO2,1,0.005813277525869085
c1ccc(C2CC(c3cccc4c3OC(c3ccccc3)CC4c3cccc4c3OC(c3ccccc3)CC4c3cccc4c3OC(c3ccccc3)CC4)c3ccccc3O2)cc1,1,0.005813277525869085
c1ccc(C2CC(c3cccc4c3OC(c3ccccc3)CC4c3cccc4c3OC(c3ccccc3)CC4c3cccc4c3OC(c3ccccc3)CC4c3cccc4c3OC(c3ccccc3)CC4)c3ccccc3O2)cc1,1,0.005813277525869085
c1ccc(C2CC(c3cccc4c3OC(c3ccccc3)CC4c3cccc4c3OC(c3ccccc3)CC4c3cccc4c3OC(c3ccccc3)CC4c3cccc4c3OC(c3ccccc3)CC4)c3ccccc3O2)cc1.c1ccc(C2CC(c3cccc4c3OC(c3ccccc3)CC4c3cccc4c3OC(c3ccccc3)CC4c3cccc4c3OC(c3ccccc3)CC4c3cccc4c3OC(c3ccccc3)CC4c3cccc4c3OC(c3ccccc3)CC4c3cccc4c3OC(c3ccccc3)CC4c3cccc4c3OC(c3ccccc3)CC4c3cccc4c3OC(c3ccccc3)CC4c3cccc4c3OC(c3ccccc3)CC4c3cccc4c3OC(c3ccccc3)CC4c3cccc4c3OC(c3ccccc3)CC4)c3ccccc3O2)cc1,1,0.005813277525869085
c1ccc(C2CC(c3cccc4c3OC3(c5ccccc5)CC4c4c(ccc5c4OC(c4ccccc4)CC5)O3)c3ccccc3O2)cc1,1,0.005813277525869085
c1ccc(C2CCc3cc(C4CC(c5ccccc5)Oc5ccccc54)ccc3O2)cc1,1,0.005813277525869085
c1ccc(C2Oc3ccccc3CC2OC2(c3ccccc3)CCc3ccccc3O2)cc1,1,0.005813277525869085
[B]1CC1COC1CCC(OC2CCCCO2)CO1,1,0.005813277525869085
c1c2c(cc3c1OCO3)-c1cc3ccc4c(c3c[n+]1CC2)OCO4,1,0.005813277525869085
O=c1nc[nH]c2ncc(CNc3ccccc3)nc12,1,0.005813277525869085
C=C1CCCC2=C(CCC2)C1,1,0.005813277525869085
C=C1CCCCC1=O,1,0.005813277525869085
c1ccc2ocnc2c1,1,0.005813277525869085
O=C(Cc1ccccc1)OCCc1ccccc1,1,0.005813277525869085
c1ccc(COCc2ccccc2)cc1,1,0.005813277525869085
C=C1CC2C=CCCCC2C1,1,0.005813277525869085
c1ccc(CSSCc2ccccc2)cc1,1,0.005813277525869085
O=C1CCCCCCCCCCCCCC1,1,0.005813277525869085
C=C1CCC2CC2C1,1,0.005813277525869085
c1ccc(SSc2ccccc2)cc1,1,0.005813277525869085
O=C1CCCS1,1,0.005813277525869085
C=C1CCCC2C=CCCC12,1,0.005813277525869085
C1CCC(SSC2CCCCC2)CC1,1,0.005813277525869085
C1=CC2CC2C1,1,0.005813277525869085
O=C1CCOC1,1,0.005813277525869085
O=C1CCCCCCCCCOCCCCCO1,1,0.005813277525869085
c1coc(CSSCc2ccco2)c1,1,0.005813277525869085
c1csc(SSc2cccs2)c1,1,0.005813277525869085
c1cnc2c(n1)CCCC2,1,0.005813277525869085
O=C1CC2C(CCC3CCCCC32)O1,1,0.005813277525869085
O=C(OCC(COC(=O)c1ccccc1)OC(=O)c1ccccc1)c1ccccc1,1,0.005813277525869085
c1coc(CSCc2ccco2)c1,1,0.005813277525869085
C=C1CCC2OC2C1=O,1,0.005813277525869085
c1ncc2c(n1)CSC2,1,0.005813277525869085
C1=CC2(CCC1)CCCO2,1,0.005813277525869085
C1CC2(CO1)SC1CCOC1S2,1,0.005813277525869085
c1ccc(-c2ccco2)cc1,1,0.005813277525869085
O=C(Sc1ccoc1)c1ccco1,1,0.005813277525869085
O=C(Oc1ccc2ccccc2c1)c1ccccc1,1,0.005813277525869085
c1ccc(CCCC2CCCO2)cc1,1,0.005813277525869085
O=C1C=CC2CC1C2,1,0.005813277525869085
C1SSCSSS1,1,0.005813277525869085
O=C1CC2CC(C1)C2,1,0.005813277525869085
C1CC2OCC1OC1CCC(CO1)OC1CCC(CO1)OC1CCC(CO1)OC1CCC(CO1)OC1CCC(CO1)OC1CCC(CO1)OC1CCC(CO1)O2,1,0.005813277525869085
C1=CC2C3CCCCC23C1,1,0.005813277525869085
C1CC2CC(C1)C2,1,0.005813277525869085
C1=C2C(CC1)CCCC1CC21,1,0.005813277525869085
C=C1CCC23CCCCC2C13,1,0.005813277525869085
C1COCSC1,1,0.005813277525869085
C1=CC2CCC3C4CCCCC4CCC3C2C1,1,0.005813277525869085
C1CCC(C2CC3CCC2C3)CC1,1,0.005813277525869085
C1CCC2C(C1)CCC1OCCC12,1,0.005813277525869085
c1ccc(C2CCOCO2)cc1,1,0.005813277525869085
c1ccc(C2CCOC2)cc1,1,0.005813277525869085
O=C(OC1CC2CCC1C2)c1ccccc1,1,0.005813277525869085
C=C1CCC23CCCC2CC1C3,1,0.005813277525869085
C=C1C(=O)CC2CC1C2,1,0.005813277525869085
O=P1(OCC2CCC(n3cnc4cncnc43)O2)NCCCO1,1,0.005813277525869085
C1=CC2OCCC2CC1,1,0.005813277525869085
O=P1(OCC2CCC(n3cnc4cncnc43)O2)OCCCO1,1,0.005813277525869085
O=C1c2c(OC3CCCCO3)cccc2OC(c2ccccc2)C1OC1CCCCO1,1,0.005813277525869085
C1=C2C3CCCCC3CCC2C2CCC3CC(OC4OCCCC4OC4COCCC4OC4CCCCO4)CCC3C2C1,1,0.005813277525869085
N=C1C2CCCC1CC2,1,0.005813277525869085
O=C1OCC2=C1C=CCC2,1,0.005813277525869085
c1nnnc2c1ncn2C1CCCO1,1,0.005813277525869085
O=C1CC(c2ccccc2)Oc2cc(OC3OCCCC3OC3CCCO3)ccc21,1,0.005813277525869085
C1=C2C3CCCCC3CCC2C2CCC3CC(OC4OCCCC4OC4CCCOC4OC4CCCOC4)CCC3C2C1,1,0.005813277525869085
C1=C2C3CCCC(OC4CCCCO4)C3CCC2C2CCC3CC(OC4OCCCC4OC4CCCOC4OC4CCCOC4)CCC3C2C1,1,0.005813277525869085
C1CCC2C(C1)CCC1C3CCCC3CCC21,1,0.005813277525869085
O=C1CCCCCCCCCCCCCCO1,1,0.005813277525869085
O=C(OCCc1ccccc1)c1ccco1,1,0.005813277525869085
c1coc(COCc2ccco2)c1,1,0.005813277525869085
O=[PH]1OCC2CC(O1)C(n1cnc3cncnc31)O2,1,0.005813277525869085
C1=CCC2CCCC2CC1,1,0.005813277525869085
C=C1C2CCC3C1CCCCC23,1,0.005813277525869085
c1ccc(CC(N=Nc2ccccc2)=NNc2ccccc2)cc1,1,0.005813277525869085
C=C1CCC2C3CCCC3C12,1,0.005813277525869085
O=C1CC(c2ccc(OC3CCCC(COC4CCCCO4)O3)cc2)Oc2ccccc21,1,0.005813277525869085
C=C1CCC=CC1=O,1,0.005813277525869085
C=C1CC23CCCC2C=CC1O3,1,0.005813277525869085
O=[PH](OCC1CCC(n2cnc3cncnc32)O1)O[PH](=O)OC1CCCO1,1,0.005813277525869085
C1=CC2CCCC=C2CC1,1,0.005813277525869085
C1=CC2C3CCCC2C3C1,1,0.005813277525869085
C1CC2CC3CCC2C(C1)C3,1,0.005813277525869085
c1ccc(CCCc2ccccn2)cc1,1,0.005813277525869085
c1ccc(C2=NN(c3ccccc3)N(c3ccccc3)N2)cc1,1,0.005813277525869085
O=C(OCCOC(=O)c1ccccc1)c1ccccc1,1,0.005813277525869085
C1=CNCCC1,1,0.005813277525869085
C1=NCCCC1,1,0.005813277525869085
C1CC2CC(C1)C1CCCC21,1,0.005813277525869085
C=C1CCC2CCCC(=C)C2C1,1,0.005813277525869085
C1=CC2CC=CCC2CC1,1,0.005813277525869085
C1=CC2CCC1CO2,1,0.005813277525869085
c1cc2n(c1)CCC2,1,0.005813277525869085
c1coc(CSSc2ccoc2)c1,1,0.005813277525869085
C1=CSCCN1,1,0.005813277525869085
C1CC2SCSCN2C1,1,0.005813277525869085
O=C1C=CCCC1C1CC=CCC1,1,0.005813277525869085
O=C1CC2C3CCCC3CCC2C2CCC(OC3CCCC(COC4CCCCO4)O3)CC12,1,0.005813277525869085
O=c1ccnc2cc(-c3ccccc3)[nH]n12,1,0.005813277525869085
C=C1CCC2OC2CCC2CCC12,1,0.005813277525869085
O=c1c(-c2ccc3c(c2)OCCO3)coc2cc(OC3CCCCO3)ccc12,1,0.005813277525869085
O=C1CC2OCCC2O1,1,0.005813277525869085
O=C(OC1CCCCO1)C1CCC2CCC3C(=CC(=O)C4C5CCCCC5CCC34)C2C1,1,0.005813277525869085
O=C(OC1CCCCO1)C12CCCCC1C1=CCC3C4CCC(OC5CCCC(COC6OCCCC6OC6CCCCO6)O5)CC4CCC3C1CC2,1,0.005813277525869085
C=C1CCC2(C=CCCC2)C1,1,0.005813277525869085
O=C1CCC(=O)C2OC12,1,0.005813277525869085
O=C(C=Cc1ccccc1)c1ccc(OC2OCCCC2OC2CCCCO2)cc1,1,0.005813277525869085
O=C(C=Cc1cccc(OC2CCCCO2)c1)c1ccc(OC2CCCCO2)cc1,1,0.005813277525869085
O=C1OCC2CCCC=C12,1,0.005813277525869085
O=C1CCC2C3=CCC4C5CCC(OC6OCCC(OC7CC(OC8CCCCO8)CCO7)C6OC6CCCCO6)CC5CCC4C3CCC2C1,1,0.005813277525869085
C=C1C=CCCCC=CCC1,1,0.005813277525869085
C1=CCCC2OC2CCC=CC1,1,0.005813277525869085
O=C1CC(c2cccc(OC3CCC(OC4CCCCO4)CO3)c2)Oc2ccccc21,1,0.005813277525869085
O=C(C=Cc1ccccc1)OCCCc1ccccc1,1,0.005813277525869085
O=C(OC1CCC(OCC2CCCC(Oc3ccccc3)O2)OC1)c1ccccc1,1,0.005813277525869085
O=C(OC1CCC(Oc2ccccc2)OC1COC1CCCCO1)c1ccccc1,1,0.005813277525869085
O=C1CCCCCCCC=CCCCCCCO1,1,0.005813277525869085
O=c1c2ccccc2oc2ccc(OC3CCCC(COC4CCCCO4)O3)cc12,1,0.005813277525869085
O=c1cc(-c2ccc(OC3CCCCO3)cc2)oc2c(OC3CCCCO3)cccc12,1,0.005813277525869085
O=C1CCCCCC=CCCCCCCCCO1,1,0.005813277525869085
O=C(Cc1ccccc1)OCC=Cc1ccccc1,1,0.005813277525869085
O=c1c(-c2ccccc2)c(OC2CCCCO2)oc2ccccc12,1,0.005813277525869085
O=C1CCCCC=CCCCCCCCCCO1,1,0.005813277525869085
C=C1CCCC1=O,1,0.005813277525869085
O=C(C=Cc1ccccc1)OCC1CCCO1,1,0.005813277525869085
C(=CC1OCCO1)c1ccccc1,1,0.005813277525869085
O=C(CCCCOC1CCCCO1)CC1C(=O)CC2C1CCC1C3CCC(OC4OCCCC4OC4CCCCO4)CC3CCC12,1,0.005813277525869085
O=C(OC1CCC(OC2CCCCO2)CO1)C12CCCCC1C1=CCC3C4CCCCC4CCC3C1CC2,1,0.005813277525869085
C1=C2C3CCCCC3CCC2C2CCC3CCC(OC4OCCCC4OC4CCCCO4)CC3C2C1,1,0.005813277525869085
C=C1CC=CCCC=CCC1,1,0.005813277525869085
S=[PH]1OC2COC(n3cnc4cncnc43)C2O1,1,0.005813277525869085
C1=CC2CC3CCCC3(C1)C2,1,0.005813277525869085
C=C1C=CC(=O)O1,1,0.005813277525869085
O=C(C=Cc1ccccc1)OCC1CC=CCC1,1,0.005813277525869085
C(=Cc1ccco1)c1ccccc1,1,0.005813277525869085
C1=C2CCCCC2CC1,1,0.005813277525869085
C=C1C=CCCC12CCCO2,1,0.005813277525869085
C1=CCCC=CCCC=CC1,1,0.005813277525869085
O=[PH]1N[PH](=O)OP(=O)(OCC2CCC(n3cnc4cncnc43)O2)OO1,1,0.005813277525869085
O=C1Cc2ccccc2O1,1,0.005813277525869085
O=C1CC(c2cccc(OC3CCCCO3)c2)Oc2cc(OC3CCCC(COC4CCCCO4)O3)ccc21,1,0.005813277525869085
C=C1CCC(=O)O1,1,0.005813277525869085
O=c1c(COC2CCCCO2)c(-c2ccccc2)oc2ccccc12,1,0.005813277525869085
O=C1CC(c2ccccc2)Oc2cc(OC3CCC(OC4CCCCO4)C(COC4CCCCO4)O3)ccc21,1,0.005813277525869085
O=c1c(CC2CCCO2)c(-c2ccc(OC3CCCCO3)cc2)oc2ccccc12,1,0.005813277525869085
O=c1cc(-c2ccccc2)oc2cc(OC3CCCO3)ccc12,1,0.005813277525869085
O=C1CC2C(=CCC3C4CCC(OC5OCCC(OC6OCCCC6OC6CCCCO6)C5OC5CCCCO5)CC4CCC23)C2CCCCC12,1,0.005813277525869085
C1=C2C3CCCC(OC4CCCCO4)C3CCC2C2CCC3CC(OC4OCCCC4OC4CCCCO4)CCC3C2C1,1,0.005813277525869085
c1ncc2ncn(C3CCCCO3)c2n1,1,0.005813277525869085
O=C(OC1CCCCO1)C12CCCCC1C1=CCC3C4CCC(OC5CCC(OC6CC(OC7CCCCO7)CCO6)CO5)CC4CCC3C1CC2,1,0.005813277525869085
O=C(OC1CCCCO1)C1CCCC2C3=CCC4C5CCC(OC6OCCCC6OC6CCCCO6)CC5CCC4C3CCC12,1,0.005813277525869085
O=[PH]1OCC2OC(n3c(N4CCCCC4)nc4cncnc43)CC2O1,1,0.005813277525869085
O=C(CCCCOC1CCCCO1)CC1CCC2C1CCC1C3CCC(OC4CCC(OC5CCCCO5)CO4)CC3CCC21,1,0.005813277525869085
O=c1c2ccccc2oc2cc(OC3CCOCC3)ccc12,1,0.005813277525869085
O=C1CC(c2ccc(OC3OCCCC3OC3CCCO3)cc2)Oc2ccccc21,1,0.005813277525869085
O=C1C=C2C3CCCCC3CCC2C2CCC3CC(OC4OCCCC4OC4CCC(OC5CCCCO5)CO4)CCC3C12,1,0.005813277525869085
C1CCC(OC2CCCOC2OC2CCC(OC3CCC4C(CCC5C6CCCC6CCC45)C3)OC2)OC1,1,0.005813277525869085
C1=C2C(CCC1)CCC1C2CCC2C3CCC(OC4CC(OC5CCCCO5)CCO4)CC3CCC12,1,0.005813277525869085
O=c1c2ccccc2oc2cc(OC3CCOCC3OC3CCCCO3)ccc12,1,0.005813277525869085
O=C1CC(c2ccc3c(c2)OC(c2ccccc2)C(COC2CCCCO2)O3)Oc2ccccc21,1,0.005813277525869085
O=C1CCCC2C3=CCC4C5CCC(OC6OCCCC6OC6OCCC(OC7CCCCO7)C6OC6CCCCO6)CC5CCC4C3CCC12,1,0.005813277525869085
O=C(N=Nc1ccccc1)Nc1ccccc1,1,0.005813277525869085
O=C1CCC2C3=CCC4C5CCC(OC6OCCCC6OC6CC(OC7OCCCC7OC7CCCCO7)CCO6)CC5CCC4C3CCC2C1,1,0.005813277525869085
O=C1C=C2C3CCCCC3CCC2C2CCC3CC(OC4OCCCC4OC4CCC(OC5CCC(OC6CCCCO6)CO5)CO4)CCC3C12,1,0.005813277525869085
O=c1c(-c2ccc(OC3CCCCO3)cc2)coc2c(OC3CCCCO3)cccc12,1,0.005813277525869085
O=C(CCCCOC1CCCCO1)CC1CCC2C1CCC1C3CCC(OC4CCC(OC5OCCCC5OC5CCCCO5)CO4)CC3CCC21,1,0.005813277525869085
O=C1CC2C(CCC3C4CCC5(C(=O)OC6CCCCO6)CCCCC5C4=CCC23)CC1OC1CCCCO1,1,0.005813277525869085
C=C1CCC2(C(=O)OC3CCCCO3)CCC3C(=CCC4C5CCC(OC6CC(OC7CCCCO7)CCO6)CC5CCC34)C2C1,1,0.005813277525869085
O=c1cc(-c2ccccc2)oc2cc(OC3CCCC(COCC4CCCCO4)O3)ccc12,1,0.005813277525869085
C=C1CCC2CCC3C(=CCC4C5CCC(OC6OCCC(OC7CCCCO7)C6OC6CCCCO6)CC5CCC34)C2C1,1,0.005813277525869085
O=C1CC(c2ccc3c(c2)OC(c2ccccc2)CO3)Oc2cc(OC3CCCCO3)ccc21,1,0.005813277525869085
O=c1c(-c2cccc(OC3CCCC(COC4CCCO4)O3)c2)coc2ccccc12,1,0.005813277525869085
O=c1oc2ccccc2c2ccccc12,1,0.005813277525869085
S=[PH]1OCC2CC(O1)C(n1cnc3cncnc31)O2,1,0.005813277525869085
O=C1CC2C3CC(CC4CCCC(OC5CCCCO5)O4)CC3CCC2C2CCC(OC3OCCCC3OC3CCCCO3)CC12,1,0.005813277525869085
O=C1COC2(CCCCC2)O1,1,0.005813277525869085
O=c1cc(-c2ccc(OC3CCCOC3)cc2)oc2ccccc12,1,0.005813277525869085
O=c1c2ccccc2oc2cccc(OC3OCCCC3OC3CCCCO3)c12,1,0.005813277525869085
O=C1CCCCCCCC=CCCCCCCC1,1,0.005813277525869085
O=c1cc(-c2cccc(OC3CCC(OC4CC(OC5CCCCO5)CCO4)CO3)c2)oc2ccccc12,1,0.005813277525869085
O=c1c(-c2ccccc2)coc2c(OC3CCCCO3)c(OC3CCCCO3)ccc12,1,0.005813277525869085
O=c1c2c(oc3cc(OC4CCCCO4)ccc13)-c1ccccc1OC2,1,0.005813277525869085
O=c1n(-c2ccccc2)c(=O)n2n1CCC1C(=NOCC3OC(c4ccccc4)C=CC3Oc3ccccc3)C3OC3CC12,1,0.005813277525869085
O=c1c(-c2ccc(OC3CCCC(COC4CCCO4)O3)cc2)coc2ccccc12,1,0.005813277525869085
c1ccc(C2OCC(COC3CCCCC3)O2)cc1,1,0.005813277525869085
O=c1cc(-c2ccccc2)oc2cc(OC3CCCC(COC4CCCCC4)O3)ccc12,1,0.005813277525869085
O=C1C=C2C(CCC3CCCC(C4CCCCO4)C23)C2CCC3CC(OC4OCCCC4OC4CCCCO4)CCC3C12,1,0.005813277525869085
O=C1CC(c2ccccc2)Oc2cc(OC3CCCC(COCC4CCCCO4)O3)ccc21,1,0.005813277525869085
O=C1CC(c2ccccc2)Oc2cccc(OC3CCCC(COC4CCCCO4)O3)c21,1,0.005813277525869085
C=C1CCCCC1=CC=C1CCCC2CCCC12,1,0.005813277525869085
C1=CC2CCC=CC2CC1,1,0.005813277525869085
O=C(CNC(=O)C1CCCCN1)NCCc1ccccc1,1,0.005813277525869085
O=C(C=Cc1ccccc1)c1ccc(OC2CCCCO2)c(OC2CCCCO2)c1,1,0.005813277525869085
O=C1CC2CCCCC2O1,1,0.005813277525869085
O=c1cc(-c2ccc(OC3OCCCC3OC3CCCO3)cc2)oc2ccccc12,1,0.005813277525869085
O=c1c2ccccc2oc2c(OC3CCCC(COC4CCCCO4)O3)cccc12,1,0.005813277525869085
O=C(C=Cc1ccc(OC2CCCCO2)cc1)OCC1CCCC(Oc2ccc3c(=O)ccoc3c2)O1,1,0.005813277525869085
O=C1CC2C(=CCC3C4CCC(OC5CCC(OC6CCCCO6)CO5)CC4CCC23)C2CCCCC12,1,0.005813277525869085
c1cnc(CC2CCCCC2)cn1,1,0.005813277525869085
O=c1cc(-c2ccc(OC3CCC(OC4CCCOC4)OC3)cc2)oc2cc(OC3CCCCO3)ccc12,1,0.005813277525869085
O=c1c(OCC2CCCC(OC3CCCCO3)O2)c(-c2ccccc2)oc2ccccc12,1,0.005813277525869085
O=C(CCc1ccccc1)c1ccc(OC2CCCOC2OC2CCCOC2)cc1,1,0.005813277525869085
C1=CCCC2CC2C=CCC1,1,0.005813277525869085
O=c1c2ccccc2[sH+]n1S(=O)(=O)c1ccccc1,1,0.005813277525869085
O=c1cc(-c2ccc(OC3OCCCC3OC3CCCCO3)c(OC3CCCCO3)c2)oc2ccccc12,1,0.005813277525869085
O=c1cc(-c2ccc(OC3CCCCO3)c(OC3CCCCO3)c2)oc2ccccc12,1,0.005813277525869085
C1=CC2OCC=C2CC1,1,0.005813277525869085
C1COC2OCCOC3CCCOC3OCCOC3CCCOC3OCCOC2C1,1,0.005813277525869085
C=C1CC23CCC4CCC(OC5CC(OC6CCCCO6)CCO5)CC4C2CCC1C3,1,0.005813277525869085
O=P1(N2CCCCC2)OCC2OC(n3cnc4cncnc43)CC2O1,1,0.005813277525869085
O=C(OC1CCCCO1)C12CCCC=C1C1CCC3C4CCC(OC5CCC(OC6CCCCO6)CO5)CC4CCC3C1CC2,1,0.005813277525869085
C1=C2C(CCC3C2CCC2CCCCC23)C2CCC(OC3CCCCO3)CC2C1,1,0.005813277525869085
O=C(OC1CCCCO1)C12CCCCC1C1=CCC3C4CCC(OC5CCC(OC6OCCCC6OC6CCCCO6)CO5)CC4CCC3C1CC2,1,0.005813277525869085
O=C(Cc1ccc2c(c1)OCCO2)c1ccccc1,1,0.005813277525869085
O=C1CC2C(=CCC3C4CCC(OC5CCCCO5)CC4CCC23)C2CCC(OC3CCC(OC4CCCCO4)CO3)CC12,1,0.005813277525869085
O=c1c(-c2cccc(OC3CCCCO3)c2)coc2cc(OC3CCCCO3)ccc12,1,0.005813277525869085
O=C1C=C2C3CCCCC3CCC2C2CCC3CCC(OC4OCCCC4CC4CCCCO4)CC3C12,1,0.005813277525869085
c1cc(SSSSc2ccoc2)co1,1,0.005813277525869085
O=c1c(OOC2CCCCO2)c(-c2ccccc2)oc2ccccc12,1,0.005813277525869085
O=c1cc(-c2ccccc2)oc2ccc(C3OCCC3OC3CCCCO3)cc12,1,0.005813277525869085
O=C(c1ccccc1)c1ccc(OC2CCCCO2)c(C2CCCCO2)c1,1,0.005813277525869085
C1=C2C3CCCCC3CCC2C2CCC3CC(OC4CC(OC5CCCCO5)C(OC5CCCCO5)CO4)CCC3C2C1,1,0.005813277525869085
O=C(OC1CCC(OC2CCCCO2)CO1)C1CCCC(OC2CCC3C(CCC4C5CCC6C(OC7CCCCO7)CCCC6C5=CC(=O)C34)C2)O1,1,0.005813277525869085
O=C(CCc1cccc(OC2CCCCO2)c1)c1ccccc1,1,0.005813277525869085
O=C(C=Cc1cccc(OC2CCCCO2)c1)c1ccccc1,1,0.005813277525869085
O=C(C=Cc1cccc(OC2CCCCO2)c1)c1ccccc1OC1CCCCO1,1,0.005813277525869085
O=C(C=Cc1ccccc1)c1ccc(OC2CCC(OC3CCCCO3)CO2)cc1,1,0.005813277525869085
O=C1CC(c2cccc(OC3CCCCO3)c2)Oc2cccc(OC3CCCCO3)c21,1,0.005813277525869085
O=C1CC(c2ccccc2)Oc2c(OC3CCCCO3)cccc21,1,0.005813277525869085
O=[PH]1OC(C2CCC(n3cnc4cncnc43)O2)O[PH](=O)O1,1,0.005813277525869085
O=[PH](OCC1CCCO1)OC1COC(n2cnc3cncnc32)C1,1,0.005813277525869085
O=C(OCCOC(=O)C1CCCCO1)OC1CCC2C(CCC3C4CCC5CCCCC5C4=CCC23)C1,1,0.005813277525869085
O=C(OCCCCCCOC(=O)C12CCCCC1C1=CCC3C4CCCCC4CCC3C1CC2)C1CCCCO1,1,0.005813277525869085
O=C1C=CC2(CC=CO2)CC1,1,0.005813277525869085
c1ccc(C2CC3CCC2C3)cc1,1,0.005813277525869085
O=C1CC(c2cccc(OCc3ccccc3)c2)Oc2cc(OC3OCCCC3OC3CCCCO3)ccc21,1,0.005813277525869085
c1ccc(C2=N[NH+](c3ccccc3)N(c3ccccc3)N2)cc1,1,0.005813277525869085
O=C(OC1CCC2C(CCC3C4CCC5CCCCC5C4=CCC23)C1)C1CCC(OC2CCCCO2)C(OC2CCCCO2)O1,1,0.005813277525869085
O=c1c(-c2ccccc2)coc2cc(OC3CCCCO3)c(OC3CCCCO3)cc12,1,0.005813277525869085
O=C1C=C2C(CCC3(C(=O)OC4CCCCO4)CCCCC23)C2CCC3CC(OC4OCCCC4OC4CCCCC4)CCC3C12,1,0.005813277525869085
O=C1C=C2C(CCC3(C(=O)OC4CCCCO4)CCCCC23)C2CCC3CC(OC4OCCCC4OC4CCCCO4)CCC3C12,1,0.005813277525869085
O=c1c(-c2ccccc2)coc2cccc(OC3OCCCC3OC3CCCCO3)c12,1,0.005813277525869085
O=c1cc(-c2cccc(OC3CCCCO3)c2)oc2c(C3CCCCO3)cccc12,1,0.005813277525869085
O=c1cc(-c2ccc(OC3CCCCO3)cc2)oc2c(C3OCCCC3OC3CCCCO3)cccc12,1,0.005813277525869085
O=c1cc(-c2ccc(OC3CCCCO3)cc2)oc2ccc(C3OCCCC3OC3CCCCO3)cc12,1,0.005813277525869085
O=c1cc(-c2cccc(OC3CCCCO3)c2)oc2ccc(C3CCCC(OC4CCCCO4)O3)cc12,1,0.005813277525869085
O=c1cc(-c2ccccc2)oc2c(C3CCCCO3)c(OC3CCCCO3)c(C3CCCCO3)cc12,1,0.005813277525869085
O=c1cc(-c2cccc(OC3CCCCO3)c2)oc2c(C3CCCCO3)cc(C3CCCCO3)cc12,1,0.005813277525869085
O=c1cc(-c2cccc(OC3CCCCO3)c2)oc2cc(OC3CCCC(COC4CCCCO4)O3)ccc12,1,0.005813277525869085
O=c1cc(-c2ccc(OC3OCCCC3OC3CCCCO3)cc2)oc2cc(OC3CCCCO3)ccc12,1,0.005813277525869085
O=C1CCOC(c2ccc3oc(-c4ccccc4)cc(=O)c3c2)C1OC1CCCCO1,1,0.005813277525869085
O=c1cc(-c2ccccc2)oc2cc(OC3OCC(OC4CCCCO4)CC3OC3CCCCO3)ccc12,1,0.005813277525869085
O=c1cc(-c2cccc(OC3CCC(OC4CCCCO4)CO3)c2)oc2ccccc12,1,0.005813277525869085
O=c1cc(-c2cccc(OC3CCCC(COC4CCCCO4)O3)c2)oc2ccc(C3CCCCO3)cc12,1,0.005813277525869085
O=c1cc(-c2cccc(OC3CCCCO3)c2)oc2ccc(OC3CCCCO3)cc12,1,0.005813277525869085
c1ncc2ncn(C3CCOC3)c2n1,1,0.005813277525869085
O=C(CCc1ccccc1)NCC(=O)NCC(=O)NCC(=O)NCC(=O)NCCc1ccccc1,1,0.005813277525869085
O=C(CCc1ccccc1)NCC(=O)NCC(=O)NCC(=O)NCC(=O)NCC(=O)NCCc1ccccc1,1,0.005813277525869085
O=c1cc(-c2ccccc2)oc2cc(OC3OCCC3OC3CCCCO3)ccc12,1,0.005813277525869085
C1CC2COOC3COC(C3)OC(C1)O2,1,0.005813277525869085
C1CCC(OC2CCC(C3CO3)O2)OC1,1,0.005813277525869085
C1CCC(OC2CC3OOC3O2)OC1,1,0.005813277525869085
O=C(CNC(=O)CNC(=O)CNC(=O)C1CCCN1)NCCc1ccccc1,1,0.005813277525869085
C=C1CC23CCC4C(C(=O)OC5CCCCO5)CCCC4C2CCC1(OC1OCCCC1OC1CC(OC2CCCCO2)CCO1)C3,1,0.005813277525869085
C1CCC(OC2CCCCO2)COC1,1,0.005813277525869085
C1CCC(OC2CCCC(OCC3CCCO3)OC2)OC1,1,0.005813277525869085
O=C(CCCCOC1CCCCO1)CC1C(=O)CC2C1CCC1C3CCC(OC4CC(OC5OCCCC5OC5CCCCO5)CCO4)CC3CCC12,1,0.005813277525869085
O=c1cc(-c2ccccc2)oc2cc(OCCOCC3CCCCO3)ccc12,1,0.005813277525869085
O=[PH]1OCOP(=O)(OCC2CCC(n3cnc4cncnc43)O2)O1,1,0.005813277525869085
c1ncc2nc(N3CCCCC3)n(C3CCCO3)c2n1,1,0.005813277525869085
O=C(C=Cc1ccc2c(c1)OCCO2)c1ccccc1,1,0.005813277525869085
O=C1CC(c2ccc3c(c2)OCCO3)Oc2ccccc21,1,0.005813277525869085
O=C1CC2C3CCC(OC4CCC(OC5OCCCC5OC5CCCCO5)CO4)CC3CCC2C2CC(OC3CCCCO3)CC12,1,0.005813277525869085
O=C1CC2C3CCC(OC4CCC(OC5OCCC(OC6CCCCO6)C5OC5CCCCO5)CO4)CC3CCC2C2CC(OC3CCCCO3)CC12,1,0.005813277525869085
O=C1CC2C3CCC(OC4CCC(OC5OCCCC5OC5CC(OC6CCCCO6)CCO5)CO4)CC3CCC2C2CC(OC3CCCCO3)CC12,1,0.005813277525869085
O=C(OC1CCCCO1)C12CCCCC1C1=CCC3C4CCC(OC5OCCCC5OC5CCCO5)CC4CCC3C1CC2,1,0.005813277525869085
O=C1CC(c2ccccc2)Oc2cc(OC3CCCC(COC4CCCCC4)O3)ccc21,1,0.005813277525869085
O=C1C=C2C3CCCCC3CCC2C2CCC3CC(OC4OCCCC4OC4CCCOC4)CCC3C12,1,0.005813277525869085
O=C(OC1CCC(OC2CCC(OC3CCCOC3)OC2)OC1)C12CCCCC1C1=CCC3C4CCC(OC5CCCCO5)CC4CCC3C1CC2,1,0.005813277525869085
C(=Cc1ccc(N=NC(=NNc2ccccc2)c2ccccc2)cc1)c1ccccc1,1,0.005813277525869085
c1ccc(N=Nc2ccc(N=NC(=NNc3ccccc3)c3ccccc3)cc2)cc1,1,0.005813277525869085
O=C1C=C2C3CCCCC3CCC2C2CCC3CC(OC4OCCCC4OCC4CCCCO4)CCC3C12,1,0.005813277525869085
c1coc(Cc2coc(Cc3ccco3)c2)c1,1,0.005813277525869085
O=P1(CC2CCC(n3cnc4cncnc43)O2)OCCCO1,1,0.005813277525869085
O=C(Cc1ccc(OC2CCCCO2)cc1)C(=O)c1ccccc1,1,0.005813277525869085
C1CCC(OC2(COCC3CO3)CCCO2)OC1,1,0.005813277525869085
C1CCC(OC2(COC3CO3)CCCO2)OC1,1,0.005813277525869085
O=c1c2ccccc2oc2cc(OC3OCCCC3OC3CCCCO3)ccc12,1,0.005813277525869085
C1CCCOCC2CCC(O2)OC2CCCC(COCC1)O2,1,0.005813277525869085
O=C1CC(c2ccccc2)Oc2ccc(OC3CCCCO3)cc21,1,0.005813277525869085
C1CCC(OCCOCOC2CCCOC2)OC1,1,0.005813277525869085
c1nc(NC2CCCC2)c2ncn(C3CCCO3)c2n1,1,0.005813277525869085
C1=C2C3CC(OC4CCCCO4)CCC3CCC2C2CCC3CC(OC4OCCCC4OC4CCCCO4)CCC3C2C1,1,0.005813277525869085
C12=C3C4C1=C1C2C3C14,1,0.005813277525869085
O=c1cc(-c2ccccc2)oc2cc(OC3CCCC(CC4CCCCO4)O3)ccc12,1,0.005813277525869085
O=[PH](OCC1CCCO1)OCC1CCC(n2cnc3cncnc32)O1,1,0.005813277525869085
[CH]1CCC(OC2CCCCO2)CO1,1,0.005813277525869085
C1CC2OCC1OC1CCC(CO1)O2,1,0.005813277525869085
[CH]1CCCC(OC2CCCO2)O1,1,0.005813277525869085
C1CCC(COOC2CCCCO2)OC1,1,0.005813277525869085
O=C1C=C2C3CCCCC3CCC2C2CCC3CC(OC4OCCCC4COCC4CCCCO4)CCC3C12,1,0.005813277525869085
C=C1CC23CCC4C(C(=O)OC5CCC(OC6CCCCO6)CO5)CCCC4C2CCC1(OC1OCCC(OC2CCCCO2)C1OC1CCC(OC2CCCCO2)CO1)C3,1,0.005813277525869085
O=C(OCC1CCCC(Oc2ccccc2C(=O)CCc2ccccc2)O1)c1ccccc1,1,0.005813277525869085
O=c1c(OC2CCCC(COCC3CCCCO3)O2)c(-c2ccccc2)oc2ccccc12,1,0.005813277525869085
O=C1C=C2C3CCCCC3CCC2C2CCC3CC(OCC4OCCCC4OC4CCCCO4)CCC3C12,1,0.005813277525869085
O=C(C=Cc1ccccc1)c1ccc(OC2CCCC(COC3CCCCC3)O2)cc1,1,0.005813277525869085
O=C(C=Cc1ccccc1)c1ccc2c(c1)OC1CCCOC1O2,1,0.005813277525869085
O=c1cc(-c2ccccc2)oc2cc(OC3CCC(COC4CCCCO4)CO3)ccc12,1,0.005813277525869085
O=[PH]1OCC2OC(Cn3cnc4cncnc43)CC2O1,1,0.005813277525869085
O=C1NS(=O)(=S)c2ccccc21,1,0.005813277525869085
c1ccc(OC2CCCCC2)cc1,1,0.005813277525869085
c1ccc(OCC2CC2)cc1,1,0.005813277525869085
c1ccc(OC2CCOCC2)cc1,1,0.005813277525869085
c1ccc(OC2CCC2)cc1,1,0.005813277525869085
O=c1cc(-c2ccc(OCC(OC3CCCCO3)c3ccccc3)cc2)oc2ccccc12,1,0.005813277525869085
O=c1cc(-c2ccc(OC(COC3CCCCO3)Cc3ccccc3)cc2)oc2ccccc12,1,0.005813277525869085
O=C1CC2C3CCC(CCCCOC4CCCCO4)C3CCC2C2CCC(OC3CCCC(COC4CCCCO4)O3)CC12,1,0.005813277525869085
O=C1CC2C3CC(OC4CCCCO4)CC3CCC2C2CCC(OC3CCCC(COC4CCCCO4)O3)CC12,1,0.005813277525869085
O=P1(OC2CCOC2n2cnc3cncnc32)O[B]O1,1,0.005813277525869085
C1CCC(OC2CCO2)OC1,1,0.005813277525869085
O=c1c(OC2CCCOC2)c(-c2ccccc2)oc2ccccc12,1,0.005813277525869085
O=c1cc(-c2cccc(OC3CCCOC3)c2)oc2ccccc12,1,0.005813277525869085
O=C1CC(c2ccccc2)Oc2cc(OC3CCCC(CC4CCCCO4)O3)ccc21,1,0.005813277525869085
O=c1cc(-c2ccccc2)oc2cc(OC3CCCCO3)cc(OC3CC(CC=Cc4ccccc4)CCO3)c12,1,0.005813277525869085
O=P1(OCC2CCC(n3cnc4cncnc43)O2)O[B]O1,1,0.005813277525869085
O=P1(OCC2CCC(n3cnc4cncnc43)O2)OSO1,1,0.005813277525869085
c1ccc(CCNC2CCC2)cc1,1,0.005813277525869085
C1CCC(COC2CCOCC2)OC1,1,0.005813277525869085
O=C1CC(c2cccc(OC3CCCC(COC4CCCCO4)O3)c2)Oc2ccccc21,1,0.005813277525869085
C1CCC(OCCOCCOCCOC2CCCCO2)OC1,1,0.005813277525869085
O=C1CC(c2ccccc2)Oc2cc(OC3CCC(COC4CCCCO4)CO3)ccc21,1,0.005813277525869085
O=c1cc(-c2ccccc2)oc2cc(OC3CCCC(OC4CCCCO4)O3)ccc12,1,0.005813277525869085
C=C1CC23CCC4CCCCC4C2CCC1(OC1CC(OC2OCCCC2OC2CCCCO2)CCO1)C3,1,0.005813277525869085
C=C1CC23CCC4C(C(=O)OC5CC(OC6CCCCO6)CCO5)CCCC4C2CCC1(OC1OCCCC1OC1CCCCO1)C3,1,0.005813277525869085
O=C1CC(c2ccccc2)Oc2cc(OC3CCC(OCC4CCCCO4)C(COC4CCCCO4)O3)ccc21,1,0.005813277525869085
O=C(CCCCOC1CCCCO1)CC1CCC2C1CCC1C3CCC(OC4OCCCC4OC4CCCCO4)CC3CCC21,1,0.005813277525869085
O=C(OC1CCCC(COC2CCCCO2)O1)C12CCCCC1C1=CCC3C4CCC(OC5CCCCO5)CC4CCC3C1CC2,1,0.005813277525869085
O=C1Oc2ccccc2C2CC12,1,0.005813277525869085
O=c1cc(-c2ccccc2)oc2cc(OC3OC(COC4CCCCO4)CCC3OC3OCCCC3OC3CCCCO3)ccc12,1,0.005813277525869085
O=C(CCCCOC1CCCCO1)CC1CCC2C1CCC1C3CCC(OC4CCCC(COC5CCCCO5)O4)CC3C(=O)CC21,1,0.005813277525869085
O=c1cc(-c2ccc(OCC3CCCCO3)cc2)oc2ccccc12,1,0.005813277525869085
O=C(C(=O)c1ccc(OC2CCCC(COC3CCCCO3)O2)cc1)c1ccccc1,1,0.005813277525869085
O=C(C(=O)c1ccc(OC2CCCC(COC3CCCO3)O2)cc1)c1ccccc1,1,0.005813277525869085
C1=C2C3CCCCC3CCC2C2CCC3CC(OC4CCC(OC5CCC(COC6CCCCO6)O5)CO4)CCC3C2C1,1,0.005813277525869085
O=[PH](OCC1CCC(n2cnc3cncnc32)O1)O[PH](=O)OC1CCCC1,1,0.005813277525869085
O=C1C=C2C3CCCC(OC4CCCCO4)C3CCC2C2CCC3CC(OC4OCCCC4OC4OCCCC4OC4CCCCO4)CCC3C12,1,0.005813277525869085
O=C1C=C2C3CCCC(OC4CCCCO4)C3CCC2C2CCC3CC(OC4CCC(OC5CCCCO5)CO4)CCC3C12,1,0.005813277525869085
C=C1CC23CCC4C(C(=O)OC5OCC(OC6CCCCO6)CC5OC5CCCCO5)CCCC4C2CCC1(OC1OCCC(OC2CCCCO2)C1OC1CCCCO1)C3,1,0.005813277525869085
O=C1OC2CC1CC1C3=CC(=O)C4C5CCC(OC6OCCCC6OC6OCCCC6OC6CCCCO6)CC5CCC4C3CCC21,1,0.005813277525869085
O=[PH](NCC1CO1)OCC1CCC(n2cnc3cncnc32)O1,1,0.005813277525869085
C=C1CC23CCC4C(C(=O)OC5CCCCO5)CCCC4C2CCC1(OC1OCCCC1OC1CCCC(COC2CCCCO2)O1)C3,1,0.005813277525869085
C=C1CC23CCC4C(C(=O)OC5CCCCO5)CCCC4C2CCC1(OC1OCCC(OC2CCCCO2)C1OC1CC(OC2CCCCO2)CCO1)C3,1,0.005813277525869085
C=C1CC23CCC4C(C(=O)OC5CCC(OC6OCCCC6OC6CCCCO6)CO5)CCCC4C2CCC1(OC1OCCCC1OC1CCCCO1)C3,1,0.005813277525869085
C=C1CC23CCC4C(C(=O)OC5CCCCO5)CCCC4C2CCC1(OC1OCCC(OC2CCC(OC4CCCCO4)CO2)C1OC1CCCCO1)C3,1,0.005813277525869085
O=[PH]1O[B]OP(=O)(OCC2CCC(n3cnc4cncnc43)O2)O[PH](=O)O1,1,0.005813277525869085
C=C1CC23CCC4C(C(=O)OC5CCCCO5)CCCC4C2CCC1(OC1OCCC(OC2CCCO2)C1OC1CCCCO1)C3,1,0.005813277525869085
C1COC(OC2CCCC(COCC3CO3)O2)C1,1,0.005813277525869085
C1COC(OC2CCCC(COC3CO3)O2)C1,1,0.005813277525869085
O=[PH](OCC1CCC(n2cnc3cncnc32)O1)OP1(=O)OCO1,1,0.005813277525869085
O=[PH](OCC1CCC(n2cnc3cncnc32)O1)OP1(=O)O[PH](=O)O1,1,0.005813277525869085
C1CCC(OCCOOC2CCCCO2)OC1,1,0.005813277525869085
O=C(OC1CCCOC1OC1CCC2C(CCC3C4CCC5CCCCC5C4=CCC23)C1)C1CCCCO1,1,0.005813277525869085
O=c1c(CC2CCCC(COC3CCCCO3)O2)c(-c2ccccc2)oc2ccccc12,1,0.005813277525869085
O=[PH](OCC1CCCO1)O[PH](=O)O[PH](=O)O[PH](=O)OCC1CCC(n2cnc3cncnc32)O1,1,0.005813277525869085
C1CCC(OC2CCC(OC3CCC4C(CCC5C4CC(OC4CCC(OC6CCCCO6)CO4)C4CCCC45)C3)OC2)OC1,1,0.005813277525869085
C=C1CC23CCC4C(C(=O)OC5CCCCO5)CCCC4C2CCC1(OC1OCCC(OC2CCCCO2)C1OC1CC(C2CCCCO2)CCO1)C3,1,0.005813277525869085
O=C1CC(c2ccccc2)Oc2cc(OC3CCCC(COCCC4CCCC4)O3)ccc21,1,0.005813277525869085
C1CC2COCCOCCOCCOCCOCCOC(C1)O2,1,0.005813277525869085
C=C1CC23CCC4C(C(=O)OC5CCCCO5)CCCC4C2CCC1(OC1CCCC(OC2CCCCO2)C1OC1CCCCO1)C3,1,0.005813277525869085
C=C1CC23CCC4C(C(=O)OC5OCCCC5OC5CCCCO5)CCCC4C2CCC1(OCC1OCCC(COCC2CCCCO2)C1OC1CCCCO1)C3,1,0.005813277525869085
C=C1CC23CCC4C(C(=O)OC5OCCC(OC6CCCCO6)C5OCCCOC5CCCCO5)CCCC4C2CCC1(OC1OCCC(OC2CCCCO2)C1OC1CCCCO1)C3,1,0.005813277525869085
C=C1CC23CCC4C(C(=O)OC5CCCCO5)CCCC4C2CCC1(OCC1OCCCC1OC1CCC(COCC2CCCCO2)CO1)C3,1,0.005813277525869085
O=c1cc(-c2ccccc2)oc2cc(OC3OCCCC3C3CCCCO3)ccc12,1,0.005813277525869085
O=c1c(OC2CCCC(CCC3CCCCO3)O2)c(-c2ccccc2)oc2ccccc12,1,0.005813277525869085
O=[PH](OCC1CCC(n2cnc3cncnc32)O1)OC1CCOC1,1,0.005813277525869085
O=c1c(OC2CCCCO2)c(-c2ccccc2)oc2cccc(OC3CCCCO3)c12,1,0.005813277525869085
O=C1CC(c2cccc(OOC3CCCCO3)c2)Oc2ccccc21,1,0.005813277525869085
O=c1cc(-c2ccc(OOC3CCCCO3)cc2)oc2ccccc12,1,0.005813277525869085
O=C1CCCOC1OC1CCOC(OC2CCC3C(CCC4C5CCC6CCCCC6C5=CCC34)C2)C1,1,0.005813277525869085
O=[PH]1OCC2OC(n3cnc4cncnc43)CC2O[PH](=O)O1,1,0.005813277525869085
O=C1CC(c2ccccc2)Oc2cc(OC3CCCC(OCC4CCCCO4)O3)ccc21,1,0.005813277525869085
O=c1cc(-c2ccccc2)oc2cc(OC3CCCC(OCC4CCCCO4)O3)ccc12,1,0.005813277525869085
O=c1cc(-c2ccccc2)oc2cccc(C3CCC(OC4CCCCO4)CO3)c12,1,0.005813277525869085
C1CCC(O[C]2CCCOC2)OC1,1,0.005813277525869085
[CH]1CCC(OC2CCCO2)CO1,1,0.005813277525869085
[CH]1CCC(OC2CCCCO2)O1,1,0.005813277525869085
[CH]1CCCC(OC2CCCOC2)O1,1,0.005813277525869085
[CH]1OCCCC1OC1CCCCO1,1,0.005813277525869085
O=C(CCc1ccccc1)c1ccc(OC2OC(COC3CCC(OC4CCCCO4)CO3)CCC2OC2CCCCO2)cc1,1,0.005813277525869085
O=C(CCc1ccccc1)c1ccc(OC2OC(COC3CCCCO3)CCC2OC2CCCCO2)cc1,1,0.005813277525869085
O=C(CCc1ccccc1)c1ccc(OC2OC(COC3CCC(OC4CCC(OC5CCCCO5)CO4)CO3)CCC2OC2CCCCO2)cc1,1,0.005813277525869085
O=C1C=C2C3CCCCC3CCC2C2CCC3CC(OC4OCCCC4OOC4CCCCO4)CCC3C12,1,0.005813277525869085
O=C(CC12CCCCC1C1=CCC3C4CCC(OC5CCCCO5)CC4CCC3C1CC2)OC1CCCCO1,1,0.005813277525869085
[CH]1CCOC(OC2CCCO2)C1,1,0.005813277525869085
O=[PH]1OC2COC(n3cnc4cncnc43)C2O[PH](=O)O1,1,0.005813277525869085
O=c1c2ccccc2oc2cccc(OC3CCC(OC4CCCCO4)CO3)c12,1,0.005813277525869085
c1ncc2ncn(C3OCC4OPOC43)c2n1,1,0.005813277525869085
O=c1cc(-c2ccc(OCCc3ccccc3)cc2)oc2cc(OC3CCCCO3)ccc12,1,0.005813277525869085
O=C(CNCCc1ccccc1)NCCc1ccccc1,1,0.005813277525869085
O=C(CNCCCC1CCCCC1)NCCc1ccccc1,1,0.005813277525869085
C1=C2C3CCCCC3CCC2C2CCC3CC(C4OCCCC4OC4OCCCC4OC4CCCCO4)CCC3C2C1,1,0.005813277525869085
O=c1cc(-c2ccc(OC3CCCC(COC4CCCCO4)O3)c(OC3CCCCO3)c2)oc2ccccc12,1,0.005813277525869085
C1=C2C3CC(COC4CCCCO4)CCC3CCC2C2CCC3CC(OC4CC(OC5CCCCO5)CCO4)CCC3C2C1,1,0.005813277525869085
O=C1C=C2C(CCC3(C(=O)OC4CCCCO4)CCCCC23)C2CCC3CC(OC4OCCC(OC5CCCCO5)C4OC4CCCCO4)CCC3C12,1,0.005813277525869085
O=C(OCc1ccccc1OC1CCCCO1)c1ccc(OC2CCCCO2)cc1,1,0.005813277525869085
O=c1cc(-c2ccc(OCCCc3ccccc3)cc2)oc2cc(OC3CCCCO3)ccc12,1,0.005813277525869085
O=C1CC(c2ccccc2)Oc2cc(OC3CCCCO3)cc(OC3CCCCO3)c21,1,0.005813277525869085
C1=C2C(CCC3CCCC(OC4CCCCO4)C23)C2CCC3CC(OC4CCCCO4)CCC3C2C1,1,0.005813277525869085
O=C1CC2C(=CCC3C4CCC(OC5OCC(OC6CCCCO6)CC5OC5CCCCO5)CC4CCC23)C2CCCCC12,1,0.005813277525869085
C1CCC(COC2CCOC2)OC1,1,0.005813277525869085
C1CCC(OCCCC2CCCO2)OC1,1,0.005813277525869085
C1=C2C3CCCCC3CCC2C2CCC3CC(OC4CCC(OC5CCCC(COC6CCCCO6)O5)CO4)CCC3C2C1,1,0.005813277525869085
O=C(OC1CCCCO1)C12CCC=CC1C1=CCC3C4CCC(OC5CCCCO5)CC4CCC3C1CC2,1,0.005813277525869085
C=C1CCCC2(C(=O)OC3CCCCO3)CCC3C(=CCC4C5CCC(OC6CCCCO6)CC5CCC34)C12,1,0.005813277525869085
C1=C2C3CCCCC3CCC2C2CCC3CC(OC4CC(OC5CCC(OC6CCCCO6)CO5)CCO4)CCC3C2C1,1,0.005813277525869085
C=C1CC23CCC4C(C(=O)OC5CCC(OC6CCCCO6)CO5)CCCC4C2CCC1(OC1CCCCO1)C3,1,0.005813277525869085
C=C1CC23CCC4C(C(=O)OC5CCC(OC6CCC(OC7CCC(OC8CCCCO8)CO7)CO6)CO5)CCCC4C2CCC1(OC1CCCCO1)C3,1,0.005813277525869085
C=C1CC23CCC4C(C(=O)OC5CCCCO5)CCCC4C2CCC1(OC1CCC(OC2CCC(OC4CCC(OC5CCC(OC6CCCCO6)CO5)CO4)CO2)CO1)C3,1,0.005813277525869085
C=C1CC23CCC4C(C(=O)OC5CCC(OC6CCCCO6)CO5)CCCC4C2CCC1(OC1CCC(OC2CCC(OC4CCC(OC5CCCCO5)CO4)CO2)CO1)C3,1,0.005813277525869085
C=C1CC23CCC4C(C(=O)OC5CCC(OC6CCC(OC7CCCCO7)CO6)CO5)CCCC4C2CCC1(OC1CCC(OC2CCC(OC4CCCCO4)CO2)CO1)C3,1,0.005813277525869085
C=C1CC23CCC4C(C(=O)OC5CCC(OC6CCC(OC7CCC(OC8CCCCO8)CO7)CO6)CO5)CCCC4C2CCC1(OC1CCC(OC2CCCCO2)CO1)C3,1,0.005813277525869085
C=C1CC23CCC4C(C(=O)OC5CCC(OC6CCC(OC7CCC(OC8CCC(OC9CCCCO9)CO8)CO7)CO6)CO5)CCCC4C2CCC1(OC1CCCCO1)C3,1,0.005813277525869085
C=C1CC23CCC4CCCCC4C2CCC1(OC1CCC(OC2CCCCO2)CO1)C3,1,0.005813277525869085
C=C1CC23CCC4CCCCC4C2CCC1(OC1CCC(OC2CCC(OC4CCCCO4)CO2)CO1)C3,1,0.005813277525869085
C=C1CC23CCC4CCCCC4C2CCC1(OC1CCC(OC2CCC(OC4CCC(OC5CCCCO5)CO4)CO2)CO1)C3,1,0.005813277525869085
C=C1CC23CCC4CCCCC4C2CCC1(OC1CCC(OC2CCC(OC4CCC(OC5CCC(OC6CCCCO6)CO5)CO4)CO2)CO1)C3,1,0.005813277525869085
C=C1CC23CCC4C(C(=O)OC5CCCCO5)CCCC4C2CCC1(OC1CCC(OC2CCCCO2)CO1)C3,1,0.005813277525869085
C=C1CC23CCC4C(C(=O)OC5CCCCO5)CCCC4C2CCC1(OC1CCC(OC2CCC(OC4CCCCO4)CO2)CO1)C3,1,0.005813277525869085
C=C1CC23CCC4C(C(=O)OC5CCC(OC6CCC(OC7CCCCO7)CO6)CO5)CCCC4C2CCC1(OC1CCCCO1)C3,1,0.005813277525869085
C=C1CC23CCC4C(C(=O)OC5CCC(OC6CCCCO6)CO5)CCCC4C2CCC1(OC1CCC(OC2CCCCO2)CO1)C3,1,0.005813277525869085
C=C1CC23CCC4C(C(=O)OC5CCCCO5)CCCC4C2CCC1(OC1CCC(OC2CCC(OC4CCC(OC5CCCCO5)CO4)CO2)CO1)C3,1,0.005813277525869085
C=C1CC23CCC4C(C(=O)OC5CCC(OC6CCCCO6)CO5)CCCC4C2CCC1(OC1CCC(OC2CCC(OC4CCCCO4)CO2)CO1)C3,1,0.005813277525869085
C=C1CC23CCC4C(C(=O)OC5CCC(OC6CCC(OC7CCCCO7)CO6)CO5)CCCC4C2CCC1(OC1CCC(OC2CCCCO2)CO1)C3,1,0.005813277525869085
O=C(OC1CCCCO1)C1CCCC(OC2CCC3C(CCC4C5CCC6CCCCC6C5=CCC34)C2)O1,1,0.005813277525869085
C=C1CC23CCC4C(C(=O)OC5CCCC(COC6CCCO6)O5)CCCC4C2CCC1(OC1OCCC(OC2CCCCO2)C1OC1CCCCO1)C3,1,0.005813277525869085
C=C1CC23CCC4C(C(=O)OC5CCCCO5)CCCC4C2CCC1(OC1OCCCC1OC1CCC(OC2CCC(OC4CCCCO4)CO2)CO1)C3,1,0.005813277525869085
C=C1CC23CCC4C(C(=O)OC5CCC(OC6CCC(OC7CCCCO7)CO6)CO5)CCCC4C2CCC1(OC1OCCCC1OC1CCCCO1)C3,1,0.005813277525869085
C=C1CC23CCC4CCCCC4C2CCC1(OC1OCCCC1OC1CCCC(COC2CCCCO2)O1)C3,1,0.005813277525869085
C=C1CC23CCC4CCCCC4C2CCC1(OC1OCCCC1OC1CC(OC2CCCCO2)CCO1)C3,1,0.005813277525869085
C=C1CC23CCC4C(C(=O)OC5CCC(OC6CCCCO6)CO5)CCCC4C2CCC1(OC1OCCCC1OC1CCCCO1)C3,1,0.005813277525869085
C=C1CC23CCC4C(C(=O)OC5CCC(OC6CCCCO6)CO5)CCCC4C2CCC1(OC1OCCCC1OC1CCC(OC2CCCCO2)CO1)C3,1,0.005813277525869085
C=C1CC23CCC4C(C(=O)OC5CCCCO5)CCCC4C2CCC1(OC1OCCCC1OC1CCC(OC2CCC(OC4CCC(OC5CCCCO5)CO4)CO2)CO1)C3,1,0.005813277525869085
C=C1CC23CCC4C(C(=O)OC5CCC(OC6CCCCO6)CO5)CCCC4C2CCC1(OC1OCCCC1OC1CCC(OC2CCC(OC4CCCCO4)CO2)CO1)C3,1,0.005813277525869085
C=C1CC23CCC4C(C(=O)OC5CCC(OC6CCC(OC7CCCCO7)CO6)CO5)CCCC4C2CCC1(OC1OCCCC1OC1CCC(OC2CCCCO2)CO1)C3,1,0.005813277525869085
C=C1CC23CCC4C(C(=O)OC5CCC(OC6CCC(OC7CCC(OC8CCCCO8)CO7)CO6)CO5)CCCC4C2CCC1(OC1OCCCC1OC1CCCCO1)C3,1,0.005813277525869085
O=C(OC1CC(OOC2CCCCO2)CCO1)C12CCCCC1C1=CCC3C4CCCCC4CCC3C1CC2,1,0.005813277525869085
C1=C2C3CCCCC3CCC2C2CCC3CC(OC4CCC(OC5OCCCC5OC5CCCCO5)CO4)CCC3C2C1,1,0.005813277525869085
O=C(OC1CCCCO1)C12CCCCC1C1=CCC3C4CCC(OC5OCCC(OCC6CCCCO6)C5OC5CCCCO5)CC4CCC3C1CC2,1,0.005813277525869085
C1CCC(OCC2CCC(OC3CCCCO3)C(OC3CCC4C(CCC5C6CCCC6CCC45)C3)O2)OC1,1,0.005813277525869085
C1=C2C3CCCCC3CCC2C2CCC3CC(OC4OCCCC4OC4CCCCO4)CCC3C2=C1,1,0.005813277525869085
O=C1CC(c2cccc(OC3OCCCC3OC3CCCCO3)c2)Oc2ccccc21,1,0.005813277525869085
C=C1CC23CCC4C(C(=O)OC5CCCCO5)CCCC4C2CCC1(OC1OC(COC2CCCCO2)CCC1OC1CCCC(COC2CCCCO2)O1)C3,1,0.005813277525869085
C=C1CC23CCC4C(C(=O)OC5CCCC(COC6CCCO6)O5)CCCC4C2CCC1(OC1OCCCC1OC1CCCCO1)C3,1,0.005813277525869085
O=[PH](OCC1CCC(n2cnc3cncnc32)O1)N1CCCCC1,1,0.005813277525869085
O=C1CC(c2ccccc2)Oc2cc(OC3CCC(OC4CCC(OC5CCCCO5)CO4)C(COC4CCCCO4)O3)ccc21,1,0.005813277525869085
O=C(CCc1ccccc1)c1ccccc1OC1OCCCC1OC1CCCCO1,1,0.005813277525869085
O=c1c(-c2ccccc2)coc2c(C3CCCC(COC4CCCCO4)O3)cccc12,1,0.005813277525869085
O=C(CCCCOC1CCCCO1)CC1CCC2C1CCC1C3CCC(OC4CCCCO4)CC3C(=O)CC21,1,0.005813277525869085
C1CCC(OC2CCOC(OC3CCC(OC4CCC5C(CCC6C7CCCC7CCC56)C4)OC3)C2OC2CCCCO2)OC1,1,0.005813277525869085
O=c1cc(-c2ccccc2)oc2cc(C3OCCCC3OC3CCCCO3)ccc12,1,0.005813277525869085
O=C(CCc1ccccc1)c1cc(OC2CCCCO2)cc(OC2CCCCO2)c1,1,0.005813277525869085
O=C1C=C2C3CCCCC3CCC2C2CCC3CC(C4OCCCC4OC4CCCCO4)CCC3C12,1,0.005813277525869085
O=C1C=C2C3CCCC(C4CCCCO4)C3CCC2C2CCC3CC(C4OCCCC4OC4CCCCO4)CCC3C12,1,0.005813277525869085
O=c1c(-c2ccccc2)coc2c(OC3CCCC(COC4CCCO4)O3)cccc12,1,0.005813277525869085
O=C1CC2C3CCC(OC4OCCC(OC5CCCCO5)C4OC4CCCCO4)CC3CCC2C2CCC(C3CCCO3)C12,1,0.005813277525869085
O=C1CC2C3CCC(OC4OCCC(OC5CCCCO5)C4OC4CCCCO4)CC3CCC2C2CCCC12,1,0.005813277525869085
C1COCCOC2CCC(OCCOCCO1)OC2,1,0.005813277525869085
C1COCCOCCOCCOC2CCC(CO2)OCCOCCOCCO1,1,0.005813277525869085
C1=C2C3CCCCC3CCC2C2CCC3CC(OC4CCC(OC5CCC(OC6CCCCO6)CO5)CO4)CCC3C2C1,1,0.005813277525869085
O=C1CC2C3CCCC3CCC2C2CCC(OC3CCC(OC4CCCCO4)CO3)CC12,1,0.005813277525869085
O=C1c2ccccc2OC(c2cccc(OC3CCCCO3)c2)C1OC1CCCCO1,1,0.005813277525869085
O=C(OC1CC(OC2CCCCO2)CCO1)C12CCCCC1C1=CCC3C4CCC(OC5CCC(OC6CCCCO6)CO5)CC4CCC3C1CC2,1,0.005813277525869085
O=C(OC1CCCC(COC2CCCCO2)O1)C1CCC2CCC3C(=CCC4C5CCC(OC6OCCCC6OC6CCCCO6)CC5CCC34)C2C1,1,0.005813277525869085
O=c1cc(-c2ccccc2)oc2ccc(OC3CC(OC4CCCCO4)CCO3)cc12,1,0.005813277525869085
O=c1cc(-c2ccccc2)oc2c(OC3CC(OC4CCCCO4)CCO3)cccc12,1,0.005813277525869085
C1=C2C3CCCCC3CCC2C2CCC3C(COC4CCCCO4)C(OC4CCCCO4)CCC3C2C1,1,0.005813277525869085
C(CCOC1CCCOC1)COC1CCCOC1,1,0.005813277525869085
C1COC2OCCOC3OCCCC3OCCOC2C1,1,0.005813277525869085
O=c1c(-c2ccccc2OC2CCCCO2)coc2ccccc12,1,0.005813277525869085
O=C(OC1OCCCC1OC1CCCCO1)C12CCCCC1C1=CCC3C4CCCCC4CCC3C1CC2,1,0.005813277525869085
O=c1cc(-c2ccccc2)oc2c(OC3CCC(OC4CCCCO4)CO3)cccc12,1,0.005813277525869085
O=c1cc(-c2ccc(OC3CCCC(COC4CCCO4)O3)cc2)oc2ccccc12,1,0.005813277525869085
O=c1c(OC2CCCCO2)c(-c2ccccc2)oc2ccc(C3CCCCO3)cc12,1,0.005813277525869085
C1CCC(OCCOCCOCCOCCOC2CCCCO2)OC1,1,0.005813277525869085
O=C(OC1CCC(OC2CCCCO2)CO1)C12CCCCC1C1=CCC3C4CCC(OC5OCCCC5OC5CCCCO5)CC4CCC3C1CC2,1,0.005813277525869085
O=C(c1ccccc1)c1cc(OC2CCCCO2)cc(OC2CCCCO2)c1,1,0.005813277525869085
[c]1nc2cncnc2n1C1CCCO1,1,0.005813277525869085
O=c1c(C2CCCC(COC3CC(OC4CCCCO4)CCO3)O2)c(-c2ccccc2)oc2ccccc12,1,0.005813277525869085
O=c1cc(-c2cccc(C3OCCCC3OC3CCCCO3)c2)oc2ccccc12,1,0.005813277525869085
O=C1CC(c2ccccc2)Oc2cc(OC3OCCC3OC3CCCCO3)ccc21,1,0.005813277525869085
C1CC2COC3CCCC(COC(C1)O2)O3,1,0.005813277525869085
[CH]1CCCOC1OC1CCCO1,1,0.005813277525869085
O=C1CC(c2ccc(OC3CCCCO3)cc2)Oc2cc(OC3CCCC(COC4CCCCO4)O3)ccc21,1,0.005813277525869085
O=c1cc(-c2ccccc2)oc2ccc(C3CC(OC4CCCCO4)CCO3)cc12,1,0.005813277525869085
O=C(OC1CCCCO1)C12CCCCC1C1=CCC3C4CCC(C5CC(OC6CC(OC7CCCCO7)CCO6)CCO5)CC4CCC3C1CC2,1,0.005813277525869085
O=C(CCCCOC1CCCC(COC2CCCCO2)O1)CC1C(=O)CC2C1CCC1C3CCC(OC4CCC(OC5OCCC(OC6CCCCO6)C5OC5CCCCO5)CO4)CC3CCC12,1,0.005813277525869085
O=c1cc(-c2ccccc2)oc2cc(OC3CCC(OC4CCCO4)CO3)ccc12,1,0.005813277525869085
O=c1cc(-c2ccccc2)oc2cccc(OC3CCC(OC4CCCCO4)CO3)c12,1,0.005813277525869085
O=C1C=C2C3CCCC(OC4CCCCO4)C3CCC2C2CCC3CC(OC4OCCCC4OC4CC(OC5CCCCO5)CCO4)CCC3C12,1,0.005813277525869085
O=C1CCCC2C3=CCC4C5CCC(OC6CCC(OC7CCC(OC8CCCCO8)CO7)CO6)CC5CCC4C3CCC12,1,0.005813277525869085
c1ccc(OCCC2CC2)cc1,1,0.005813277525869085
C=C1CC23CCC4C(C(=O)OC5CCCCO5)CCCC45CC(CC1(OC1OCCC(OC4CCCCO4)C1OC1CCCCO1)C2)C35,1,0.005813277525869085
C=C1CC23CCC4C(C(=O)OC5CCC(OC6CCCCO6)CO5)CCCC4C2CCC1(OC1OCCC(OC2CCC(OC4CCCCO4)CO2)C1OC1CCCCO1)C3,1,0.005813277525869085
C=C1CC23CCC4C(C(=O)OC5CCC(OC6CCCC(COC7CCCC(COC8CCCCO8)O7)O6)CO5)CCCC4C2CCC1(OC1OCCCC1OC1CCCCO1)C3,1,0.005813277525869085
C=C1CC23CCC4C(C(=O)OC5CCCCO5)CCCC4C2CCC1(OC1OCCC(OC2CCCCC2)C1OC1CCCCO1)C3,1,0.005813277525869085
O=[PH]1COC2CC(n3cnc4cncnc43)OC2CO1,1,0.005813277525869085
C=C1CC23CCC4C(C(=O)OC5OC(COC6CCCCO6)CCC5OC5CCCCO5)CCCC4C2CCC1(OC1OCCC(OC2CCCCO2)C1OC1CCCCO1)C3,1,0.005813277525869085
C1CCC(OCCC2COCO2)OC1,1,0.005813277525869085
C=C1CC23CCC4C(C(=O)OC5CCCCO5)CCCC4C2CCC1(OCC1CCCCO1)C3,1,0.005813277525869085
O=C(CCc1ccccc1)c1ccc(OC2OCCCC2OC2CCCCC2)cc1,1,0.005813277525869085
O=C1CC(c2ccccc2)Oc2cc(OC3OCCCC3OC3CCCCC3)ccc21,1,0.005813277525869085
O=C(CCc1ccccc1)c1ccc(OC2OCCCC2OC2CCC3CC3C2)cc1,1,0.005813277525869085
[CH]1[CH]O[CH]CC1,1,0.005813277525869085
O=C1CC(c2ccccc2)Oc2cc(OC3CC=CC(COC4CCCCO4)O3)ccc21,1,0.005813277525869085
C=C1CC23CCC4C(C(=O)OC5OCCC(OC6CCCCO6)C5OCCCOC5CCCCO5)CCCC4C2CCC1(OC1OCCCC1OC1CCCCO1)C3,1,0.005813277525869085
O=C(CCc1ccccc1)c1ccccc1OC1CCCC(COC2CCCCO2)O1,1,0.005813277525869085
C=C1CC23CCC4C(C(=O)OC5CCCCO5)CCCC4C2CCC1(OC1OCCC(OC2CCCCO2)C1OC1CCCCC1)C3,1,0.005813277525869085
C=C1CC23CCC4C(C(=O)OC5OCCCC5OC5CCCCO5)CCCC4C2CCC1(OC1CC(OC2CCCCO2)CCO1)C3,1,0.005813277525869085
C=C1CC23CCC4C(C(=O)OC5OCCC(OC6CCCCO6)C5OC5CCCCO5)CCCC4C2CCC1(OC1CC(OC2CCCCO2)CCO1)C3,1,0.005813277525869085
C=C1CC23CCC4CCCCC4C2CCC1(OC1OCCC(OC2CCCCO2)C1OC1CC(OC2CCCCO2)CCO1)C3,1,0.005813277525869085
C=C1CC23CCC4C(C(=O)OC5OCCCC5OC5CCCCO5)CCCC4C2CCC1(OC1OC(COC2CCCCO2)CC(OC2CCCCO2)C1OC1CCCCO1)C3,1,0.005813277525869085
C=C1CC23CC1(OC1OCCC(OC4CCCCO4)C1OC1CCCCO1)CCC2C1CCCCC1CC3C1OCCC(OC2CCCCO2)C1OC1CCCCO1,1,0.005813277525869085
C=C1CC23CCC4C(C(=O)OC5OCCC(OC6CCCCO6)C5OC5CCCCO5)CCCC4C2CCC1C3,1,0.005813277525869085
C=C1CCC2CCCCC2C1CCC1=CCOC1=O,1,0.005813277525869085
O=c1c2cccc(OC3CCCCO3)c2nc2n1CCc1c-2[nH]c2ccccc12,1,0.005813277525869085
C=C1C(=O)OC2C1CCC=CCCC1OC12,1,0.005813277525869085
C=C1C(=O)OC2C1CCCC1C=CC(=O)C12,1,0.005813277525869085
C=C1CCC2C(=C)C(=O)OC2C=CCCC1=O,1,0.005813277525869085
c1ccc2c(c1)CC1NCCc3cccc-2c31,1,0.005813277525869085
O=C(OC1CC2CCC(C1)N2)C1CCC(C(=O)OC2CC3CCC(C2)N3)(c2ccccc2)c2ccccc21,1,0.005813277525869085
C=C1C=CC2(CCCCO2)O1,1,0.005813277525869085
c1ccc2c(c1)CC1c3cc4c(cc3CCN1C2)OCO4,1,0.005813277525869085
O=C1c2ccccc2C(C2CCCCO2)c2ccccc21,1,0.005813277525869085
O=C1NCCc2ccccc21,1,0.005813277525869085
O=C(C=CC=CC=CC=CC=CC=CC=CC(=O)OC1CCCC(COC2CCCCO2)O1)OC1CCCC(COC2CCCCO2)O1,1,0.005813277525869085
O=C(C=CC1C=CC=CC1)NCCc1ccccc1,1,0.005813277525869085
C=C1CC23CC1CCC2C12C=CCC(C(=O)O1)C2C3,1,0.005813277525869085
N=C(CCc1ccccc1)SC1CCCCO1,1,0.005813277525869085
O=c1ccc2c3ccc(=O)c4cc5cccc6c7cccc8cc1c2c(c87)c(c56)c43,1,0.005813277525869085
C=C1C(=O)OC2CC=CCCC3=CC(OC3=O)C12,1,0.005813277525869085
O=C1OCC=C1C1CC2C(CCC3CCCCC32)O1,1,0.005813277525869085
O=c1cc(-c2ccccc2)oc2c(C3CCCCO3)cc(C3CCCCO3)cc12,1,0.005813277525869085
O=c1cc(-c2ccccc2)oc2c1ccc1occc12,1,0.005813277525869085
O=C1C=C2CCCC3C4C(=O)C=CCC4CC(O1)C23,1,0.005813277525869085
C1=CCC(OC2CCCCO2)CC1,1,0.005813277525869085
O=C1OCC2Cc3cc4c(cc3C(c3ccccc3)C12)OCO4,1,0.005813277525869085
C1=C2CCC3CCCCC3C2CCC1,1,0.005813277525869085
C=C1CCCC(=O)OCC2CCN3CCC(OC1=O)C23,1,0.005813277525869085
C1CCN2CC3C(CCC4C3CC35OC6CCCC3C6CCC45)CC2C1,1,0.005813277525869085
O=c1cc(-c2ccc3c(c2)OCO3)[nH]c2ccccc12,1,0.005813277525869085
O=c1c2ccccc2nc2n1CCc1c-2[nH]c2ccccc12,1,0.005813277525869085
C1=CC2Oc3cccc4c3C23CCNC(C4)C3=C1,1,0.005813277525869085
O=S(OC1CCCCC1)c1ccccc1,1,0.005813277525869085
c1nnn[nH]1,1,0.005813277525869085
c1ccc2[nH+]cccc2c1,1,0.005813277525869085
C1=Nc2cncnc2NC1,1,0.005813277525869085
c1ccc2cc3[nH]cnc3cc2c1,1,0.005813277525869085
O=c1[nH]c(=O)c2ncn([C@H]3CCCO3)c2[nH]1,1,0.005813277525869085
c1ccc(/N=N/c2ccccc2)cc1,1,0.005813277525869085
c1ccc(-c2cnc(-c3ccccc3)o2)cc1,1,0.005813277525869085
O=c1cccn[nH]1,1,0.005813277525869085
O=c1ccnc[nH]1,1,0.005813277525869085
S=c1cc[nH]cn1,1,0.005813277525869085
S=c1ccnc[nH]1,1,0.005813277525869085
c1cn[nH]n1,1,0.005813277525869085
c1cnc2c(c1)CCO2,1,0.005813277525869085
c1cc2[nH]cnc2cn1,1,0.005813277525869085
O=c1[nH]cnc2nc[nH]c12,1,0.005813277525869085
O=C(CCNC(=O)OCc1ccccc1)NCCc1cnc[nH]1,1,0.005813277525869085
O=C1C[C@H]2SCCN12,1,0.005813277525869085
O=C(Cc1ccccc1)NCC1NCCS1,1,0.005813277525869085
S=c1nc[nH]s1,1,0.005813277525869085
S=c1[nH]ncs1,1,0.005813277525869085
O=C1CSC(=S)N1,1,0.005813277525869085
S=c1[nH]nco1,1,0.005813277525869085
O=c1ccc(=O)[nH][nH]1,1,0.005813277525869085
O=c1ncnc[nH]1,1,0.005813277525869085
c1ccc(Sc2cncnc2)cc1,1,0.005813277525869085
O=C1NCCS1,1,0.005813277525869085
O=c1nc[nH]s1,1,0.005813277525869085
C1CSCCN1,1,0.005813277525869085
S=c1cccc[nH]1,1,0.005813277525869085
O=c1[nH]c(=S)[nH]c2nn[nH]c12,1,0.005813277525869085
O=c1ccc(=O)c(=O)c1=O,1,0.005813277525869085
C1C2CC1C2,1,0.005813277525869085
O=c1cccc2[nH]onc1-2,1,0.005813277525869085
O=c1cnc2[nH]c(=O)ncc2[nH]1,1,0.005813277525869085
O=c1ccscc1,1,0.005813277525869085
S=c1nc[nH]c2nccnc12,1,0.005813277525869085
S=c1cnc2cnc[nH]c-2n1,1,0.005813277525869085
O=C1CNC2=CNC(=O)NC2=N1,1,0.005813277525869085
O=C1CCC(=O)N1,1,0.005813277525869085
C1CC[Se]C1,1,0.005813277525869085
O=c1nc[nH]c2nn[nH]c12,1,0.005813277525869085
O=c1[nH]cnc2n[nH]nc12,1,0.005813277525869085
C1=CCC1,1,0.005813277525869085
C1CC2CC1C2,1,0.005813277525869085
O=c1[nH]c2ccccc2s1,1,0.005813277525869085
O=c1cnc2nc[nH]c(=O)c2[nH]1,1,0.005813277525869085
S=c1nn[nH]n1-c1ccccc1,1,0.005813277525869085
O=c1nc[nH]c2nccnc12,1,0.005813277525869085
S=c1[nH]c2ccccc2o1,1,0.005813277525869085
O=C1CS(=O)(=O)c2ccccc21,1,0.005813277525869085
S=C1NNC(c2ccccc2)S1,1,0.005813277525869085
O=C1NCc2nccnc2N1,1,0.005813277525869085
O=C1CNc2c([nH]cnc2=O)N1,1,0.005813277525869085
O=C1NC(=O)[C@@H]2CCCC[C@H]12,1,0.005813277525869085
O=c1cnn([C@H]2CCCO2)c(=O)[nH]1,1,0.005813277525869085
O=C1NC(=S)SC1=Cc1ccco1,1,0.005813277525869085
S=c1[nH]nc(-c2ccccc2)o1,1,0.005813277525869085
O=c1cnc2cnc(=S)[nH]c2[nH]1,1,0.005813277525869085
O=C1CC=NN1c1ccccc1,1,0.005813277525869085
O=C1NC(=O)C2C3C=CC(C3)C12,1,0.005813277525869085
O=c1nc2[nH]c(=S)[nH]c2c[nH]1,1,0.005813277525869085
O=C1C=C(c2ccccc2)C1,1,0.005813277525869085
C1=CC2C=CC1C2,1,0.005813277525869085
C1=CC2CCC1CC2,1,0.005813277525869085
O=C1NC(=O)c2ccccc21,1,0.005813277525869085
c1nc2c(c[nH+]1)ncn2[C@H]1CCCO1,1,0.005813277525869085
c1cn(C2CCCCC2)cn1,1,0.005813277525869085
c1ccc2cccc-2cc1,1,0.005813277525869085
O=c1cc(-c2ccccc2)c1=O,1,0.005813277525869085
c1ccc(C2CCC2)cc1,1,0.005813277525869085
O=c1ncnc2[nH]nc(-c3ccccc3)nc1-2,1,0.005813277525869085
c1ccc(CCC2N=N2)cc1,1,0.005813277525869085
C1CCC(OC2CCCC2)C1,1,0.005813277525869085
O=c1ccsc(-c2ccccc2)c1,1,0.005813277525869085
C=S1SCC=C1c1ccccc1,1,0.005813277525869085
O=c1[nH]c(=O)c2ncn(Cc3ccccc3)c2[nH]1,1,0.005813277525869085
O=c1cc[nH]c(=O)n1Cc1ccccc1,1,0.005813277525869085
O=C1C=CC(=Nc2ccccc2)C=C1,1,0.005813277525869085
O=[AsH](Cc1ccccc1)c1ccccc1,1,0.005813277525869085
O=C1C=CC(=O)C(C2=CC(=O)C=CC2=O)=C1,1,0.005813277525869085
O=C1C=CC(=O)C(c2ccccc2)=C1,1,0.005813277525869085
O=[PH](c1ccccc1)c1ccccc1,1,0.005813277525869085
O=c1ccn(-c2ccccc2)c(=O)[nH]1,1,0.005813277525869085
O=C1c2ccccc2C(=O)C1c1ccccc1,1,0.005813277525869085
O=C1NC(=O)C(c2ccccc2)(c2ccccc2)C1=O,1,0.005813277525869085
c1ccc(CNCCNCc2ccccc2)cc1,1,0.005813277525869085
O=C(c1ccccc1)c1cccc2ccc(=O)oc12,1,0.005813277525869085
c1ccc2c(c1)-c1ccccc1C21CC1,1,0.005813277525869085
c1ccc(C2(c3ccccc3)CC2)cc1,1,0.005813277525869085
O=C1C[C@]23Cc4ccccc4[C@H]2CCC1C3,1,0.005813277525869085
O=C(c1ccccc1)C1C=NN(c2ccccc2)C1=O,1,0.005813277525869085
O=C1C=C(Oc2ccccc2)C(=O)C=C1Oc1ccccc1,1,0.005813277525869085
c1ccc(CNCCNCc2ccccn2)nc1,1,0.005813277525869085
c1ccc(N=NNc2ccc(N=Nc3ccccc3)cc2)cc1,1,0.005813277525869085
O=C1c2ccccc2C(=O)C1c1cccc2ccccc12,1,0.005813277525869085
O=C1c2ccccc2C(=O)C1c1ccc2ccccc2c1,1,0.005813277525869085
c1ccc(Cn2ccnc2)cc1,1,0.005813277525869085
c1ccc2c(c1)CC[C@H]1CCCCC21,1,0.005813277525869085
C1=CC2=CC[C@H]3CCCCC3[C@H]2CC1,1,0.005813277525869085
O=C(OCc1ccccc1)N1CCN(Nc2ccccc2)CC1,1,0.005813277525869085
O=C1c2ccccc2C(=O)C1c1ccc(C2C(=O)c3ccccc3C2=O)c2ccccc12,1,0.005813277525869085
O=C1c2ccccc2C(=O)C1c1ccc(-c2ccc(C3C(=O)c4ccccc4C3=O)cc2)cc1,1,0.005813277525869085
O=C1CCCC2OC12,1,0.005813277525869085
C1CC2CCCC2C2CC2C1,1,0.005813277525869085
O=C1CC2C[C@H]2C1,1,0.005813277525869085
c1ccc([C@@H]2CCc3ccc(O[C@H]4CCCO4)cc3O2)cc1,1,0.005813277525869085
C=C1C(=O)O[C@@H]2[C@@H]3C(=CCC[C@@H]12)C[C@H]1OC31,1,0.005813277525869085
C1=C[C@@H]2CCC[C@H]2C=C1,1,0.005813277525869085
C=C1CC[C@@H]2CCCCC2C1,1,0.005813277525869085
O=c1cc(-c2cccc(O[C@@H]3CCCCO3)c2)oc2ccccc12,1,0.005813277525869085
c1ccc2c(c1)CC[n+]1cc3c4c(ccc3cc1-2)OCO4,1,0.005813277525869085
c1ccc2c(c1)CC1[NH2+]CCc3cccc-2c31,1,0.005813277525869085
C=C1OC(=O)C2=C1CCC=C2,1,0.005813277525869085
O=C1N(Cc2ccccc2)C2C[S+]3CCCC3C2N1Cc1ccccc1,1,0.005813277525869085
O=C(CNC(=O)C1CCCCC1)SCCC(=O)N1CCCC1,1,0.005813277525869085
O=C1NC(=O)C(c2ccccc2)(c2ccccc2)N1,1,0.005813277525869085
O=C1N=CC(C2=CCCCC2)C(=O)N1,1,0.005813277525869085
O=C(NCC(=O)C1CCCN1)C1CCCCC1,1,0.005813277525869085
