Murcko_Scaffold,Scaffold_with_Attachments,Count,Total Positive Molecules,Percentage
c1ccccc1,[1*]c1c([2*])cc([3*])c([4*])c1[5*],2550,10930,23.33028362305581
C1CCOCC1,[1*]C1OC([2*])C([3*])([4*])C([5*])([6*])C1[7*],936,10930,8.563586459286368
c1ncc2ncn(C3CCCO3)c2n1,[1*]c1ncnc2c1ncn2C1([2*])OC([3*])C([4*])([5*])C1([6*])[7*],825,10930,7.548032936870998
C1CCC(OC2CCCOC2)OC1,[1*]C1([2*])OC([3*])C(OC2OC([4*])C([5*])C([6*])C2[7*])C([8*])C1[9*],357,10930,3.266239707227813
C1CCC(OC2CCCO2)OC1,[1*]C1OC(OC2([2*])OC([3*])C([4*])C2([5*])[6*])C([7*])C([8*])C1[9*],249,10930,2.2781335773101556
O=c1cc(-c2ccccc2)oc2cc(OC3CCCCO3)ccc12,[1*]c1cc(-c2oc3cc(OC4OC([2*])C([3*])C([4*])C4[5*])cc([6*])c3c(=O)c2[7*])cc([8*])c1[9*],123,10930,1.1253430924062213
C1CCC(OC2CCOCC2)OC1,[1*]C1OC(OC2C([2*])C([3*])OC([4*])([5*])C2[6*])C([7*])C([8*])C1[9*],98,10930,0.8966148215919487
O=C1NS(=O)(=O)c2ccccc21,[1*]N1C(=O)c2ccccc2S1(=O)=O,92,10930,0.8417200365965234
C1CCC(COC2CCCCO2)OC1,[1*]C1OC(COC2([2*])OC([3*])C([4*])C([5*])C2[6*])C([7*])C([8*])C1[9*],91,10930,0.8325709057639524
C1CCCCC1,[1*]C1C([2*])C([3*])C([4*])C([5*])C1[6*],87,10930,0.7959743824336687
O=C1C=C2C3CCCCC3CCC2C2CCC3CC(OC4OCCCC4OC4CCCCO4)CCC3C12,[1*]C1CC([2*])([3*])CC2C3=CC(=O)C4C5([4*])CCC(OC6OC([5*])C([6*])C([7*])C6OC6OC([8*])C([9*])C([10*])C6[11*])C([12*])([13*])C5CCC4([14*])C3([15*])CCC12[16*],74,10930,0.6770356816102471
C1CCOC1,[1*]C1OC([2*])([3*])C([4*])C1[5*],66,10930,0.6038426349496798
O=[PH]1OCC2OC(n3cnc4cncnc43)CC2O1,[1*]c1nc([2*])nc2c1nc([3*])n2C1OC2COP([4*])(=O)OC2C1[5*],64,10930,0.585544373284538
C1=C2C3CCCCC3CCC2C2CCC3CC(OC4OCCCC4OC4CCCCO4)CCC3C2C1,[1*]C1C([2*])C([3*])([4*])CC2C3=CCC4C5([5*])CCC(OC6OC([6*])C([7*])C([8*])C6OC6OC([9*])C([10*])C([11*])C6[12*])C([13*])([14*])C5CCC4([15*])C3([16*])C([17*])C([18*])C21[19*],62,10930,0.5672461116193962
C1CCC(OC2CCCCO2)OC1,[1*]C1OC(OC2OC([2*])([3*])C([4*])([5*])C([6*])([7*])C2[8*])C([9*])C([10*])C1[11*],61,10930,0.5580969807868252
C1=C2C3CCCCC3CCC2C2CCC3CC(OC4OCCCC4OC4OCCCC4OC4CCCCO4)CCC3C2C1,[1*]C1OC(OC2C(OC3C(OC4CCC5([2*])C(CCC6([3*])C5CC=C5C7CC([4*])([5*])CC([6*])C7([7*])C([8*])CC56[9*])C4([10*])[11*])OC([12*])C([13*])C3[14*])OC([15*])C([16*])C2[17*])C([18*])C([19*])C1[20*],55,10930,0.5032021957913998
O=C1CC(c2ccccc2)Oc2cc(OC3CCCCO3)ccc21,[1*]c1cc(C2Oc3c([2*])c(OC4OC([3*])C([4*])C([5*])C4[6*])cc([7*])c3C(=O)C2[8*])cc([9*])c1[10*],54,10930,0.4940530649588289
O=C(OC1CCCCO1)C12CCCCC1C1=CCC3C4CCC(OC5CCCCO5)CC4CCC3C1CC2,[1*]C1([2*])CCC2(C(=O)OC3OC([3*])C([4*])C([5*])C3[6*])C([7*])CC3([8*])C(=CCC4C5([9*])CCC(OC6OC([10*])C([11*])C([12*])C6[13*])C([14*])([15*])C5C([16*])CC43[17*])C2C1,47,10930,0.43000914913083255
O=c1c(OC2CCCCO2)c(-c2ccccc2)oc2ccccc12,[1*]c1cc(-c2oc3cc([2*])cc([3*])c3c(=O)c2OC2OC([4*])C([5*])C([6*])C2[7*])cc([8*])c1[9*],47,10930,0.43000914913083255
O=c1c(-c2ccccc2)coc2cc(OC3CCCCO3)ccc12,[1*]c1cc(-c2coc3cc(OC4OC([2*])C([3*])C([4*])C4[5*])c([6*])c([7*])c3c2=O)cc([8*])c1[9*],46,10930,0.4208600182982617
C1=CCCCC1,[1*][C@H]1C([2*])=CC[C@@H]([3*])C1([4*])[5*],45,10930,0.41171088746569073
O=c1cc(-c2ccccc2)oc2cc(OC3OCCCC3OC3CCCCO3)ccc12,[1*]c1cc(-c2oc3cc(OC4OC([2*])C([3*])C([4*])C4OC4OC([5*])C([6*])C([7*])C4[8*])cc([9*])c3c(=O)c2[10*])cc([11*])c1[12*],44,10930,0.4025617566331198
O=c1cc(-c2ccccc2)oc2cc(OC3CCCC(COC4CCCCO4)O3)ccc12,[1*]C(OC1OC([2*])C([3*])C([4*])C1[5*])C1OC(Oc2cc3oc(-c4ccc([6*])c([7*])c4)cc(=O)c3c([8*])c2[9*])C([10*])C([11*])C1[12*],43,10930,0.393412625800549
O=c1c(OC2CCCC(COC3CCCCO3)O2)c(-c2ccccc2)oc2ccccc12,[1*]c1cc(-c2oc3cc([2*])cc([3*])c3c(=O)c2OC2OC(COC3OC([4*])C([5*])C([6*])C3[7*])C([8*])C([9*])C2[10*])cc([11*])c1[12*],39,10930,0.35681610247026535
O=C(CCc1ccccc1)NCCc1ccccc1,[1*]C([2*])(Cc1ccccc1)C(=O)NC([3*])Cc1ccccc1,38,10930,0.34766697163769444
C1=C2C3CCCCC3CCC2C2CCC3CC(OC4CC(OC5CCCCO5)CCO4)CCC3C2C1,[1*]C1C([2*])C2([3*])C([4*])CC3([5*])C(=CCC4C5([6*])CCC(OC6OC([7*])C([8*])C(OC7OC([9*])C([10*])C([11*])C7[12*])C6[13*])C([14*])([15*])C5CCC43[16*])C2CC1([17*])[18*],37,10930,0.33851784080512354
O=c1cc(-c2ccc(OC3CCCCO3)cc2)oc2ccccc12,[1*]c1cc(-c2cc(=O)c3c([2*])c([3*])c([4*])c([5*])c3o2)ccc1OC1OC([6*])C([7*])C([8*])C1[9*],37,10930,0.33851784080512354
O=c1cc(-c2ccccc2)oc2cccc(OC3CCCCO3)c12,[1*]c1cc(OC2OC([2*])C([3*])C([4*])C2[5*])c2c(=O)cc(-c3ccc([6*])c([7*])c3[8*])oc2c1[9*],36,10930,0.3293687099725526
C1CCC(OC2CCOC2)OC1,[1*]C1OC(OC2C([2*])OC([3*])([4*])C2[5*])C([6*])C([7*])C1[8*],35,10930,0.32021957913998167
O=S1(=O)N=Cc2ccccc21,[1*]c1cccc2c1S(=O)(=O)N=C2[2*-],34,10930,0.31107044830741076
C1=C2C3CCCCC3CCC2C2CCC3CC(OC4CCCCO4)CCC3C2C1,[1*]C1([2*])CCC2([3*])C([4*])CC3([5*])C(=CCC4C5([6*])CCC(OC6OC([7*])C([8*])C([9*])C6[10*])C([11*])([12*])C5C([13*])CC43[14*])C2C1,34,10930,0.31107044830741076
O=c1cc(-c2cccc(OC3CCCCO3)c2)oc2ccccc12,[1*]c1cc(-c2oc3cc([2*])cc([3*])c3c(=O)c2[4*])cc(OC2OC([5*])C([6*])C([7*])C2[8*])c1[9*],33,10930,0.3019213174748399
c1ccoc1,[1*]c1cc([2*])oc1[3*],31,10930,0.2836230558096981
C1CCC(OCC2CCCO2)OC1,[1*]C1OC([2*])(C([3*])([4*])OC2OC([5*])C([6*])C([7*])C2[8*])C([9*])C1[10*],31,10930,0.2836230558096981
O=C(OC1CCCCO1)C12CCCCC1C1=CCC3C4CCC(OC5CC(OC6CCCCO6)CCO5)CC4CCC3C1CC2,[1*]C1([2*])CCC2(C(=O)OC3OC([3*])C([4*])C([5*])C3[6*])C([7*])CC3([8*])C(=CCC4C5([9*])CCC(OC6OC([10*])C([11*])C(OC7OC([12*])C([13*])C([14*])C7[15*])C6[16*])C([17*])([18*])C5CCC43[19*])C2C1,30,10930,0.2744739249771272
O=C1CC(c2ccccc2)Oc2cc(OC3CCCC(COC4CCCCO4)O3)ccc21,[1*]c1cc([2*])c(C2CC(=O)c3c([3*])cc(OC4OC(COC5OC([4*])C([5*])C([6*])C5[7*])C([8*])C([9*])C4[10*])cc3O2)cc1[11*],28,10930,0.2561756633119854
O=C(CCc1ccccc1)NCC(=O)NCCc1ccccc1,[1*]C(NC(=O)C([2*])Cc1ccccc1)C(=O)NC([3*])Cc1ccccc1,26,10930,0.23787740164684354
O=C(OC1CCCCO1)C12CCCCC1C1=CCC3C4CCC(OC5OCCCC5OC5CCCCO5)CC4CCC3C1CC2,[1*]C1([2*])CCC2(C(=O)OC3OC([3*])C([4*])C([5*])C3[6*])CCC3([7*])C(=CCC4C5([8*])CCC(OC6OC([9*])C([10*])C([11*])C6OC6OC([12*])C([13*])C([14*])C6[15*])C([16*])([17*])C5CCC43[18*])C2C1[19*],24,10930,0.21957913998170175
O=c1cc(-c2ccccc2)oc2ccc(OC3CCCCO3)cc12,[1*]c1c(OC2OC([2*])C([3*])C([4*])C2[5*])c([6*])c2c(=O)cc(-c3ccc([7*])c([8*])c3)oc2c1[9*],24,10930,0.21957913998170175
O=c1c(OC2OCCCC2OC2CCCCO2)c(-c2ccccc2)oc2ccccc12,[1*]c1ccc(-c2oc3c([2*])c([3*])cc([4*])c3c(=O)c2OC2OC([5*])C([6*])C([7*])C2OC2OC([8*])C([9*])C([10*])C2[11*])cc1[12*],23,10930,0.21043000914913085
C(=Nc1ccccc1)NCc1ccccc1,[1*]C(NC([2*])=Nc1cc([3*])c([4*])c([5*])c1)c1ccccc1,22,10930,0.2012808783165599
C1CC2OCOC2CO1,[1*]C1([2*])OC([3*])C2OC([4*])([5*])OC2C1[6*],22,10930,0.2012808783165599
O=C(C=Cc1ccccc1)c1ccc(OC2CCCCO2)cc1,[1*]c1ccc(C=CC(=O)c2ccc(OC3OC([3*])C([4*])C([5*])C3[6*])c([7*])c2[8*])cc1[2*],22,10930,0.2012808783165599
c1ccc(N=NC(=NNc2ccccc2)c2ccccc2)cc1,[1*]c1ccc(N=NC(=NNc2ccc([2*])cc2)c2ccc([3*])cc2)cc1,22,10930,0.2012808783165599
O=c1cc(-c2ccccc2)oc2cc(OC3CCC(OC4CCCCO4)CO3)ccc12,[1*]c1c(-c2ccc([2*])c([3*])c2)oc2cc(OC3OC([4*])C(OC4OC([5*])C([6*])C([7*])C4[8*])C([9*])C3[10*])cc([11*])c2c1=O,21,10930,0.192131747483989
C1CCC(OC2CCC(OC3CCCOC3)OC2)OC1,[1*]C1OC(OC2C([2*])OC(OC3C([3*])OC([4*])C([5*])C3[6*])C([7*])C2[8*])C([9*])C([10*])C1[11*],20,10930,0.18298261665141813
C1COCC(OC2CCCO2)C1,[1*]C1OC([2*])C(OC2([3*])OC([4*])C([5*])C2[6*])C([7*])C1[8*],20,10930,0.18298261665141813
O=c1c2ccccc2oc2cccc(OC3CCCCO3)c12,[1*]c1c([2*])ccc2c(=O)c3c(OC4OC([3*])C([4*])C([5*])C4[6*])cc([7*])c([8*])c3oc12,20,10930,0.18298261665141813
O=C(NCCc1ccccc1)C1CN1,[1*]C1C(C(=O)NC([2*])Cc2ccccc2)N1[3*],19,10930,0.17383348581884722
O=C(NCCc1ccccc1)C1CCCN1,[1*]N1CCCC1C(=O)NC([2*])Cc1ccccc1,19,10930,0.17383348581884722
O=C(CNC(=O)CNC(=O)C1CCCN1)NCCc1ccccc1,[1*]C(NC(=O)C([2*])NC(=O)C1CCCN1)C(=O)NC([3*])Cc1ccccc1,18,10930,0.1646843549862763
C1COCOC1,[1*]C1([2*])OC([3*])C([4*])C([5*])O1,18,10930,0.1646843549862763
O=C1OC(c2ccccc2)Cc2ccccc21,[1*]c1ccc(C2Cc3cc([2*])c([3*])c([4*])c3C(=O)O2)cc1[5*],17,10930,0.15553522415370538
O=C(CNC(=O)C1CCCN1)NCCc1ccccc1,[1*]N1CCCC1C(=O)NC([2*])C(=O)NC([3*])Cc1ccccc1,17,10930,0.15553522415370538
O=C(CCc1ccccc1)NCC(=O)NCC(=O)NCCc1ccccc1,[1*]C(NC(=O)C([2*])NC(=O)C([3*])Cc1ccccc1)C(=O)NC([4*])Cc1ccccc1,17,10930,0.15553522415370538
C1CCC(COC2CCCO2)OC1,[1*]C1OC([2*])(OC([3*])C2([4*])OCC([5*])C([6*])C2[7*])C([8*])C1[9*],17,10930,0.15553522415370538
O=C(OC1CCCCO1)C12CCCCC1C1=CCC3C4CCC(OC5CCC(OC6CCCCO6)CO5)CC4CCC3C1CC2,[1*]C1OC(OC2C([2*])CC3([3*])C(CCC4([4*])C3CC=C3C5CC([5*])([6*])CCC5(C(=O)OC5OC([7*])C([8*])C([9*])C5[10*])CCC34[11*])C2([12*])[13*])C([14*])C([15*])C1OC1OC([16*])C([17*])C([18*])C1[19*],17,10930,0.15553522415370538
C1=C2C3CCCCC3CCC2C2CCC3CC(OC4CCC(OC5CCCCO5)CO4)CCC3C2C1,[1*]C1C([2*])C2([3*])C([4*])CC3([5*])C(=CCC4C5([6*])CCC(OC6OC([7*])C(OC7OC([8*])C([9*])C([10*])C7[11*])C([12*])C6[13*])C([14*])([15*])C5CCC43[16*])C2CC1([17*])[18*],17,10930,0.15553522415370538
O=c1cc(-c2ccccc2)oc2c(OC3CCCCO3)cccc12,[1*]c1c([2*])c([3*])c2c(=O)cc(-c3ccc([4*])c([5*])c3)oc2c1OC1OC([6*])C([7*])C([8*])C1[9*],17,10930,0.15553522415370538
c1nncs1,[1*]c1nnc([2*])s1,16,10930,0.1463860933211345
C1CCCC1,[1*]C1C([2*])([3*])CCC1([4*])[5*],16,10930,0.1463860933211345
O=C1c2ccccc2OC(c2ccccc2)C1OC1CCCCO1,[1*]C1OC(OC2C(=O)c3c([2*])cc([3*])cc3OC2c2cc([4*])c([5*])c([6*])c2)C([7*])C([8*])C1[9*],16,10930,0.1463860933211345
C1=C2C3CCCCC3CCC2C2CCC3CC(OC4OCCC(OC5CCCCO5)C4OC4CCCCO4)CCC3C2C1,[1*]C1([2*])CCC2([3*])CCC3([4*])C(=CCC4C5([5*])CCC(OC6OC([6*])C([7*])C(OC7OC([8*])C([9*])C([10*])C7[11*])C6OC6OC([12*])C([13*])C([14*])C6[15*])C([16*])([17*])C5CCC43[18*])C2C1,16,10930,0.1463860933211345
O=c1c(-c2ccccc2)coc2c(OC3CCCCO3)cccc12,[1*]c1ccc(-c2coc3c(OC4OC([3*])C([4*])C([5*])C4[6*])c([7*])cc([8*])c3c2=O)c([2*])c1,16,10930,0.1463860933211345
c1cscn1,[1*]c1nc([2*])sc1[3*],15,10930,0.1372369624885636
O=c1c(OC2CCCCO2)c(-c2ccccc2)oc2cc(OC3CCCCO3)ccc12,[1*]c1c([2*])cc(-c2oc3cc(OC4OC([3*])C([4*])C([5*])C4[6*])cc([7*])c3c(=O)c2OC2OC([8*])C([9*])C([10*])C2[11*])cc1[12*],15,10930,0.1372369624885636
O=c1c(-c2ccccc2)coc2cc(OC3CCCC(COC4CCCCO4)O3)ccc12,[1*]c1cc(-c2coc3cc(OC4OC(COC5OC([2*])C([3*])C([4*])C5[5*])C([6*])C([7*])C4[8*])c([9*])c([10*])c3c2=O)cc([11*])c1[12*],15,10930,0.1372369624885636
O=S1(=O)N=Cc2ccccc21.O=S1(=O)N=Cc2ccccc21,[1*-]C1=NS(=O)(=O)c2ccccc21.[2*-]C1=NS(=O)(=O)c2ccccc21,14,10930,0.1280878316559927
C1COC2COCOC2C1,[1*]C1([2*])OCC2OC([3*])C([4*])C([5*])C2O1,14,10930,0.1280878316559927
C1CCC(OC2CCOCC2OC2CCCCO2)OC1,[1*]C1OC(OC2C([2*])C([3*])OC([4*])C2OC2OC([5*])C([6*])C([7*])C2[8*])C([9*])C([10*])C1[11*],14,10930,0.1280878316559927
O=C1CC(c2ccccc2)Oc2cccc(OC3CCCCO3)c21,[1*]c1cc(C2CC(=O)c3c(cc([2*])cc3OC3OC([3*])C([4*])C([5*])C3[6*])O2)cc([7*])c1[8*],14,10930,0.1280878316559927
O=c1cc(-c2ccccc2)oc2cccc(OC3CCCC(COC4CCCCO4)O3)c12,[1*]c1cc(-c2cc(=O)c3c(OC4OC(COC5OC([2*])C([3*])C([4*])C5[5*])C([6*])C([7*])C4[8*])c([9*])c([10*])cc3o2)cc([11*])c1[12*],14,10930,0.1280878316559927
O=C1CCCO1,[1*]C1([2*])CCC(=O)O1,13,10930,0.11893870082342177
O=C1CC(c2cccc(OC3CCCCO3)c2)Oc2ccccc21,[1*]c1cc([2*])cc2c1C(=O)C([9*])C(c1cc([3*])c([4*])c(OC3OC([5*])C([6*])C([7*])C3[8*])c1)O2,13,10930,0.11893870082342177
O=c1c2ccccc2oc2cc(OC3CCCCO3)ccc12,[1*]c1ccc([2*])c2c(=O)c3c([3*])cc(OC4OC([4*])C([5*])C([6*])C4[7*])c([8*])c3oc12,13,10930,0.11893870082342177
O=c1c(OC2CCC(OC3CCCCO3)CO2)c(-c2ccccc2)oc2ccccc12,[1*]c1c([2*])cc(-c2oc3cc([3*])cc([4*])c3c(=O)c2OC2OC([5*])C(OC3OC([6*])C([7*])C([8*])C3[9*])C([10*])C2[11*])cc1[12*],13,10930,0.11893870082342177
O=C(OC1CCCCO1)C12CCCCC1C1=CCC3C4CCC(OC5OCCC(OC6CCCCO6)C5OC5CCCCO5)CC4CCC3C1CC2,[1*]C1([2*])CCC2(C(=O)OC3OC([3*])C([4*])C([5*])C3[6*])C([7*])CC3([8*])C(=CCC4C5([9*])CCC(OC6OC([10*])C([11*])C(OC7OC([12*])C([13*])C([14*])C7[15*])C6OC6OC([16*])C([17*])C([18*])C6[19*])C([20*])([21*])C5CCC43[22*])C2C1,13,10930,0.11893870082342177
C1COCO1,[1*]C1OC([2*])([3*])OC1[4*],12,10930,0.10978956999085088
C=C1CC23CCC4CCCCC4C2CCC1(OC1OCCCC1OC1CCCCO1)C3,[1*]C1([2*])CCCC2([3*])C1CCC13CC(=C)C(OC4OC([4*])C([5*])C([6*])C4OC4OC([7*])C([8*])C([9*])C4[10*])(CCC12)C3,12,10930,0.10978956999085088
C=C1CC23CCC4C(C(=O)OC5CCCCO5)CCCC4C2CCC1(OC1OCCCC1OC1CCCCO1)C3,[1*]C1(C(=O)OC2OC([2*])C([3*])C([4*])C2[5*])CCCC2([6*])C3CCC4(OC5OC([7*])C([8*])C([9*])C5OC5OC([10*])C([11*])C([12*])C5[13*])CC3(CCC12)CC4=C,12,10930,0.10978956999085088
O=C1CCCC2C3=CCC4C5CCC(OC6OCCCC6OC6OCCCC6OC6CCCCO6)CC5CCC4C3CCC12,[1*]C1OC(OC2C(OC3C(OC4CCC5([2*])C(CCC6([3*])C5CC=C5C7CC([4*])([5*])CC(=O)C7([6*])CCC56[7*])C4([8*])[9*])OC([10*])C([11*])C3[12*])OC([13*])C([14*])C2[15*])C([16*])C([17*])C1[18*],12,10930,0.10978956999085088
O=C(C=Cc1ccccc1)c1ccc(OC2CCCC(COC3CCCCO3)O2)cc1,[1*]c1ccc(C=CC(=O)c2c([2*])cc(OC3OC(COC4OC([3*])C([4*])C([5*])C4[6*])C([7*])C([8*])C3[9*])cc2[10*])cc1[11*],12,10930,0.10978956999085088
O=c1cc(-c2ccccc2)oc2ccc(C3OCCCC3OC3CCCCO3)cc12,[1*]c1ccc(-c2cc(=O)c3c([11*])c(C4OC([4*])C([5*])C([6*])C4OC4OC([7*])C([8*])C([9*])C4[10*])c([3*])cc3o2)cc1[2*],12,10930,0.10978956999085088
O=c1cc(-c2ccccc2OC2CCCCO2)oc2ccccc12,[1*]c1c([2*])ccc(OC2OC([3*])C([4*])C([5*])C2[6*])c1-c1cc(=O)c2c([7*])cc([8*])c([9*])c2o1,12,10930,0.10978956999085088
O=c1cc(-c2ccc(OC3CCCCO3)cc2)oc2cc(OC3CCCCO3)ccc12,[1*]c1cc(-c2oc3cc(OC4OC([2*])C([3*])C([4*])C4[5*])cc([6*])c3c(=O)c2[7*])cc([8*])c1OC1OC([9*])C([10*])C([11*])C1[12*],12,10930,0.10978956999085088
O=C(CCc1ccccc1)c1ccccc1,[1*]c1ccc(CCC(=O)c2c([2*])cc([3*])c([4*])c2[5*])cc1[6*],11,10930,0.10064043915827996
c1ccncc1,[1*]c1ncc([2*])cc1[3*],11,10930,0.10064043915827996
O=C1CC(c2ccccc2)Oc2ccccc21,[1*]c1c([2*])cc2c(c1[3*])C(=O)C([4*])C(c1ccc([5*])c([6*])c1)O2,11,10930,0.10064043915827996
c1ccc(CCc2ccccc2)cc1,[1*]c1ccc(CCc2ccccc2[2*])cc1[3*],11,10930,0.10064043915827996
C1CC2CCC1C2,[1*]C1C2([2*])CCC(C2)C1([3*])[4*],11,10930,0.10064043915827996
C1COC2OCOC2C1,[1*]C1([2*])OC2OC([3*])C([4*])C([5*])C2O1,11,10930,0.10064043915827996
C1CCC(OC2CCOC(OC3CCCOC3)C2)OC1,[1*]C1OC(OC2C([2*])C([3*])OC(OC3C([4*])OC([5*])C([6*])C3[7*])C2[8*])C([9*])C([10*])C1[11*],11,10930,0.10064043915827996
O=c1cc(-c2ccccc2)oc2ccc(OC3OCCCC3OC3CCCCO3)cc12,[1*]c1cc2oc(-c3ccc([2*])c([3*])c3)cc(=O)c2c([4*])c1OC1OC([5*])C([6*])C([7*])C1OC1OC([8*])C([9*])C([10*])C1[11*],11,10930,0.10064043915827996
O=C(Nc1ccccc1)Nc1ccccc1,[1*]c1ccc(NC(=O)Nc2ccc([2*])cc2)cc1,11,10930,0.10064043915827996
O=C(OC1CCCCO1)C12CCCCC1C1=CCC3C4CCC(OC5OCC(OC6CCCCO6)CC5OC5CCCCO5)CC4CCC3C1CC2,[1*]C1([2*])CCC2(C(=O)OC3OC([3*])C([4*])C([5*])C3[6*])CCC3([7*])C(=CCC4C5([8*])CCC(OC6OC([9*])C(OC7OC([10*])C([11*])C([12*])C7[13*])C([14*])C6OC6OC([15*])C([16*])C([17*])C6[18*])C([19*])([20*])C5CCC43[21*])C2C1,11,10930,0.10064043915827996
O=c1cc(-c2ccccc2)oc2c(C3OCCCC3OC3CCCCO3)cccc12,[1*]c1ccc(-c2cc(=O)c3c([11*])cc([10*])c(C4OC([3*])C([4*])C([5*])C4OC4OC([6*])C([7*])C([8*])C4[9*])c3o2)cc1[2*],11,10930,0.10064043915827996
O=C1C=COS(=O)(=O)N1,[1*]C1=C([2*])C(=O)NS(=O)(=O)O1,10,10930,0.09149130832570906
C1CCC1,[1*]C1C([2*])([3*])C([4*])C1([5*])[6*],10,10930,0.09149130832570906
C1CSC1,[1*]C1C([2*])([3*])SC1([4*])[5*],10,10930,0.09149130832570906
O=C(NCc1ccccc1)Nc1ccccc1,[1*]c1ccc(C([2*])NC(=O)Nc2ccc([3*])cc2)cc1,10,10930,0.09149130832570906
O=C1C=C2C3CCCCC3CCC2C2CCC3CC(OC4CCCCO4)CCC3C12,[1*]C1([2*])CCC2([3*])CCC3([4*])C(=CC(=O)C4C3([5*])CCC3([6*])C([7*])([8*])C(OC5OC([9*])C([10*])C([11*])C5[12*])CCC43[13*])C2C1,10,10930,0.09149130832570906
C1CCCCC1.C1CCCCC1,[1*]C1CCCCC1.[2*]C1CCCCC1,10,10930,0.09149130832570906
C1COC(OC2CCOCC2)C1,[1*]C1OC(OC2C([2*])C([3*])OC([4*])C2[5*])C([6*])C1[7*],10,10930,0.09149130832570906
C1CCC(OC2CCCOC2OC2CCCOC2)OC1,[1*]C1OC(OC2C(OC3C([2*])OC([3*])C([4*])C3[5*])OC([6*])C([7*])C2[8*])C([9*])C([10*])C1[11*],10,10930,0.09149130832570906
O=c1c2ccccc2oc2ccc(OC3CCCCO3)cc12,[1*]c1cc([2*])c2c(=O)c3cc(OC4OC([3*])C([4*])C([5*])C4[6*])c([7*])c([8*])c3oc2c1,10,10930,0.09149130832570906
O=C1C=COS(=O)(=O)[N-]1,[1*]C1=C([2*])OS(=O)(=O)[N-]C1=O,9,10930,0.08234217749313814
O=C1[N-]S(=O)(=O)c2ccccc21.O=C1[N-]S(=O)(=O)c2ccccc21,O=C1[N-]S(=O)(=O)c2ccccc21.O=C1[N-]S(=O)(=O)c2ccccc21,9,10930,0.08234217749313814
O=C1CCCCO1,[1*]C1OC(=O)C([4*])C([3*])C1[2*],9,10930,0.08234217749313814
O=C1[N-]S(=O)(=O)c2ccccc21,O=C1[N-]S(=O)(=O)c2ccccc21,9,10930,0.08234217749313814
O=C(CCc1ccccc1)c1ccccc1OC1CCCCO1,[1*]c1cc(CCC(=O)c2c([2*])cccc2OC2OC([3*])C([4*])C([5*])C2[6*])cc([7*])c1[8*],9,10930,0.08234217749313814
O=C1CC(c2ccc(OC3CCCCO3)cc2)Oc2ccccc21,[1*]c1cc([2*])cc2c1C(=O)C([9*])C(c1cc([3*])c(OC3OC([4*])C([5*])C([6*])C3[7*])c([8*])c1)O2,9,10930,0.08234217749313814
C=C1CC23CCC4C(C(=O)OC5OCCC(OC6CCCCO6)C5OC5CCCCO5)CCCC4C2CCC1(OC1OCCC(OC2CCCCO2)C1OC1CCCCO1)C3,[1*]C1(C(=O)OC2OC([2*])C([3*])C(OC3OC([4*])C([5*])C([6*])C3[7*])C2OC2OC([8*])C([9*])C([10*])C2[11*])CCCC2([12*])C3CCC4(OC5OC([13*])C([14*])C(OC6OC([15*])C([16*])C([17*])C6[18*])C5OC5OC([19*])C([20*])C([21*])C5[22*])CC3(CCC12)CC4=C,9,10930,0.08234217749313814
S=[PH]1OCC2OC(n3cnc4cncnc43)CC2O1,[1*]c1nc([2*])nc2c1ncn2C1OC2COP([3*])(=S)OC2C1[4*],9,10930,0.08234217749313814
O=c1cc(-c2ccccc2)oc2cc(OC3CCCCO3)c(C3CCCCO3)cc12,[1*]c1cc(-c2cc(=O)c3c([2*])c(C4OC([3*])C([4*])C([5*])C4[6*])c(OC4OC([7*])C([8*])C([9*])C4[10*])cc3o2)cc([11*])c1[12*],9,10930,0.08234217749313814
O=c1cc(-c2ccccc2)oc2ccc(OC3CCCC(COC4CCCCO4)O3)cc12,[1*]c1cc2oc(-c3ccc([2*])c([3*])c3)cc(=O)c2c([4*])c1OC1OC(COC2OC([5*])C([6*])C([7*])C2[8*])C([9*])C([10*])C1[11*],9,10930,0.08234217749313814
C1=CCCC=C1,[1*]C1=C([2*])C([3*])([4*])CC=C1,8,10930,0.07319304666056725
O=C(c1ccccc1)c1ccccc1,[1*]c1ccc(C(=O)c2ccccc2[2*])cc1[3*],8,10930,0.07319304666056725
c1ccc2scnc2c1,[1*]c1nc2ccc([2*])cc2s1,8,10930,0.07319304666056725
C1CCSCC1,[1*]C1([2*])SCC([3*])C([4*])C1[5*],8,10930,0.07319304666056725
O=C(CCc1ccccc1)c1ccc(OC2OCCCC2OC2CCCCO2)cc1,[1*]c1ccc(CCC(=O)c2c([2*])cc(OC3OC([3*])([4*])C([5*])([6*])C([7*])([8*])C3([9*])OC3([10*])OC([11*])([12*])C([13*])([14*])C([15*])([16*])C3[17*])cc2[18*])cc1[19*],8,10930,0.07319304666056725
O=C1CC(c2ccccc2)Oc2cc(OC3OCCCC3OC3CCCCO3)ccc21,[1*]C1OC(OC2C(Oc3cc([2*])c4c(c3)OC(c3ccc([3*])c([4*])c3)CC4=O)OC([5*])C([6*])C2[7*])C([8*])C([9*])C1[10*],8,10930,0.07319304666056725
C=C1CC23CCC4C(C(=O)OC5CCCCO5)CCCC4C2CCC1(OC1OCCC(OC2CCCCO2)C1OC1CCCCO1)C3,[1*]C1(C(=O)OC2CC([2*])C([3*])C([4*])O2)CCCC2([5*])C3CCC4(OC5OC([6*])C([7*])C(OC6OC([8*])C([9*])C([10*])C6[11*])C5OC5([12*])OC([13*])C([14*])C([15*])C5[16*])CC3(CCC12)CC4=C,8,10930,0.07319304666056725
C1CC1,[1*]C1CC1[2*],8,10930,0.07319304666056725
C(=Nc1ccccc1)Nc1ccccc1,[1*]C(=Nc1cc([2*])cc([3*])c1)Nc1cc([4*])cc([5*])c1,8,10930,0.07319304666056725
O=C1C=COC1,[1*]C1=C([2*])C(=O)C([3*])O1,8,10930,0.07319304666056725
O=c1[nH]sc2ccccc12,[1*]c1cccc2c(=O)[nH]sc12,8,10930,0.07319304666056725
C=C1CCC2(C(=O)OC3CCCCO3)CCC3C(=CCC4C5CCC(OC6CCCCO6)CC5CCC34)C2C1,[1*]C1OC(OC(=O)C23CCC(=C)CC2C2=CCC4C5([6*])CC([7*])C(OC6OC([8*])C([9*])C([10*])C6[11*])C([12*])([13*])C5CCC4([14*])C2([5*])CC3)C([4*])C([3*])C1[2*],8,10930,0.07319304666056725
O=c1c(OC2CCCCO2)c(-c2ccc(OC3CCCCO3)cc2)oc2ccccc12,[1*]c1cc([2*])c2c(=O)c(OC3OC([3*])C([4*])C([5*])C3[6*])c(-c3cc([7*])c(OC4OC([8*])C([9*])C([10*])C4[11*])c([12*])c3)oc2c1,8,10930,0.07319304666056725
O=c1cc(-c2ccccc2)oc2c(OC3CCCCO3)cc(OC3CCCCO3)cc12,[1*]c1cc(-c2cc(=O)c3c([2*])c(OC4OC([3*])C([4*])C([5*])C4[6*])c([7*])c(OC4OC([8*])C([9*])C([10*])C4[11*])c3o2)cc([12*])c1[13*],8,10930,0.07319304666056725
c1ccc2[nH]ccc2c1,[1*]c1c[nH]c2cc([2*])ccc12,7,10930,0.06404391582799634
O=C1C=CCCC1,[1*]C1=CC(=O)CC([2*])([3*])C1,7,10930,0.06404391582799634
O=C(CNC(=O)Nc1ccccc1)NCCc1ccccc1,[1*]C(Cc1ccccc1)NC(=O)C([2*])NC(=O)Nc1ccc([3*])cc1,7,10930,0.06404391582799634
c1ccccc1.c1ccccc1,[1*]c1ccccc1.[2*]c1ccccc1,7,10930,0.06404391582799634
C1CCC(OCOC2CCCCO2)OC1,[1*]C([2*])(OC1OC([3*])C([4*])C([5*])C1[6*])OC1OC([7*])C([8*])C([9*])C1[10*],7,10930,0.06404391582799634
C1CCOCC1.C1CCOCC1,[1*]C1OC([2*])C([3*])C([4*])C1[5*].[6*]C1OC([7*])C([8*])C([9*])C1[10*],7,10930,0.06404391582799634
C1CCC(OCC2CC(OC3CCCCO3)CCO2)OC1,[1*]C1OC(COC2OC([2*])C([3*])C([4*])C2[5*])C([6*])C(OC2OC([7*])C([8*])C([9*])C2[10*])C1[11*],7,10930,0.06404391582799634
C1CCC(OC2CCCCO2)CC1,[1*]C1OC(OC2C([2*])C([3*])C([4*])C([5*])C2[6*])C([7*])C([8*])C1[9*],7,10930,0.06404391582799634
C1CCC(OCCOC2CCCCO2)OC1,[1*]C(OC1OC([2*])C([3*])C([4*])C1[5*])C([6*])OC1OC([7*])C([8*])C([9*])C1[10*],7,10930,0.06404391582799634
O=C1C=COC(OC2CCCC3C4=CCC5C6CCC(OC7OCCCC7OC7OCCCC7OC7CCCCO7)CC6CCC5C4CCC23)C1,[1*]C1=C([2*])C(=O)CC(OC2CC([3*])([4*])CC3C4=CCC5C6([5*])CCC(OC7OC([6*])C([7*])C([8*])C7OC7OC([9*])C([10*])C([11*])C7OC7OC([12*])C([13*])C([14*])C7[15*])C([16*])([17*])C6CCC5([18*])C4([19*])CCC23[20*])O1,7,10930,0.06404391582799634
O=c1cc(-c2cccc(OC3CCCCO3)c2)oc2cc(OC3CCCCO3)ccc12,[1*]c1c([2*])cc(-c2oc3cc(OC4OC([3*])C([4*])C([5*])C4[6*])cc([7*])c3c(=O)c2[8*])cc1OC1OCC([9*])C([10*])C1[11*],7,10930,0.06404391582799634
O=C1C=C2C3CCCCC3CCC2C2CCC3CC(OC4OCCCC4OC4OCCCC4OC4CCCCO4)CCC3C12,[1*]C1OC(OC2CCC3([2*])C(CCC4([3*])C3C(=O)C=C3C5CC([4*])([5*])CC([6*])C5([7*])CCC34[8*])C2([9*])[10*])C(OC2OC([11*])C([12*])C([13*])C2OC2OC([14*])C([15*])C([16*])C2[17*])C([18*])C1[19*],7,10930,0.06404391582799634
O=C(OC1CCCCO1)C12CCCCC1C1=CCC3C4CCC(OC5CC6OCCOC6CO5)CC4CCC3C1CC2,[1*]C1([2*])CCC2(C(=O)OC3OC([3*])C([4*])C([5*])C3[6*])CCC3([7*])C(=CCC4C5([8*])CCC(OC6OC([9*])C7OC([10*])([11*])C([12*])OC7C6[13*])C([14*])([15*])C5CCC43[16*])C2C1,7,10930,0.06404391582799634
C1=C2C3CCCCC3CCC2C2CCC3CC(OC4OCC(OC5CCCCO5)CC4OC4CCCCO4)CCC3C2C1,[1*]C1([2*])CCC2([3*])CCC3([4*])C(=CCC4C5([5*])CCC(OC6OC([6*])C(OC7OC([7*])C([8*])C([9*])C7[10*])C([11*])C6OC6OC([12*])C([13*])C([14*])C6[15*])C([16*])([17*])C5CCC43[18*])C2C1,7,10930,0.06404391582799634
O=c1cc(-c2ccccc2)oc2cc(OC3CC(OC4CCCCO4)CCO3)ccc12,[1*]C1OC(OC2C([2*])C([3*])OC(Oc3cc([4*])c4c(=O)c([5*])c(-c5ccc([6*])c([7*])c5)oc4c3)C2[8*])C([9*])C([10*])C1[11*],7,10930,0.06404391582799634
O=c1c(-c2cccc(OC3CCCCO3)c2)coc2ccccc12,[1*]c1cc2oc([2*])c(-c3cccc(OC4OC([3*])C([4*])C([5*])C4[6*])c3[7*])c(=O)c2c([8*])c1[9*],7,10930,0.06404391582799634
C1=C2C3CCCCC3CCC2C2CCC3CC(OC4CC(OC5CC(OC6CCCCO6)CCO5)CCO4)CCC3C2C1,[1*]C1([2*])CCC2([3*])CCC3([4*])C(=CCC4C5([5*])CC([6*])C(OC6OC([7*])C([8*])C(OC7OC([9*])C([10*])C(OC8OC([11*])C([12*])C([13*])C8[14*])C7[15*])C6[16*])C([17*])([18*])C5CCC43[19*])C2C1,7,10930,0.06404391582799634
O=c1c2ccccc2oc2cccc(OC3CCCC(COC4CCCCO4)O3)c12,[1*]c1cc(OC2OC(COC3OC([2*])C([3*])C([4*])C3[5*])C([6*])C([7*])C2[8*])c2c(=O)c3c([9*])c([10*])ccc3oc2c1,7,10930,0.06404391582799634
O=c1cc(-c2ccccc2)oc2cc(OC3CCCCO3)cc(OC3CCCCO3)c12,[1*]c1cc(-c2cc(=O)c3c(OC4OC([2*])C([3*])C([4*])C4[5*])cc(OC4OC([6*])C([7*])C([8*])C4[9*])cc3o2)cc([10*])c1[11*],7,10930,0.06404391582799634
C=C1CC23CCC4C(C(=O)OC5OCCCC5OC5CCCCO5)CCCC4C2CCC1(OC1OCCC(OC2CCCCO2)C1OC1CCCCO1)C3,[1*]C1(C(=O)OC2OC([2*])C([3*])C([4*])C2OC2OC([5*])C([6*])C([7*])C2[8*])CCCC2([9*])C3CCC4(OC5OC([10*])C([11*])C(OC6OC([12*])C([13*])C([14*])C6[15*])C5OC5OC([16*])C([17*])C([18*])C5[19*])CC3(CCC12)CC4=C,6,10930,0.05489478499542544
C1=CCC=CC1,[1*]C1=CCC([2*])=CC1,6,10930,0.05489478499542544
C(=Nc1ccccc1)NCC1CCCCC1,[1*]C(NC([2*])=Nc1cc([3*])cc([4*])c1)C1CCCCC1,6,10930,0.05489478499542544
C1CCC2(CCCO2)OC1,[1*]C1CCC2(O1)OC([2*])CC([3*])C2[4*],6,10930,0.05489478499542544
C1CCC(OC2CCOC(OC3CCOCC3)C2)OC1,[1*]C1OC([2*])C([3*])C(OC2OC([4*])C([5*])C(OC3OC([6*])C([7*])C([8*])C3[9*])C2[10*])C1[11*],6,10930,0.05489478499542544
C1CO[Sb]O1,[1*]C1O[Sb]OC1[2*],6,10930,0.05489478499542544
O=[PH](OCC1CCCO1)O[PH](=O)OCC1CCC(n2cnc3cncnc32)O1,[1*]c1nc([2*])nc2c1ncn2C1OC(COP([3*])(=O)OP([4*])(=O)OCC2OCC([5*])C2[6*])C([7*])C1[8*],6,10930,0.05489478499542544
O=C1C=C2C3CCCCC3CCC2C2CCC3CC(OC4CC(OC5CCCCO5)CCO4)CCC3C12,[1*]C1([2*])CCC2([3*])CCC3([4*])C(=CC(=O)C4C5([5*])CCC(OC6OC([6*])C([7*])C(OC7OC([8*])C([9*])C([10*])C7[11*])C6[12*])C([13*])([14*])C5CCC43[15*])C2C1,6,10930,0.05489478499542544
c1ncc2c(n1)ncn2C1CCCO1,[1*]c1nc([2*])c2c(ncn2C2OC([3*])C([4*])C2[5*])n1,6,10930,0.05489478499542544
O=C(OC1OCCCC1OC1CCC(OC2CCCCO2)CO1)C12CCCCC1C1=CCC3C4CCC(OC5CCCCO5)CC4CCC3C1CC2,[1*]C1OC(OC(=O)C23CCC([2*])([3*])CC2C2=CCC4C5([4*])CCC(OC6OC([5*])C([6*])C([7*])C6[8*])C([9*])([10*])C5CCC4([11*])C2([12*])CC3)C(OC2OC([13*])C(OC3OC([14*])C([15*])C([16*])C3[17*])C([18*])C2[19*])C([20*])C1[21*],6,10930,0.05489478499542544
O=C1C=C2C3CCCCC3CCC2C2CCC3CC(OC4CCC(OC5CCCCO5)CO4)CCC3C12,[1*]C1([2*])CCC2([3*])CCC3([4*])C(=CC(=O)C4C5([5*])CCC(OC6OC([6*])C(OC7OC([7*])C([8*])C([9*])C7[10*])C([11*])C6[12*])C([13*])([14*])C5CCC43[15*])C2C1,6,10930,0.05489478499542544
O=C(OC1OCCCC1OC1CCCCO1)C12CCCCC1C1=CCC3C4CCC(OC5CCCCO5)CC4CCC3C1CC2,[1*]C1OC(OC2C(OC(=O)C34CCC([2*])([3*])CC3C3=CCC5C6([4*])CC([5*])C(OC7OC([6*])C([7*])C([8*])C7[9*])C([10*])([11*])C6CCC5([12*])C3([13*])CC4[14*])OC([15*])C([16*])C2[17*])C([18*])C([19*])C1[20*],6,10930,0.05489478499542544
C=C1CCC2CCC3C(=CCC4C5CCC(OC6CCCCO6)CC5CCC34)C2C1,[1*]C12CCC(=C)CC1C1=CCC3C4([4*])CCC(OC5OC([5*])C([6*])C([7*])C5[8*])C([9*])([10*])C4CCC3([11*])C1([3*])CC2[2*],6,10930,0.05489478499542544
O=C(CCc1ccccc1)c1cccc(OC2CCCCO2)c1,[1*]c1ccc(C(=O)C([6*])Cc2ccc([7*])c([8*])c2)c([5*])c1OC1OCC([2*])C([3*])C1[4*],6,10930,0.05489478499542544
C1=C2C(CCC3(COC4CCCCO4)CCCCC23)C2CCC3CC(OC4CC(OC5CCCCO5)CCO4)CCC3C2C1,[1*]C1CC2([2*])C(=CCC3C4([3*])CCC(OC5OC([4*])C([5*])C(OC6OC([6*])C([7*])C([8*])C6[9*])C5[10*])C([11*])([12*])C4CCC32[13*])C2CC([14*])([15*])CC([16*])C12COC1OC([17*])C([18*])C([19*])C1[20*],6,10930,0.05489478499542544
O=c1c(OC2CC(OC3CCCCO3)CCO2)c(-c2ccccc2)oc2ccccc12,[1*]c1cc(-c2oc3cc([2*])cc([3*])c3c(=O)c2OC2OC([4*])C([5*])C(OC3OC([6*])C([7*])C([8*])C3[9*])C2[10*])ccc1[11*],6,10930,0.05489478499542544
O=c1cc(-c2ccc(OC3CCCC(COC4CCCCO4)O3)cc2)oc2ccccc12,[1*]c1cc(-c2oc3cc([2*])cc([3*])c3c(=O)c2[4*])ccc1OC1OC(COC2OC([5*])C([6*])C([7*])C2[8*])C([9*])C([10*])C1[11*],6,10930,0.05489478499542544
O=S(=O)(c1ccccc1)C1CC=CCC1,[1*]C1=C([2*])CC([3*])(S(=O)(=O)c2ccccc2)C([4*])C1,5,10930,0.04574565416285453
O=C1C=CCC1,[1*]C1=C([2*])C(=O)CC1[3*],5,10930,0.04574565416285453
c1ccc2c(c1)OCO2,[1*]c1ccc2c(c1)OCO2,5,10930,0.04574565416285453
c1ccc(C2OCc3ccccc3S2)cc1,[1*]c1ccc(C2OCc3c([2*])cccc3S2)cc1[3*],5,10930,0.04574565416285453
c1ccsc1,[1*]c1cc([2*])sc1[3*],5,10930,0.04574565416285453
O=C(CNCCCc1ccccc1)NCCc1ccccc1,[1*][C@H](Cc1ccccc1)NC(=O)[C@H]([2*])NCCCc1ccc([3*])c([4*])c1,5,10930,0.04574565416285453
C1CCNCC1,[1*][C@H]1NCC[C@@H]([2*])[C@@H]1[3*],5,10930,0.04574565416285453
c1ccc2ccccc2c1,[1*]c1ccc2cc([2*])ccc2c1,5,10930,0.04574565416285453
c1cnccn1,[1*]c1ncc([2*])nc1[3*],5,10930,0.04574565416285453
C(CCOC1CCCCO1)COC1CCCCO1,[1*]C(OC1OC([2*])C([3*])C([4*])C1[5*])C([6*])C([7*])COC1OC([8*])C([9*])C([10*])C1[11*],5,10930,0.04574565416285453
C1COCC(OC2CCCOC2)C1,[1*]C1OC([2*])C(OC2C([3*])OC([4*])C([5*])C2[6*])C([7*])C1[8*],5,10930,0.04574565416285453
C1CCC(OCC2CCCC(OC3CCCOC3)O2)OC1,[1*]C1OC(OCC2OC(OC3C([2*])OC([3*])C([4*])C3[5*])C([6*])C([7*])C2[8*])C([9*])C([10*])C1[11*],5,10930,0.04574565416285453
c1ccc(CCNC2CCCCC2)cc1,[1*]C1(NC([2*])Cc2ccccc2)CCCCC1,5,10930,0.04574565416285453
C1CC2OCCOC2CO1,[1*]C1OC([2*])C([3*])C2OC([4*])([5*])C([6*])([7*])OC12,5,10930,0.04574565416285453
O=C1CC(c2ccccc2)Oc2cc(OC3CCC(OC4CCCCO4)CO3)ccc21,[1*]c1cc(C2Oc3cc(OC4OC([2*])C(OC5OC([3*])C([4*])C([5*])C5[6*])C([7*])C4[8*])cc([9*])c3C(=O)C2[10*])ccc1[11*],5,10930,0.04574565416285453
O=c1c2ccccc2oc2c(OC3CCCCO3)cccc12,[1*]c1cc([2*])c2c(=O)c3c([3*])ccc(OC4OC([4*])C([5*])C([6*])C4[7*])c3oc2c1,5,10930,0.04574565416285453
C1=C2C(CCC3(COC4CCCCO4)CCCCC23)C2CCC3CC(OC4CCCCO4)CCC3C2C1,[1*]C1C([2*])C([3*])OC(OC([4*])C23CCC([5*])([6*])CC2C2=CCC4C5([7*])CCC(OC6OC([8*])C([9*])C([10*])C6[11*])C([12*])([13*])C5CCC4([14*])C2([15*])CC3[16*])C1[17*],5,10930,0.04574565416285453
O=C(OC1CCCCO1)C1CCC2CCC3C(=CCC4C5CCC(OC6OCCCC6OC6CCCCO6)CC5CCC34)C2C1,[1*]C1(C(=O)OC2OC([2*])C([3*])C([4*])C2[5*])CC([6*])C2([7*])CCC3([8*])C(=CCC4C5([9*])CCC(OC6OC([10*])C([11*])C([12*])C6OC6OC([13*])C([14*])C([15*])C6[16*])C([17*])([18*])C5CCC43[19*])C2C1,5,10930,0.04574565416285453
O=c1c(-c2ccc(OC3CCCCO3)cc2)coc2ccccc12,[1*]c1cc(-c2coc3cc([2*])c([3*])c([4*])c3c2=O)ccc1OC1OC([5*])C([6*])C([7*])C1[8*],5,10930,0.04574565416285453
O=c1c(-c2ccc(OC3CCCC(COC4CCCCO4)O3)cc2)coc2ccccc12,[1*]c1cc2occ(-c3ccc(OC4OC(COC5OC([2*])C([3*])C([4*])C5[5*])C([6*])C([7*])C4[8*])c([9*])c3)c(=O)c2c([10*])c1[11*],5,10930,0.04574565416285453
O=C1OC2CC1CC1C3=CC(=O)C4C5CCC(OC6OCCCC6OC6CCCCO6)CC5CCC4C3CCC21,[1*]C12CC(OC1=O)C1([2*])CCC3([3*])C(=CC(=O)C4C5([4*])CCC(OC6OC([5*])C([6*])C([7*])C6OC6OC([8*])C([9*])C([10*])C6[11*])C([12*])([13*])C5CCC43[14*])C1C2,5,10930,0.04574565416285453
O=C(OC1CCCC(COC2CCC(OC3CCCCO3)CO2)O1)C12CCCCC1C1=CCC3C4CCC(OC5CCCCO5)CC4CCC3C1CC2,[1*]C1OC(OC2CCC3([2*])C(CCC4([3*])C3CC=C3C5CC([4*])([5*])CCC5(C(=O)OC5OC(COC6OC([6*])C(OC7OC([7*])C([8*])C([9*])C7[10*])C([11*])C6[12*])C([13*])C([14*])C5[15*])CCC34[16*])C2([17*])[18*])C([19*])C([20*])C1[21*],5,10930,0.04574565416285453
O=c1c(OC2CCCCO2)c(-c2cccc(OC3CCCCO3)c2)oc2ccccc12,[1*]c1cc(-c2oc3cc([2*])cc([3*])c3c(=O)c2OC2OC([4*])C([5*])C([6*])C2[7*])cc(OC2OC([8*])C([9*])C([10*])C2[11*])c1[12*],5,10930,0.04574565416285453
O=C1CCCC2C3=CCC4C5CCC(OC6CCCCO6)CC5CCC4C3CCC12,[1*]C1([2*])CC(=O)C2([3*])CCC3([4*])C(=CCC4C5([5*])CCC(OC6OC([6*])C([7*])C([8*])C6[9*])C([10*])([11*])C5CCC43[12*])C2C1,5,10930,0.04574565416285453
C1CCC(OC2CCC(OC3CCC(OC4CCC(OC5CCC(OC6CCC7C(CCC8C9CCCC9CCC78)C6)OC5)OC4)OC3)OC2)OC1,[1*]C1([2*])CCC2([3*])C3CCC4CC(OC5CC([4*])C(OC6CC([5*])C(OC7CC([6*])C(OC8CC([7*])C(OC9OC([8*])C([9*])C([10*])C9[11*])C([12*])O8)C([13*])O7)C([14*])O6)C([15*])O5)CCC4([16*])C3CC([17*])C12[18*],4,10930,0.036596523330283626
C1CCSC1,[1*]C1CC([2*])CS1,4,10930,0.036596523330283626
O=C(CNC(=S)Nc1ccccc1)NCCc1ccccc1,[1*]c1ccc(NC(=S)NC([2*])C(=O)NC([3*])Cc2ccccc2)cc1,4,10930,0.036596523330283626
C=C1CC23CCC4CCCCC4C2CCC1(OC1OCCC(OC2CCCCO2)C1OC1CCCCO1)C3,[1*]C1([2*])CCCC2([3*])C1CCC13CC(=C)C(OC4OC([4*])C([5*])C(OC5OC([6*])C([7*])C([8*])C5[9*])C4OC4OC([10*])C([11*])C([12*])C4[13*])(CCC12)C3,4,10930,0.036596523330283626
C1CCCSCC1,[1*]C1CCCCSC1,4,10930,0.036596523330283626
O=C(CCc1ccccc1)c1ccc(OC2CCCCO2)cc1,[1*]c1ccc(CCC(=O)c2c([3*])cc(OC3OC([4*])C([5*])C([6*])C3[7*])cc2[8*])cc1[2*],4,10930,0.036596523330283626
O=c1ccocc1,[1*]c1occc(=O)c1[2*],4,10930,0.036596523330283626
C1CC[C@H](O[C@H]2CCCOC2)OC1,[1*][C@H]1O[C@@H](O[C@H]2[C@H]([2*])[C@@H]([3*])[C@@H]([4*])O[C@@H]2[5*])[C@H]([6*])[C@@H]([7*])[C@H]1[8*],4,10930,0.036596523330283626
C1CC[C@@H](OC2CCCO2)OC1,[1*][C@H]1O[C@H](O[C@]2([2*])O[C@H]([3*])[C@@H]([4*])[C@@H]2[5*])[C@H]([6*])[C@@H]([7*])[C@@H]1[8*],4,10930,0.036596523330283626
C1=CCCC1,[1*]C1CC=C([2*])C1([3*])[4*],4,10930,0.036596523330283626
C1CCC(OCC2CCCC(OC3CCCO3)O2)OC1,[1*]C1OC(OCC2OC(OC3([2*])OC([3*])C([4*])C3[5*])C([6*])C([7*])C2[8*])C([9*])C([10*])C1[11*],4,10930,0.036596523330283626
C1CC2COC(C1)O2,[1*]C12OCC(O1)C([2*])C([3*])C2[4*],4,10930,0.036596523330283626
C=C1CC23CCC4C(C(=O)OC5CCCCO5)CCCC4C2CCC1(OC1CCCCO1)C3,[1*]C1(C(=O)OC2OC([2*])C([3*])C([4*])C2[5*])CCCC2([6*])C1CCC13CC(=C)C(OC4OC([8*])C([9*])C([10*])C4[11*])(CCC12[7*])C3,4,10930,0.036596523330283626
O=C(NCCc1ccccc1)C1CCCCC1,[1*]C(Cc1ccccc1)NC(=O)C1CCCCC1[2*],4,10930,0.036596523330283626
O=C(OC1CCCCO1)C1CCC2CCC3C(=CC(=O)C4C5CCC(OC6OCCCC6OC6CCCCO6)CC5CCC34)C2C1,[1*]C1(C(=O)OC2OC([2*])C([3*])C([4*])C2[5*])CCC2([6*])CCC3([7*])C(=CC(=O)C4C5([8*])CCC(OC6OC([9*])C([10*])C([11*])C6OC6OC([12*])C([13*])C([14*])C6[15*])C([16*])([17*])C5CCC43[18*])C2C1,4,10930,0.036596523330283626
C1CCC(OCC2COCO2)OC1,[1*]C1([2*])OC([3*])C(COC2OC([4*])C([5*])C([6*])C2[7*])O1,4,10930,0.036596523330283626
C1CCC(CCC2CCCCO2)OC1,[1*]C1OC(CCC2OC([2*])C([3*])C([4*])C2[5*])C([6*])C([7*])C1[8*],4,10930,0.036596523330283626
C1CC2O[Sn]OC2CO1,[1*][Sn]1([2*])OC2C([3*])OC([4*])C([5*])C2O1,4,10930,0.036596523330283626
C1CCC(COCC2CCCCO2)OC1,[1*]C1COC([2*])(COC([3*])C2([4*])OCC([5*])C([6*])C2[7*])C([8*])C1[9*],4,10930,0.036596523330283626
C1CC2CC(CO2)O1,[1*]C1OC2COC(C1[2*])C2[3*],4,10930,0.036596523330283626
C1CCC(OCCCOC2CCCCO2)OC1,[1*]C1OC(OC([2*])C([3*])C([4*])OC2OC([5*])C([6*])C([7*])C2[8*])C([9*])C([10*])C1[11*],4,10930,0.036596523330283626
O=C1NS(=O)c2ccccc21,[1*]N1C(=O)c2ccccc2S1=O,4,10930,0.036596523330283626
O=C1NS(=O)(=O)c2ccccc21.O=C1NS(=O)(=O)c2ccccc21,[1*]N1C(=O)c2ccccc2S1(=O)=O.[2*]N1C(=O)c2ccccc2S1(=O)=O,4,10930,0.036596523330283626
C1CCC(OCCC2CCCO2)OC1,[1*]C1OC(OCC([2*])C2([3*])OCC([4*])C2[5*])C([6*])C([7*])C1[8*],4,10930,0.036596523330283626
c1ccc(Oc2ccccc2)cc1,[1*]c1ccc(Oc2ccc([2*+])cc2[3*])cc1,4,10930,0.036596523330283626
O=C(OC1CCCCO1)C12CCCCC1C1=CCC3C4CCC(OC5CCC(OC6CCCO6)CO5)CC4CCC3C1CC2,[1*]C1([2*])CCC2(C(=O)OC3OC([3*])C([4*])C([5*])C3[6*])CCC3([7*])C(=CCC4C5([8*])CCC(OC6OC([9*])C(OC7OC([10*])C([11*])C7[12*])C([13*])C6[14*])C([15*])([16*])C5CCC43[17*])C2C1,4,10930,0.036596523330283626
O=c1cc(-c2ccccc2)oc2cc(OC3OCCCC3OC3CCCO3)ccc12,[1*]c1cc(-c2cc(=O)c3c([2*])cc(OC4OC([3*])C([4*])C([5*])C4OC4OCC([6*])([7*])C4[8*])cc3o2)ccc1[9*],4,10930,0.036596523330283626
O=C1CC2C(=CCC3C4CCC(OC5CCCCO5)CC4CCC23)C2CCCCC12,[1*]C1([2*])CCC2([3*])C(=O)C([4*])C3([5*])C(=CCC4C5([6*])CCC(OC6OC([7*])C([8*])C([9*])C6[10*])C([11*])([12*])C5CCC43[13*])C2C1,4,10930,0.036596523330283626
O=C(OC1CCCCO1)C12CCCCC1C1=CCC3C4CCC(OC5CC(OC6CCCCO6)C(OC6CCCCO6)CO5)CC4CCC3C1CC2,[1*]C1([2*])CCC2(C(=O)OC3OC([3*])C([4*])C([5*])C3[6*])CCC3([7*])C(=CCC4C5([8*])CCC(OC6OC([9*])C(OC7OC([10*])C([11*])C([12*])C7[13*])C(OC7OC([14*])C([15*])C([16*])C7[17*])C6[18*])C([19*])([20*])C5CCC43[21*])C2C1,4,10930,0.036596523330283626
O=C1c2ccccc2OC(c2ccccc2)C1OC1CCCC(COC2CCCCO2)O1,[1*]c1cc(C2Oc3cc([2*])cc([3*])c3C(=O)C2OC2OC(COC3OC([4*])C([5*])C([6*])C3[7*])C([8*])C([9*])C2[10*])ccc1[11*],4,10930,0.036596523330283626
O=C1CC(COC2CCCCO2)CC2C3=CCC4C5CCC(OC6OCCCC6OC6OCCCC6OC6CCCCO6)CC5CCC4C3CCC12,[1*]C1OC(OC2C(OC3C(OC4CCC5([2*])C(CCC6([3*])C5CC=C5C7CC([4*])(COC8OC([5*])C([6*])C([7*])C8[8*])CC(=O)C7([9*])CCC56[10*])C4([11*])[12*])OC([13*])C([14*])C3[15*])OC([16*])C([17*])C2[18*])C([19*])C([20*])C1[21*],4,10930,0.036596523330283626
O=C(OC1OCCC(OC2CCCCO2)C1OC1CCCCO1)C12CCCCC1C1=CCC3C4CCC(OC5CCCCO5)CC4CCC3C1CC2,[1*]C1OC(OC2C([2*])COC(OC(=O)C34CCC([3*])([4*])CC3C3=CCC5C6([5*])CCC(OC7OC([6*])C([7*])C([8*])C7[9*])C([10*])([11*])C6CCC5([12*])C3([13*])CC4[14*])C2OC2OC([15*])C([16*])C([17*])C2[18*])C([19*])C([20*])C1[21*],4,10930,0.036596523330283626
C1=C2C3CCCC(OC4CCCCO4)C3CCC2C2CCC3CC(OC4OCCCC4OC4OCCCC4OC4CCCCO4)CCC3C2C1,[1*]C1OC(OC2C(OC3C(OC4CCC5([2*])C(CCC6([3*])C5CC=C5C7CC([4*])([5*])CC(OC8OC([6*])C([7*])C([8*])C8[9*])C7([10*])CCC56[11*])C4([12*])[13*])OC([14*])C([15*])C3[16*])OC([17*])C([18*])C2[19*])C([20*])C([21*])C1[22*],4,10930,0.036596523330283626
C1=C2C3CCCCC3CCC2C2CCC3CC(OC4OCCCC4OC4CC(OC5CCCCO5)CCO4)CCC3C2C1,[1*]C1OC(OC2C([2*])C([3*])OC(OC3C(OC4CCC5([4*])C(CCC6([5*])C5CC=C5C7CC([6*])([7*])C([8*])CC7([9*])CCC56[10*])C4([11*])[12*])OC([13*])C([14*])C3[15*])C2[16*])C([17*])C([18*])C1[19*],4,10930,0.036596523330283626
O=C(OC1CCCCO1)C12CCCCC1C1=CCC3C4CCC(OC5OCCCC5OC5OCCCC5OC5CCCCO5)CC4CCC3C1CC2,[1*]C1([2*])CCC2(C(=O)OC3OC([3*])C([4*])C([5*])C3[6*])CCC3([7*])C(=CCC4C5([8*])CCC(OC6OC([9*])C([10*])C([11*])C6OC6OC([12*])C([13*])C([14*])C6OC6OC([15*])C([16*])C([17*])C6[18*])C([19*])([20*])C5CCC43[21*])C2C1,4,10930,0.036596523330283626
O=c1cc(-c2ccccc2)oc2ccc(OC3CCC(OC4CCCCO4)CO3)cc12,[1*]c1ccc(-c2cc(=O)c3cc(OC4OC([2*])C(OC5OC([3*])C([4*])C([5*])C5[6*])C([7*])C4[8*])c([9*])c([10*])c3o2)cc1,4,10930,0.036596523330283626
O=C1CC(c2ccc(OC3CCCCO3)cc2)Oc2cc(OC3CCCCO3)ccc21,[1*]c1cc(OC2OC([2*])C([3*])C([4*])C2[5*])cc2c1C(=O)C([11*])C(c1ccc(OC3OC([6*])C([7*])C([8*])C3[9*])c([10*])c1)O2,4,10930,0.036596523330283626
c1ncc2ncn(CC3CCCO3)c2n1,[1*]c1nc([2*])nc2c1ncn2CC1OC([3*])C([4*])C1[5*],4,10930,0.036596523330283626
O=C(OC1CCCCO1)C12CCCCC1C1=CCC3C4CCC(OC5CC(OC6OCCCC6OC6CCCCO6)CCO5)CC4CCC3C1CC2,[1*]C1OC(OC2C([2*])C(OC3CCC4([3*])C(CCC5([4*])C4CC=C4C6CC([5*])([6*])CCC6(C(=O)OC6OC([7*])C([8*])C([9*])C6[10*])CCC45[11*])C3([12*])[13*])OC([14*])C2[15*])C(OC2OC([16*])C([17*])C([18*])C2[19*])C([20*])C1[21*],4,10930,0.036596523330283626
O=C(C=Cc1ccccc1)c1ccccc1OC1CCCCO1,[1*]c1cc(C=CC(=O)c2c([4*])cc([5*])cc2OC2OC([6*])C([7*])C([8*])C2[9*])cc([3*])c1[2*],4,10930,0.036596523330283626
O=c1c(-c2ccccc2)coc2cc(OC3CC(OC4CCCCO4)CCO3)ccc12,[1*]c1cc(-c2coc3cc(OC4OC([2*])C([3*])C(OC5OC([4*])C([5*])C([6*])C5[7*])C4[8*])c([9*])c([10*])c3c2=O)cc([11*])c1[12*],4,10930,0.036596523330283626
O=c1cc(-c2ccccc2)oc2c(C3CCCCO3)c(OC3CCCCO3)ccc12,[1*]c1ccc(-c2cc(=O)c3c([11*])cc(OC4OC([7*])C([8*])C([9*])C4[10*])c(C4OC([3*])C([4*])C([5*])C4[6*])c3o2)cc1[2*],4,10930,0.036596523330283626
O=c1cc(-c2ccc(OC3CCCCO3)cc2)oc2ccc(C3CCCCO3)cc12,[1*]C1OC(Oc2ccc(-c3cc(=O)c4c([11*])c(C5OC([7*])C([8*])C([9*])C5[10*])c([6*])cc4o3)cc2[5*])C([4*])C([3*])C1[2*],4,10930,0.036596523330283626
O=c1cc(-c2ccccc2)oc2cc(OC3CCCC(COC4CCCO4)O3)ccc12,[1*]c1ccc(-c2cc(=O)c3c([9*])cc(OC4OC(COC5OC([3*])C([4*])C5[5*])C([6*])C([7*])C4[8*])cc3o2)cc1[2*],4,10930,0.036596523330283626
[CH]1CCCOC1,[1*]C1OC([2*])[C]([3*])C([4*])C1[5*],4,10930,0.036596523330283626
O=C(c1ccccc1)c1ccccc1OC1CCCCO1,[1*]c1cc([2*])c(C(=O)c2ccc([3*])c([4*])c2)c(OC2OC([5*])C([6*])C([7*])C2[8*])c1,4,10930,0.036596523330283626
O=C1C=C2C3CCCC(OC4CCCCO4)C3CCC2C2CCC3CC(OC4OCCCC4OC4CCCCO4)CCC3C12,[1*]C1([2*])CC(OC2OC([3*])C([4*])C([5*])C2[6*])C2([7*])CCC3([8*])C(=CC(=O)C4C5([9*])CCC(OC6OC([10*])C([11*])C([12*])C6OC6OC([13*])C([14*])C([15*])C6[16*])C([17*])([18*])C5CCC43[19*])C2C1,4,10930,0.036596523330283626
c1cc[nH]c1,[1*]c1c([2*])c[nH]c1[3*],3,10930,0.02744739249771272
C(=Nc1ccccc1)NC1CCCCCCC1,[1*]N(C([2*])=Nc1ccc([3*])cc1)C1CCCCCCC1,3,10930,0.02744739249771272
O=S(=O)(NC=Nc1ccccc1)c1ccccc1,[1*]C(=Nc1cccc([2*])c1)NS(=O)(=O)c1ccccc1,3,10930,0.02744739249771272
c1ccc(C2CCc3ccccc3O2)cc1,[1*]c1cc([2*])c2c(c1)OC(c1ccc([3*])c([4*])c1)C([5*])C2,3,10930,0.02744739249771272
C1CCNC1,[1*]C1CC([2*])CN1,3,10930,0.02744739249771272
O=C1CCCC1=O,[1*]C1CC([2*])C(=O)C1=O,3,10930,0.02744739249771272
O=C1CCCCC1,[1*]C1([2*])CCCC([3*])([4*])C1=O,3,10930,0.02744739249771272
C1=CC2CCCCC2C(OC2CCCCO2)C1,[1*]C1=C([2*])CC(OC2OCC([3*])C([4*])C2[5*])C2C([6*])([7*])CCCC12[8*],3,10930,0.02744739249771272
O=C(Cc1ccccc1)Oc1ccccc1,[1*]c1ccc(OC(=O)Cc2ccccc2)c([2*])c1,3,10930,0.02744739249771272
c1c[nH]cn1,[1*]c1c[nH]cn1,3,10930,0.02744739249771272
c1ccc(C2OCCO2)cc1,[1*]c1cc(C2OCC([2*])O2)ccc1[3*],3,10930,0.02744739249771272
c1ccc2c(c1)CCC1C2CCC2CCCC21,[1*]c1cc2c(cc1[2*])C1CC[C@]3([3*])CCCC3C1CC2,3,10930,0.02744739249771272
c1ccc(COc2ccccc2)cc1,[1*]c1ccc(OCc2ccccc2[2*])cc1[3*],3,10930,0.02744739249771272
C1CCC(OC2CCC(OC3CCC(OC4CCC(OC5CCC(OC6CCC(OC7CCC8C(CCC9C%10CCCC%10CCC89)C7)OC6)OC5)OC4)OC3)OC2)OC1,[1*]C1([2*])CCC2([3*])C3CCC4CC(OC5CC([4*])C(OC6CC([5*])C(OC7CC([6*])C(OC8OC([7*])C(OC9OC([8*])C(OC%10OC([9*])C([10*])C([11*])C%10[12*])C([13*])C9[14*])C([15*])C8[16*])C([17*])O7)C([18*])O6)C([19*])O5)CCC4([20*])C3CC([21*])C12[22*],3,10930,0.02744739249771272
O=C1CCCC1,[1*][C@H]1C(=O)CC[C@@H]1[2*],3,10930,0.02744739249771272
O=C(CCc1ccccc1)c1ccc(OC2OCCCC2O[C@@H]2CCCCO2)cc1,[1*]c1ccc(CCC(=O)c2c([2*])cc(OC3OC([3*])C([4*])C([5*])C3O[C@H]3OC([6*])C([7*])C([8*])C3[9*])cc2[10*])cc1[11*],3,10930,0.02744739249771272
C=C1C[C@@]23CC[C@@H]4C(C(=O)O[C@H]5CCCCO5)CCCC4[C@@H]2CC[C@]1(O[C@@H]1OCC[C@H](O[C@H]2CCCCO2)[C@H]1O[C@H]1CCCCO1)C3,[1*][C@@]12CCC[C@@]([2*])(C(=O)O[C@@H]3O[C@H]([3*])[C@@H]([4*])[C@H]([5*])[C@H]3[6*])[C@H]1CC[C@]13CC(=C)[C@](O[C@@H]4O[C@H]([7*])[C@@H]([8*])[C@H](O[C@@H]5O[C@H]([9*])[C@@H]([10*])[C@H]([11*])[C@H]5[12*])[C@H]4O[C@@H]4O[C@@H]([13*])[C@H]([14*])[C@@H]([15*])[C@H]4[16*])(CC[C@H]12)C3,3,10930,0.02744739249771272
C1=C2C3CCC(OC4CCCCO4)CC3CCC2C2CCC3CC(OC4OCCCC4OC4CCCCO4)CCC3C2C1,[1*]C1C([2*])OC(OC2C([3*])C3([4*])CCC4([5*])C(=CCC5C6([6*])CCC(OC7OC([7*])C([8*])C([9*])C7OC7OC([10*])C([11*])C([12*])C7[13*])C([14*])([15*])C6CCC54[16*])C3CC2([17*])[18*])C([19*])C1[20*],3,10930,0.02744739249771272
O=C1C=CCO1,[1*]C1OC(=O)C([2*])=C1[3*],3,10930,0.02744739249771272
C1CCCCCCC1,[1*]C1([2*])CCCCCCC1,3,10930,0.02744739249771272
C=C1CC23CCC4C(C(=O)OC5CCCC(COC6CCCCO6)O5)CCCC4C2CCC1(OC1OCCCC1OC1CCCCO1)C3,[1*]C1(C(=O)OC2OC(COC3OC([2*])C([3*])C([4*])C3[5*])C([6*])C([7*])C2[8*])CCCC2([9*])C3CCC4(OC5OC([10*])C([11*])C([12*])C5OC5OC([13*])C([14*])C([15*])C5[16*])CC3(CCC12)CC4=C,3,10930,0.02744739249771272
O=C(OCc1ccccc1)c1ccccc1,[1*]c1ccc(COC(=O)c2ccccc2[2*])cc1[3*],3,10930,0.02744739249771272
O=C(Oc1ccccc1)c1ccccc1,[1*]c1ccc(C(=O)Oc2ccccc2)cc1[2*],3,10930,0.02744739249771272
C=C1CC23CCC4C(C(=O)OC5CCCCO5)CCCC4C2CCC1C3,[1*]C1CC2CC3(CCC4C([3*])(C(=O)OC5OC([4*])C([5*])C([6*])C5[7*])CCCC4([2*])C13)C([8*])C2=C,3,10930,0.02744739249771272
C=C1CC23CCC4CCC(OC5CCCCO5)CC4C2CCC1C3,[1*]C1C(=C)C2([8*])CCC3C4([7*])CC(OC5OC([3*])C([4*])C([5*])C5[6*])CC([2*])C4CCC13C2,3,10930,0.02744739249771272
O=C1CNCCN1CCc1ccccc1,[1*]C1NCCN(C([2*])Cc2ccccc2)C1=O,3,10930,0.02744739249771272
C1COCC(OC2CCC3OCOCC3O2)C1,[1*]C1([2*])OCC2OC(OC3C([3*])OC([4*])C([5*])C3[6*])C([7*])C([8*])C2O1,3,10930,0.02744739249771272
C1CCC(OOCC2CCCO2)OC1,[1*]C1OC([2*])(COOC2OC([3*])C([4*])C([5*])C2[6*])C([7*])C1[8*],3,10930,0.02744739249771272
C1COCCO1,[1*]C1([2*])COC([3*])([4*])CO1,3,10930,0.02744739249771272
C1CC(C2CCOCO2)OCO1,[1*]C1OCC([2*])C(C2OC([3*])OCC2[4*])O1,3,10930,0.02744739249771272
C1COC(COC2CCCO2)C1,[1*]C1OC(C([2*])OC2OC([3*])C([4*])C2[5*])C([6*])C1[7*],3,10930,0.02744739249771272
c1ccc(Cc2ccccc2)cc1,[1*]c1ccc(Cc2ccccc2)cc1,3,10930,0.02744739249771272
c1ccc(CCNC2CC2)cc1,[1*]C([2*])(Cc1ccccc1)N([3*])C1CC1,3,10930,0.02744739249771272
O=C(CNC(=O)Cc1ccccc1)NCCc1ccccc1,[1*]C(Cc1ccccc1)NC(=O)C([2*])NC(=O)Cc1ccccc1,3,10930,0.02744739249771272
c1ccc(CCNCCc2ccccc2)cc1,[1*]C(Cc1ccccc1)NC([2*])Cc1ccccc1,3,10930,0.02744739249771272
C(CCOC1CCCCO1)COC1CCCOC1,[1*]C(CCCOC1C([2*])OC([3*])C([4*])C1[5*])OC1OC([6*])C([7*])C([8*])C1[9*],3,10930,0.02744739249771272
C1CCC(OCC2CCCC(OC3CCOCC3)O2)OC1,[1*]C1OC([2*])C([3*])C(OC2OC(COC3([4*])OCC([5*])C([6*])C3[7*])C([8*])C([9*])C2[10*])C1[11*],3,10930,0.02744739249771272
C1=C2CC(OC3CCC(OC4CCC(OC5CCCCO5)CO4)CO3)CCC2C2CCC3CC(OC4CCCC(COC5OCCCC5OC5CCCCO5)O4)CC3C2C1,[1*]C1CC(OC2C([19*])CC(OC3C([3*])OC(OC4CCC5([4*])C(=CCC6C5CCC5([5*])C([16*])C(OC7OC(COC8OC([6*])C([7*])C([8*])C8OC8OC([9*])C([10*])C([11*])C8[12*])C([13*])C([14*])C7[15*])CC65)C4)C([17*])C3[18*])OC2[2*])OC([20*])C1[21*],3,10930,0.02744739249771272
C1=C2CC(OC3CCC(OC4CCC(OC5CCCCO5)CO4)CO3)CCC2C2CCC3CC(OC4CCCC(COC5OC(COC6CCCCO6)CCC5OC5CCCCO5)O4)CC3C2C1,[1*]C1CC(OC2C([22*])CC(OC3C([3*])OC(OC4CCC5([4*])C(=CCC6C5CCC5([5*])C([19*])C(OC7OC(COC8OC(COC9OC([6*])C([7*])C([8*])C9[9*])C([10*])C([11*])C8OC8OC([12*])C([13*])C([14*])C8[15*])C([16*])C([17*])C7[18*])CC65)C4)C([20*])C3[21*])OC2[2*])OC([23*])C1[24*],3,10930,0.02744739249771272
C1CCC(COC2CCCOC2)OC1,[1*]C1OC([2*])C(OCC2OC([3*])C([4*])C([5*])C2[6*])C([7*])C1[8*],3,10930,0.02744739249771272
O=C1c2ccccc2S(=O)(=O)N1S(=O)(=O)c1ccccc1,[1*]c1ccc(S(=O)(=O)N2C(=O)c3ccccc3S2(=O)=O)cc1,3,10930,0.02744739249771272
C1CCC(OC2CCOC2OC2CCCCO2)OC1,[1*]C1OC(OC2C([2*])C([3*])OC2([4*])OC2OC([5*])C([6*])C([7*])C2[8*])C([9*])C([10*])C1[11*],3,10930,0.02744739249771272
O=S1(=O)N=Cc2ccccc21.O=S1(=O)N=Cc2ccccc21.O=S1(=O)N=Cc2ccccc21,[1*-]C1=NS(=O)(=O)c2ccccc21.[2*-]C1=NS(=O)(=O)c2ccccc21.[3*-]C1=NS(=O)(=O)c2ccccc21,3,10930,0.02744739249771272
C1COC2(C1)COC1(CCCO1)CO2,[1*]C1C([2*])OC2(COC3(CO2)OC([3*])C([4*])C3[5*])C1[6*],3,10930,0.02744739249771272
C1CCC(COC2CCCC(COC3CCCCO3)O2)OC1,[1*]C1OC(OCC2OC(OCC3OC([2*])C([3*])C([4*])C3[5*])C([6*])C([7*])C2[8*])C([9*])C([10*])C1[11*],3,10930,0.02744739249771272
C1CCC(OC2(COC3CCCO3)CCCO2)OC1,[1*]C1OC(OC2(COC3([2*])OC([3*])C([4*])C3[5*])OC([6*])C([7*])C2[8*])C([9*])C([10*])C1[11*],3,10930,0.02744739249771272
C1CC2OC2CO1,[1*]C1OC([2*])C2OC2([3*])C1[4*],3,10930,0.02744739249771272
C1CCO[13CH2]C1,[1*][C@H]1O[13C@@H]([2*])[C@H]([3*])[C@@H]([4*])[C@@H]1[5*],3,10930,0.02744739249771272
O=[PH]1OC2COC(n3cnc4cncnc43)C2O1,[1*]c1ncnc2c1ncn2C1OC([2*])C2OP([3*])(=O)OC21,3,10930,0.02744739249771272
C1=CC2CC(C1)C2,[1*]C1([2*])C2CC=C([3*])C1C2,3,10930,0.02744739249771272
O=c1cc(-c2ccccc2)oc2ccc(C3CCCC(COC4CCCCO4)O3)cc12,[1*]c1ccc(-c2cc(=O)c3c([11*])c(C4OC(COC5OC([4*])C([5*])C([6*])C5[7*])C([8*])C([9*])C4[10*])c([3*])cc3o2)cc1[2*],3,10930,0.02744739249771272
O=c1c(-c2ccccc2)coc2cc(OC3OCCCC3OC3CCCCO3)ccc12,[1*]C1OC(OC2C(Oc3ccc4c(=O)c(-c5ccc([2*])c([3*])c5[4*])coc4c3)OC([5*])C([6*])C2[7*])C([8*])C([9*])C1[10*],3,10930,0.02744739249771272
O=c1[nH][sH+]c2ccccc12,[1*]n1c(=O)c2ccccc2[s+]1[2*-],3,10930,0.02744739249771272
O=C1CC2C(=CCC3C4CCC(OC5CC(OC6CCCCO6)CCO5)CC4CCC23)C2CCCCC12,[1*]C1([2*])CCC2([3*])C(=O)C([4*])C3([5*])C(=CCC4C5([6*])CCC(OC6OC([7*])C([8*])C(OC7OC([9*])C([10*])C([11*])C7[12*])C6[13*])C([14*])([15*])C5CCC43[16*])C2C1,3,10930,0.02744739249771272
C1=C2C3CCCCC3CCC2C2CCC3CC(OC4CC(OC5CCCCO5)C(OC5CCCO5)CO4)CCC3C2C1,[1*]C1([2*])CCC2([3*])CCC3([4*])C(=CCC4C5([5*])CCC(OC6OC([6*])C(OC7OC([7*])C([8*])C7[9*])C(OC7OC([10*])C([11*])C([12*])C7[13*])C6[14*])C([15*])([16*])C5CCC43[17*])C2C1,3,10930,0.02744739249771272
C1=C2C3CCCCC3CCC2C2CCC3CC(OC4CC(OC5OCCCC5OC5CCCCO5)CCO4)CCC3C2C1,[1*]C1OC(OC2C(OC3C([2*])C(OC4CCC5([3*])C(CCC6([4*])C5CC=C5C7CC([5*])([6*])CCC7([7*])CCC56[8*])C4([9*])[10*])OC([11*])C3[12*])OC([13*])C([14*])C2[15*])C([16*])C([17*])C1[18*],3,10930,0.02744739249771272
O=c1c(-c2ccccc2)coc2ccc(OC3CCCCO3)cc12,[1*]c1c([2*])cc(-c2coc3c([3*])c([4*])c(OC4OC([5*])C([6*])C([7*])C4[8*])cc3c2=O)cc1[9*],3,10930,0.02744739249771272
O=C1CCCC2C3=CCC4C5CCC(OC6OCCCC6OC6CCCCO6)CC5CCC4C3CCC12,[1*]C1([2*])CC(=O)C2([3*])CCC3([4*])C(=CCC4C5([5*])CCC(OC6OC([6*])C([7*])C([8*])C6OC6OC([9*])C([10*])C([11*])C6[12*])C([13*])([14*])C5CCC43[15*])C2C1,3,10930,0.02744739249771272
O=C(CCc1ccc2c(c1)OCCO2)c1ccccc1OC1CCCCO1,[1*]c1cc([2*])cc(OC2OC([3*])C([4*])C([5*])C2[6*])c1C(=O)CCc1ccc2c(c1)OCCO2,3,10930,0.02744739249771272
O=C1C=C2C3CCCCC3CCC2C2CCC3CC(OC4CCCC(COC5CCCCO5)O4)CCC3C12,[1*]C1OC(OCC2OC(OC3CCC4([2*])C(CCC5([3*])C4C(=O)C=C4C6CC([4*])([5*])CCC6([6*])CCC45[7*])C3([8*])[9*])C([10*])C([11*])C2[12*])C([13*])C([14*])C1[15*],3,10930,0.02744739249771272
O=C1CC2CCCCC2C2=CCC3C4CCC(OC5CCCCO5)CC4CCC3C12,[1*]C1([2*])CCC2C([3*])C(=O)C3([4*])C(=CCC4C5([5*])CC([6*])C(OC6OC([7*])C([8*])C([9*])C6[10*])C([11*])([12*])C5CCC43[13*])C2C1,3,10930,0.02744739249771272
O=c1c(-c2ccc(OC3CCCCO3)cc2)coc2cc(OC3CCCCO3)ccc12,[1*]c1c(OC2OC([2*])C([3*])C([4*])C2[5*])cc2occ(-c3ccc(OC4OC([6*])C([7*])C([8*])C4[9*])cc3)c(=O)c2c1[10*],3,10930,0.02744739249771272
C=C1CCC2CCC3C(=CCC4C5CCC(OC6CC(OC7CCCCO7)CCO6)CC5CCC34)C2C1,[1*]C12CCC(=C)CC1C1=CCC3C4([3*])CC([4*])C(OC5OC([5*])C([6*])C(OC6OC([7*])C([8*])C([9*])C6[10*])C5[11*])C([12*])([13*])C4CCC3([14*])C1([2*])CC2,3,10930,0.02744739249771272
O=C(C=Cc1ccc(OC2CCCCO2)cc1)c1ccccc1,[1*]c1cc([2*])c(C(=O)C=Cc2ccc(OC3OC([3*])C([4*])C([5*])C3[6*])c([7*])c2)c([8*])c1,3,10930,0.02744739249771272
O=C(C=Cc1ccccc1)c1cccc(OC2CCCCO2)c1,[1*]c1ccc(C=CC(=O)c2ccc([2*])c(OC3OC([3*])C([4*])C([5*])C3[6*])c2[7*])cc1[8*],3,10930,0.02744739249771272
O=c1cc(-c2cccc(OC3CCCCO3)c2)oc2ccc(C3CCCCO3)cc12,[1*]c1ccc(-c2cc(=O)c3c([11*])c(C4OC([7*])C([8*])C([9*])C4[10*])c([6*])cc3o2)cc1OC1OC([2*])C([3*])C([4*])C1[5*],3,10930,0.02744739249771272
O=C1C=C2C3CCCCC3CCC2C2CCC3CC(OC4OCCC(OC5CCCCO5)C4OC4CCCCO4)CCC3C12,[1*]C1([2*])CCC2([3*])CCC3([4*])C(=CC(=O)C4C5([5*])CCC(OC6OC([6*])C([7*])C(OC7OCC([8*])C([9*])C7[10*])C6OC6OC([11*])C([12*])C([13*])C6[14*])C([15*])([16*])C5CCC43[17*])C2C1,3,10930,0.02744739249771272
O=C(OC1CCCC(COC2CCCCO2)O1)C12CCCCC1C1=CCC3C4CCC(OC5OCCCC5OC5CCCCO5)CC4CCC3C1CC2,[1*]C1([2*])CCC2(C(=O)OC3OC(COC4OC([3*])C([4*])C([5*])C4[6*])C([7*])C([8*])C3[9*])CCC3([10*])C(=CCC4C5([11*])CCC(OC6OC([12*])C([13*])C([14*])C6OC6OC([15*])C([16*])C([17*])C6[18*])C([19*])([20*])C5CCC43[21*])C2C1,3,10930,0.02744739249771272
O=c1cc(-c2ccc(OC3CCC(OC4CCCCO4)CO3)cc2)oc2ccccc12,[1*]c1cc(-c2oc3cc([2*])cc([3*])c3c(=O)c2[4*])cc([5*])c1OC1OC([6*])C(OC2OC([7*])C([8*])C([9*])C2[10*])C([11*])C1[12*],3,10930,0.02744739249771272
O=C1CC2C(=CCC3C4CCC(OC5OCCCC5OC5OCCCC5OC5CCCCO5)CC4CCC23)C2CCCCC12,[1*]C1OC(OC2C(OC3C(OC4CCC5([2*])C(CCC6([3*])C5CC=C5C7CC([4*])([5*])CC([6*])C7([7*])C(=O)CC56[8*])C4([9*])[10*])OC([11*])C([12*])C3[13*])OC([14*])C([15*])C2[16*])C([17*])C([18*])C1[19*],3,10930,0.02744739249771272
O=C1C=C2C3CCCCC3CCC2C2CCC3CC(OC4OCCCC4OC4CCCO4)CCC3C12,[1*]C1OC(OC2CCC3([2*])C(CCC4([3*])C3C(=O)C=C3C5CC([4*])([5*])CCC5([6*])CCC34[7*])C2([8*])[9*])C(OC2OCC([10*])([11*])C2[12*])C([13*])C1[14*],3,10930,0.02744739249771272
O=C(OC1CCCC(COC2CCCCO2)O1)C12CCCCC1C1=CCC3C4CCC(OC5CC(OC6CCCCO6)CCO5)CC4CCC3C1CC2,[1*]C1([2*])CCC2(C(=O)OC3OC(COC4OC([3*])C([4*])C([5*])C4[6*])C([7*])C([8*])C3[9*])CCC3([10*])C(=CCC4C5([11*])CCC(OC6OC([12*])C([13*])C(OC7OC([14*])C([15*])C([16*])C7[17*])C6[18*])C([19*])([20*])C5CCC43[21*])C2C1,3,10930,0.02744739249771272
O=c1cc(-c2ccc(OC3CCCCO3)cc2)oc2cc(OC3CCCC(COC4CCCCO4)O3)ccc12,[1*]c1cc(-c2cc(=O)c3c([2*])cc(OC4OC(COC5OC([3*])C([4*])C([5*])C5[6*])C([7*])C([8*])C4[9*])cc3o2)cc([10*])c1OC1OC([11*])C([12*])C([13*])C1[14*],3,10930,0.02744739249771272
O=c1c(-c2ccccc2)coc2cc(OC3CCC(OC4CCCCO4)CO3)ccc12,[1*]C1OC(OC2C([2*])OC(Oc3cc([3*])c4c(=O)c(-c5ccc([4*])c([5*])c5)coc4c3)C([6*])C2[7*])C([8*])C([9*])C1[10*],3,10930,0.02744739249771272
O=c1cc(-c2ccc(OC3CCCCO3)cc2)oc2ccc(OC3CCCCO3)cc12,[1*]c1cc2oc(-c3ccc(OC4OC([2*])C([3*])C([4*])C4[5*])cc3)cc(=O)c2c([6*])c1OC1OC([7*])C([8*])C([9*])C1[10*],3,10930,0.02744739249771272
O=c1cc(-c2ccc(OC3OCCCC3OC3CCCCO3)cc2)oc2ccccc12,[1*]c1cc(-c2oc3cc([2*])cc([3*])c3c(=O)c2[4*])ccc1OC1OC([5*])C([6*])C([7*])C1OC1OC([8*])C([9*])C([10*])C1[11*],3,10930,0.02744739249771272
O=c1cc(-c2ccc(OC3CCCCO3)cc2)oc2cc(OC3OCCCC3OC3CCCCO3)ccc12,[1*]c1cc(-c2oc3cc(OC4OC([2*])C([3*])C([4*])C4OC4OC([5*])C([6*])C([7*])C4[8*])cc([9*])c3c(=O)c2[10*])cc([11*])c1OC1OC([12*])C([13*])C([14*])C1[15*],3,10930,0.02744739249771272
O=c1cc(-c2ccccc2)oc2cccc(OC3OCCCC3OC3CCCCO3)c12,[1*]c1c(-c2cc([2*])c([3*])c([4*])c2)oc2cc([5*])cc(OC3OC([6*])C([7*])C([8*])C3OC3OC([9*])C([10*])C([11*])C3[12*])c2c1=O,3,10930,0.02744739249771272
O=C1C=CCC(OC2CCCC3C4=CCC5C6CCC(OC7OCCCC7OC7OCCCC7OC7CCCCO7)CC6CCC5C4CCC23)C1,[1*]C1=C([2*])C(=O)CC(OC2CC([3*])([4*])CC3C4=CCC5C6([5*])CCC(OC7OC([6*])C([7*])C([8*])C7OC7OC([9*])C([10*])C([11*])C7OC7OC([12*])C([13*])C([14*])C7[15*])C([16*])([17*])C6CCC5([18*])C4([19*])CCC23[20*])C1,3,10930,0.02744739249771272
O=C1CC(c2ccccc2OC2CCCCO2)Oc2ccccc21,[1*]c1c([2*])c2c(c([3*])c1[4*])OC(c1c([5*])cccc1OC1OC([6*])C([7*])C([8*])C1[9*])CC2=O,3,10930,0.02744739249771272
O=C(c1ccccc1)c1cccc(OC2CCCCO2)c1,[1*]c1ccc(C(=O)c2c([3*])cc([4*])c(OC3OC([5*])C([6*])C([7*])C3[8*])c2[9*])cc1[2*],3,10930,0.02744739249771272
[CH]1CCCCO1,[1*][C]1OC([2*])C([3*])C([4*])C1[5*],3,10930,0.02744739249771272
c1ncc2ncn(C3CC4O[PH2+]OCC4O3)c2n1,[1*]c1ncnc2c1ncn2C1OC2CO[P+]([2*-])([3*])OC2C1[4*],3,10930,0.02744739249771272
O=C(OC1CCC(OC2CCCCO2)CO1)C12CCCCC1C1=CCC3C4CCC(OC5CC(OC6CCCCO6)CCO5)CC4CCC3C1CC2,[1*]C1([2*])CCC2(C(=O)OC3OC([3*])C(OC4OC([4*])C([5*])C([6*])C4[7*])C([8*])C3[9*])CCC3([10*])C(=CCC4C5([11*])CCC(OC6OC([12*])C([13*])C(OC7OC([14*])C([15*])C([16*])C7[17*])C6[18*])C([19*])([20*])C5CCC43[21*])C2C1,3,10930,0.02744739249771272
C(=Nc1cccnc1)NC1CCCCCCC1,[1*]c1ccc(N=C([2*])NC2CCCCCCC2)cn1,2,10930,0.018298261665141813
O=C(O[C@H]1CCCCO1)[C@]12CCCC=C1C1=CC[C@H]3C(CC[C@H]4CCCCC43)C1CC2,[1*]C1=C2C3=CC[C@@H]4[C@@]5([2*])C[C@@H]([3*])[C@@H]([4*])[C@@]([5*])([6*])[C@@H]5CC[C@@]4([7*])[C@]3([8*])CC[C@@]2(C(=O)O[C@@H]2O[C@H]([9*])[C@@H]([10*])[C@H]([11*])[C@H]2[12*])CC[C@H]1[13*],2,10930,0.018298261665141813
c1ccc(C2SCc3ccccc3S2)cc1,[1*]c1ccc(C2SCc3c([2*])cccc3S2)cc1[3*],2,10930,0.018298261665141813
c1ccc(-c2ccccc2)cc1,[1*]c1cc([2*])cc(-c2cc([3*])cc([4*])c2[5*])c1[6*],2,10930,0.018298261665141813
C=C1CC=CCC1,[1*]/C([2*])=C1\CC=C([3*])CC1,2,10930,0.018298261665141813
C1CC[C@@H](O[C@H]2CCCOC2)OC1,[1*][C@H]1O[C@H](O[C@H]2[C@H]([2*])[C@H]([3*])CO[C@]2([4*])[5*])[C@H]([6*])[C@@H]([7*])[C@@H]1[8*],2,10930,0.018298261665141813
C(=Nc1ccccc1)NC1CCCCCC1,[1*]C(=Nc1cc([2*])cc([3*])c1)NC1CCCCCC1,2,10930,0.018298261665141813
c1ccc(C2OCc3ccccc3O2)cc1,[1*]c1ccc(C2OCc3c([2*])cccc3O2)cc1[3*],2,10930,0.018298261665141813
O=C(NCc1cccnc1)Nc1cccnc1,[1*]c1ccc(NC(=O)NC([2*])c2cccnc2)cn1,2,10930,0.018298261665141813
c1nnc(C2CCC2)s1,[1*]c1nnc(C2CCC2)s1,2,10930,0.018298261665141813
c1ccc2c(c1)CC1CCCCC21,[1*]C1([2*])CCCC2([3*])c3ccccc3C([4*])C12,2,10930,0.018298261665141813
O=C(NCc1cccnc1)Nc1ccccc1,[1*]c1ccc(NC(=O)NC([2*])c2cccnc2)cc1,2,10930,0.018298261665141813
C1CO1,[1*]C1CO1,2,10930,0.018298261665141813
C(=Nc1ccccc1)NC1CCCCC1,[1*]c1ccc(N=C([2*])NC2CCCCC2)cc1,2,10930,0.018298261665141813
c1ccc(CNc2ccccc2)cc1,[1*]c1ccc(NCc2ccccc2)cc1[2*],2,10930,0.018298261665141813
C1CCC(OC2CC3C4CCC(OC5CCCO5)CC4CCC3C3CCC(C4CCCO4)C23)OC1,[1*]C1OC(OC2CC[C@@]3([2*])C(CC[C@]4([3*])C3CC(OC3OC([4*])C([5*])C([6*])C3[7*])C3C([C@@]5([8*])CCC([9*])O5)CC[C@@]34[10*])C2([11*])[12*])C([13*])C1[14*],2,10930,0.018298261665141813
N=C(NCC(=O)NCCc1ccccc1)Nc1ccccc1,[1*]C(Cc1ccccc1)NC(=O)C([2*])NC(=N[3*])Nc1ccc([4*])cc1,2,10930,0.018298261665141813
O=C1CCNN1c1ccccc1,[1*]C1C([2*])C(=O)N(c2ccccc2)N1[3*],2,10930,0.018298261665141813
O=C(CCc1ccccn1)c1ccccc1,[1*]c1ccc(C(=O)CCc2ccccn2)c([2*])c1,2,10930,0.018298261665141813
O=C1N=[SH](=O)c2ccccc21,[1*-]S1(=O)=NC(=O)c2ccccc21,2,10930,0.018298261665141813
O=C1C=CC[C@H](C[C@H]2CCC3C2CC[C@]24C[C@@]25CCC(O[C@H]2OCCCC2O[C@@H]2CCCCO2)C[C@@H]5CC[C@H]34)O1,[1*]C1=CC[C@H](C([2*])[C@H]2CC[C@@]3([3*])[C@H]4CC[C@@H]5[C@@]6(CCC(O[C@H]7OC([4*])C([5*])C([6*])C7O[C@H]7OC([7*])C([8*])C([9*])C7[10*])[C@]5([11*])[12*])C[C@]46CC[C@@]23[13*])OC1=O,2,10930,0.018298261665141813
C1CC[C@H](O[C@@H]2C[C@@H]3CCCCC3C3CCC[C@H]32)OC1,[1*][C@@H]1CC[C@]2([2*])[C@H](C[C@@H](O[C@@H]3O[C@H]([3*])[C@@H]([4*])[C@H]([5*])[C@H]3[6*])[C@@H]3[C@@H]([7*])CC[C@]32[8*])[C@@]1([9*])[10*],2,10930,0.018298261665141813
C1=C2C(CCC1)CCC1C2CCC2C3CCC(OC4OCCCC4OC4CCCCO4)CC3CCC12,[1*]C1([2*])C(OC2OC([3*])C([4*])C([5*])C2OC2OC([6*])C([7*])C([8*])C2[9*])CC[C@@]2([10*])C1CC[C@]1([11*])C2CCC2C3=C[C@]([12*])([13*])CC[C@]3([14*])CC[C@@]21[15*],2,10930,0.018298261665141813
O=C1CCCN1,[1*]N1CCCC1=O,2,10930,0.018298261665141813
O=C(O[C@H]1CCCCO1)[C@]12CCCCC1=C1C=C[C@H]3C(CC[C@H]4CCCCC43)C1CC2,[1*][C@@H]1CC[C@]2(C(=O)O[C@@H]3O[C@H]([2*])[C@@H]([3*])[C@H]([4*])[C@H]3[5*])CC[C@]3([6*])C(=C2[C@H]1[7*])C=C[C@@H]1[C@@]2([8*])C[C@@H]([9*])[C@@H]([10*])C([11*])([12*])[C@@H]2CC[C@]13[13*],2,10930,0.018298261665141813
c1ccc(C2Cc3ccccc3CO2)cc1,[1*]c1ccc(C2Cc3cccc([2*])c3CO2)cc1[3*],2,10930,0.018298261665141813
C1CCCCCC1,[1*]C1CCCCCC1,2,10930,0.018298261665141813
C1CC1CC1CC1,[1*]C([2*])(C1CC1)C1CC1,2,10930,0.018298261665141813
C1CCC(OC2CCC(OC3CCC(OC4CCC(OC5CCC6C(CCC7C8CCCC8CCC67)C5)OC4)OC3)OC2)OC1,[1*]C1([2*])CCC2([3*])C3CCC4CC(OC5CC([4*])C(OC6CC([5*])C(OC7OC([6*])C(OC8OC([7*])C([8*])C([9*])C8[10*])C([11*])C7[12*])C([13*])O6)C([14*])O5)CCC4([15*])C3CC([16*])C12[17*],2,10930,0.018298261665141813
c1ccc(C2CO2)cc1,[1*]C1OC1([2*])c1ccc([3*])cc1,2,10930,0.018298261665141813
C1CCCSCCC1,[1*]C1CCCSCCC1,2,10930,0.018298261665141813
C=C1CC23CCC4C(C(=O)OC5OCCCC5OC5CCCCO5)CCCC4C2CCC1(OC1OCCCC1OC1CCCCO1)C3,[1*]C1(C(=O)OC2OC([2*])C([3*])C([4*])C2([5*])OC2OC([6*])C([7*])C([8*])C2[9*])CCCC2([10*])C3CCC4(OC5OC([11*])C([12*])C([13*])C5OC5OC([14*])C([15*])C([16*])C5[17*])CC3(CCC12)CC4=C,2,10930,0.018298261665141813
C=C1C[C@@]23CC[C@@H]4C(C(=O)O[C@@H]5OCC[C@H](O[C@H]6CCCCO6)[C@H]5O[C@H]5CCCCO5)CCCC4[C@@H]2CC[C@]1(O[C@@H]1OCC[C@H](O[C@H]2CCCCO2)[C@H]1O[C@H]1CCCCO1)C3,[1*][C@@]12CCC[C@@]([2*])(C(=O)O[C@@H]3O[C@H]([3*])[C@@H]([4*])[C@H](O[C@@H]4O[C@H]([5*])[C@@H]([6*])[C@H]([7*])[C@H]4[8*])[C@H]3O[C@@H]3O[C@H]([9*])[C@@H]([10*])[C@H]([11*])[C@H]3[12*])[C@H]1CC[C@]13CC(=C)[C@](O[C@@H]4O[C@H]([13*])[C@@H]([14*])[C@H](O[C@@H]5O[C@H]([15*])[C@@H]([16*])[C@H]([17*])[C@H]5[18*])[C@H]4O[C@@H]4O[C@H]([19*])[C@@H]([20*])[C@H]([21*])[C@H]4[22*])(CC[C@H]12)C3,2,10930,0.018298261665141813
C(=Nc1ccccc1)Nc1cccc2ccccc12,[1*]C(=Nc1cc([2*])cc([3*])c1)Nc1cccc2ccccc12,2,10930,0.018298261665141813
O=C1C=CC[C@@H](C[C@H]2CCC3C2CC[C@@]24C[C@@]25CC[C@H](O[C@@H]2OCCC[C@H]2O[C@H]2CCCCO2)C[C@@H]5CC[C@@H]34)O1,[1*]C1=CC[C@@H]([C@@H]([2*])[C@H]2CC[C@@]3([3*])[C@@H]4CC[C@H]5[C@]([4*])([5*])[C@@H](O[C@@H]6O[C@H]([6*])[C@@H]([7*])[C@H]([8*])[C@H]6O[C@@H]6O[C@H]([9*])[C@@H]([10*])[C@H]([11*])[C@H]6[12*])CC[C@@]56C[C@@]46CC[C@]23[13*])OC1=O,2,10930,0.018298261665141813
C=C1CC23CCC4C(C(=O)OC5CCCC(COC6CCCCO6)O5)CCCC4C2CCC1(OC1OCCC(OC2CCCCO2)C1OC1CCCCO1)C3,[1*]C1(C(=O)OC2OC(COC3OC([2*])C([3*])C([4*])C3[5*])C([6*])C([7*])C2[8*])CCCC2([9*])C3CCC4(OC5OC([10*])C([11*])C(OC6OC([12*])C([13*])C([14*])C6[15*])C5OC5OC([16*])C([17*])C([18*])C5[19*])CC3(CCC12)CC4=C,2,10930,0.018298261665141813
C1CCC2CNCCC2C1,[1*]N1CCC2CCCCC2C1,2,10930,0.018298261665141813
O=c1nc2sccc2c[nH]1,[1*]c1sc2nc(=O)[nH]c([2*])c2c1[3*],2,10930,0.018298261665141813
c1ccc2c(c1)OCC1Oc3ccccc3C21,[1*]c1cc2c(cc1[2*])C1c3ccc([3*])c([4*])c3OC[C@@]1([5*])O2,2,10930,0.018298261665141813
O=C(CNC(=O)Nc1ccccc1)NCc1ccccc1,[1*]C(NC(=O)C([2*])NC(=O)Nc1ccc([3*])cc1)c1ccccc1,2,10930,0.018298261665141813
c1ccc(N2CCOCC2)cc1,[1*]c1ccc(N2CCOCC2)cc1,2,10930,0.018298261665141813
C=C1C[C@@]23CC[C@@H]4C(C(=O)O[C@@H]5OCCC[C@H]5O[C@H]5CCCCO5)CCCC4[C@@H]2CC[C@]1(O[C@@H]1OCC[C@H](O[C@H]2CCCCO2)[C@H]1O[C@H]1CCCCO1)C3,[1*][C@@]12CCC[C@@]([2*])(C(=O)O[C@@H]3O[C@H]([3*])[C@@H]([4*])[C@H]([5*])[C@H]3O[C@@H]3O[C@@H]([6*])[C@H]([7*])[C@@H]([8*])[C@H]3[9*])[C@H]1CC[C@]13CC(=C)[C@](O[C@@H]4O[C@H]([10*])[C@@H]([11*])[C@H](O[C@@H]5O[C@H]([12*])[C@@H]([13*])[C@H]([14*])[C@H]5[15*])[C@H]4O[C@@H]4O[C@H]([16*])[C@@H]([17*])[C@H]([18*])[C@H]4[19*])(CC[C@H]12)C3,2,10930,0.018298261665141813
O=C(Nc1ccccc1)Oc1cccc(C2OCc3ccccc3S2)c1,[1*]c1ccc(C2OCc3ccccc3S2)cc1OC(=O)Nc1ccc([2*+])cc1,2,10930,0.018298261665141813
c1ccc2c(c1)CC1COc3ccccc3C21,[1*]c1ccc2c(c1)OCC1([2*])Cc3cc([3*])c([4*])cc3C21,2,10930,0.018298261665141813
c1ccc(C2CSc3ccccc3O2)cc1,[1*]c1ccc(C2CSc3cc([2*])ccc3O2)cc1[3*],2,10930,0.018298261665141813
C1OCOCO1,[1*]C1OC([2*])OC([3*])O1,2,10930,0.018298261665141813
c1ccc2c(c1)CCC2,[1*]c1cccc2c1CCC2,2,10930,0.018298261665141813
C1CCOC1.C1CCOCC1,[1*][C@H]1O[C@H]([2*])[C@H]([3*])[C@@H]([4*])[C@@H]1[5*].[6*][C@H]1O[C@]([7*])([8*])[C@@H]([9*])[C@@H]1[10*],2,10930,0.018298261665141813
C1CCC2=C(CC1)CCC2,[1*][C@@H]1CC[C@H]([2*])C2=C(C1)[C@@H]([3*])CC2,2,10930,0.018298261665141813
O=c1ccc2ccccc2o1,[1*]c1ccc2oc(=O)ccc2c1,2,10930,0.018298261665141813
O=S(=O)(c1ccccc1)C1CC1,[1*]C1([2*])CC1([3*])S(=O)(=O)c1ccc([4*])cc1,2,10930,0.018298261665141813
C1CSCSC1,[1*]C1CSCSC1,2,10930,0.018298261665141813
c1ccc(C2CCc3cccc(C4CC(c5ccccc5)Oc5c4ccc4c5C5CC(c6ccccc6)(Oc6ccccc65)O4)c3O2)cc1,[1*]c1cc([2*])c2c(c1)OC1(c3ccc([3*])c([4*])c3)Oc3cc([5*])c4c(c3C2C1[6*])OC(c1ccc([7*])c([8*])c1)C([9*])C4c1c([10*])cc([11*])c2c1OC(c1ccc([12*])c([13*])c1)C([14*])C2,2,10930,0.018298261665141813
C(=Cc1nc2c3ccccc3ccc2n1Nc1ccccc1)c1ccccc1,[1*]C(=C([2*])c1nc2c3ccccc3c([3*])cc2n1Nc1ccccc1)c1ccccc1,2,10930,0.018298261665141813
O=C(OCCc1ccccc1)c1ccccc1,[1*]c1ccccc1C(=O)OCCc1ccccc1,2,10930,0.018298261665141813
O=C1CCCCCO1,[1*]C1CCCCC(=O)O1,2,10930,0.018298261665141813
O=C(CCc1ccccc1)NCC(=O)N1CCCC1C(=O)NCC(=O)NCC(=O)NCC(=O)N1CCCC1C(=O)NCCc1c[nH]c2ccccc12,[1*]c1[nH]c2ccccc2c1CC([2*])NC(=O)C1CCCN1C(=O)C([3*])NC(=O)C([4*])NC(=O)C([5*])NC(=O)C1CCCN1C(=O)CNC(=O)C([6*])Cc1ccccc1,2,10930,0.018298261665141813
C1C2CC3C1C3C2.C=C1CC2CCC1C2,[1*]C1([2*])C(=C)C2CCC1C2.[3*]C1([4*])C2CC3C(C2)C31[5*],2,10930,0.018298261665141813
C=C1CC23CCC4C(C(=O)OC5CCCCO5)CCCC4C2CCC1(OC1CC(OC2OCCCC2OC2CCCCO2)CCO1)C3,[1*]C1(C(=O)OC2OC([2*])C([3*])C([4*])C2[5*])CCCC2([6*])C3CCC4(OC5OC([7*])C([8*])C(OC6OC([9*])C([10*])C([11*])C6OC6OC([12*])C([13*])C([14*])C6[15*])C5[16*])CC3(CCC12)CC4=C,2,10930,0.018298261665141813
O=C1CC2C(CCCCCOC3CCCCO3)CCC2C2CC=C3CC(OC4CCCC(COC5CCCCO5)O4)CCC3C12,[1*]C(C([2*])CC([3*])C([4*])([5*])OC1OC([6*])C([7*])C([8*])C1[9*])C1CCC2([10*])C3CC=C4C(CCC(OC5OC(COC6OC([11*])C([12*])C([13*])C6[14*])C([15*])C([16*])C5[17*])C4([18*])[19*])C3C(=O)CC12[20*],2,10930,0.018298261665141813
O=C(CCC(=O)OC1CCCCC1)NCCc1ccccc1,[1*]C(CC(=O)OC1CCCCC1)C(=O)NC([2*])Cc1ccccc1,2,10930,0.018298261665141813
C1CCC(OC2CCCOC2OC2CCC3C(CCC4C5CCCC5CCC34)C2)OC1,[1*]C1CCC2([2*])C1C([3*])CC1C3([4*])CCC(OC4OC([5*])C([6*])C([7*])C4OC4OC([8*])C([9*])C([10*])C4[11*])C([12*])([13*])C3CCC12[14*],2,10930,0.018298261665141813
C1CC(C2COCO2)OCO1,[1*]C1OC([2*])([3*])OC(C2COC([4*])([5*])O2)C1[6*],2,10930,0.018298261665141813
C1CCC(OCC2CO2)OC1,[1*]C(OC1OC([2*])C([3*])C([4*])C1[5*])C1CO1,2,10930,0.018298261665141813
O=C(OC1CCCCO1)C1CCCC2C1CCC13C=CC(OC4CCCCO4)(CCC21)C3,[1*]C1(C(=O)OC2OC([2*])C([3*])C([4*])C2[5*])CCCC2([6*])C3CCC4(OC5OC([7*])C([8*])C([9*])C5[10*])CC3(C=C4[11*])CCC12,2,10930,0.018298261665141813
O=C(OC1CCCCO1)C1CCCC2C1CCC13CCC(OC4CCCCO4)(CCC21)C3,[1*]C1(C(=O)OC2OC([2*])C([3*])C([4*])C2[5*])CCCC2([6*])C3CCC4(OC5OC([7*])C([8*])C([9*])C5[10*])CC3(CCC12)CC4([11*])[12*],2,10930,0.018298261665141813
C1OC2COC3OCOC3C2O1,[1*]C1([2*])OC2OC([3*])C3OC([4*])([5*])OC3C2O1,2,10930,0.018298261665141813
C1CCC2(COCO2)OC1,[1*]C1([2*])OCC2(OCC([3*])C([4*])C2[5*])O1,2,10930,0.018298261665141813
O=C(OC1CCCCO1)C1CCCC2C1CCC13C=CC(OC4OCCCC4OC4CCCCO4)(CCC21)C3,[1*]C1=CC23CCC4C([2*])(C(=O)OC5OC([3*])C([4*])C([5*])C5[6*])CCCC4([7*])C2CCC1(OC1OC([8*])C([9*])C([10*])C1OC1OC([11*])C([12*])C([13*])C1[14*])C3,2,10930,0.018298261665141813
C1CCC(OC2CCCO2)OC1.C1CO1,[1*]C1CO1.[2*]C1OC(OC2([3*])OC([4*])C([5*])C2[6*])C([7*])C([8*])C1[9*],2,10930,0.018298261665141813
C1CCC(CCOC2CCCCO2)OC1,[1*]C1OC(OCC([2*])C2OC([3*])C([4*])C([5*])C2[6*])C([7*])C([8*])C1[9*],2,10930,0.018298261665141813
C1COC(OC2CCOC(OC3CCOCC3)C2)C1,[1*]C1OC([2*])C([3*])C(OC2OC([4*])C([5*])C(OC3OC([6*])C([7*])C3[8*])C2[9*])C1[10*],2,10930,0.018298261665141813
C1CCC(OC2COCC(OC3CCCCO3)C2)OC1,[1*]C1OC(OC2C([2*])OC([3*])C(OC3OC([4*])C([5*])C([6*])C3[7*])C2[8*])C([9*])C([10*])C1[11*],2,10930,0.018298261665141813
C1CCC(OC2CCC(OC3CCCCO3)OC2)OC1,[1*]C1OC(OC2OC([2*])C(OC3OC([3*])C([4*])C([5*])C3[6*])C([7*])C2[8*])C([9*])C([10*])C1[11*],2,10930,0.018298261665141813
C1CCC(OC2CCOC(OC3CCCCO3)C2)OC1,[1*]C1OC(OC2OC([2*])C([3*])C(OC3OC([4*])C([5*])C([6*])C3[7*])C2[8*])C([9*])C([10*])C1[11*],2,10930,0.018298261665141813
C1CCC(OCC2CCCC(OC3CCCCO3)O2)OC1,[1*]C1OC(OCC2OC(OC3OC([2*])C([3*])C([4*])C3[5*])C([6*])C([7*])C2[8*])C([9*])C([10*])C1[11*],2,10930,0.018298261665141813
C1COC2OCCOC2C1,[1*]C1COC2OC([2*])C([3*])C([4*])C2O1,2,10930,0.018298261665141813
O=C(CC1NCCNC1=O)OCCCc1ccccc1,[1*]N1CCNC(=O)C1CC(=O)OCCCc1ccccc1,2,10930,0.018298261665141813
O=C1CN(C(=O)CCc2ccccc2)CCN1,[1*]C1C(=O)NCCN1C(=O)CCc1ccccc1,2,10930,0.018298261665141813
O=C1CN(C(=O)Cc2ccccc2)CCN1,[1*]C1C(=O)NCCN1C(=O)Cc1ccccc1,2,10930,0.018298261665141813
O=C1CNC(=O)C(Cc2ccccc2)N1,[1*]C1NC(=O)C(Cc2ccccc2)NC1=O,2,10930,0.018298261665141813
O=C(NCCc1ccccc1)C1CCCCN1,[1*]C(Cc1ccccc1)N([2*])C(=O)C1CCCCN1,2,10930,0.018298261665141813
O=C(CNCc1ccccc1)NCCc1ccccc1,[1*]C(Cc1ccccc1)NC(=O)C([2*])NCc1ccccc1,2,10930,0.018298261665141813
O=C(CCCc1ccccc1)NCCc1ccccc1,[1*]C(Cc1ccccc1)NC(=O)C([2*])C([3*])Cc1ccccc1,2,10930,0.018298261665141813
O=C(NCCc1ccccc1)C1CCNCC1,[1*]C(Cc1ccccc1)NC(=O)C1CCN([2*])CC1,2,10930,0.018298261665141813
O=C(CCC(=O)NCCc1ccccc1)NCCc1ccccc1,[1*]C(Cc1ccccc1)NC(=O)CCC(=O)NC([2*])Cc1ccccc1,2,10930,0.018298261665141813
O=C(CNC1CCCCC1)NCc1ccccc1,[1*]C1(NC([2*])C(=O)NCc2ccccc2)CCCCC1,2,10930,0.018298261665141813
O=C(CCCCc1ccccc1)NCCC1CCCCC1,[1*]C(CC1CCCCC1)NC(=O)C([2*])CCCc1ccc([3*])cc1,2,10930,0.018298261665141813
C1COC(CCC2COCCO2)CO1,[1*]C1([2*])OCC(C([3*])C([4*])C2COC([5*])([6*])C([7*])([8*])O2)OC1([9*])[10*],2,10930,0.018298261665141813
C1CCC(OC2C3CCOC2CO3)OC1,[1*]C1C([2*])OC2COC1C2OC1OC([3*])C([4*])C([5*])C1[6*],2,10930,0.018298261665141813
C1=C2CC(OC3CCC(OC4CCC(OC5CCCCO5)CO4)CO3)CCC2C2CCC3CC(OC4CCCC(COC5CCCCO5)O4)CC3C2C1,[1*]C1CC(OC2C([16*])CC(OC3C([3*])OC(OC4CCC5([4*])C(=CCC6C5CCC5([5*])C([13*])C(OC7OC(COC8OC([6*])C([7*])C([8*])C8[9*])C([10*])C([11*])C7[12*])CC65)C4)C([14*])C3[15*])OC2[2*])OC([17*])C1[18*],2,10930,0.018298261665141813
C1CCC(COCC2CCCO2)OC1,[1*]C1OC([2*])(COCC2OC([3*])C([4*])C([5*])C2[6*])C([7*])C1[8*],2,10930,0.018298261665141813
C1CC(OC2CC3CC(CO3)O2)CCO1,[1*]C1OC([2*])C([3*])C(OC2OC3COC(C2[4*])C3[5*])C1[6*],2,10930,0.018298261665141813
C1COC2CCOCC2OCCOCCOC2CCOCC2OCCO1,[1*]C1OC([2*])C([3*])C2OCCOCCOC3C([4*])OC([5*])C([6*])C3OCCOCCOC12,2,10930,0.018298261665141813
C1CCC(COCOCC2CCCCO2)OC1,[1*]C1OC(COC([2*])OCC2OC([3*])C([4*])C([5*])C2[6*])C([7*])C([8*])C1[9*],2,10930,0.018298261665141813
C1CCC2(OC1)OCC1OCCCC1O2,[1*]C1OC2COC3(OC([2*])C([3*])C([4*])C3[5*])OC2C([6*])C1[7*],2,10930,0.018298261665141813
C1CCC(OCC2CCOC2)OC1,[1*]C1OCC([2*])(COC2OC([3*])C([4*])C([5*])C2[6*])C1[7*],2,10930,0.018298261665141813
C1CC[NH2+]C1,[1*][N+]1([2*])CC([3*])CC1[4*],2,10930,0.018298261665141813
O=c1c(-c2ccccc2)coc2c(C3CCCCO3)cccc12,[1*]c1cc(-c2coc3c(C4OC([2*])C([3*])C([4*])C4[5*])c([6*])cc([7*])c3c2=O)ccc1[8*],2,10930,0.018298261665141813
C1CC2CCC(O1)O2,[1*]C1COC2OC1C([2*])C2[3*],2,10930,0.018298261665141813
C1CCC(CCC2CCCO2)OC1,[1*]C1OC(CCC2OC([2*])C([3*])C([4*])C2[5*])C([6*])C1[7*],2,10930,0.018298261665141813
C1CCC(OC2(CC3CO3)CCCO2)OC1,[1*]C(C1CO1)C1(OC2OC([2*])C([3*])C([4*])C2[5*])OC([6*])C([7*])C1[8*],2,10930,0.018298261665141813
C1COCC2(C1)OO2,[1*]C1OC([2*])C([3*])C([4*])C12OO2,2,10930,0.018298261665141813
C1CCC(OC2CCC(OC3CCOC3)OC2)OC1,[1*]C1OC(OC2C([2*])OC(OC3C([3*])C([4*])OC3([5*])[6*])C([7*])C2[8*])C([9*])C([10*])C1[11*],2,10930,0.018298261665141813
C1COCC(OC2(COC3CCCO3)CCCO2)C1,[1*]C1OC([2*])C(OC2(COC3([3*])OC([4*])C([5*])C3[6*])OC([7*])C([8*])C2[9*])C([10*])C1[11*],2,10930,0.018298261665141813
C1CCC(OC2CCCOC2)C1,[1*]C1OC([2*])C(OC2CCCC2)C([3*])C1[4*],2,10930,0.018298261665141813
C1COCC(OCC2CO2)C1,[1*]C1OC([2*])C(OCC2CO2)C([3*])C1[4*],2,10930,0.018298261665141813
C1COCC(OCCC2CO2)C1,[1*]C1OC([2*])C(OCCC2CO2)C([3*])C1[4*],2,10930,0.018298261665141813
C1CCC(OC2CCCC2)OC1,[1*]C1OC(OC2([2*])CCC([3*])C2[4*])C([5*])C([6*])C1[7*],2,10930,0.018298261665141813
C1CCC(OC2CCCO2)CC1,[1*]C1OC(OC2CCCCC2[2*])C([3*])C1[4*],2,10930,0.018298261665141813
C(CCCOC1CCCCO1)CCOC1CCCCO1,[1*]C1OC(OCC([2*])C([3*])C([4*])C([5*])COC2OC([6*])C([7*])C([8*])C2[9*])C([10*])C([11*])C1[12*],2,10930,0.018298261665141813
C1CCC(OCCCOCCCOC2CCCCO2)OC1,[1*]C1OC(OCC([2*])COCC([3*])COC2OC([4*])C([5*])C([6*])C2[7*])C([8*])C([9*])C1[10*],2,10930,0.018298261665141813
C1CCC(OSOC2CCCCO2)OC1,[1*]C1OC(OSOC2OC([2*])C([3*])C([4*])C2[5*])C([6*])C([7*])C1[8*],2,10930,0.018298261665141813
O=C1CC(c2cccc(OC3CCCCO3)c2)Oc2cc(OC3CCCCO3)ccc21,[1*]c1ccc(C2CC(=O)c3c([2*])cc(OC4OC([3*])C([4*])C([5*])C4[6*])cc3O2)cc1OC1OC([7*])C([8*])C([9*])C1[10*],2,10930,0.018298261665141813
O=[PH]1O[PH](=O)OP(=O)(OCC2CCC(n3cnc4cncnc43)O2)O1,[1*]c1nc2c([2*])ncnc2n1C1OC(COP2(=O)OP([3*])(=O)OP([4*])(=O)O2)C([5*])C1[6*],2,10930,0.018298261665141813
O=C1CC2C(=CCC3C4CCC(OC5OCCC(OC6CCCCO6)C5OC5CCCCO5)CC4CCC23)C2CCCCC12,[1*]C1OC(OC2C([2*])C([3*])OC(OC3CCC4([4*])C(CCC5([5*])C4CC=C4C6CC([6*])([7*])C([8*])CC6C(=O)CC45[9*])C3([10*])[11*])C2OC2OC([12*])C([13*])C([14*])C2[15*])C([16*])C([17*])C1[18*],2,10930,0.018298261665141813
C1=C2CCCCC2CCC1,[1*]C1CCC2=CCCC([2*])C2([3*])C1,2,10930,0.018298261665141813
c1nc2cncn(C3CCCO3)c-2n1,[1*]c1ncn(C2OC([2*])C([3*])C2[4*])c2ncnc1-2,2,10930,0.018298261665141813
O=C(Cc1ccc2c(c1)OCCO2)c1ccc(OC2CCCCO2)cc1,[1*]C1OC(Oc2ccc(C(=O)Cc3ccc4c(c3)OCCO4)c([5*])c2)C([4*])C([3*])C1[2*],2,10930,0.018298261665141813
O=C1C=C2C3CCCCC3CCC2C2CCC3CCC(OC4CCC(OC5CCCCO5)CO4)CC3C12,[1*]C1([2*])CCC2([3*])CCC3([4*])C(=CC(=O)C4C5([5*])CC(OC6OC([6*])C(OC7OC([7*])C([8*])C([9*])C7[10*])C([11*])C6[12*])CC([13*])([14*])C5CCC43[15*])C2C1,2,10930,0.018298261665141813
c1ncc2[nH]c[n+](C3CCCO3)c2n1,[1*]c1ncnc2c1[nH]c[n+]2C1OC([2*])C([3*])C1[4*],2,10930,0.018298261665141813
C1=C2C3CCCCC3CCC2C2CCC3CC(OC4OCC(OC5CCCO5)CC4OC4CCCCO4)CCC3C2C1,[1*]C1OC(OC2CCC3([2*])C(CCC4([3*])C3CC=C3C5CC([4*])([5*])CCC5([6*])CCC34[7*])C2([8*])[9*])C(OC2OC([10*])C([11*])C([12*])C2[13*])C([14*])C1OC1OC([15*])C([16*])C1[17*],2,10930,0.018298261665141813
O=c1cc(-c2ccc(OC3CCCCO3)cc2)oc2cccc(OC3CCCCO3)c12,[1*]c1c(-c2ccc(OC3OC([2*])C([3*])C([4*])C3[5*])c([6*])c2)oc2cc([7*])cc(OC3OC([8*])C([9*])C([10*])C3[11*])c2c1=O,2,10930,0.018298261665141813
C1=C2C3CCCCC3CCC2C2CCC3CCC(OC4OCCCC4OC4OCCCC4OC4CCCCO4)CC3C2C1,[1*]C1OC(OC2C(OC3C(OC4CC([2*])([3*])C5CCC6([4*])C(CC=C7C8CC([5*])([6*])CC([7*])C8([8*])CCC76[9*])C5([10*])C4)OC([11*])C([12*])C3[13*])OC([14*])C([15*])C2[16*])C([17*])C([18*])C1[19*],2,10930,0.018298261665141813
O=c1cc(-c2ccc(OC3OCCCC3OC3CCCCO3)cc2)oc2cc(OC3OCCCC3OC3CCCCO3)ccc12,[1*]C1OC(OC2C(Oc3cc([2*])c4c(=O)cc(-c5ccc(OC6OC([3*])C([4*])C([5*])C6OC6OC([6*])C([7*])C([8*])C6[9*])c([10*])c5)oc4c3)OC([11*])C([12*])C2[13*])C([14*])C([15*])C1[16*],2,10930,0.018298261665141813
O=C1CC2CCC=CC2O1,[1*]C1=CC2OC(=O)C([2*])C2CC1,2,10930,0.018298261665141813
C1=C2C3CCCCC3CCC2C2CCC3CC(OC4CC5OCCOC5CO4)CCC3C2C1,[1*]C1([2*])CCC2([3*])CCC3([4*])C(=CCC4C5([5*])CCC(OC6OC([6*])C7OC([7*])([8*])C([9*])OC7C6[10*])C([11*])([12*])C5CCC43[13*])C2C1,2,10930,0.018298261665141813
O=C1CC(COC2CCCCO2)CC2C3=CCC4C5CCC(OC6OCCCC6OC6CCCCO6)CC5CCC4C3CCC12,[1*]C1(COC2OC([2*])C([3*])C([4*])C2[5*])CC(=O)C2([6*])CCC3([7*])C(=CCC4C5([8*])CCC(OC6OC([9*])C([10*])C([11*])C6OC6OC([12*])C([13*])C([14*])C6[15*])C([16*])([17*])C5CCC43[18*])C2C1,2,10930,0.018298261665141813
O=C(OC1CCCCO1)C12CCCCC1C1=CCC3C4CCC(OC5OCCC6OCCOC65)CC4CCC3C1CC2,[1*]C1([2*])CCC2(C(=O)OC3OC([3*])C([4*])C([5*])C3[6*])CCC3([7*])C(=CCC4C5([8*])CCC(OC6OC([9*])C([10*])C7OC([11*])([12*])C([13*])OC67)C([14*])([15*])C5CCC43[16*])C2C1,2,10930,0.018298261665141813
O=c1cc(-c2ccccc2)oc2cc(OC3CCC(OC4CCCCO4)C(COC4CCCCO4)O3)ccc12,[1*]c1ccc(-c2oc3cc(OC4OC(COC5OC([2*])C([3*])C([4*])C5[5*])C(OC5OC([6*])C([7*])C([8*])C5[9*])C([10*])C4[11*])cc([12*])c3c(=O)c2[13*])cc1[14*],2,10930,0.018298261665141813
O=C(CCc1ccccc1)c1ccc(OC2CCCC(COC3CCCCO3)O2)cc1,[1*]c1ccc(CCC(=O)c2c([2*])cc(OC3OC(COC4OC([3*])C([4*])C([5*])C4[6*])C([7*])C([8*])C3[9*])cc2[10*])cc1[11*],2,10930,0.018298261665141813
O=c1cc(-c2ccccc2)oc2c(OC3OCCCC3OC3CCCCO3)cccc12,[1*]C1OC(OC2C(Oc3c([2*])cc([3*])c4c(=O)cc(-c5ccc([4*])c([5*])c5)oc34)OC([6*])C([7*])C2[8*])C([9*])C([10*])C1[11*],2,10930,0.018298261665141813
O=c1c(-c2ccccc2)coc2c(OC3CCCC(COC4CCCCO4)O3)cccc12,[1*]c1ccc(-c2coc3c(OC4OC(COC5OC([2*])C([3*])C([4*])C5[5*])C([6*])C([7*])C4[8*])c([9*])ccc3c2=O)cc1,2,10930,0.018298261665141813
O=c1cc(-c2ccccc2)oc2ccc(C3CCCC(OC4CCCCO4)O3)cc12,[1*]c1ccc(-c2cc(=O)c3c([11*])c(C4OC(OC5OC([4*])C([5*])C([6*])C5[7*])C([8*])C([9*])C4[10*])c([3*])cc3o2)cc1[2*],2,10930,0.018298261665141813
O=c1cc(-c2cccc(OC3CC(OC4CCCCO4)CCO3)c2)oc2ccccc12,[1*]C1OC(Oc2cc(-c3oc4cc([2*])cc([3*])c4c(=O)c3[4*])cc([5*])c2[6*])C([7*])C(OC2OC([8*])C([9*])C([10*])C2[11*])C1[12*],2,10930,0.018298261665141813
C1=C2C(CCC1)CCC1C2CCC2C3CCC(OC4OCCC(OC5CCCCO5)C4OC4CCCCO4)CC3CCC12,[1*]C1([2*])C=C2C3CCC4C5([3*])CCC(OC6OC([4*])C([5*])C(OC7OCC([6*])C([7*])C7[8*])C6OC6OC([9*])C([10*])C([11*])C6[12*])C([13*])([14*])C5CCC4([15*])C3([16*])CCC2([17*])C([18*])C1,2,10930,0.018298261665141813
O=c1cc(-c2ccccc2)oc2cc(OC3OC(COC4CCCCO4)CCC3OC3CCCCO3)ccc12,[1*]c1cc(-c2cc(=O)c3c([2*])cc(OC4OC(COC5OC([3*])C([4*])C([5*])C5[6*])C([7*])C([8*])C4OC4OC([9*])C([10*])C([11*])C4[12*])cc3o2)ccc1[13*],2,10930,0.018298261665141813
O=C1c2ccc(OC3CCCCO3)cc2OC(c2ccccc2)C1OC1CCCCO1,[1*]C1OC(Oc2cc([2*])c3c(c2)OC(c2ccc([3*])c([4*])c2)C(OC2OC([5*])C([6*])C([7*])C2[8*])C3=O)C([9*])C([10*])C1[11*],2,10930,0.018298261665141813
O=C(OC1CCCCO1)C1CCC2CCC3C(=CCC4C5CCC(OC6CCCCO6)CC5CCC34)C2C1,[1*]C1(C(=O)OC2OC([2*])C([3*])C([4*])C2[5*])CCC2([6*])CCC3([7*])C(=CCC4C5([8*])CCC(OC6OC([9*])C([10*])C([11*])C6[12*])C([13*])([14*])C5CCC43[15*])C2C1,2,10930,0.018298261665141813
O=[PH](OCC1CCC(n2cnc3cncnc32)O1)N1CCOCC1,[1*]c1ncnc2c1nc([2*])n2C1OC(COP([3*])(=O)N2CCOCC2)C([4*])C1[5*],2,10930,0.018298261665141813
O=C1OCCc2ccccc21,[1*]c1ccc2c(c1[2*])C(=O)OC([3*])C2,2,10930,0.018298261665141813
O=C1CC2C(=CCC3C4CCC(OC5OCCCC5OC5CCCCO5)CC4CCC23)C2CCCCC12,[1*]C1OC(OC2C(OC3CCC4([2*])C(CCC5([3*])C4CC=C4C6CC([4*])([5*])CCC6([6*])C(=O)CC45[7*])C3([8*])[9*])OC([10*])C([11*])C2[12*])C([13*])C([14*])C1[15*],2,10930,0.018298261665141813
C1=C2C3CCCCC3CCC2C2CCC3CC(OC4OCCC(OC5OCCCC5OC5CCCCO5)C4OC4CCCCO4)CCC3C2C1,[1*]C1C([2*])C2([3*])C([4*])CC3([5*])C(=CCC4C5([6*])CCC(OC6OC([7*])C([8*])C(OC7OCC([9*])C([10*])C7OC7OCC([11*])C([12*])C7[13*])C6OC6OC([14*])C([15*])C([16*])C6[17*])C([18*])([19*])C5CCC43[20*])C2CC1([21*])[22*],2,10930,0.018298261665141813
c1nc(N2CCCCC2)c2ncn(C3CCCO3)c2n1,[1*]c1nc(N2CCCCC2)c2ncn(C3OC([2*])C([3*])C3[4*])c2n1,2,10930,0.018298261665141813
O=C(OC1CCC(OC2CCCCO2)CO1)C12CCCCC1C1=CCC3C4CCC(OC5CCCCO5)CC4CCC3C1CC2,[1*]C1([2*])CCC2(C(=O)OC3OC([3*])C(OC4OC([4*])C([5*])C([6*])C4[7*])C([8*])C3[9*])CCC3([10*])C(=CCC4C5([11*])CCC(OC6OC([12*])C([13*])C([14*])C6[15*])C([16*])([17*])C5CCC43[18*])C2C1,2,10930,0.018298261665141813
C=C1CC23CCC4C(C(=O)OC5CCCC(COC6CCCCO6)O5)CCCC4C2CCC1C3,[1*]C1(C(=O)OC2OC(COC3OC([2*])C([3*])C([4*])C3[5*])C([6*])C([7*])C2[8*])CCCC2([9*])C3CCC4([10*])CC3(CCC12)CC4=C,2,10930,0.018298261665141813
O=C1CC(c2ccccc2)Oc2cc(OC3CCCC(COC4CCCO4)O3)ccc21,[1*]c1ccc(C2CC(=O)c3c([9*])cc(OC4OC(COC5OC([3*])C([4*])C5[5*])C([6*])C([7*])C4[8*])cc3O2)cc1[2*],2,10930,0.018298261665141813
O=C1CC(c2ccccc2)Oc2cc(OC3OC(COC4CCCCO4)CCC3OC3CCCCO3)ccc21,[1*]c1ccc(C2CC(=O)c3c([2*])cc(OC4OC(COC5OC([3*])C([4*])C([5*])C5[6*])C([7*])C([8*])C4OC4OC([9*])C([10*])C([11*])C4[12*])cc3O2)cc1[13*],2,10930,0.018298261665141813
O=C1CC(c2ccc(OC3CCCO3)cc2)Oc2cc(OC3CCCCO3)ccc21,[1*]c1cc(C2CC(=O)c3c([2*])cc(OC4OC([3*])C([4*])C([5*])C4[6*])cc3O2)ccc1OC1OCC([7*])([8*])C1([9*])[10*],2,10930,0.018298261665141813
O=C1C=C2C(CCC3(C(=O)OC4CCCCO4)CCCCC23)C2CCC3CC(OC4CCCCO4)CCC3C12,[1*]C1([2*])CCC2(C(=O)OC3OC([3*])C([4*])C([5*])C3[6*])CCC3([7*])C(=CC(=O)C4C5([8*])CCC(OC6OC([9*])C([10*])C([11*])C6[12*])C([13*])([14*])C5CCC43[15*])C2C1,2,10930,0.018298261665141813
O=c1cc(-c2ccc(OC3CCCCO3)cc2)oc2c(C3CCCCO3)cccc12,[1*]C1OC(Oc2ccc(-c3cc(=O)c4c([11*])cc([10*])c(C5OC([6*])C([7*])C([8*])C5[9*])c4o3)cc2[5*])C([4*])C([3*])C1[2*],2,10930,0.018298261665141813
O=c1cc(-c2ccccc2)oc2cc(OC3CCCC(COC4CCCCO4)O3)c(C3CCCCO3)cc12,[1*]C1OC(OCC2OC(Oc3cc4oc(-c5ccc([2*])c([3*])c5)cc(=O)c4c([4*])c3C3OC([5*])C([6*])C([7*])C3[8*])C([9*])C([10*])C2[11*])C([12*])C([13*])C1[14*],2,10930,0.018298261665141813
O=c1cc(-c2cccc(OC3OCCCC3OC3CCCCO3)c2)oc2ccc(C3CCCCO3)cc12,[1*]C1OC(OC2C(Oc3cc(-c4cc(=O)c5c([2*])c(C6OC([3*])C([4*])C([5*])C6[6*])c([7*])cc5o4)ccc3[8*])OC([9*])C([10*])C2[11*])C([12*])C([13*])C1[14*],2,10930,0.018298261665141813
O=c1cc(-c2cccc(OC3OCCCC3OC3CCCCO3)c2)oc2ccccc12,[1*]c1cc([2*])c2c(=O)c([3*])c(-c3ccc([4*])c(OC4OC([5*])C([6*])C([7*])C4OC4OC([8*])C([9*])C([10*])C4[11*])c3)oc2c1,2,10930,0.018298261665141813
O=c1cc(-c2ccccc2)oc2cc(OC3OCCCC3OC3OCCCC3OC3CCCCO3)ccc12,[1*]c1ccc(-c2cc(=O)c3c([13*])cc(OC4OC([3*])C([4*])C([5*])C4OC4OC([6*])C([7*])C([8*])C4OC4OC([9*])C([10*])C([11*])C4[12*])cc3o2)cc1[2*],2,10930,0.018298261665141813
O=c1cc(-c2ccccc2)oc2c(C3CCCC(COC4CCCCO4)O3)cccc12,[1*]c1cc(-c2cc(=O)c3c([2*])cc([3*])c(C4OC(COC5OC([4*])C([5*])C([6*])C5[7*])C([8*])C([9*])C4[10*])c3o2)ccc1[11*],2,10930,0.018298261665141813
O=c1cc(-c2ccccc2)oc2c(C3CCC(OC4CCCCO4)CO3)cccc12,[1*]c1ccc(-c2cc(=O)c3c([2*])cc([3*])c(C4OC([4*])C(OC5OC([5*])C([6*])C([7*])C5[8*])C([9*])C4[10*])c3o2)cc1[11*],2,10930,0.018298261665141813
O=c1cc(-c2cc(OC3CCCCO3)cc(OC3CCCCO3)c2)oc2ccccc12,[1*]C1OC(Oc2cc(-c3cc(=O)c4c([11*])cc([10*])cc4o3)cc(OC3OC([6*])C([7*])C([8*])C3[9*])c2[5*])C([4*])C([3*])C1[2*],2,10930,0.018298261665141813
O=c1cc(-c2ccccc2)oc2cc(OC3CCCCO3)c(OC3CCCCO3)cc12,[1*]C1OC(Oc2cc3oc(-c4ccc([2*])cc4)cc(=O)c3c([3*])c2OC2OCC([4*])C([5*])C2[6*])C([7*])C([8*])C1[9*],2,10930,0.018298261665141813
O=c1c(OC2CCC(OCC3CCCCO3)OC2)c(-c2ccccc2)oc2ccccc12,[1*]C1OC(OCC2OC([2*])C([3*])C([4*])C2[5*])C([6*])C([7*])C1Oc1c(-c2ccc([8*])c([9*])c2)oc2cc([10*])cc([11*])c2c1=O,2,10930,0.018298261665141813
C=C1CC23CCC4C(C(=O)OC5CCCCO5)CCCC4C2CCC1(OC1OCC(OC2CCCCO2)CC1OC1CCCCO1)C3,[1*]C1(C(=O)OC2OC([2*])C([3*])C([4*])C2[5*])CCCC2([6*])C3CCC4(OC5OC([7*])C(OC6OC([8*])C([9*])C([10*])C6[11*])C([12*])C5OC5OC([13*])C([14*])C([15*])C5[16*])CC3(CCC12)CC4=C,2,10930,0.018298261665141813
C=C1CC23CCC4CCCCC4C2CCC1(OC1OCC(OC2CCCCO2)CC1OC1CCCCO1)C3,[1*]C1([2*])CCCC2([3*])C1CCC13CC(=C)C(OC4OC([4*])C(OC5OC([5*])C([6*])C([7*])C5[8*])C([9*])C4OC4OC([10*])C([11*])C([12*])C4[13*])(CCC12)C3,2,10930,0.018298261665141813
O=C(OC1CCCCO1)C1OC(OC2CCC3C(CCC4C5CCC6CCCCC6C5=CCC34)C2)CCC1OC1CCCO1,[1*]C1([2*])CCC2([3*])CCC3([4*])C(=CCC4C5([5*])CCC(OC6OC(C(=O)OC7OC([6*])C([7*])C([8*])C7[9*])C(OC7OC([10*])C([11*])C7[12*])C([13*])C6[14*])C([15*])([16*])C5CCC43[17*])C2C1,2,10930,0.018298261665141813
C1COCC(OC2CCOCC2)C1,[1*]C1OC([2*])C([3*])C([4*])C1OC1C([5*])C([6*])OC([7*])C1[8*],2,10930,0.018298261665141813
C1CC(OC2CCOCC2)CCO1,[1*]C1OC([2*])C([3*])C(OC2C([4*])C([5*])OC([6*])C2[7*])C1[8*],2,10930,0.018298261665141813
O=C(c1ccccc1)c1ccc(OC2CCCCO2)cc1,[1*]c1ccc(C(=O)c2c([2*])c([3*])c(OC3OC([4*])C([5*])C([6*])C3[7*])c([8*])c2[9*])cc1,2,10930,0.018298261665141813
O=C1CC2C3CCC(OC4CCC(OC5OCCC(OC6CCCCO6)C5OC5CC(OC6CCCCO6)CCO5)CO4)CC3CCC2C2CC(OC3CCCCO3)CC12,[1*]C1C(OC2([2*])CCC([3*])CO2)CC2C3CCC4CC(OC5OC([4*])C(OC6OC([5*])C([6*])C(OC7OCC([7*])C([8*])C7[9*])C6OC6OC([10*])C([11*])C(OC7OC([12*])C([13*])C([14*])C7[15*])C6[16*])C([17*])C5[18*])CCC4([19*])C3CC(=O)C12[20*],2,10930,0.018298261665141813
O=C1C=CCC(OC2CCCC3C4=CCC5C6CCC(OC7OCCCC7OC7CCCCO7)CC6CCC5C4CCC23)C1,[1*]C1=C([2*])C(=O)CC(OC2CC([3*])([4*])CC3C4=CCC5C6([5*])CCC(OC7OC([6*])C([7*])C([8*])C7OC7OC([9*])C([10*])C([11*])C7[12*])C([13*])([14*])C6CCC5([15*])C4([16*])CCC23[17*])C1,2,10930,0.018298261665141813
O=C1c2ccc(OC3CCCCO3)cc2OCC1c1ccccc1,[1*]c1c(OC2OC([2*])C([3*])C([4*])C2[5*])cc2c(c1[6*])C(=O)C(c1ccc([7*])cc1)CO2,2,10930,0.018298261665141813
C1=C2C3CCCCC3CCC2C2CCC3CC(OC4CC(OC5CCCC(COC6CCCCO6)O5)CCO4)CCC3C2C1,[1*]C1([2*])CCC2([3*])CCC3([4*])C(=CCC4C5([5*])CCC(OC6OC([6*])C([7*])C(OC7OC(COC8OC([8*])C([9*])C([10*])C8[11*])C([12*])C([13*])C7[14*])C6[15*])C([16*])([17*])C5CCC43[18*])C2C1,2,10930,0.018298261665141813
C1CCC(COCOCCOC2CCCCO2)OC1,[1*]C1OC(COCOCCOC2OC([2*])C([3*])C([4*])C2[5*])C([6*])C([7*])C1[8*],2,10930,0.018298261665141813
c1nc(N2CCCC2)c2ncn(C3CCCO3)c2n1,[1*]c1nc(N2CCCC2)c2ncn(C3OC([2*])C([3*])C3[4*])c2n1,2,10930,0.018298261665141813
[CH]1CCOCC1,[1*]C1OC([2*])C([3*])[C]([4*])C1[5*],2,10930,0.018298261665141813
[CH]1CCC(OC2CCCO2)OC1,[1*]C1OC(OC2([2*])OC([3*])C([4*])C2[5*])C([6*])C([7*])[C]1[8*],2,10930,0.018298261665141813
[CH]1CCOC1n1cnc2cncnc21,[1*]c1ncnc2c1ncn2C1OC([2*])C([3*])[C]1[4*],2,10930,0.018298261665141813
O=C1CC(c2ccccc2)Oc2cc(OC3CCC(COCC4CCCCO4)C(COC4CCCCO4)O3)ccc21,[1*]c1ccc(C2CC(=O)c3c([2*])cc(OC4OC(COC5OC([3*])C([4*])C([5*])C5[6*])C(COCC5OC([7*])C([8*])C([9*])C5[10*])C([11*])C4[12*])cc3O2)cc1[13*],2,10930,0.018298261665141813
c1ccc(OC2CCCC2)cc1,[1*]c1cc([2*+])ccc1OC1CCCC1,2,10930,0.018298261665141813
O=P1(OC2COC(n3cnc4cncnc43)C2)O[B]O1,[1*]c1ncnc2c1ncn2C1OC([2*])C(OP2(=O)O[B]O2)C1[3*],2,10930,0.018298261665141813
c1ccc(CCNC2CCCC2)cc1,[1*]C(Cc1ccccc1)N([2*])C1CCCC1,2,10930,0.018298261665141813
[CH]1[CH]COC(OC2[CH]OCCC2)[CH]1,[1*]C1[CH][CH][CH]C(OC2[CH]OC([2*])C([3*])C2[4*])O1,2,10930,0.018298261665141813
O=C(OC1CCCCO1)C1CCC2CCC3C(=CCC4C5CCC(OC6OCCCC6OC6OCCCC6OC6CCCCO6)CC5CCC34)C2C1,[1*]C1OC(OC2C(OC3C(OC4CCC5([2*])C(CCC6([3*])C5CC=C5C7CC([4*])(C(=O)OC8OC([5*])C([6*])C([7*])C8[8*])CC([9*])C7([10*])CCC56[11*])C4([12*])[13*])OC([14*])C([15*])C3[16*])OC([17*])C([18*])C2[19*])C([20*])C([21*])C1[22*],2,10930,0.018298261665141813
O=c1c2ccccc2oc2ccc(OC3OCCCC3OC3CCCCO3)cc12,[1*]c1cc([2*])c2c(=O)c3c([3*])c(OC4OC([4*])C([5*])C([6*])C4OC4OC([7*])C([8*])C([9*])C4[10*])ccc3oc2c1,2,10930,0.018298261665141813
O=c1cc(-c2ccccc2)oc2cc(OC3OCCCC3OC3CCCCO3)c(C3CCCCO3)cc12,[1*]c1cc(-c2cc(=O)c3c([2*])c(C4OC([3*])C([4*])C([5*])C4[6*])c(OC4OC([7*])C([8*])C([9*])C4OC4OC([10*])C([11*])C([12*])C4[13*])cc3o2)ccc1[14*],2,10930,0.018298261665141813
c1ccc(OC2CC2)cc1,[1*]c1cc([2*+])ccc1OC1CC1,2,10930,0.018298261665141813
O=c1c(-c2ccccc2)coc2cc(OC3CCCC(COC4CCCO4)O3)ccc12,[1*]c1ccc(-c2coc3cc(OC4OC(COC5OCC([2*])([3*])C5[4*])C([5*])C([6*])C4[7*])ccc3c2=O)cc1[8*],2,10930,0.018298261665141813
C1=C2C3CCCCC3CCC2C2CCC3CC(OC4OCCCC4OC4OCCCC4OC4OCCCC4OC4CCCCO4)CCC3C2C1,[1*]C1OC(OC2C(OC3C(OC4C(OC5CCC6([2*])C(CCC7([3*])C6CC=C6C8CC([4*])([5*])CCC8([6*])CCC67[7*])C5([8*])[9*])OC([10*])C([11*])C4[12*])OC([13*])C([14*])C3[15*])OC([16*])C([17*])C2[18*])C([19*])C([20*])C1[21*],2,10930,0.018298261665141813
O=C(OC1CCCCO1)C12CCCCC1C1=CCC3C4CCC(OC5OCCCC5OC5CC(OC6CCCCO6)CCO5)CC4CCC3C1CC2,[1*]C1OC(OC2C([2*])C([3*])OC(OC3C(OC4CCC5([4*])C(CCC6([5*])C5CC=C5C7CC([6*])([7*])CCC7(C(=O)OC7OC([8*])C([9*])C([10*])C7[11*])CCC56[12*])C4([13*])[14*])OC([15*])C([16*])C3[17*])C2[18*])C([19*])C([20*])C1[21*],2,10930,0.018298261665141813
C1CCC(OC2(C3OCCO3)CCCO2)OC1,[1*]C1OC(OC2(C3([2*])OCCO3)OC([3*])C([4*])C2[5*])C([6*])C([7*])C1[8*],2,10930,0.018298261665141813
O=C(CCCC=CC=CC=CC=CC1=CCCCC1)NCCc1ccccc1,[1*]C(Cc1ccccc1)NC(=O)C([2*])C([3*])CC=C([4*])C=CC=C([5*])C=CC1=C([6*])CCCC1([7*])[8*],2,10930,0.018298261665141813
C=C1CC23CCC4C(C(=O)OC5CC(OC6CCCCO6)CCO5)CCCC4C2CCC1(OC1OCCC(OC2CCCCO2)C1OC1CCCCO1)C3,[1*]C1(C(=O)OC2OC([2*])C([3*])C(OC3OC([4*])C([5*])C([6*])C3[7*])C2[8*])CCCC2([9*])C3CCC4(OC5OC([10*])C([11*])C(OC6OC([12*])C([13*])C([14*])C6[15*])C5OC5OC([16*])C([17*])C([18*])C5[19*])CC3(CCC12)CC4=C,2,10930,0.018298261665141813
c1ncc2ncn(C3CC4OPOCC4O3)c2n1,[1*]c1ncnc2c1ncn2C1OC2COP([2*])([3*])([4*])OC2C1[5*],2,10930,0.018298261665141813
C=C1CC23CCC4C(C(=O)OC5OCCCC5OC5CCCCO5)CCCC4C2CCC1(OC1CCCCO1)C3,[1*]C=C1CC23CCC4C([2*])(C(=O)OC5OC([3*])C([4*])C([5*])C5OC5OC([6*])C([7*])C([8*])C5[9*])CCCC4([10*])C2CCC1(OC1OC([11*])C([12*])C([13*])C1[14*])C3,2,10930,0.018298261665141813
O=c1cc(-c2ccccc2)oc2cc(C3CCC(OC4CCCCO4)CO3)ccc12,[1*]C1OC(OC2C([2*])OC(c3cc([3*])c4c(=O)cc(-c5ccc([4*])c([5*])c5)oc4c3)C([6*])C2[7*])C([8*])C([9*])C1[10*],2,10930,0.018298261665141813
O=c1c(C2CCCC(COC3OCCCC3OC3CCCCO3)O2)c(-c2ccccc2)oc2ccccc12,[1*]C1OC(OC2C(OCC3OC(c4c(-c5ccc([2*])c([3*])c5)oc5cc([4*])cc([5*])c5c4=O)C([6*])C([7*])C3[8*])OC([9*])C([10*])C2[11*])C([12*])C([13*])C1[14*],2,10930,0.018298261665141813
O=C1C=COC(OC2CCCC3C4=CCC5C6CCC(OC7OCCCC7OC7CCCCO7)CC6CCC5C4CCC23)C1,[1*]C1=C([2*])C(=O)CC(OC2CC([3*])([4*])CC3C4=CCC5C6([5*])CCC(OC7OC([6*])C([7*])C([8*])C7OC7OC([9*])C([10*])C([11*])C7[12*])C([13*])([14*])C6CCC5([15*])C4([16*])CCC23[17*])O1,2,10930,0.018298261665141813
O=C(OC1CCCCO1)C12CCCCC1C1=CCC3C4CCC(OC5CC(OC6CC(OC7CCCCO7)CCO6)CCO5)CC4CCC3C1CC2,[1*]C1OC(OC2C([2*])C([3*])OC(OC3C([4*])C(OC4CCC5([5*])C(CCC6([6*])C5CC=C5C7CC([7*])([8*])CCC7(C(=O)OC7OC([9*])C([10*])C([11*])C7[12*])CCC56[13*])C4([14*])[15*])OC([16*])C3[17*])C2[18*])C([19*])C([20*])C1[21*],2,10930,0.018298261665141813
O=C(OC1CC(OC2CCCCO2)CCO1)C12CCCCC1C1=CCC3C4CCC(OC5CCCCO5)CC4CCC3C1CC2,[1*]C1([2*])CCC2(C(=O)OC3OCC([3*])C(OC4OC([4*])C([5*])C([6*])C4[7*])C3[8*])C([9*])CC3([10*])C(=CCC4C5([11*])CCC(OC6OC([12*])C([13*])C([14*])C6[15*])C([16*])([17*])C5CCC43[18*])C2C1,2,10930,0.018298261665141813
O=C(OC1CC(OC2CCCCO2)CCO1)C12CCCCC1C1=CCC3C4CCC(OC5OCCCC5OC5CCCCO5)CC4CCC3C1CC2,[1*]C1([2*])CCC2(C(=O)OC3OCC([3*])C(OC4OC([4*])C([5*])C([6*])C4[7*])C3[8*])C([9*])CC3([10*])C(=CCC4C5([11*])CCC(OC6OC([12*])C([13*])C([14*])C6OC6OC([15*])C([16*])C([17*])C6[18*])C([19*])([20*])C5CCC43[21*])C2C1,2,10930,0.018298261665141813
O=c1c(-c2ccc(OC3CCCCO3)cc2)coc2c(C3CCCCO3)cccc12,[1*]c1cc(-c2coc3c(C4OC([2*])C([3*])C([4*])C4[5*])c([6*])ccc3c2=O)ccc1OC1OC([7*])C([8*])C([9*])C1[10*],2,10930,0.018298261665141813
O=c1c(C2CCCC(COC3CCCCO3)O2)c(-c2ccccc2)oc2ccccc12,[1*]C1OC(OCC2OC(c3c(-c4ccc([2*])c([3*])c4)oc4cc([4*])cc([5*])c4c3=O)C([6*])C([7*])C2[8*])C([9*])C([10*])C1[11*],2,10930,0.018298261665141813
O=c1cc(-c2ccccc2)oc2c(C3CC(OC4CCCCO4)CCO3)cccc12,[1*]c1cc(-c2cc(=O)c3c([2*])cc([3*])c(C4OC([4*])C([5*])C(OC5OC([6*])C([7*])C([8*])C5[9*])C4[10*])c3o2)ccc1[11*],2,10930,0.018298261665141813
O=c1c(-c2ccccc2)coc2cccc(OC3CCCCO3)c12,[1*]C1OC(Oc2cc([2*])cc3occ(-c4ccc([3*])c([4*])c4)c(=O)c23)C([5*])C([6*])C1[7*],2,10930,0.018298261665141813
C=C1CC23CCC4C(C(=O)OC5OCCC(CC6CCCCO6)C5OC5CCCCO5)CCCC4C2CCC1(OC1OCCC(OC2CCCCO2)C1OC1CCCCO1)C3,[1*]C1(C(=O)OC2OC([2*])C([3*])C(CC3OC([4*])C([5*])C([6*])C3[7*])C2OC2OC([8*])C([9*])C([10*])C2[11*])CCCC2([12*])C3CCC4(OC5OC([13*])C([14*])C(OC6OC([15*])C([16*])C([17*])C6[18*])C5OC5OC([19*])C([20*])C([21*])C5[22*])CC3(CCC12)CC4=C,2,10930,0.018298261665141813
C=C1CC23CCC4CCCCC45CC(CC1(OC1OCCC(OC4CCCCO4)C1OC1CCCCO1)C2)C35,[1*]C1([2*])CCCC23CC4CC5(OC6OC([3*])C([4*])C(OC7OC([5*])C([6*])C([7*])C7[8*])C6OC6OC([9*])C([10*])C([11*])C6[12*])CC(CCC12)(CC5=C[13*])C43,2,10930,0.018298261665141813
C=C1CC23CCC4C(C(=O)OC5OCCCC5OC5CCCCO5)CCCC4C2CCC1(OC1OC(COC2CCCCO2)CCC1OC1CCCCO1)C3,[1*]C=C1CC23CCC4C([2*])(C(=O)OC5OC([3*])C([4*])C([5*])C5OC5OC([6*])C([7*])C([8*])C5[9*])CCCC4([10*])C2CCC1(OC1OC(COC2OC([11*])C([12*])C([13*])C2[14*])C([15*])C([16*])C1OC1OC([17*])C([18*])C([19*])C1[20*])C3,2,10930,0.018298261665141813
O=C(CNC(=S)Nc1ccccc1)NCc1ccccc1,[1*]C(NC(=O)C([2*])NC(=S)Nc1ccc([3*])cc1)c1ccccc1,1,10930,0.009149130832570906
C=C1C[C@@]23CC[C@@H]4C(C(=O)O[C@H]5CCCCO5)CCCC4[C@@H]2CC[C@]1(O[C@H]1CCCCO1)C3,[1*][C@@]12CCC[C@@]([2*])(C(=O)O[C@@H]3O[C@H]([3*])[C@@H]([4*])[C@H]([5*])[C@H]3[6*])[C@H]1CC[C@]13CC(=C)[C@](O[C@@H]4O[C@H]([7*])[C@@H]([8*])[C@H]([9*])[C@H]4[10*])(CC[C@H]12)C3,1,10930,0.009149130832570906
C1=COCCC1,[1*]C1=COCCC1,1,10930,0.009149130832570906
C(=Nc1ccc2c(c1)CCC2)NCc1ccccc1,[1*]C(NC([2*])=Nc1ccc2c(c1)CCC2)c1ccccc1,1,10930,0.009149130832570906
O=C(NCc1ccc2c(c1)CCC2)Nc1ccccc1,[1*]c1ccc(NC(=O)NC([2*])c2ccc3c(c2)CCC3)cc1,1,10930,0.009149130832570906
C1CC[C@@H](O[C@H]2COC[C@@H](O[C@H]3CCCCO3)C2)OC1,[1*][C@H]1O[C@@H](O[C@H]2[C@H]([2*])[C@@H](O[C@H]3O[C@H]([3*])[C@@H]([4*])[C@H]([5*])[C@H]3[6*])[C@H]([7*])O[C@@H]2[8*])[C@H]([9*])[C@@H]([10*])[C@H]1[11*],1,10930,0.009149130832570906
c1ccc(N=C(Nc2nnn[nH]2)NC2CCCCC2)cc1,[1*]n1nnnc1NC(=Nc1ccc([2*])cc1)NC1CCCCC1,1,10930,0.009149130832570906
C1CC[C@@H](OC[C@@H]2CCCO2)OC1,[1*][C@H]1O[C@H](OC[C@H]2OC([2*])([3*])[C@@H]([4*])[C@@H]2[5*])[C@H]([6*])[C@@H]([7*])[C@@H]1[8*],1,10930,0.009149130832570906
C1CC2OCOC2O1,[1*]C1([2*])CC2([3*])OC([4*])([5*])OC2([6*])O1,1,10930,0.009149130832570906
O=C(CCCc1ccccc1)CNC(=O)Nc1ccccc1,[1*]C(CC(=O)CNC(=O)Nc1ccc([2*])cc1)Cc1ccccc1,1,10930,0.009149130832570906
O=C1C=C2C(CCC3CCCC[C@@H]23)C2CC[C@H]3C[C@@H](O[C@H]4OCCC[C@H]4O[C@H]4CCCO4)CCC3[C@@H]12,[1*]C1([2*])[C@@H](O[C@H]2O[C@H]([3*])[C@@H]([4*])[C@H]([5*])[C@H]2O[C@@H]2OC[C@]([6*])([7*])[C@H]2[8*])CC[C@]2([9*])[C@H]3C(=O)C=C4[C@@H]5C[C@@]([10*])([11*])CC[C@]5([12*])CC[C@@]4([13*])[C@]3([14*])CC[C@@H]12,1,10930,0.009149130832570906
C(=CCCC=CCOC1OCCC(OC2CCCCO2)C1OC1CCCCO1)CCC=CCOC1OCCC(OC2CCCCO2)C1OC1CCCCO1,[1*]C(=CCCC([2*])=CCOC1OC([3*])C([4*])C(OC2OC([5*])C([6*])C([7*])C2[8*])C1OC1OC([9*])C([10*])C([11*])C1[12*])CCC=C([13*])COC1OC([14*])C([15*])C(OC2OC([16*])C([17*])C([18*])C2[19*])C1OC1OC([20*])C([21*])C([22*])C1[23*],1,10930,0.009149130832570906
O=C(CNC(=O)Nc1ccccc1)NCC1CCCCC1,[1*]C(NC(=O)C([2*])NC(=O)Nc1ccc([3*+])cc1)C1CCCCC1,1,10930,0.009149130832570906
C1CC[C@H](OC2CCO[C@]34C[C@@]5(CO3)C3CC[C@H]6C[C@@H](O[C@H]7CC[C@@H](O[C@H]8CCCCO8)CO7)CCC6[C@H]3CC[C@@H]5[C@@H]24)OC1,[1*][C@@H]1[C@@H]([2*])[C@H]([3*])O[C@@H](O[C@@]2([4*])C[C@H]([5*])O[C@]34C[C@]5(CO3)[C@H](CC[C@@H]3[C@@]6([6*])CC[C@H](O[C@@H]7OC[C@H](O[C@@H]8O[C@@H]([7*])[C@H]([8*])[C@@H]([9*])[C@H]8[10*])[C@H]([11*])[C@H]7[12*])C([13*])([14*])[C@@H]6CC[C@]35[15*])[C@H]42)[C@@H]1[16*],1,10930,0.009149130832570906
C1CC[C@H](O[C@H]2CC3C4CCC(O[C@H]5CCCO5)CC4CCC3C3CCC(C4CCCO4)C32)OC1,[1*][C@@H]1O[C@@H](OC2CC[C@]3([2*])C4C[C@H](O[C@@H]5O[C@@H]([3*])[C@H]([4*])[C@H]([5*])[C@H]5[6*])C5C([C@]6([7*])CCC([8*])O6)CC[C@]5([9*])C4C([10*])CC3C2([11*])[12*])[C@H]([13*])[C@H]1[14*],1,10930,0.009149130832570906
C(=N\c1ccccc1)\NCc1ccccc1,[1*]c1cccc(CN/C([2*])=N\c2ccc([3*])cc2)c1,1,10930,0.009149130832570906
C1CCC(OCC2CCCC(OCC3CCCC(OC4CCCO4)O3)O2)OC1,[1*]C1OC(OCC2OC(OCC3OC(O[C@]4([2*])OC([3*])C([4*])C4[5*])C([6*])C([7*])C3[8*])C([9*])C([10*])C2[11*])C([12*])C([13*])C1[14*],1,10930,0.009149130832570906
C1CC[C@@H](OC2CCOCC2)OC1,[1*][C@H]1O[C@H](O[C@@H]2[C@H]([2*])CO[C@]([3*])([4*])[C@H]2[5*])[C@H]([6*])[C@@H]([7*])[C@@H]1[8*],1,10930,0.009149130832570906
O=C1OCc2ccccc21,O=C1OCc2ccccc21,1,10930,0.009149130832570906
C(=Nc1ccc2c(c1)OCO2)NCc1ccccc1,[1*]C(NC([2*])=Nc1ccc2c(c1)OCO2)c1ccccc1,1,10930,0.009149130832570906
O=C1C=CCCO1,[1*]C1CC=CC(=O)O1,1,10930,0.009149130832570906
C(=NCc1ccccc1)Nc1ccccc1,[1*]C(N=C([2*])Nc1cc([3*])cc([4*])c1)c1ccccc1,1,10930,0.009149130832570906
C1=C2C[C@@H](O[C@H]3CCC[C@@H](CO[C@H]4CCCCO4)O3)CC[C@H]2C2CCC3C(CC[C@@H]3CCCCO[C@@H]3O[C@H](CO[C@H]4CCCCO4)CC[C@H]3O[C@H]3CCCCO3)[C@@H]2C1,[1*][C@H](CC[C@H]([2*])O[C@@H]1O[C@H](CO[C@@H]2O[C@H]([3*])[C@@H]([4*])[C@H]([5*])[C@H]2[6*])[C@@H]([7*])[C@H]([8*])[C@H]1O[C@@H]1O[C@H]([9*])[C@@H]([10*])[C@H]([11*])[C@H]1[12*])[C@H]1CC[C@@]2([13*])[C@@H]3CC=C4[C@@H](CC[C@H](O[C@@H]5O[C@H](CO[C@@H]6O[C@H]([14*])[C@@H]([15*])[C@H]([16*])[C@H]6[17*])[C@@H]([18*])[C@H]([19*])[C@H]5[20*])C4([21*])[22*])[C@]3([23*])[C@H]([24*])C[C@]12[25*],1,10930,0.009149130832570906
O=S(=O)(CC1CCCC1)c1ccccc1,[1*]C(C1CCCC1)S(=O)(=O)c1ccccc1,1,10930,0.009149130832570906
C(=Nc1ccccc1)NC1CCCCCCCCC1,[1*]c1ccc(N=C([2*])NC2CCCCCCCCC2)cc1,1,10930,0.009149130832570906
C=C1C[C@]23CCC4C(C(=O)OC5CCCCO5)CCCC4C2CC[C@@]1(OC1CCCC(COC2CCCCO2)O1)C3,[1*][C@]12CCC[C@@]([2*])(C(=O)OC3OC([3*])C([4*])C([5*])C3[6*])C1CC[C@@]13CC(=C)[C@@](OC4OC(COC5OC([7*])C([8*])C([9*])C5[10*])C([11*])C([12*])C4[13*])(CCC12)C3,1,10930,0.009149130832570906
O=C(O[C@H]1CCCCO1)[C@]12CCC=C[C@H]1C1=CC[C@H]3C(CC[C@H]4CCCCC43)C1CC2,[1*]C1=C([2*])[C@H]2C3=CC[C@@H]4[C@@]5([3*])C[C@@H]([4*])[C@@H]([5*])C([6*])([7*])[C@@H]5CC[C@@]4([8*])[C@]3([9*])CC[C@@]2(C(=O)O[C@@H]2O[C@H]([10*])[C@@H]([11*])[C@H]([12*])[C@H]2[13*])CC1,1,10930,0.009149130832570906
O=C1NS(=O)(=O)c2cscc21,O=C1NS(=O)(=O)c2cscc21,1,10930,0.009149130832570906
C1=C(CCc2ccoc2)C2CC[C@H](O[C@@H]3OCCC[C@H]3O[C@H]3CCCCO3)C[C@@H]2CC1,[1*]C1=C(CCc2ccoc2)[C@@]2([2*])CC[C@H](O[C@@H]3O[C@H]([3*])[C@@H]([4*])[C@H]([5*])[C@H]3O[C@@H]3OC[C@@H]([6*])[C@H]([7*])[C@H]3[8*])C([9*])([10*])[C@@H]2CC1,1,10930,0.009149130832570906
C1=C2C(CCC1)CCC1C3CC[C@H]4CC(O[C@@H]5OCCCC5O[C@H]5CCCCO5)CCC4[C@H]3CC[C@H]21,[1*]C1([2*])C(O[C@@H]2OC([3*])C([4*])C([5*])C2O[C@@H]2OC([6*])C([7*])C([8*])C2[9*])CC[C@]2([10*])[C@H]3CC[C@@H]4C5=C[C@@]([11*])([12*])CC[C@@]5([13*])CC[C@]4([14*])[C@@]3([15*])CC[C@@H]12,1,10930,0.009149130832570906
N=C(Nc1ccccc1)NC(c1ccccc1)c1ccccc1,[1*]/N=C(/Nc1cc([2*])cc([3*])c1)NC(c1ccccc1)c1ccccc1,1,10930,0.009149130832570906
C=C1CC23CCC4C(C(=O)OC5CCCCO5)CCCC4C2CCC1(OC1OC(COC2CCCCO2)CCC1OC1CCCCO1)C3,[1*]C1(C(=O)OC2OC([2*])C([3*])C([4*])C2[5*])CCCC2([6*])C3CCC4(OC5OC(COC6OC([7*])C([8*])C([9*])C6[10*])C([11*])C([12*])C5OC5OC([13*])C([14*])C([15*])C5[16*])CC3(CCC12)CC4=C,1,10930,0.009149130832570906
C1CSCS1,C1CSCS1,1,10930,0.009149130832570906
O=S1(=O)CCC1,[1*]C1C([2*])([3*])S(=O)(=O)C1([4*])[5*],1,10930,0.009149130832570906
c1ccc(CCCc2ccccc2)cc1,[1*]c1ccc(CCCc2ccccc2)cc1[2*],1,10930,0.009149130832570906
C=C1C[C@@]23CC[C@@H]4C(C(=O)O[C@H]5CCCCO5)CCCC4[C@@H]2CC[C@]1(O[C@@H]1OCCC[C@H]1O[C@H]1CCCCO1)C3,[1*][C@@]12CCC[C@@]([2*])(C(=O)O[C@@H]3O[C@H]([3*])[C@@H]([4*])[C@H]([5*])[C@H]3[6*])[C@H]1CC[C@]13CC(=C)[C@](O[C@@H]4O[C@H]([7*])[C@@H]([8*])[C@H]([9*])[C@H]4O[C@@H]4O[C@H]([10*])[C@@H]([11*])[C@H]([12*])[C@H]4[13*])(CC[C@H]12)C3,1,10930,0.009149130832570906
O=C1C[C@@H](c2ccccc2)Oc2ccccc21,[1*]c1ccc([C@@H]2CC(=O)c3c([2*])cc([3*])cc3O2)cc1[4*],1,10930,0.009149130832570906
C=C1C[C@@]23CC[C@@H]4C(C(=O)O[C@H]5C[C@@H](O[C@H]6CCCCO6)CCO5)CCCC4[C@@H]2CC[C@]1(O[C@@H]1OCC[C@H](O[C@H]2CCCCO2)[C@H]1O[C@H]1CCCCO1)C3,[1*][C@@]12CCC[C@@]([2*])(C(=O)O[C@@H]3O[C@H]([3*])[C@@H]([4*])[C@H](O[C@@H]4O[C@H]([5*])[C@@H]([6*])[C@H]([7*])[C@H]4[8*])[C@H]3[9*])[C@H]1CC[C@]13CC(=C)[C@](O[C@@H]4O[C@H]([10*])[C@@H]([11*])[C@H](O[C@@H]5O[C@H]([12*])[C@@H]([13*])[C@H]([14*])[C@H]5[15*])[C@H]4O[C@@H]4O[C@H]([16*])[C@@H]([17*])[C@H]([18*])[C@H]4[19*])(CC[C@H]12)C3,1,10930,0.009149130832570906
O=C1C=C2C(CCC3CCCC[C@H]23)C2CC[C@H]3C[C@@H](O[C@H]4OCCC[C@@H]4O[C@H]4CCCCO4)CCC3[C@H]12,[1*]C1([2*])[C@@H](O[C@H]2O[C@H]([3*])[C@@H]([4*])[C@H]([5*])[C@@H]2O[C@@H]2O[C@H]([6*])[C@@H]([7*])[C@H]([8*])[C@@H]2[9*])CC[C@@]2([10*])[C@H]1CC[C@]1([11*])[C@H]2C(=O)C=C2[C@H]3C[C@@]([12*])([13*])CC[C@]3([14*])CC[C@]21[15*],1,10930,0.009149130832570906
O=C1CCc2ccccc2O1,O=C1CCc2ccccc2O1,1,10930,0.009149130832570906
C=C1C[C@@]23CC[C@@H]4C(C(=O)O[C@@H]5OCCC[C@H]5O[C@H]5CCCCO5)CCCC4[C@@H]2CC[C@]1(O[C@@H]1OCCC[C@H]1O[C@H]1CCCCO1)C3,[1*][C@@]12CCC[C@@]([2*])(C(=O)O[C@@H]3O[C@H]([3*])[C@@H]([4*])[C@H]([5*])[C@H]3O[C@@H]3O[C@H]([6*])[C@@H]([7*])[C@H]([8*])[C@H]3[9*])[C@H]1CC[C@]13CC(=C)[C@](O[C@@H]4O[C@H]([10*])[C@@H]([11*])[C@H]([12*])[C@H]4O[C@@H]4O[C@H]([13*])[C@@H]([14*])[C@H]([15*])[C@H]4[16*])(CC[C@H]12)C3,1,10930,0.009149130832570906
O=C1C=COS(=O)(=O)N1.c1ccccc1,[1*]C1=CC(=O)NS(=O)(=O)O1.[2*]c1ccccc1,1,10930,0.009149130832570906
c1ccc(C2OC3CC4CCC3(CS2)C4)cc1,[1*]c1ccc(C2OC3CC4CCC3(CS2)C4([2*])[3*])cc1[4*],1,10930,0.009149130832570906
c1ccc2c(c1)CC1COc3ccccc3[C@@H]21,[1*]c1cc2c(cc1[2*])[C@@H]1c3ccc([3*])c([4*])c3OC[C@@]1([5*])C2,1,10930,0.009149130832570906
C=C1C[C@@]23CC[C@@H]4C(C(=O)O[C@@H]5OCC[C@H](O[C@H]6CCCCO6)[C@H]5O[C@H]5C[C@H](O[C@H]6CCCCO6)CCO5)CCCC4[C@@H]2CC[C@]1(O[C@@H]1OCC[C@H](O[C@H]2CCCCO2)[C@H]1O[C@H]1CCCCO1)C3,[1*][C@@]12CCC[C@@]([2*])(C(=O)O[C@@H]3O[C@H]([3*])[C@@H]([4*])[C@H](O[C@@H]4O[C@H]([5*])[C@@H]([6*])[C@H]([7*])[C@H]4[8*])[C@H]3O[C@@H]3O[C@@H]([9*])[C@H]([10*])[C@@H](O[C@@H]4O[C@H]([11*])[C@@H]([12*])[C@H]([13*])[C@H]4[14*])[C@H]3[15*])[C@H]1CC[C@]13CC(=C)[C@](O[C@@H]4O[C@H]([16*])[C@@H]([17*])[C@H](O[C@@H]5O[C@H]([18*])[C@@H]([19*])[C@H]([20*])[C@H]5[21*])[C@H]4O[C@@H]4O[C@H]([22*])[C@@H]([23*])[C@H]([24*])[C@H]4[25*])(CC[C@H]12)C3,1,10930,0.009149130832570906
O=S(=O)(NC=Nc1ccccc1)C1CCCCC1,[1*]c1ccc(N=C([2*])NS(=O)(=O)C2CCCCC2)cc1,1,10930,0.009149130832570906
C(=Nc1ccc2cn[nH]c2c1)NC1CCCCCCC1,[1*]C(=Nc1ccc2cn[nH]c2c1)NC1CCCCCCC1,1,10930,0.009149130832570906
C(=NC1CCCCCCC1)Nc1ccccc1,[1*]c1ccc(NC([2*])=NC2CCCCCCC2)cc1,1,10930,0.009149130832570906
C=C1OC(=O)c2ccccc21,[1*]/C=C1\OC(=O)c2ccccc21,1,10930,0.009149130832570906
C1CC[C@H](O[C@H]2CCOC2)OC1,[1*][C@H]1O[C@@H](O[C@@H]2[C@@H]([2*])O[C@]([3*])([4*])[C@H]2[5*])[C@H]([6*])[C@@H]([7*])[C@H]1[8*],1,10930,0.009149130832570906
C=C1CCC[C@]2(C(=O)O[C@H]3CCCCO3)CCC3C(=CC[C@H]4C3CC[C@H]3CCCCC34)[C@H]12,[1*][C@]12C[C@@H]([2*])[C@H]([3*])C([4*])([5*])[C@@H]1CC[C@]1([6*])[C@@H]2CC=C2[C@@H]3C(=C)[C@H]([12*])CC[C@]3(C(=O)O[C@@H]3O[C@H]([8*])[C@@H]([9*])[C@H]([10*])[C@H]3[11*])CC[C@]21[7*],1,10930,0.009149130832570906
O=C(NCCc1ccccc1)Nc1ccccc1,[1*]c1ccc(NC(=O)NC([2*])Cc2ccccc2)cc1,1,10930,0.009149130832570906
O=C(Nc1ccccc1)c1ccsc1-c1ccncc1,[1*]c1c([2*])sc(-c2ccnc([3*])c2)c1C(=O)Nc1ccc([4*])cc1,1,10930,0.009149130832570906
c1ccc(C2COc3ccccc3O2)cc1,[1*]c1ccc(C2COc3ccccc3O2)cc1[2*],1,10930,0.009149130832570906
O=C1CC=CO1,[1*]C1=CCC(=O)O1,1,10930,0.009149130832570906
C=C1C[C@@]23CC[C@@H]4C(C(=O)O[C@H]5CCCCO5)CCCC4[C@@H]2CC[C@]1(O[C@@H]1OCC[C@H](O[C@H]2CCCCO2)[C@H]1O[C@H]1C[C@H](O[C@H]2CCCCO2)CCO1)C3,[1*][C@@]12CCC[C@@]([2*])(C(=O)O[C@@H]3O[C@H]([3*])[C@@H]([4*])[C@H]([5*])[C@H]3[6*])[C@H]1CC[C@]13CC(=C)[C@](O[C@@H]4O[C@H]([7*])[C@@H]([8*])[C@H](O[C@@H]5O[C@H]([9*])[C@@H]([10*])[C@H]([11*])[C@H]5[12*])[C@H]4O[C@@H]4O[C@@H]([13*])[C@H]([14*])[C@@H](O[C@@H]5O[C@H]([15*])[C@@H]([16*])[C@H]([17*])[C@H]5[18*])[C@H]4[19*])(CC[C@H]12)C3,1,10930,0.009149130832570906
O=C(NCc1ccc2ccccc2c1)Nc1ccccc1,[1*]c1ccc(NC(=O)NC([2*])c2ccc3ccccc3c2)cc1,1,10930,0.009149130832570906
c1ccc(NCCNc2ccccc2)cc1,c1ccc(NCCNc2ccccc2)cc1,1,10930,0.009149130832570906
C1COC(OC[C@@H]2CCC(OC[C@@H]3CCCO3)O2)C1,[1*][C@H]1O[C@@]([2*])(OC[C@H]2O[C@@]([3*])(OC[C@H]3O[C@]([4*])([5*])[C@@H]([6*])[C@@H]3[7*])[C@@H]([8*])[C@@H]2[9*])[C@@H]([10*])[C@@H]1[11*],1,10930,0.009149130832570906
C1CC2OCC1OC1CCC(CO1)OC1CCC(CO1)OC1CCC(CO1)OC1CCC(CO1)OC1CCC(CO1)OC1CCC(CO1)O2,[1*]C1OC2OC3C([2*])OC(OC4C([3*])OC(OC5C([4*])OC(OC6C([5*])OC(OC7C([6*])OC(OC8C([7*])OC(OC1C([8*])C2[9*])C([10*])C8[11*])C([12*])C7[13*])C([14*])C6[15*])C([16*])C5[17*])C([18*])C4[19*])C([20*])C3[21*],1,10930,0.009149130832570906
O=C(CNC(=O)Nc1ccccc1)NCC(=O)OC1CC2CCC1C2,[1*]C(NC(=O)C([2*])NC(=O)Nc1ccc([3*])cc1)C(=O)OC1C2([4*])CCC(C2)C1([5*])[6*],1,10930,0.009149130832570906
c1ccc(Cc2ccco2)cc1,[1*]c1ccc(Cc2ccccc2)o1,1,10930,0.009149130832570906
O=S1(=O)N=Cc2ccccc2N1,[1*]c1cccc2c1C([2*])=NS(=O)(=O)N2,1,10930,0.009149130832570906
O=C1C=C2CCCC=C2O1,[1*]C1=C2CCC([2*])C=C2OC1=O,1,10930,0.009149130832570906
C(=Nc1ccccc1)NC(c1ccccc1)c1ccccc1,[1*]c1ccc(N=C([2*])NC(c2ccccc2)c2ccccc2)cc1,1,10930,0.009149130832570906
C1CCC(OC[C@@H]2CCCCO2)OC1,[1*][C@H]1OC(OC[C@H]2O[C@H]([2*])[C@H]([3*])[C@@H]([4*])[C@@H]2[5*])[C@H]([6*])[C@@H]([7*])[C@@H]1[8*],1,10930,0.009149130832570906
C1CCC(O[C@H]2CCC(O[C@H]3CCCOC3)OC2)OC1,[1*][C@H]1OC(O[C@H]2[C@H]([2*])[C@@H]([3*])C(O[C@H]3[C@H]([4*])[C@@H]([5*])[C@@H]([6*])O[C@@H]3[7*])O[C@@H]2[8*])[C@H]([9*])[C@@H]([10*])[C@@H]1[11*],1,10930,0.009149130832570906
C1=C2C[C@@H](O[C@H]3CCCCO3)CC[C@H]2C2CCC3C(CC[C@@H]3CCCCO[C@@H]3O[C@H](CO[C@H]4CCCCO4)CC[C@H]3O[C@H]3CCCCO3)[C@@H]2C1,[1*][C@H](CC[C@H]([2*])O[C@@H]1O[C@H](CO[C@@H]2O[C@H]([3*])[C@@H]([4*])[C@H]([5*])[C@H]2[6*])[C@@H]([7*])[C@H]([8*])[C@H]1O[C@@H]1O[C@H]([9*])[C@@H]([10*])[C@H]([11*])[C@H]1[12*])[C@H]1CC[C@@]2([13*])[C@@H]3CC=C4[C@@H](CC[C@H](O[C@@H]5O[C@H]([14*])[C@@H]([15*])[C@H]([16*])[C@H]5[17*])C4([18*])[19*])[C@]3([20*])[C@H]([21*])C[C@]12[22*],1,10930,0.009149130832570906
c1ccc(NC(=NC2CCCCCCC2)NCc2nnn[nH]2)cc1,[1*]c1ccc(NC(=NC2CCCCCCC2)NCc2nnn[nH]2)cc1,1,10930,0.009149130832570906
C(=Nc1cccnc1)NC1CCCCCCCC1,[1*]c1ccc(N=C([2*])NC2CCCCCCCC2)cn1,1,10930,0.009149130832570906
C1C2CC3CC1CC(C2)C3,[1*]C12CC3CC(CC(C3)C1)C2,1,10930,0.009149130832570906
c1ccc([C@H]2CO2)cc1,[1*][C@H]1O[C@H]1c1ccccc1,1,10930,0.009149130832570906
C=C1C[C@]23CC[C@@H]4CCCCC4[C@H]2CC[C@]1(O[C@@H]1OCCC(O[C@@H]2CCCCO2)C1O[C@@H]1CCCCO1)C3,[1*][C@@]12CCC[C@]([2*])([3*])[C@H]1CC[C@@]13CC(=C)[C@](O[C@@H]4OC([4*])C([5*])C(O[C@H]5OC([6*])C([7*])C([8*])C5[9*])C4O[C@H]4OC([10*])C([11*])C([12*])C4[13*])(CC[C@@H]12)C3,1,10930,0.009149130832570906
C(=Nc1ccc2ccccc2c1)NCc1ccccc1,[1*]C(NC([2*])=Nc1ccc2ccccc2c1)c1ccccc1,1,10930,0.009149130832570906
C1=C2C(CCC3CCCC[C@@H]23)C2CC[C@H]3CC(O[C@@H]4OCCCC4O[C@H]4CCCCO4)CCC3[C@H]2C1,[1*]C1([2*])C(O[C@@H]2OC([3*])C([4*])C([5*])C2O[C@@H]2OC([6*])C([7*])C([8*])C2[9*])CC[C@]2([10*])[C@H]3CC=C4[C@@H]5C[C@@]([11*])([12*])CC[C@@]5([13*])CC[C@]4([14*])[C@@]3([15*])CC[C@@H]12,1,10930,0.009149130832570906
c1ccc([C@@H]2CCc3cccc([C@@H]4C[C@@H](c5ccccc5)Oc5c4ccc4c5[C@H]5C[C@](c6ccccc6)(Oc6ccccc65)O4)c3O2)cc1,[1*]c1ccc([C@H]2Oc3c4c(cc([2*])c3[C@H](c3c([3*])cc([4*])c5c3O[C@H](c3ccc([5*])cc3)[C@@H]([6*])C5)[C@H]2[7*])O[C@@]2(c3ccc([8*])cc3)Oc3cc([9*])cc([10*])c3[C@@H]4C2[11*])cc1,1,10930,0.009149130832570906
C1CC[C@@H](O[C@@H]2CCCOC2)OC1,[1*][C@H]1O[C@H](O[C@@H]2[C@@H]([2*])[C@H]([3*])[C@@H]([4*])O[C@H]2[5*])[C@H]([6*])[C@@H]([7*])[C@@H]1[8*],1,10930,0.009149130832570906
C1CSC1.C1CSC1,[1*]C1C([2*])([3*])SC1([4*])[5*].[6*]C1C([7*])([8*])SC1([9*])[10*],1,10930,0.009149130832570906
O=C(O[C@H]1CCCCO1)[C@]12CCCC[C@H]1C1=CC[C@H]3C(CC[C@H]4CCCCC43)C1CC2,[1*][C@@H]1CC[C@]2(C(=O)O[C@@H]3O[C@H]([2*])[C@@H]([3*])[C@H]([4*])[C@H]3[5*])CC[C@]3([6*])C(=CC[C@@H]4[C@@]5([7*])C[C@@H]([8*])[C@@H]([9*])[C@@]([10*])([11*])[C@@H]5CC[C@]43[12*])[C@@H]2[C@]1([13*])[14*],1,10930,0.009149130832570906
O=C1C=C2C(CCC3CCCC[C@@H]23)C2CC[C@H]3C[C@@H](O[C@H]4OCCC[C@H]4OC4CCCCC4)CCC3[C@@H]12,[1*]C1([2*])[C@@H](O[C@H]2O[C@H]([3*])[C@@H]([4*])[C@H]([5*])[C@H]2O[C@@H]2C[C@H]([6*])[C@@H]([7*])[C@H]([8*])[C@H]2[9*])CC[C@]2([10*])[C@H]3C(=O)C=C4[C@@H]5C[C@@]([11*])([12*])CC[C@]5([13*])CC[C@@]4([14*])[C@]3([15*])CC[C@@H]12,1,10930,0.009149130832570906
C=C1CC23CCC4C(C(=O)OC5CCCCO5)CCCC4C2CCC1(OC1OCCC(OC2CCCCO2)C1OC1CCCC(COC2CCCCO2)O1)C3,[1*]C1(C(=O)OC2OC([2*])C([3*])C([4*])C2[5*])CCCC2([6*])C3CCC4(OC5OC([7*])C([8*])C(OC6OC([9*])C([10*])C([11*])C6[12*])C5OC5OC(COC6OC([13*])C([14*])C([15*])C6[16*])C([17*])C([18*])C5[19*])CC3(CCC12)CC4=C,1,10930,0.009149130832570906
c1ncc2c(n1)COC2,[1*]c1ncc2c(n1)COC2,1,10930,0.009149130832570906
c1ccc(CSc2ccccc2)cc1,[1*]c1ccc(CSc2ccccc2)cc1[2*],1,10930,0.009149130832570906
O=C(COc1cccc(C2OCc3ccccc3S2)c1)c1ccccc1,[1*+]c1ccc(C(=O)COc2cccc(C3OCc4ccccc4S3)c2)cc1,1,10930,0.009149130832570906
c1cncnc1,[1*]c1ncc([2*])cn1,1,10930,0.009149130832570906
O=C1C=C2[C@H]3CC[C@H](C[C@H]4CCC[C@@H](O[C@H]5CCCCO5)O4)C3CC[C@H]2C2CC[C@@H](O[C@@H]3OCCC[C@H]3O[C@H]3CCCCO3)C[C@@H]12,[1*][C@@H]([C@H]1CC[C@@H]2C3=CC(=O)[C@@H]4C[C@H](O[C@@H]5O[C@H]([2*])[C@@H]([3*])[C@H]([4*])[C@H]5O[C@@H]5O[C@@H]([5*])[C@H]([6*])[C@@H]([7*])[C@H]5[8*])CC[C@]4([9*])[C@@H]3CC[C@@]21[10*])[C@H]1CC[C@H]([11*])[C@@H](O[C@@H]2O[C@@H]([12*])[C@H]([13*])[C@@H]([14*])[C@H]2[15*])O1,1,10930,0.009149130832570906
O=S1(=O)CC(c2ccccc2)Oc2ccccc21,[1*]c1ccc(C2CS(=O)(=O)c3ccccc3O2)cc1[2*],1,10930,0.009149130832570906
C(=Nc1cccnc1)NC(c1ccccc1)c1ccco1,[1*]c1ccc(N=C([2*])NC(c2ccccc2)c2ccco2)cn1,1,10930,0.009149130832570906
c1ccc2ncccc2c1,[1*]c1ccnc2ccccc12,1,10930,0.009149130832570906
C1=NCc2ccccc21,[1*]C1=NCc2ccccc21,1,10930,0.009149130832570906
O=C1C[C@@H]2[C@H]3CCC(C[C@H]4CCC[C@@H](O[C@H]5CCCCO5)O4)C3CC[C@H]2C2CC[C@@H](O[C@@H]3OCCC[C@H]3O[C@H]3CCCCO3)C[C@@H]12,[1*][C@@H]1O[C@@H](O[C@H]2O[C@@H]([C@@H]([2*])C3CC[C@@H]4[C@H]5CC(=O)[C@@H]6C[C@H](O[C@@H]7O[C@H]([3*])[C@@H]([4*])[C@H]([5*])[C@H]7O[C@@H]7O[C@@H]([6*])[C@H]([7*])[C@@H]([8*])[C@H]7[9*])CC[C@]6([10*])[C@@H]5CC[C@]34[11*])CC[C@@H]2[12*])[C@H]([13*])[C@H]([14*])[C@H]1[15*],1,10930,0.009149130832570906
C1CC[C@@H](OC[C@@H]2CCC[C@@H](OC3CCCO3)O2)OC1,[1*][C@H]1O[C@H](OC[C@H]2O[C@H](O[C@]3([2*])O[C@H]([3*])[C@@H]([4*])[C@@H]3[5*])[C@H]([6*])[C@@H]([7*])[C@@H]2[8*])[C@H]([9*])[C@@H]([10*])[C@H]1[11*],1,10930,0.009149130832570906
C(=Nc1cccnc1)NCc1ccccc1,[1*]C(=Nc1cccnc1)NCc1ccccc1,1,10930,0.009149130832570906
O=C(Nc1ccccc1)Oc1cccc(C2OCc3ccccc3O2)c1,[1*]c1ccc(C2OCc3ccccc3O2)cc1OC(=O)Nc1ccc([2*+])cc1,1,10930,0.009149130832570906
c1ccc(N=C(Nc2nnn[nH]2)NC2CCCCCCC2)cc1,[1*]n1nnnc1NC(=Nc1ccc([2*])cc1)NC1CCCCCCC1,1,10930,0.009149130832570906
C1CC[C@@H](O[C@@H]2CCCCO2)OC1,[1*][C@H]1O[C@H](O[C@H]2O[C@H]([2*])[C@@H]([3*])[C@H]([4*])[C@H]2[5*])[C@H]([6*])[C@@H]([7*])[C@@H]1[8*],1,10930,0.009149130832570906
C1=C2CC(OC3CCCCO3)CCC2C2CCC3C(CCCCOC4CCCCO4)CCC3C2C1,[1*]C(CCC([2*])OC1OC([3*])C([4*])C([5*])C1[6*])C1CCC2([7*])C3CC=C4C(CCC(OC5OC([8*])C([9*])C([10*])C5[11*])C4([12*])[13*])C3([14*])C([15*])CC12[16*],1,10930,0.009149130832570906
O=C1OC(c2ccccc2)Oc2ccccc21,[1*]c1ccc(C2OC(=O)c3ccccc3O2)cc1[2*],1,10930,0.009149130832570906
C1C[SH+]C1,[1*]C1C([2*])([3*])[S+]([4*-])C1([5*])[6*],1,10930,0.009149130832570906
c1ccc2c(c1)C[C@@H]1CCCCC21,[1*][C@@]12CCC[C@]([2*])([3*])[C@H]1[C@]([4*])([5*])c1ccccc12,1,10930,0.009149130832570906
O=C(Cc1ccccc1)OCc1ccccc1,O=C(Cc1ccccc1)OCc1ccccc1,1,10930,0.009149130832570906
C1CSCCSC1,[1*]C1CSCCSC1,1,10930,0.009149130832570906
O=C1CCOC(OC2CCCO2)C1,[1*]C1C(=O)C([7*])C(OC2([3*])OC([4*])C([5*])C2[6*])OC1[2*],1,10930,0.009149130832570906
C(=Nc1ccc2nonc2c1)NC1CCCCCCC1,[1*]C(=Nc1ccc2nonc2c1)NC1CCCCCCC1,1,10930,0.009149130832570906
O=C1NC(c2ccccc2)Cc2ccccc21,[1*]c1ccc(C2Cc3cccc([2*])c3C(=O)N2)cc1[3*],1,10930,0.009149130832570906
C=C1C[C@@]23CC[C@H]4C(C(=O)OC5CCCCO5)CCCC4[C@H]2CC[C@@]1(O[C@@H]1OCCCC1O[C@@H]1CCCCO1)C3,[1*][C@@]12CCC[C@]([2*])(C(=O)OC3OC([3*])C([4*])C([5*])C3[6*])[C@@H]1CC[C@]13CC(=C)[C@@](O[C@@H]4OC([7*])C([8*])C([9*])C4O[C@H]4OC([10*])C([11*])C([12*])C4[13*])(CC[C@@H]12)C3,1,10930,0.009149130832570906
C(=Nc1ccc2ccccc2n1)NCc1ccccc1,[1*]C(NC([2*])=Nc1ccc2ccccc2n1)c1ccccc1,1,10930,0.009149130832570906
c1ncc2ncn([C@H]3CCCO3)c2n1,[1*]c1ncnc2c1ncn2[C@@H]1O[C@H]([2*])[C@@H]([3*])[C@H]1[4*],1,10930,0.009149130832570906
O=C1CCCCCCCCCCCC(=O)OCCO1,O=C1CCCCCCCCCCCC(=O)OCCO1,1,10930,0.009149130832570906
c1ccc(C2Oc3ccccc3O2)cc1,[1*]c1ccc(C2Oc3ccccc3O2)cc1[2*],1,10930,0.009149130832570906
C1CCC(C2(OC3CCCO3)CCCCO2)OC1,[1*]C1OC([2*])(C2(OC3([3*])OC([4*])C([5*])C3[6*])OC([7*])C([8*])C([9*])C2[10*])C([11*])C([12*])C1[13*],1,10930,0.009149130832570906
C1=C2CC(OC3CCCC(COC4CCCCO4)O3)CCC2C2CCC3C(CCCCOC4OCCCC4OC4CCCCO4)CCC3C2C1,[1*]C(CCC([2*])OC1OC([3*])C([4*])C([5*])C1OC1OC([6*])C([7*])C([8*])C1[9*])C1CCC2([10*])C3CC=C4C(CCC(OC5OC(COC6OC([11*])C([12*])C([13*])C6[14*])C([15*])C([16*])C5[17*])C4([18*])[19*])C3([20*])C([21*])CC12[22*],1,10930,0.009149130832570906
O=S(=O)(Cc1ccccc1)NC=Nc1ccccc1,[1*]c1ccc(N=C([2*])NS(=O)(=O)Cc2ccccc2)cc1,1,10930,0.009149130832570906
c1ccc2c(c1)CSC1(CCc3ccccc31)S2,[1*]c1cc2c(cc1[2*])C1(CC2)SCc2ccccc2S1,1,10930,0.009149130832570906
O=C(NCCCc1ccccc1)Nc1ccccc1,[1*]c1ccc(NC(=O)NC([2*])CCc2ccccc2)cc1,1,10930,0.009149130832570906
C(=N/Cc1cccc2c1OCO2)\Nc1ccccc1,[1*]c1ccc(N/C([2*])=N/Cc2cccc3c2OCO3)cc1,1,10930,0.009149130832570906
C(=C\C1OCCO1)\c1ccccc1,C(=C\C1OCCO1)\c1ccccc1,1,10930,0.009149130832570906
O=C(Cc1ccccc1)c1ccccc1,[1*]c1ccc(CC(=O)c2ccccc2[2*])cc1[3*],1,10930,0.009149130832570906
O=C(Oc1ccccc1)Oc1cccc(C2OCc3ccccc3S2)c1,[1*+]c1ccc(OC(=O)Oc2cc(C3OCc4ccccc4S3)ccc2[2*])cc1,1,10930,0.009149130832570906
C1=CCCCCC1,[1*]C1=CCCCCC1,1,10930,0.009149130832570906
O=C(CCc1ccccc1)c1ccc(O[C@@H]2OCCC[C@H]2O[C@H]2CCCCO2)cc1,[1*]c1ccc(CCC(=O)c2c([2*])cc(O[C@@H]3O[C@H]([3*])[C@@H]([4*])[C@H]([5*])[C@H]3O[C@@H]3O[C@@H]([6*])[C@H]([7*])[C@@H]([8*])[C@H]3[9*])cc2[10*])cc1[11*],1,10930,0.009149130832570906
C1=C2C[C@@H](O[C@H]3CCC[C@@H](CO[C@H]4CCCCO4)O3)CC[C@H]2C2CCC3C(CC[C@@H]3CCCCO[C@@H]3OCCC[C@H]3O[C@@H]3CCCCO3)[C@@H]2C1,[1*][C@H](CC[C@H]([2*])O[C@@H]1O[C@H]([3*])[C@@H]([4*])[C@H]([5*])[C@H]1O[C@H]1O[C@@H]([6*])[C@H]([7*])[C@@H]([8*])[C@@H]1[9*])[C@H]1CC[C@@]2([10*])[C@@H]3CC=C4[C@@H](CC[C@H](O[C@@H]5O[C@H](CO[C@@H]6O[C@H]([11*])[C@@H]([12*])[C@H]([13*])[C@H]6[14*])[C@@H]([15*])[C@H]([16*])[C@H]5[17*])C4([18*])[19*])[C@]3([20*])[C@H]([21*])C[C@]12[22*],1,10930,0.009149130832570906
C1CC[C@@H](OC[C@H]2O[C@H](O[C@H]3CCCOC3)CC[C@@H]2O[C@@H]2CCCCO2)OC1,[1*][C@H]1O[C@H](OC[C@H]2O[C@H](O[C@H]3[C@H]([2*])[C@@H]([3*])[C@@H]([4*])O[C@@H]3[5*])[C@H]([6*])[C@@H]([7*])[C@@H]2O[C@H]2O[C@H]([8*])[C@@H]([9*])[C@H]([10*])[C@H]2[11*])[C@H]([12*])[C@@H]([13*])[C@@H]1[14*],1,10930,0.009149130832570906
O=S(=O)(NC=Nc1ccccc1)C1CCCCCC1,[1*]c1ccc(N=C([2*])NS(=O)(=O)C2CCCCCC2)cc1,1,10930,0.009149130832570906
C=C1C[C@]23CC[C@H]4CCCCC4[C@@H]2CC[C@@]1(O[C@H]1OCCCC1O[C@H]1CCCCO1)C3,[1*][C@@]12CCC[C@@]([2*])([3*])[C@@H]1CC[C@@]13CC(=C)[C@@](O[C@H]4OC([4*])C([5*])C([6*])C4O[C@@H]4OC([7*])C([8*])C([9*])C4[10*])(CC[C@H]12)C3,1,10930,0.009149130832570906
C1=C2C3CCC(OC4CCCCO4)CC3CCC2C2CCC3CC(OC4CCCCO4)CCC3C2C1,[1*]C1C([2*])OC(OC2C([3*])C3([4*])CCC4([5*])C(=CCC5C6([6*])CCC(OC7OC([7*])C([8*])C([9*])C7[10*])C([11*])([12*])C6CCC54[13*])C3CC2([14*])[15*])C([16*])C1[17*],1,10930,0.009149130832570906
C(=Nc1ccccc1)NCC12CC3CC(CC(C3)C1)C2,[1*]c1ccc(N=C([2*])NCC23CC4CC(CC(C4)C2)C3)cc1,1,10930,0.009149130832570906
O=C1O[C@@H](c2ccccc2)Cc2ccccc21,[1*]c1ccc([C@H]2Cc3cccc([2*])c3C(=O)O2)cc1[3*],1,10930,0.009149130832570906
C(=CCO[C@H]1CCC[C@@H](CO[C@H]2CCCCO2)O1)CCC[C@H]1CCC2C1CCC1[C@H]2CC=C2C[C@@H](O[C@H]3CCCCO3)CC[C@H]21,[1*]/C(=C\CC[C@@H]([2*])[C@H]1CC[C@@]2([3*])[C@@H]3CC=C4[C@@H](CC[C@H](O[C@@H]5O[C@H]([4*])[C@@H]([5*])[C@H]([6*])[C@H]5[7*])C4([8*])[9*])[C@]3([10*])[C@H]([11*])C[C@]12[12*])CO[C@@H]1O[C@H](CO[C@@H]2O[C@H]([13*])[C@@H]([14*])[C@H]([15*])[C@H]2[16*])[C@@H]([17*])[C@H]([18*])[C@H]1[19*],1,10930,0.009149130832570906
O=c1cccco1,[1*]c1cccc(=O)o1,1,10930,0.009149130832570906
N=C(NCC(=O)NCc1ccccc1)Nc1ccccc1,[1*]C(NC(=O)C([2*])NC(=N[3*])Nc1ccc([4*])cc1)c1ccccc1,1,10930,0.009149130832570906
O=C1C=C2C3CCC(CC4CCCC(OC5CCCCO5)O4)C3CCC2C2CCC(OC3CCCCO3)CC12,[1*]C1CCC(C([2*])C2CCC3C4=CC(=O)C5CC(OC6OC([3*])C([4*])C([5*])C6[6*])CCC5([7*])C4CCC32[8*])OC1OC1OC([9*])C([10*])C([11*])C1[12*],1,10930,0.009149130832570906
C(=Nc1ccccc1)NNc1ccccc1,[1*]N(NC([2*])=Nc1ccc([3*])cc1)c1ccccc1,1,10930,0.009149130832570906
O=C1C=CC[C@@H](C[C@H]2CCC3C2CC[C@@]24C[C@@]25CC[C@H](O[C@H]2CCCCO2)C[C@@H]5CC[C@@H]34)O1,[1*]C1=CC[C@@H]([C@@H]([2*])[C@H]2CC[C@@]3([3*])[C@@H]4CC[C@H]5[C@]([4*])([5*])[C@@H](O[C@@H]6O[C@H]([6*])[C@@H]([7*])[C@H]([8*])[C@H]6[9*])CC[C@@]56C[C@@]46CC[C@]23[10*])OC1=O,1,10930,0.009149130832570906
C(=Nc1ccccc1)NC(c1ccccc1)c1ccco1,[1*]c1ccc(N=C([2*])NC(c2ccccc2)c2ccco2)cc1,1,10930,0.009149130832570906
O=C(CNC(=S)Nc1cncnc1)NCCc1ccccc1,[1*]C(Cc1ccccc1)NC(=O)C([2*])NC(=S)Nc1cnc([3*])nc1,1,10930,0.009149130832570906
O=C1C=CCC(CC2CCC3C2CCC24CC25CCC(OC2OCCCC2OC2CCCCO2)CC5CCC34)O1,[1*]C1OC(OC2C(OC3CCC45CC46CCC4([2*])C(C([3*])C7CC=C([4*])C(=O)O7)CCC4([5*])C6CCC5C3([6*])[7*])OC([8*])C([9*])C2[10*])C([11*])C([12*])C1[13*],1,10930,0.009149130832570906
c1ccc(CCC2CCCCC2)cc1,[1*]c1ccc(CCC2CCCCC2)cc1[2*],1,10930,0.009149130832570906
C1=C2CC(O[C@@H]3CCCCO3)CC[C@@H]2C2CCC3C(CC[C@@H]3CCCCOC3CCCCO3)[C@@H]2C1,[1*]C(CCC([2*])OC1OC([3*])C([4*])C([5*])C1[6*])[C@H]1CC[C@@]2([7*])[C@@H]3CC=C4[C@H](CCC(O[C@H]5OC([8*])C([9*])C([10*])C5[11*])C4([12*])[13*])[C@]3([14*])C([15*])C[C@@]12[16*],1,10930,0.009149130832570906
O=C(NCc1ccccc1)Nc1cccnc1,[1*]c1ccc(NC(=O)NC([2*])c2ccccc2)cn1,1,10930,0.009149130832570906
C=C1CC23CCC4CCCCC4C2CCC1C3,[1*]C1([2*])CCCC2([3*])C1CCC13CC(=C)C([4*])(CCC12)C3,1,10930,0.009149130832570906
O=C(CNC(=O)Nc1ccccc1)NCC(=O)NC(C1CC1)C1CC1,[1*]C(NC(=O)C([2*])NC(=O)Nc1ccc([3*])cc1)C(=O)NC(C1CC1)C1CC1,1,10930,0.009149130832570906
C1CC2CSC(C1)C2,[1*]C1CCC2CC1SC2([2*])[3*],1,10930,0.009149130832570906
C1CC[C@H](O[C@H]2CC[C@H](O[C@H]3CC[C@H](O[C@H]4CC[C@H](O[C@H]5CC[C@H](O[C@H]6CC[C@@H](O[C@H]7CCC8[C@@H](CC[C@H]9C%10CCCC%10CC[C@H]89)C7)OC6)OC5)OC4)OC3)OC2)OC1,[1*][C@]1([2*])CC[C@]2([3*])[C@@H]3CC[C@H]4C[C@@H](O[C@@H]5C[C@H]([4*])[C@H](O[C@H]6C[C@H]([5*])[C@H](O[C@H]7C[C@@H]([6*])[C@H](O[C@H]8C[C@@H]([7*])[C@H](O[C@@H]9O[C@H]([8*])[C@@H](O[C@@H]%10O[C@H]([9*])[C@@H]([10*])[C@H]([11*])[C@H]%10[12*])[C@H]([13*])[C@H]9[14*])[C@@H]([15*])O8)[C@@H]([16*])O7)[C@@H]([17*])O6)[C@@H]([18*])O5)CC[C@]4([19*])[C@H]3C[C@@H]([20*])[C@]12[21*],1,10930,0.009149130832570906
O=C1OC2CCC3C4=CCC5C6CCC(OC7OC(COC8CCCCO8)CCC7OC7CCCCO7)CC6CCC5C4CC[C@@]13C2,[1*]C1([2*])CC2C3=CCC4[C@@]5([3*])CCC(OC6OC(COC7OCC([4*])C([5*])C7[6*])C([7*])C([8*])C6OC6OC([9*])C([10*])C([11*])C6[12*])C([13*])([14*])C5CC[C@@]4([15*])[C@@]3([16*])CC([17*])[C@]23CC1OC3=O,1,10930,0.009149130832570906
O=c1cc(-c2ccccc2)oc2ccccc12,[1*]c1c(-c2ccc([2*])cc2[3*])oc2cc([4*])cc([5*])c2c1=O,1,10930,0.009149130832570906
c1ccc([SH+]c2ccccc2)cc1,[1*]c1ccc([S+]([2*-])c2ccccc2[3*])cc1,1,10930,0.009149130832570906
C1=CCC(C2CO2)CC1,[1*]C1(C2CC=C([2*])CC2)CO1,1,10930,0.009149130832570906
C1=C2CC(OC3CCC(OC4CCCCO4)CO3)CCC2C2CCC3C(CCCCOC4OC(COC5CCCCO5)CCC4OC4CCCCO4)CCC3C2C1,[1*]C(CCC([2*])OC1OC(COC2OC([3*])C([4*])C([5*])C2[6*])C([7*])C([8*])C1OC1OC([9*])C([10*])C([11*])C1[12*])C1CCC2([13*])C3CC=C4C(CCC(OC5OC([14*])C(OC6OC([15*])C([16*])C([17*])C6[18*])C([19*])C5[20*])C4([21*])[22*])C3([23*])C([24*])CC12[25*],1,10930,0.009149130832570906
C(=Nc1ccccc1)NCCc1ccccc1,[1*]c1ccc(N=C([2*])NCCc2ccccc2)cc1,1,10930,0.009149130832570906
C1=C2C[C@@H](O[C@@H]3O[C@H](CO[C@H]4CCCCO4)CC[C@H]3O[C@H]3CCCCO3)CC[C@H]2C2CCC3C(CC[C@@H]3CCCCO[C@@H]3O[C@H](O[C@H]4CCCCO4)CC[C@H]3CO[C@H]3CCCCO3)[C@@H]2C1,[1*][C@H](CC[C@H]([2*])O[C@@H]1O[C@H](O[C@@H]2O[C@H]([3*])[C@@H]([4*])[C@H]([5*])[C@H]2[6*])[C@@H]([7*])[C@H]([8*])[C@H]1CO[C@@H]1O[C@H]([9*])[C@@H]([10*])[C@H]([11*])[C@H]1[12*])[C@H]1CC[C@@]2([13*])[C@@H]3CC=C4[C@@H](CC[C@H](O[C@@H]5O[C@H](CO[C@@H]6O[C@H]([14*])[C@@H]([15*])[C@H]([16*])[C@H]6[17*])[C@@H]([18*])[C@H]([19*])[C@H]5O[C@@H]5O[C@H]([20*])[C@@H]([21*])[C@H]([22*])[C@H]5[23*])C4([24*])[25*])[C@]3([26*])[C@H]([27*])C[C@]12[28*],1,10930,0.009149130832570906
O=C1OC(c2ccccc2)Sc2ccccc21,[1*]c1ccc(C2OC(=O)c3ccccc3S2)cc1[2*],1,10930,0.009149130832570906
C(=Nc1cnc2cn[nH]c2c1)NCc1ccccc1,[1*]C(NC([2*])=Nc1cnc2cn[nH]c2c1)c1ccccc1,1,10930,0.009149130832570906
O=C(/C=C/c1ccccc1)OCc1ccccc1,O=C(/C=C/c1ccccc1)OCc1ccccc1,1,10930,0.009149130832570906
c1ccc(CCc2ccc3c(c2)OCO3)cc1,[1*]c1ccc(CCc2ccc3c(c2)OCO3)cc1[2*],1,10930,0.009149130832570906
O=C1CC(c2ccccc2)Cc2ccccc21,[1*]c1ccc(C2Cc3cc([2*])cc([3*])c3C(=O)C2[4*])cc1[5*],1,10930,0.009149130832570906
C=C1CC23CCC4C(C(=O)OC5CCCCO5)CCCC4C2CCC1(OC1OCCCC1OC1OCCCC1OC1CCC(OC2CCCCO2)CO1)C3,[1*]C1(C(=O)OC2OC([2*])C([3*])C([4*])C2[5*])CCCC2([6*])C3CCC4(OC5OC([7*])C([8*])C([9*])C5OC5OC([10*])C([11*])C([12*])C5OC5OC([13*])C(OC6OC([14*])C([15*])C([16*])C6[17*])C([18*])C5[19*])CC3(CCC12)CC4=C,1,10930,0.009149130832570906
C=C1C[C@@]23CC[C@@H]4C(C(=O)O[C@H]5CCCCO5)CCCC4[C@@H]2CC[C@]1(O[C@@H]1OCCC[C@H]1O[C@H]1C[C@@H](O[C@H]2CCCCO2)CCO1)C3,[1*][C@@]12CCC[C@@]([2*])(C(=O)O[C@@H]3O[C@H]([3*])[C@@H]([4*])[C@H]([5*])[C@H]3[6*])[C@H]1CC[C@]13CC(=C)[C@](O[C@@H]4O[C@H]([7*])[C@@H]([8*])[C@H]([9*])[C@H]4O[C@@H]4O[C@H]([10*])[C@@H]([11*])[C@H](O[C@@H]5O[C@H]([12*])[C@@H]([13*])[C@H]([14*])[C@H]5[15*])[C@H]4[16*])(CC[C@H]12)C3,1,10930,0.009149130832570906
c1ccc(C2Oc3ccccc3S2)cc1,[1*]c1ccc(C2Oc3ccccc3S2)cc1[2*],1,10930,0.009149130832570906
O=C1C[C@@H]2CCC1C2,[1*]C1([2*])C(=O)[C@@]2([3*])CC[C@@H]1C2,1,10930,0.009149130832570906
c1ccc(C2CSc3ccccc3S2)cc1,[1*]c1ccc(C2CSc3ccccc3S2)cc1[2*],1,10930,0.009149130832570906
C(=CCO[C@@H]1OCCC[C@H]1O[C@H]1CCCCO1)CCC[C@H]1CCC2C1CCC1[C@H]2CC=C2C[C@@H](O[C@H]3CCCCO3)CC[C@H]21,[1*]/C(=C/CC[C@@H]([2*])[C@H]1CC[C@@]2([3*])[C@@H]3CC=C4[C@@H](CC[C@H](O[C@@H]5O[C@H]([4*])[C@@H]([5*])[C@H]([6*])[C@H]5[7*])C4([8*])[9*])[C@]3([10*])[C@H]([11*])C[C@]12[12*])CO[C@@H]1O[C@H]([13*])[C@@H]([14*])[C@H]([15*])[C@H]1O[C@@H]1O[C@H]([16*])[C@@H]([17*])[C@H]([18*])[C@H]1[19*],1,10930,0.009149130832570906
C1=C2CCCCC2C2CCC3CCCC3C2C1,[1*]C1CCC2([2*])C3CC=C4C(CCC([3*])C4([4*])[5*])C3([6*])C([7*])CC12[8*],1,10930,0.009149130832570906
C=C1C[C@@]23CC[C@@H]4C(C(=O)O[C@H]5CCCCO5)CCCC4[C@@H]2CC[C@]1(O[C@H]1C[C@@H](O[C@H]2CCCCO2)CCO1)C3,[1*][C@@]12CCC[C@@]([2*])(C(=O)O[C@@H]3O[C@H]([3*])[C@@H]([4*])[C@H]([5*])[C@H]3[6*])[C@H]1CC[C@]13CC(=C)[C@](O[C@@H]4O[C@H]([7*])[C@@H]([8*])[C@H](O[C@@H]5O[C@H]([9*])[C@@H]([10*])[C@H]([11*])[C@H]5[12*])[C@H]4[13*])(CC[C@H]12)C3,1,10930,0.009149130832570906
O=C(CNC(=S)Nc1ccccc1)NCC(=O)NC(C1CC1)C1CC1,[1*]C(NC(=O)C([2*])NC(=S)Nc1ccc([3*])cc1)C(=O)NC(C1CC1)C1CC1,1,10930,0.009149130832570906
C=C1C[C@@]23CCC4C(C(=O)OC5CCCCO5)CCCC4C2CC[C@@]1(OC1OCCCC1OC1CCCCO1)C3,[1*][C@@]12CCC[C@@]([2*])(C(=O)OC3OC([3*])C([4*])C([5*])C3[6*])C1CC[C@]13CC(=C)[C@@](OC4OC([7*])C([8*])C([9*])C4OC4OC([10*])C([11*])C([12*])C4[13*])(CCC12)C3,1,10930,0.009149130832570906
C(=Cc1ccccc1C1OCc2ccccc2S1)c1ccccc1,[1*]c1ccc(C2OCc3ccccc3S2)c(C=Cc2ccc([2*+])cc2)c1[3*],1,10930,0.009149130832570906
c1ccc(C2CCc3ccccc3S2)cc1,[1*]c1ccc(C2CCc3ccccc3S2)cc1[2*],1,10930,0.009149130832570906
O=C(NCc1cnc2ccccc2c1)Nc1ccccc1,[1*]c1ccc(NC(=O)NC([2*])c2cnc3ccccc3c2)cc1,1,10930,0.009149130832570906
O=S(=O)(c1ccccc1)C1CCCCC1,[1*]C1CCC([2*])(S(=O)(=O)c2ccccc2)CC1[3*],1,10930,0.009149130832570906
c1ccc(C2COc3ccccc3S2)cc1,[1*]c1ccc(C2COc3ccccc3S2)cc1[2*],1,10930,0.009149130832570906
C(=Nc1ccccc1)NC12CC3CC(CC(C3)C1)C2,[1*]c1ccc(N=C([2*])NC23CC4CC(CC(C4)C2)C3)cc1,1,10930,0.009149130832570906
c1ccc(CNCNc2ccccc2)cc1,[1*]C(NC([2*])Nc1ccc([3*])cc1)c1ccccc1,1,10930,0.009149130832570906
C=C1C[C@@]23CC[C@H]4C(C(=O)OC5CCCCO5)CCCC4[C@@H]2CC[C@@]1(O[C@H]1CCCCO1)C3,[1*][C@@]12CCC[C@]([2*])(C(=O)OC3OC([3*])C([4*])C([5*])C3[6*])[C@@H]1CC[C@]13CC(=C)[C@@](O[C@@H]4OC([7*])C([8*])C([9*])C4[10*])(CC[C@H]12)C3,1,10930,0.009149130832570906
C1SCSCS1,[1*]C1([2*])SC([3*])([4*])SC([5*])([6*])S1,1,10930,0.009149130832570906
C(=Nc1ccccc1)NC1CCCCCCCC1,[1*]c1ccc(/N=C(\[2*])NC2CCCCCCCC2)cc1,1,10930,0.009149130832570906
c1ccc(N=N/C(=N\Nc2ccccc2)c2ccccc2)cc1,c1ccc(N=N/C(=N\Nc2ccccc2)c2ccccc2)cc1,1,10930,0.009149130832570906
c1ccc(C2Sc3ccccc3S2)cc1,[1*]c1ccc(C2Sc3ccccc3S2)cc1[2*],1,10930,0.009149130832570906
O=C(CNC(=O)Nc1ccccc1)NCCC1CCCCC1,[1*]C(CC1CCCCC1)NC(=O)C([2*])NC(=O)Nc1ccc([3*+])cc1,1,10930,0.009149130832570906
S=C(NCc1ccccc1)Nc1ccccc1,[1*]c1ccc(NC(=S)NC([2*])c2ccccc2)cc1,1,10930,0.009149130832570906
O=C1C=CC(=O)CC1,[1*]C1=CC(=O)CC([2*])([3*])C1=O,1,10930,0.009149130832570906
c1ccc(C2COc3ccccc3C2)cc1,[1*]c1ccc(C2COc3ccccc3C2)cc1[2*],1,10930,0.009149130832570906
O=C(NCc1ccncc1)Nc1ccccc1,[1*]c1ccc(NC(=O)NC([2*])c2ccncc2)cc1,1,10930,0.009149130832570906
C(=Nc1ccccc1)NC1CCc2ccccc21,[1*]c1ccc(N=C([2*])NC2CCc3ccccc32)cc1,1,10930,0.009149130832570906
C1CC[C@@H](OC2C[C@H](O[C@H]3CCCCO3)CO2)OC1,[1*][C@H]1O[C@@H](O[C@@H]2[C@@H]([2*])O[C@@]([3*])(O[C@H]3O[C@H]([4*])[C@@H]([5*])[C@H]([6*])[C@H]3[7*])[C@H]2[8*])[C@H]([9*])[C@@H]([10*])[C@H]1[11*],1,10930,0.009149130832570906
C(=Nc1ccc2ccccc2n1)NC1CCCCCCC1,[1*]C(=Nc1ccc2ccccc2n1)NC1CCCCCCC1,1,10930,0.009149130832570906
C1CCC(OC2CCC(OC3CCCO3)OC2)OC1,[1*]C1OC(OC2C([2*])OC(OC3([3*])OC([4*])C([5*])C3[6*])C([7*])C2[8*])C([9*])C([10*])C1[11*],1,10930,0.009149130832570906
c1ccc(C2Oc3ccccc3CS2)cc1,[1*]c1ccc(C2Oc3ccccc3CS2)cc1[2*],1,10930,0.009149130832570906
c1ccc2sccc2c1,[1*]c1cc2ccccc2s1,1,10930,0.009149130832570906
C=C1C[C@@]23CCC4C(C(=O)O[C@H]5CCCCO5)CCCC4C2CC[C@]1(O[C@@H]1OCC[C@H](O[C@H]2CCCCO2)[C@H]1O[C@H]1CCCCO1)C3,[1*]C12CCC[C@@]([2*])(C(=O)O[C@@H]3O[C@H]([3*])[C@@H]([4*])[C@H]([5*])[C@H]3[6*])C1CC[C@]13CC(=C)[C@](O[C@@H]4O[C@H]([7*])[C@@H]([8*])[C@H](O[C@@H]5O[C@H]([9*])[C@@H]([10*])[C@H]([11*])[C@H]5[12*])[C@H]4O[C@@H]4O[C@H]([13*])[C@@H]([14*])[C@H]([15*])[C@H]4[16*])(CCC21)C3,1,10930,0.009149130832570906
C(=Nc1cnc2ccccc2c1)NCc1ccccc1,[1*]C(NC([2*])=Nc1cnc2ccccc2c1)c1ccccc1,1,10930,0.009149130832570906
O=C1CCC2CCCCC2O1,O=C1CCC2CCCCC2O1,1,10930,0.009149130832570906
O=C(NCc1ccc2c(c1)OCO2)Nc1ccccc1,[1*]c1ccc(NC(=O)NC([2*])c2ccc3c(c2)OCO3)cc1,1,10930,0.009149130832570906
O=S(c1ccccc1)c1ccccc1,[1*]c1ccc(S(=O)c2ccccc2[2*])cc1,1,10930,0.009149130832570906
O=S1CCC1,[1*]C1C([2*])([3*])S(=O)C1([4*])[5*],1,10930,0.009149130832570906
O=C1C=COS(=O)(=O)[N-]1.c1ccccc1,[1*]C1=CC(=O)[N-]S(=O)(=O)O1.[2*]c1ccccc1,1,10930,0.009149130832570906
O=C(NCC1CCCCCCC1)Nc1ccccc1,[1*]c1ccc(NC(=O)NC([2*])C2CCCCCCC2)cc1,1,10930,0.009149130832570906
O=C(NCC1CCCCC1)Nc1ccccc1,[1*]c1ccc(NC(=O)NC([2*])C2CCCCC2)cc1,1,10930,0.009149130832570906
O=C(Nc1ccccc1)NC1CCCCCC1,[1*]c1ccc(NC(=O)NC2([2*])CCCCCC2)cc1,1,10930,0.009149130832570906
O=S(=O)(NC1CCCCC1)OC1CCCCC1,O=S(=O)(NC1CCCCC1)OC1CCCCC1,1,10930,0.009149130832570906
C=C1C[C@]23CC[C@H]4[C](C(=O)OC5CCCCO5)CCCC4[C@@H]2CC[C@@]1(O[C@H]1OCCC(O[C@@H]2CCCCO2)C1O[C@@H]1CCCCO1)C3,[1*]C1OC(OC(=O)[C]2CCC[C@@]3([5*])[C@@H]4CC[C@@]5(O[C@H]6OC([6*])C([7*])C(O[C@H]7OC([8*])C([9*])C([10*])C7[11*])C6O[C@H]6OCC([12*])C([13*])C6[14*])C[C@]4(CC[C@@H]23)CC5=C)C([4*])C([3*])C1[2*],1,10930,0.009149130832570906
C1CCC(OC2CCCC3CCCCC32)OC1,[1*]C1C([2*])([3*])CC(OC2OCC([4*])C([5*])C2[6*])C2C([7*])([8*])CC([9*])CC12[10*],1,10930,0.009149130832570906
C1CC2COC(C1)O2.C1CCOCC1,C1CC2COC(C1)O2.[1*]C1OC([2*])C([3*])C([4*])C1[5*],1,10930,0.009149130832570906
O=C(OC1CCCC(COC2CCC(OC3CCCCO3)CO2)O1)C12CCCC1C1CCC3CCCCC3C1CC2,[1*]C1CCC2(C(=O)OC3OC(COC4OC([2*])C(OC5OC([3*])C([4*])C([5*])C5[6*])C([7*])C4[8*])C([9*])C([10*])C3[11*])CCC3([12*])C(CC([13*])C4C([14*])([15*])C([16*])CCC43[17*])C12,1,10930,0.009149130832570906
O=C1CCC2CCCC3C4CCC5(C(=O)OC6CCCC(COC7CCC(OC8CCCCO8)CO7)O6)CCCC5C4CC(O1)C23,[1*]C1CCC2(C(=O)OC3OC(COC4OC([2*])C(OC5OC([3*])C([4*])C([5*])C5[6*])C([7*])C4[8*])C([9*])C([10*])C3[11*])CCC3([12*])C(CC4OC(=O)CCC5([13*])C([14*])CCC3([15*])C45)C12,1,10930,0.009149130832570906
C=C1CC23CCC4CCCCC4C2CCC1(OC1CCCCO1)C3,[1*]C1([2*])CCCC2([3*])C1CCC13CC(=C)C(OC4OC([4*])C([5*])C([6*])C4[7*])(CCC12)C3,1,10930,0.009149130832570906
C=C1CC23CCC4CCCCC4C2CCC1(OC1OCCCC1OC1CCC(OC2CCCCO2)CO1)C3,[1*]C1([2*])CCCC2([3*])C1CCC13CC(=C)C(OC4OC([4*])C([5*])C([6*])C4OC4OC([7*])C(OC5OC([8*])C([9*])C([10*])C5[11*])C([12*])C4[13*])(CCC12)C3,1,10930,0.009149130832570906
C=C1CC23CCC4CCCCC4C2CCC1(OC1CC(OC2CCCCO2)CCO1)C3,[1*]C1([2*])CCCC2([3*])C1CCC13CC(=C)C(OC4OC([4*])C([5*])C(OC5OC([6*])C([7*])C([8*])C5[9*])C4[10*])(CCC12)C3,1,10930,0.009149130832570906
C=C1CC23CCC4C(C(=O)OC5CCCCO5)CCCC4C2CC(OC2CCCCO2)C1C3,[1*]C1(C(=O)OC2OC([2*])C([3*])C([4*])C2[5*])CCCC2([6*])C3CC(OC4OC([7*])C([8*])C([9*])C4[10*])C4CC3(CCC12)CC4=C,1,10930,0.009149130832570906
C=C1CC23CCC4C(C(=O)OC5CCCCO5)CCCC4C2CC(OC2OCCCC2OC2CCCCO2)C1C3,[1*]C1(C(=O)OC2OC([2*])C([3*])C([4*])C2[5*])CCCC2([6*])C3CC(OC4OC([7*])C([8*])C([9*])C4OC4OC([10*])C([11*])C([12*])C4[13*])C4CC3(CCC12)CC4=C,1,10930,0.009149130832570906
C=C1CC23CCC4C(C(=O)OC5CCCCO5)CCCC4C2CC(OC2OCCC(OC4CCCCO4)C2OC2CCCCO2)C1C3,[1*]C1(C(=O)OC2OC([2*])C([3*])C([4*])C2[5*])CCCC2([6*])C3CC(OC4OC([7*])C([8*])C(OC5OC([9*])C([10*])C([11*])C5[12*])C4OC4OC([13*])C([14*])C([15*])C4[16*])C4CC3(CCC12)CC4=C,1,10930,0.009149130832570906
C1CCC2C(C1)CCC1C3CCCC3CCC21.C=C1CC23CCC4C(C(=O)OC5CCCCO5)CCCC4C2CCC1(OC1OCCCC1OC1CCCCO1)C3,[1*]C1(C(=O)OC2OC([2*])C([3*])C([4*])C2[5*])CCCC2([6*])C3CCC4(OC5OC([7*])C([8*])C([9*])C5OC5OC([10*])C([11*])C([12*])C5[13*])CC3(CCC12)CC4=C.[14*]C1CCC2C3CC([15*])C4CC([16*])CCC4([17*])C3CCC12[18*],1,10930,0.009149130832570906
C=C1CC23CCC4C(C(=O)OC5CCCCO5)CCCC4C2CCC1(OC1OCCCC1OC1CCC(OC2CCCCO2)CO1)C3,[1*]C1(C(=O)OC2OC([2*])C([3*])C([4*])C2[5*])CCCC2([6*])C3CCC4(OC5OC([7*])C([8*])C([9*])C5OC5OC([10*])C(OC6OC([11*])C([12*])C([13*])C6[14*])C([15*])C5[16*])CC3(CCC12)CC4=C,1,10930,0.009149130832570906
C=C1CC23CCC4C(C(=O)OC5CCCCO5)CCCC4C2CCC1(OC1OCCC(OOC2CCCOC2)C1OC1CCCCO1)C3,[1*]C1(C(=O)OC2OC([2*])C([3*])C([4*])C2[5*])CCCC2([6*])C3CCC4(OC5OC([7*])C([8*])C(OOC6C([9*])OC([10*])C([11*])C6[12*])C5OC5OC([13*])C([14*])C([15*])C5[16*])CC3(CCC12)CC4=C,1,10930,0.009149130832570906
C=C1CC23CCC4C(C(=O)OC5CCCCO5)CCCC4C2CCC1(OC1OCCC(OC2CCCOC2)C1OC1CCCCO1)C3,[1*]C1(C(=O)OC2OC([2*])C([3*])C([4*])C2[5*])CCCC2([6*])C3CCC4(OC5OC([7*])C([8*])C(OC6C([9*])OC([10*])C([11*])C6[12*])C5OC5OC([13*])C([14*])C([15*])C5[16*])CC3(CCC12)CC4=C,1,10930,0.009149130832570906
C=C1CC23CCC4C(C(=O)OC5OCC(OC6CCCCO6)CC5OC5CCCCO5)CCCC4C2CCC1(OC1OC(COC2CCCCO2)CCC1OC1CCCC(COC2OCC(OC4CCCCO4)CC2OC2CCCCO2)O1)C3,[1*]C1(C(=O)OC2OC([2*])C(OC3OC([3*])C([4*])C([5*])C3[6*])C([7*])C2OC2OC([8*])C([9*])C([10*])C2[11*])CCCC2([12*])C3CCC4(OC5OC(COC6OC([13*])C([14*])C([15*])C6[16*])C([17*])C([18*])C5OC5OC(COC6OC([19*])C(OC7OC([20*])C([21*])C([22*])C7[23*])C([24*])C6OC6OC([25*])C([26*])C([27*])C6[28*])C([29*])C([30*])C5[31*])CC3(CCC12)CC4=C,1,10930,0.009149130832570906
C=C1CC23CCC4C(C(=O)OC5OCC(OC6CCCCO6)CC5OC5CCCCO5)CCCC4C2CCC1(OC1OC(COC2CCCC(COC4OCC(OC5CCCCO5)CC4OC4CCCCO4)O2)CCC1OC1CCCCO1)C3,[1*]C1(C(=O)OC2OC([2*])C(OC3OC([3*])C([4*])C([5*])C3[6*])C([7*])C2OC2OC([8*])C([9*])C([10*])C2[11*])CCCC2([12*])C3CCC4(OC5OC(COC6OC(COC7OC([13*])C(OC8OC([14*])C([15*])C([16*])C8[17*])C([18*])C7OC7OC([19*])C([20*])C([21*])C7[22*])C([23*])C([24*])C6[25*])C([26*])C([27*])C5OC5OC([28*])C([29*])C([30*])C5[31*])CC3(CCC12)CC4=C,1,10930,0.009149130832570906
C=C1CC23CCC4C(C(=O)OC5CCCC(COC6CCCCO6)O5)CCCC4C2CCC1(OC1CCCCO1)C3,[1*]C1(C(=O)OC2OC(COC3OC([2*])C([3*])C([4*])C3[5*])C([6*])C([7*])C2[8*])CCCC2([9*])C3CCC4(OC5OC([10*])C([11*])C([12*])C5[13*])CC3(CCC12)CC4=C,1,10930,0.009149130832570906
C=C1CC23CCC4C(C(=O)OC5OC(COC6OCC(OC7CCCCO7)CC6OC6CCCCO6)C(OC6CCCCO6)CC5OC5CCCCO5)CCCC4C2CCC1(OC1OC(COC2CCCCO2)CCC1OC1CCCCO1)C3,[1*]C1(C(=O)OC2OC(COC3OC([2*])C(OC4OC([3*])C([4*])C([5*])C4[6*])C([7*])C3OC3OC([8*])C([9*])C([10*])C3[11*])C(OC3OC([12*])C([13*])C([14*])C3[15*])C([16*])C2OC2OC([17*])C([18*])C([19*])C2[20*])CCCC2([21*])C3CCC4(OC5OC(COC6OC([22*])C([23*])C([24*])C6[25*])C([26*])C([27*])C5OC5OC([28*])C([29*])C([30*])C5[31*])CC3(CCC12)CC4=C,1,10930,0.009149130832570906
C=C1CC23CCC4C(CC(=O)OC5CCCCO5)CCCC4C2CCC1(OC1CCCCO1)C3,[1*]C1(CC(=O)OC2OC([2*])C([3*])C([4*])C2[5*])CCCC2C1CCC13CC(=C)C(OC4OC([6*])C([7*])C([8*])C4[9*])(CCC21)C3,1,10930,0.009149130832570906
c1ccc(OC2CCCCO2)cc1,[1*]c1ccc(OC2OC([2*])C([3*])C([4*])C2[5*])cc1,1,10930,0.009149130832570906
C1CC2CCC3=C(CC[C@H]4CCCCC34)C2C1,[1*][C@H]1CC[C@@]2([2*])C3=C(CC[C@]12[3*])[C@@]1([4*])CC[C@H]([5*])C([6*])([7*])[C@@H]1CC3,1,10930,0.009149130832570906
O=C(CCCC1CCC2C1CCC1C3CCC(OC4CCCC(COC5CCCCO5)O4)CC3=CCC12)COC1CCCCO1,[1*]C(CCC(=O)C([2*])([3*])OC1OC([4*])C([5*])C([6*])C1[7*])C1CCC2([8*])C3CC=C4C(CCC(OC5OC(COC6OC([9*])C([10*])C([11*])C6[12*])C([13*])C([14*])C5[15*])C4([16*])[17*])C3([18*])C([19*])CC12[20*],1,10930,0.009149130832570906
O=C1CC2C(CCCCCOC3CCCCO3)CCC2C2CC=C3CC(OC4OCCCC4OC4CCCCO4)CCC3C12,[1*]C(CCC([2*])C([3*])([4*])OC1OC([5*])C([6*])C([7*])C1[8*])C1CCC2([9*])C3CC=C4C(CCC(OC5OC([10*])C([11*])C([12*])C5OC5OC([13*])C([14*])C([15*])C5[16*])C4([17*])[18*])C3([19*])C(=O)CC12[20*],1,10930,0.009149130832570906
O=C1CC2C(CCCCCOC3OCCCC3OC3CCCCO3)CCC2C2CC=C3CC(OC4OCCCC4OC4CCCCO4)CCC3C12,[1*]C(CCC([2*])C([3*])([4*])OC1OC([5*])C([6*])C([7*])C1OC1OC([8*])C([9*])C([10*])C1[11*])C1CCC2([12*])C3CC=C4C(CCC(OC5OC([13*])C([14*])C([15*])C5OC5OC([16*])C([17*])C([18*])C5[19*])C4([20*])[21*])C3([22*])C(=O)CC12[23*],1,10930,0.009149130832570906
C1=C2CC(OC3CCCC(COC4CCCCO4)O3)CCC2C2CCC3C(CCCCOC4CCCC(COC5CCCCO5)O4)CCC3C2C1,[1*]C(CCC([2*])OC1OC(COC2OC([3*])C([4*])C([5*])C2[6*])C([7*])C([8*])C1[9*])C1CCC2([10*])C3CC=C4C(CCC(OC5OC(COC6OC([11*])C([12*])C([13*])C6[14*])C([15*])C([16*])C5[17*])C4([18*])[19*])C3([20*])C([21*])CC12[22*],1,10930,0.009149130832570906
O=C1CC2C(CCCCOC3OC(COC4CCCCO4)CCC3OC3CCCCO3)CCC2C2CC=C3CC(OC4CCCC(COC5CCCCO5)O4)CCC3C12,[1*]C(CCC([2*])OC1OC(COC2OC([3*])C([4*])C([5*])C2[6*])C([7*])C([8*])C1OC1OC([9*])C([10*])C([11*])C1[12*])C1CCC2([13*])C3CC=C4C(CCC(OC5OC(COC6OC([14*])C([15*])C([16*])C6[17*])C([18*])C([19*])C5[20*])C4([21*])[22*])C3([23*])C(=O)CC12[24*],1,10930,0.009149130832570906
C1=C2CC(OC3OC(COC4CCCCO4)CCC3OC3CCCCO3)CCC2C2CCC3C(CCCCOC4OC(COC5CCCCO5)CCC4OC4CCCCO4)CCC3C2C1,[1*]C(CCC([2*])OC1OC(COC2OC([3*])C([4*])C([5*])C2[6*])C([7*])C([8*])C1OC1OC([9*])C([10*])C([11*])C1[12*])C1CCC2([13*])C3CC=C4C(CCC(OC5OC(COC6OC([14*])C([15*])C([16*])C6[17*])C([18*])C([19*])C5OC5OC([20*])C([21*])C([22*])C5[23*])C4([24*])[25*])C3([26*])C([27*])CC12[28*],1,10930,0.009149130832570906
C1=C2CC(OC3CCCC(COC4CCCC(COC5CCCCO5)O4)O3)CCC2C2CCC3C(CCCCOC4OC(COC5CCCCO5)CCC4OC4CCCCO4)CCC3C2C1,[1*]C(CCC([2*])OC1OC(COC2OC([3*])C([4*])C([5*])C2[6*])C([7*])C([8*])C1OC1OC([9*])C([10*])C([11*])C1[12*])C1CCC2([13*])C3CC=C4C(CCC(OC5OC(COC6OC(COC7OC([14*])C([15*])C([16*])C7[17*])C([18*])C([19*])C6[20*])C([21*])C([22*])C5[23*])C4([24*])[25*])C3([26*])C([27*])CC12[28*],1,10930,0.009149130832570906
C1=C2CC(OC3CCCC(COC4CCCCO4)O3)CCC2C2CCC3C(CCCCOC4OC(COC5CCCCO5)CCC4OC4CCCC(COC5CCCCO5)O4)CCC3C2C1,[1*]C(CCC([2*])OC1OC(COC2OC([3*])C([4*])C([5*])C2[6*])C([7*])C([8*])C1OC1OC(COC2OC([9*])C([10*])C([11*])C2[12*])C([13*])C([14*])C1[15*])C1CCC2([16*])C3CC=C4C(CCC(OC5OC(COC6OC([17*])C([18*])C([19*])C6[20*])C([21*])C([22*])C5[23*])C4([24*])[25*])C3([26*])C([27*])CC12[28*],1,10930,0.009149130832570906
O=C(OC1CCCCO1)C1CCCC2C1CCC13CCC(CCC21)C3,[1*]C1(C(=O)OC2OC([2*])C([3*])C([4*])C2[5*])CCCC2([6*])C3CCC4([7*])CC3(CCC12)CC4([8*])[9*],1,10930,0.009149130832570906
O=C(OC1CCCCO1)C1CCCC2C1CCC13CC(=O)C(OC4CCCCO4)(CCC21)C3,[1*]C1(C(=O)OC2OC([2*])C([3*])C([4*])C2[5*])CCCC2([6*])C3CCC4(OC5OC([7*])C([8*])C([9*])C5[10*])CC3(CCC12)CC4=O,1,10930,0.009149130832570906
C1CCC(OCC2CC34CCC5CCCCC5C3CCC2C4)OC1,[1*]C1([2*])C([3*])CCC2([4*])C3CCC4CC3(CCC12)CC4([5*])COC1OC([6*])C([7*])C([8*])C1[9*],1,10930,0.009149130832570906
O=C1C=C2C(CCC3CCCC[C@@H]23)C2CC[C@H]3CC(O[C@H]4OCCCC4O[C@H]4CCCCO4)CCC3[C@@H]12,[1*]C1([2*])C(O[C@H]2OC([3*])C([4*])C([5*])C2O[C@@H]2OC([6*])C([7*])C([8*])C2[9*])CC[C@]2([10*])[C@H]3C(=O)C=C4[C@@H]5C[C@@]([11*])([12*])CC[C@@]5([13*])CC[C@]4([14*])[C@]3([15*])CC[C@@H]12,1,10930,0.009149130832570906
O=C1C=C2C(CCC3CCCC[C@@H]23)C2CC[C@H]3CC(O[C@H]4OCCCC4O[C@@H]4CCCCO4)CCC3[C@H]12,[1*]C1([2*])C(O[C@H]2OC([3*])C([4*])C([5*])C2O[C@H]2OC([6*])C([7*])C([8*])C2[9*])CC[C@@]2([10*])[C@H]1CC[C@@]1([11*])[C@H]2C(=O)C=C2[C@@H]3C[C@]([12*])([13*])CC[C@]3([14*])CC[C@]21[15*],1,10930,0.009149130832570906
O=C1OC2CCC3C4=CCC5C6CCC(OC7CCCC(COC8OCCCC8OC8CCCCO8)O7)CC6CCC5C4CCC13C2,[1*]C1([2*])CC2C3=CCC4C5([3*])CCC(OC6OC(COC7OCC([4*])C([5*])C7OC7OCC([6*])C([7*])C7[8*])C([9*])C([10*])C6[11*])C([12*])([13*])C5CCC4([14*])C3([15*])CC([16*])C23CC1OC3=O,1,10930,0.009149130832570906
C1OC2COCC(C2)O1,[1*]C1([2*])OC2C([3*])OC([4*])C(O1)C2[5*],1,10930,0.009149130832570906
C1OC2COC(C2)O1,[1*]C1([2*])OC2OC([3*])C(O1)C2[4*],1,10930,0.009149130832570906
C1CC(CC2COCO2)OCO1,[1*]C1([2*])OCC(C([3*])C2OC([4*])([5*])OCC2[6*])O1,1,10930,0.009149130832570906
C1OCC(C2OCCC3OCOC32)O1,[1*]C1([2*])OCC(C2OC([3*])C([4*])C3OC([5*])([6*])OC23)O1,1,10930,0.009149130832570906
C1CCC(CCC2COCO2)OC1,[1*]C1([2*])OCC(CCC2OCCCC2[3*])O1,1,10930,0.009149130832570906
C1CC(C2OCC3OCOC32)OCO1,[1*]C1([2*])OCCC(C2OC([3*])C3OC([4*])([5*])OC32)O1,1,10930,0.009149130832570906
C1CCC(CCCC2OCCO2)OC1,[1*]C1(CCCC2CCCC([2*])O2)OCCO1,1,10930,0.009149130832570906
C1CCOC1.C1COCCO1,[1*]C1([2*-])COCCO1.[3*]C1OCC([4*])C1[5*],1,10930,0.009149130832570906
C1CC2CCC1CO2,[1*]C12CCC(CC1)C([2*])([3*])O2,1,10930,0.009149130832570906
C1=C(CCc2ccoc2)C2CCCCC2CC1,[1*]C1=C(CCc2ccoc2)C2([2*])CCC([3*])C([4*])([5*])C2CC1,1,10930,0.009149130832570906
C1=C(CCc2ccoc2)C2CCC(OC3OCCCC3OC3CCCCO3)CC2CC1,[1*]C1=C(CCc2ccoc2)C2([2*])CCC(OC3OC([3*])C([4*])C([5*])C3OC3OC([6*])C([7*])C([8*])C3[9*])C([10*])([11*])C2CC1,1,10930,0.009149130832570906
O=C1C=COS(=O)(=O)[NH2+]1.c1ccccc1,[1*]C1=CC(=O)[NH2+]S(=O)(=O)O1.[2*]c1ccccc1,1,10930,0.009149130832570906
C1=CC23CCC4CCCCC4C2CCC1(OC1OCCC(OC2CCCCO2)C1OC1CCCCO1)C3,[1*]C1=CC23CCC4C([2*])([3*])CCCC4([4*])C2CCC1(OC1OC([5*])C([6*])C(OC2OC([7*])C([8*])C([9*])C2[10*])C1OC1OC([11*])C([12*])C([13*])C1[14*])C3,1,10930,0.009149130832570906
C1CCOCC1.C1CO1,[1*]C1CO1.[2*]C1OC([3*])C([4*])C([5*])C1[6*],1,10930,0.009149130832570906
C1CCC(CC2CCCCO2)OC1,[1*]C1OC(C([2*])C2OC([3*])C([4*])C([5*])C2[6*])C([7*])C([8*])C1[9*],1,10930,0.009149130832570906
O=C1c2ccccc2OC(c2ccccc2)C1OC1CC(OC2CCCCO2)CCO1,[1*]C1OC(OC2C(=O)c3c([2*])cc([3*])cc3OC2c2ccc([4*])c([5*])c2)C([6*])C(OC2OC([7*])C([8*])C([9*])C2[10*])C1[11*],1,10930,0.009149130832570906
C1CCC(OOC2CCCO2)OC1,[1*]C1OC(OOC2([2*])OC([3*])C([4*])C2[5*])C([6*])C([7*])C1[8*],1,10930,0.009149130832570906
C1OCC2OCOCC2O1,[1*]C1OC([3*])C2OC([2*])OCC2O1,1,10930,0.009149130832570906
[CH-]1CCC2OCOCC2O1,[1*]C1OCC2O[CH-]C([2*])C([3*])C2O1,1,10930,0.009149130832570906
O=C1CCCCCNC(=O)CC(C(=O)NCCc2ccccc2)NC(=O)CNC(=O)CNC(=O)CN1,[1*]C1NC(=O)C([2*])CCCCNC(=O)CC(C(=O)NC([3*])Cc2ccccc2)NC(=O)C([4*])NC(=O)C([5*])NC1=O,1,10930,0.009149130832570906
O=C1CC(C(=O)NCCc2ccccc2)N1,[1*]N1C(=O)CC1C(=O)NC([2*])Cc1ccccc1,1,10930,0.009149130832570906
O=C(CN1C(=O)CC1C(=O)NCCc1ccccc1)NCC1CCCCC1,[1*]C(C(=O)NCC1CCCCC1)N1C(=O)CC1C(=O)NC([2*])Cc1ccccc1,1,10930,0.009149130832570906
C1CCC(OC2(C3OO3)CCCO2)OC1,[1*]C1(C2(OC3OC([2*])C([3*])C([4*])C3[5*])OC([6*])C([7*])C2[8*])OO1,1,10930,0.009149130832570906
C1CCC(CCCCC2CCCO2)OC1,[1*]C1OC(C([2*])CCC([3*])C2CCC([4*])O2)CCC1[5*],1,10930,0.009149130832570906
C1CCC(OC2CCCOC2OC2CCOC2)OC1,[1*]C1OC([2*])C([3*])C1OC1OC([4*])C([5*])C([6*])C1OC1OC([7*])C([8*])C([9*])C1[10*],1,10930,0.009149130832570906
C1OCC2OC12,[1*]C1OC([2*])C2OC12,1,10930,0.009149130832570906
C1COC2O[Sn]OC2C1,[1*][Sn]1([2*])OC2OC([3*])C([4*])C([5*])C2O1,1,10930,0.009149130832570906
C1COC2CO[Sn]OC2C1,[1*][Sn]1([2*])OCC2OC([3*])C([4*])C([5*])C2O1,1,10930,0.009149130832570906
C1CCC(OC2CCOCC2)CC1,[1*]C1OC([2*])C([3*])C(OC2CCCCC2)C1[4*],1,10930,0.009149130832570906
O=C(CCCC1CCNCC1)NCC(=O)NCCc1ccccc1,[1*]N(CC(=O)N([2*])C([3*])Cc1ccccc1)C(=O)CCCC1CCNCC1,1,10930,0.009149130832570906
O=C(CCCC1CCNCC1)NCC(=O)NCC(=O)NCCc1ccccc1,[1*]N(CC(=O)NC([2*])C(=O)NC([3*])Cc1ccccc1)C(=O)CCCC1CCNCC1,1,10930,0.009149130832570906
O=C(CCc1ccccc1)NC(=O)C1CN1,[1*]C1NC1C(=O)N([2*])C(=O)C([3*])Cc1ccccc1,1,10930,0.009149130832570906
O=C(NC(Cc1ccccc1)C(=O)NC1CCCCC1)C1CN1,[1*]C1NC1C(=O)NC(Cc1ccccc1)C(=O)NC1CCCCC1,1,10930,0.009149130832570906
C1CCC(CC2COCO2)OC1,[1*]C1OC([2*])([3*])OC1CC1OC([4*])C([5*])C([6*])C1[7*],1,10930,0.009149130832570906
C1CCC(C2CC3OCOC3O2)OC1,[1*]C1OC(C2OC3OC([2*])([3*])OC3C2[4*])CC([5*])C1[6*],1,10930,0.009149130832570906
C1=C2CCCCC2[C@H]2CCC3CCC[C@H]3[C@@H]2C1,[1*][C@H]1CC[C@H]2[C@@H]3CC=C4C[C@@H]([2*])CC[C@]4([3*])[C@H]3CC[C@]12[4*],1,10930,0.009149130832570906
O=C1CCC(=O)OC(=O)C(Cc2ccccc2)N1,[1*]N1C(=O)C([2*])CC(=O)OC(=O)C1Cc1ccccc1,1,10930,0.009149130832570906
O=C1CCNC(CCc2ccccc2)C(=O)NCCCCCN1,[1*]C1CCCCNC(=O)CC([2*])NC(CCc2ccccc2)C(=O)N1,1,10930,0.009149130832570906
O=C(CCC(=O)NCc1ccccc1)NCCc1ccccc1,[1*]C(CC(=O)NC([2*])c1ccccc1)C(=O)NC([3*])Cc1ccccc1,1,10930,0.009149130832570906
O=C(NCCc1ccccc1)C1CCCC1,[1*]C(Cc1ccccc1)N([2*])C(=O)C1CCCC1,1,10930,0.009149130832570906
c1ccc(CCNCc2ccccc2)cc1,[1*]C(Cc1ccccc1)N([2*])Cc1ccccc1,1,10930,0.009149130832570906
O=C1CNCN1CCc1ccccc1,[1*]C(Cc1ccccc1)N1C(=O)C([2*])NC1[3*],1,10930,0.009149130832570906
O=C1CCC(=O)N1CCc1ccccc1,[1*]C(Cc1ccccc1)N1C(=O)CC([2*])C1=O,1,10930,0.009149130832570906
O=C1CCN1CCc1ccccc1,[1*]C(Cc1ccccc1)N1CC([2*])C1=O,1,10930,0.009149130832570906
O=C(CNC(=O)CC1=CCCCC1)NCCc1ccccc1,[1*]C(Cc1ccccc1)NC(=O)C([2*])NC(=O)CC1=CCCCC1,1,10930,0.009149130832570906
O=C(CNC(=O)CC1CC1)NCCc1ccccc1,[1*]C(Cc1ccccc1)NC(=O)C([2*])NC(=O)CC1CC1,1,10930,0.009149130832570906
O=C(CNC(=O)CC1CCCC1)NCCc1ccccc1,[1*]C(Cc1ccccc1)NC(=O)C([2*])NC(=O)CC1CCCC1,1,10930,0.009149130832570906
O=C(CNC(=O)CC1CCCCC1)NCCc1ccccc1,[1*]C(Cc1ccccc1)NC(=O)C([2*])NC(=O)CC1CCCCC1,1,10930,0.009149130832570906
O=C(CNC(=O)OC1CCC1)NCCc1ccccc1,[1*]C(Cc1ccccc1)NC(=O)C([2*])NC(=O)OC1([3*])CCC1,1,10930,0.009149130832570906
O=C(NC(Cc1ccccc1)C(=O)NCCc1ccccc1)C1CCCN1,[1*]C(Cc1ccccc1)NC(=O)C(Cc1ccccc1)NC(=O)C1CCCN1[2*],1,10930,0.009149130832570906
O=C1CCC(C(=O)NCCc2ccccc2)N1,[1*]C(Cc1ccccc1)NC(=O)C1CCC(=O)N1,1,10930,0.009149130832570906
O=C(NCCc1ccccc1)C1CCC[NH2+]1,[1*]C(Cc1ccccc1)NC(=O)C1CCC[NH2+]1,1,10930,0.009149130832570906
O=C(CC1NC(=O)C(Cc2ccccc2)NC1=O)NCCc1ccccc1,[1*]C(Cc1ccccc1)NC(=O)CC1NC(=O)C(Cc2ccccc2)NC1=O,1,10930,0.009149130832570906
O=C(CCC(=O)NCCc1ccccc1)NCCCc1ccccc1,[1*]C(Cc1ccccc1)NC(=O)CCC(=O)NC([2*])CCc1ccccc1,1,10930,0.009149130832570906
O=C(CCC(=O)NCCc1ccccc1)NCCC1=CCCCC1,[1*]C(Cc1ccccc1)NC(=O)CCC(=O)NCCC1=CCCCC1,1,10930,0.009149130832570906
O=C(CNCC(=O)NC1CC1)NCCc1ccccc1,[1*]C(Cc1ccccc1)NC(=O)CN([2*])CC(=O)NC1CC1,1,10930,0.009149130832570906
O=C(CN1CC=CCCNCC1=O)NCCc1ccccc1,[1*]C(Cc1ccccc1)NC(=O)CN1CC=CCCN([2*])CC1=O,1,10930,0.009149130832570906
O=C(CN1CCCCC1)NCCc1ccccc1,[1*]C(Cc1ccccc1)NC(=O)CN1CCC([2*])CC1,1,10930,0.009149130832570906
O=C(CN1CCCC=CCCCNCC1=O)NCCc1ccccc1,[1*]C(Cc1ccccc1)NC(=O)CN1CCCC=CCCCN([2*])CC1=O,1,10930,0.009149130832570906
O=C(CN1CCNCC1)NCCc1ccccc1,[1*]C(Cc1ccccc1)NC(=O)CN1CCN([2*])CC1,1,10930,0.009149130832570906
O=C(C[NH2+]CC(=O)NC1CC1)NCCc1ccccc1,[1*]C(Cc1ccccc1)NC(=O)C[NH+]([2*])CC(=O)NC1CC1,1,10930,0.009149130832570906
O=C(C[NH+]1CCCCC1)NCCc1ccccc1,[1*]C(Cc1ccccc1)NC(=O)C[NH+]1CCC([2*])CC1,1,10930,0.009149130832570906
O=C(C[NH+]1CCNCC1)NCCc1ccccc1,[1*]C(Cc1ccccc1)NC(=O)C[NH+]1CCN([2*])CC1,1,10930,0.009149130832570906
O=C1CCc2cccc(c2)CCNC(=O)CN1,[1*]C1Cc2cccc(c2)CC([2*])C(=O)NCC(=O)N1,1,10930,0.009149130832570906
O=C1CCNC(=O)CCc2cccc(c2)CCN1,[1*]C1Cc2cccc(c2)CC([2*])C(=O)NCCC(=O)N1,1,10930,0.009149130832570906
O=C1CCCNC(=O)CCc2cccc(c2)CCN1,[1*]C1Cc2cccc(c2)CC([2*])C(=O)NCCCC(=O)N1,1,10930,0.009149130832570906
O=C1CCCCNC(=O)CCc2cccc(c2)CCN1,[1*]C1Cc2cccc(c2)CC([2*])C(=O)NCCCCC(=O)N1,1,10930,0.009149130832570906
O=C1CCCCCNC(=O)CCc2cccc(c2)CCN1,[1*]C1Cc2cccc(c2)CC([2*])C(=O)NCCCCCC(=O)N1,1,10930,0.009149130832570906
O=C(CN1CC=CC1=O)NCCc1ccccc1,[1*]C(C(=O)NC([2*])Cc1ccccc1)N1CC([3*])=C([4*])C1=O,1,10930,0.009149130832570906
O=C1NC(=O)C(Cc2ccccc2)NC1=O,[1*]N1C(=O)C(=O)NC([2*])(Cc2ccccc2)C1=O,1,10930,0.009149130832570906
O=C(NCCc1ccccc1)C1CC(=O)N1CCc1ccccc1,[1*]C(Cc1ccccc1)N1C(=O)CC1C(=O)NC([2*])Cc1ccccc1,1,10930,0.009149130832570906
C1COC2C(COC3COCOC32)O1,[1*]C1([2*])OC2C([3*])OC3COC([4*])([5*])OC3C2OC1([6*])[7*],1,10930,0.009149130832570906
C1CCC(OC2CCOC3OCOC23)OC1,[1*]C1([2*])OC2OC([3*])C([4*])C(OC3OC([5*])C([6*])C([7*])C3[8*])C2O1,1,10930,0.009149130832570906
C1CCC(OC2COC3OCOC3C2)OC1,[1*]C1([2*])OC2OC([3*])C(OC3OC([4*])C([5*])C([6*])C3[7*])C([8*])C2O1,1,10930,0.009149130832570906
C1COC(OC2CCC3OCOCC3O2)C1,[1*]C1([2*])OCC2OC(OC3([3*])OC([4*])C([5*])C3[6*])C([7*])C([8*])C2O1,1,10930,0.009149130832570906
C1=C2CC(OC3CCC(OC4CCC(OC5CCCCO5)CO4)CO3)CCC2C2CCC3CC(OC4CCCC(COC5CCCC(COC6CCCCO6)O5)O4)CC3C2C1,[1*]C1CC(OC2C([19*])CC(OC3C([3*])OC(OC4CCC5([4*])C(=CCC6C5CCC5([5*])C([16*])C(OC7OC(COC8OC(COC9OC([6*])C([7*])C([8*])C9[9*])C([10*])C([11*])C8[12*])C([13*])C([14*])C7[15*])CC65)C4)C([17*])C3[18*])OC2[2*])OC([20*])C1[21*],1,10930,0.009149130832570906
C1COC2OC3COCCC3OC2C1,[1*]C1CC2OC3C(OC([2*])C([3*])C3[4*])OC2C([5*])O1,1,10930,0.009149130832570906
C1COC2OC3CCOCC3OC2C1,[1*]C1CC2OC3OC([2*])C([3*])C([4*])C3OC2C([5*])O1,1,10930,0.009149130832570906
C1CCC(C2COCO2)OC1,[1*]C1CCC([2*])C(C2OC([3*])([4*])OC2[5*])O1,1,10930,0.009149130832570906
C1COCCOCCOC2COCCC2OCCOCCO1,[1*]C1OC([2*])C([3*])C2OCCOCCOCCOCCOCCOC12,1,10930,0.009149130832570906
C1CC2OCOC3CCOCC3OCOC2CO1,[1*]C1OC([2*])C([3*])C2OCOC3C([4*])C([5*])OC([6*])C3OCOC12,1,10930,0.009149130832570906
C1CCC(OC2CCC(OC3CCC(OC4CCC(OC5CCC(OC6CCC(OC7CCC(OC8CCCOC8)OC7)OC6)OC5)OC4)OC3)OC2)OC1,[1*]C1OC([2*])C(OC2OC([3*])C(OC3OC([4*])C(OC4OC([5*])C(OC5OC([6*])C(OC6OC([7*])C(OC7OC([8*])C(OC8OC([9*])C([10*])C([11*])C8[12*])C([13*])C7[14*])C([15*])C6[16*])C([17*])C5[18*])C([19*])C4[20*])C([21*])C3[22*])C([23*])C2[24*])C([25*])C1[26*],1,10930,0.009149130832570906
C1CCOC(OCC2CCCCO2)CC1,[1*]C1OC(COC2OC([2*])C([3*])C([4*])C([5*])C2[6*])C([7*])C([8*])C1[9*],1,10930,0.009149130832570906
C1CCOC(OCC2CCCO2)CC1,[1*]C1OC(COC2OC([2*])C([3*])C([4*])C([5*])C2[6*])C([7*])C1[8*],1,10930,0.009149130832570906
C1CCC(COC2CC(OC3CCCO3)CCO2)OC1,[1*]C1OC(COC2OC([2*])C([3*])C(OC3OC([4*])C([5*])C3[6*])C2[7*])C([8*])C([9*])C1[10*],1,10930,0.009149130832570906
C1CCCOCC2CCCC(O2)OC2COC(COCC1)CC2OC1CCCCO1,[1*]C1OC2COCCCCCCOCC3OC(OC1C(OC1OC([2*])C([3*])CC1[4*])C2[5*])C([6*])C([7*])C3[8*],1,10930,0.009149130832570906
O=C(C=Cc1ccccc1)NCCc1ccccc1,[1*]c1ccc(C=CC(=O)NCCc2ccc([2*])c([3*])c2)cc1[4*],1,10930,0.009149130832570906
O=C(C=Cc1ccc2c(c1)OCO2)NCCc1ccccc1,[1*]c1ccc(CCNC(=O)C=Cc2ccc3c(c2)OCO3)cc1,1,10930,0.009149130832570906
O=C1c2ccccc2O[C@@H](c2ccccc2)[C@@H]1O[C@H]1CCCCO1,[1*][C@@H]1O[C@@H](O[C@@H]2C(=O)c3c([2*])cc([3*])cc3O[C@H]2c2ccc([4*])c([5*])c2)[C@H]([6*])[C@H]([7*])[C@H]1[8*],1,10930,0.009149130832570906
c1ccc2c(c1)CCCO2,[1*]c1c([2*])c2c(c([3*])c1[4*])CCC([5*])([6*])O2,1,10930,0.009149130832570906
c1ccc2cc(-c3ccc4ccccc4c3)ccc2c1,[1*]c1cc2c([2*])c([3*])c([4*])c([5*])c2c([6*])c1-c1c([7*])cc2c([8*])c([9*])c([10*])c([11*])c2c1[12*],1,10930,0.009149130832570906
N=S1NC(=O)c2ccccc21,N=S1NC(=O)c2ccccc21,1,10930,0.009149130832570906
c1ccc(CCCNCCc2ccccc2)cc1,[1*]C(Cc1ccccc1)NC([2*])CCc1ccccc1,1,10930,0.009149130832570906
O=C1NCCNC1=O.c1ccccc1,O=C1NCCNC1=O.[1*]c1ccccc1,1,10930,0.009149130832570906
O=C(CCc1ccccc1)OCCc1ccccc1,[1*]C(Cc1ccccc1)C(=O)OCCc1ccccc1,1,10930,0.009149130832570906
O=c1[nH]cnc2ncc(CNc3ccccc3)nc12,[1*]c1nc2ncc(CNc3ccc([2*])cc3)nc2c(=O)[nH]1,1,10930,0.009149130832570906
O=C(/C=C/c1ccc2c(c1)OCO2)NCCc1ccc2c(c1)OCO2,O=C(/C=C/c1ccc2c(c1)OCO2)NCCc1ccc2c(c1)OCO2,1,10930,0.009149130832570906
O=C(NC(Cc1ccccc1)C(=O)NCCc1ccccc1)C1CN1,[1*]C(Cc1ccccc1)NC(=O)C(Cc1ccccc1)NC(=O)C1NC1[2*],1,10930,0.009149130832570906
O=C(CCC(=O)N1CCNCC1)NCC(=O)NCC(=O)NCCc1ccccc1,[1*]C(NC(=O)CNC(=O)CCC(=O)N1CCNCC1)C(=O)NC([2*])Cc1ccccc1,1,10930,0.009149130832570906
O=C1CCCCCCCNC(=O)OCOC(=O)C(Cc2ccccc2)NC(=O)CN1,[1*]C1NC(=O)CCCCCCCNC(=O)OCOC(=O)C(Cc2ccccc2)NC1=O,1,10930,0.009149130832570906
O=C1CCCCCNC(=O)OCOC(=O)C(Cc2ccccc2)NC(=O)CN1,[1*]C1NC(=O)CCCCCNC(=O)OCOC(=O)C(Cc2ccccc2)NC1=O,1,10930,0.009149130832570906
O=C1CCCNC(=O)OCOC(=O)C(Cc2ccccc2)NC(=O)CN1,[1*]C1NC(=O)CCCNC(=O)OCOC(=O)C(Cc2ccccc2)NC1=O,1,10930,0.009149130832570906
O=C1CNC(=O)OCOC(=O)C(Cc2ccccc2)NC(=O)CN1,[1*]C1NC(=O)CNC(=O)OCOC(=O)C(Cc2ccccc2)NC1=O,1,10930,0.009149130832570906
O=C1NS(=O)(=O)c2c1cccc2-c1ccccc1,O=C1NS(=O)(=O)c2c1cccc2-c1ccccc1,1,10930,0.009149130832570906
O=C1NS(=O)(=O)c2c1cccc2[P+](=O)c1cccc2c1S(=O)(=O)NC2=O,O=C1NS(=O)(=O)c2c1cccc2[P+](=O)c1cccc2c1S(=O)(=O)NC2=O,1,10930,0.009149130832570906
O=C1NSc2ccccc21,[1*]S1([2*])NC(=O)c2ccccc21,1,10930,0.009149130832570906
O=C1OCC(COC2CCCCO2)O1,[1*]C1OC(OCC2COC(=O)O2)C([4*])C([3*])C1[2*],1,10930,0.009149130832570906
O=C1[NH2+]Sc2ccccc21,O=C1[NH2+]Sc2ccccc21,1,10930,0.009149130832570906
O=C1c2ccccc2S(=O)(=O)N1C(=O)N1C(=O)c2ccccc2S1(=O)=O,O=C1c2ccccc2S(=O)(=O)N1C(=O)N1C(=O)c2ccccc2S1(=O)=O,1,10930,0.009149130832570906
O=C1c2ccccc2S(=O)(=O)N1COCN1C(=O)c2ccccc2S1(=O)=O,O=C1c2ccccc2S(=O)(=O)N1COCN1C(=O)c2ccccc2S1(=O)=O,1,10930,0.009149130832570906
O=C1c2ccccc2S(=O)(=O)N1[Se]c1ccccc1,O=C1c2ccccc2S(=O)(=O)N1[Se]c1ccccc1,1,10930,0.009149130832570906
O=C1c2ccccc2S(=O)N1S(=O)(=O)c1ccccc1,O=C1c2ccccc2S(=O)N1S(=O)(=O)c1ccccc1,1,10930,0.009149130832570906
O=C1[NH2+]S(=O)c2ccccc21,[1*-][NH+]1C(=O)c2ccccc2S1=O,1,10930,0.009149130832570906
O=C1c2ccccc2S[N+]1=O,O=C1c2ccccc2S[N+]1=O,1,10930,0.009149130832570906
O=S(=O)(N=Cc1ccccc1)c1ccccc1,[1*-]C(=NS(=O)(=O)c1ccccc1)c1ccccc1,1,10930,0.009149130832570906
O=S(=O)(NC1CCCCC1)NC1CCCCC1,O=S(=O)(NC1CCCCC1)NC1CCCCC1,1,10930,0.009149130832570906
O=S(=O)(OC1CCCCO1)OC1CCCCO1,[1*]C1OC(OS(=O)(=O)OC2OC([5*])C([6*])C([7*])C2[8*])C([4*])C([3*])C1[2*],1,10930,0.009149130832570906
O=[P+](c1cccc2c1S(=O)(=O)N=C2)c1cccc2c1S(=O)(=O)N=C2,[1*-]C1=NS(=O)(=O)c2c1cccc2[P+](=O)c1cccc2c1S(=O)(=O)N=C2[2*-],1,10930,0.009149130832570906
O=c1[n-]sc2ccccc12,O=c1[n-]sc2ccccc12,1,10930,0.009149130832570906
O=c1c2ccccc2[se]n1S(=O)(=O)c1ccccc1,O=c1c2ccccc2[se]n1S(=O)(=O)c1ccccc1,1,10930,0.009149130832570906
C1COC(CCCCC2OCCCO2)OC1,[1*]C(CCCC1OCCCO1)C1OCCCO1,1,10930,0.009149130832570906
C1COC(CCOCCC2CCCO2)C1,[1*]C(COCC([2*])C1OC([3*])C([4*])C1[5*])C1OC([6*])C([7*])C1[8*],1,10930,0.009149130832570906
C1CCC(OC2CCCOC2)CC1,[1*]C1COC([2*])C([3*])(OC2CCCCC2)C1[4*],1,10930,0.009149130832570906
C1CCC2(CC1)OCC1(CCCCO1)O2,[1*]C1COC2(COC3(CCCCC3)O2)C([2*])C1[3*],1,10930,0.009149130832570906
C1CCC2(COC3(CCCCO3)CO2)OC1,[1*]C1COC2(COC3(CO2)OCC([2*])C([3*])C3[4*])C([5*])C1[6*],1,10930,0.009149130832570906
C1CCC2(COCCO2)OC1,[1*]C1COC2(COCCO2)C([2*])C1[3*],1,10930,0.009149130832570906
C1CC2CCC(OCCC3CCC(O1)O3)O2,[1*]C1COC2OC(C([2*])COC3OC1C([3*])C3[4*])C([5*])C2[6*],1,10930,0.009149130832570906
C1CC(CC2CCOCO2)OCO1,[1*]C1COCOC1C([2*])C1OCOCC1[3*],1,10930,0.009149130832570906
C1CCC(COCCOCCOCC2CCCCO2)OC1,[1*]C1OC(COCCOCCOCC2OC([2*])C([3*])C([4*])C2[5*])C([6*])C([7*])C1[8*],1,10930,0.009149130832570906
C1COC(C2OCCOC2C2COCCO2)CO1,[1*]C1OCC(C2OC([2*])C([3*])OC2C2COC([4*])C([5*])O2)OC1[6*],1,10930,0.009149130832570906
C1CCC2(CC1)OCCO2,[1*]C1COC2(CCCCC2)O1,1,10930,0.009149130832570906
C1CCC(OCCCOC2CCC(COC3CCCCO3)O2)OC1,[1*]C(OC1([2*])OC(COC2OC([3*])C([4*])C([5*])C2[6*])C([7*])C1[8*])C([9*])COC1OC([10*])C([11*])C([12*])C1[13*],1,10930,0.009149130832570906
C(CCOC1CCC(COC2CCCCO2)O1)COC1CCCCO1,[1*]C(OC1([2*])OC(COC2OC([3*])C([4*])C([5*])C2[6*])C([7*])C1[8*])C([9*])C([10*])COC1OC([11*])C([12*])C([13*])C1[14*],1,10930,0.009149130832570906
C1CCC(OC2COC(OC3CCOCC3)C2)OC1,[1*]C1OC(OC2C([2*])C([3*])OC([4*])C2[5*])C([6*])C1OC1OC([7*])C([8*])C([9*])C1[10*],1,10930,0.009149130832570906
C1COC(CCOC2CCCO2)C1,[1*]C1OC(OCC([2*])C2OC([3*])C([4*])C2[5*])C([6*])C1[7*],1,10930,0.009149130832570906
C1CCC(CC2CCCO2)OC1,[1*]C1OC(CC2([2*])OC([3*])C([4*])C2[5*])C([6*])C([7*])C1[8*],1,10930,0.009149130832570906
C1COC(OCC2CCCC(OC3CCCO3)O2)C1,[1*]C1OC([2*])(OCC2OC(OC3([3*])OC([4*])C([5*])C3[6*])C([7*])C([8*])C2[9*])C([10*])C1[11*],1,10930,0.009149130832570906
C1CCC(OC2CCCO2)OC1.C1CCOC1,[1*]C1OC([2*])([3*])C([4*])C1[5*].[6*]C1OC(OC2([7*])OC([8*])C([9*])C2[10*])C([11*])C([12*])C1[13*],1,10930,0.009149130832570906
C1COC(COCC2CCCC(OC3CCCO3)O2)C1,[1*]C1OC([2*])(COCC2OC(OC3([3*])OC([4*])C([5*])C3[6*])C([7*])C([8*])C2[9*])C([10*])C1[11*],1,10930,0.009149130832570906
C1CCC(OC2CCCO2)OC1.C1CCOCC1,[1*]C1OC([2*])C([3*])C([4*])C1[5*].[6*]C1OC(OC2([7*])OC([8*])C([9*])C2[10*])C([11*])C([12*])C1[13*],1,10930,0.009149130832570906
C1COC(CC2COCCO2)CO1,[1*]C1OC([2*])C([3*])OC1C([4*])C1COC([5*])C([6*])O1,1,10930,0.009149130832570906
C1COC(C2COCCO2)CO1,[1*]C1OC([2*])C([3*])OC1C1COC([4*])C([5*])O1,1,10930,0.009149130832570906
C1CCC(OC2(CCC3CO3)CCCO2)OC1,[1*]C1OC(OC2(C([2*])CC3CO3)OC([3*])C([4*])C2[5*])C([6*])C([7*])C1[8*],1,10930,0.009149130832570906
C1CCC(OC2CCC(COC3CCCO3)O2)OC1,[1*]C1OC(OC2([2*])OC(COC3([3*])OC([4*])C([5*])C3[6*])C([7*])C2[8*])C([9*])C([10*])C1[11*],1,10930,0.009149130832570906
C1CCC(OC2CCC(OC3CCOCC3)OC2)OC1,[1*]C1OC(OC2C([2*])OC(OC3C([3*])C([4*])OC([5*])C3[6*])C([7*])C2[8*])C([9*])C([10*])C1[11*],1,10930,0.009149130832570906
C1CCC(OC2CCC(OC3CCCCO3)CO2)CC1,[1*]C1OC(OC2C([2*])OC(OC3CCCCC3)C([3*])C2[4*])C([5*])C([6*])C1[7*],1,10930,0.009149130832570906
C1CCC(OC2CCC(OCC3CCCO3)OC2)OC1,[1*]C1OC(OC2C([2*])OC(OCC3OC([3*])([4*])C([5*])C3[6*])C([7*])C2[8*])C([9*])C([10*])C1[11*],1,10930,0.009149130832570906
C1CCC(COC2CCC(OC3CCCCO3)CO2)OC1,[1*]C1OC(OC2C([2*])OC(OCC3OC([3*])C([4*])C([5*])C3[6*])C([7*])C2[8*])C([9*])C([10*])C1[11*],1,10930,0.009149130832570906
C1CCC(OC2CCC(OCCC3CO3)OC2)OC1,[1*]C1OC(OC2C([2*])OC(OCCC3CO3)C([3*])C2[4*])C([5*])C([6*])C1[7*],1,10930,0.009149130832570906
C1CCC(OC2CCOC(OC3CCCO3)C2)OC1,[1*]C1OC(OC2C([2*])C([3*])OC(OC3([4*])OC([5*])C([6*])C3[7*])C2[8*])C([9*])C([10*])C1[11*],1,10930,0.009149130832570906
C1CCC(OC2CCOC(OCC3CCCO3)C2)OC1,[1*]C1OC(OC2C([2*])C([3*])OC(OCC3OC([4*])([5*])C([6*])C3[7*])C2[8*])C([9*])C([10*])C1[11*],1,10930,0.009149130832570906
C1CCC(COC2CC(OC3CCCCO3)CCO2)OC1,[1*]C1OC(OC2C([2*])C([3*])OC(OCC3OC([4*])C([5*])C([6*])C3[7*])C2[8*])C([9*])C([10*])C1[11*],1,10930,0.009149130832570906
C1CCC(OC2CCC3O[O+]3C2)OC1,[1*]C1OC(OC2C([2*])C([3*])C3O[O+]3C2[4*])C([5*])C([6*])C1[7*],1,10930,0.009149130832570906
C1COCC(OC2CC(OC3CCCO3)CCO2)C1,[1*]C1OC(OC2C([2*])COC(OC3COC([3*])C([4*])C3[5*])C2[6*])C([7*])C1[8*],1,10930,0.009149130832570906
C1CCC(OC2CCCOC2OC2CCCO2)OC1,[1*]C1OC(OC2C(OC3([2*])OC([3*])C([4*])C3[5*])OC([6*])C([7*])C2[8*])C([9*])C([10*])C1[11*],1,10930,0.009149130832570906
C1CCC(OC2CCCOC2OC2CCOCC2)OC1,[1*]C1OC(OC2C(OC3C([2*])C([3*])OC([4*])C3[5*])OC([6*])C([7*])C2[8*])C([9*])C([10*])C1[11*],1,10930,0.009149130832570906
C1CCC(OC2OCCCC2OC2CCCCO2)CC1,[1*]C1OC(OC2C(OC3CCCCC3)OC([2*])C([3*])C2[4*])C([5*])C([6*])C1[7*],1,10930,0.009149130832570906
C1CCC(OC2CCC3OCC2O3)OC1,[1*]C1OC(OC2C3COC(O3)C([2*])C2[3*])C([4*])C([5*])C1[6*],1,10930,0.009149130832570906
C1COC(OC2C3CCOC2CO3)C1,[1*]C1OC(OC2C3COC2C([2*])CO3)C([3*])C1[4*],1,10930,0.009149130832570906
C1COC(OC2COC3COC2C3)C1,[1*]C1OC(OC2COC3COC2C3[2*])C([3*])C1[4*],1,10930,0.009149130832570906
C1CCC(OC2CCCOC2OC2CCCCO2)OC1,[1*]C1OC(OC2OC([2*])C([3*])C([4*])C2OC2OC([5*])C([6*])C([7*])C2[8*])C([9*])C([10*])C1[11*],1,10930,0.009149130832570906
C1CCC(OC2CC(OC3CCCO3)CCO2)OC1,[1*]C1OC(OC2OC([2*])C([3*])C(OC3([4*])OC([5*])C([6*])C3[7*])C2[8*])C([9*])C([10*])C1[11*],1,10930,0.009149130832570906
C(C#CCOC1CCCCO1)#CCOC1CCCCO1,[1*]C1OC(OCC#CC#CCOC2OC([2*])C([3*])C([4*])C2[5*])C([6*])C([7*])C1[8*],1,10930,0.009149130832570906
C(CCCOC1CCC(COC2CCCCO2)O1)CCOC1CCCCO1,[1*]C1OC(OCC([2*])C([3*])C([4*])C([5*])COC2([6*])OC(COC3OC([7*])C([8*])C([9*])C3[10*])C([11*])C2[12*])C([13*])C([14*])C1[15*],1,10930,0.009149130832570906
C1CCC(OCC2(OC3CCCCO3)CCCO2)OC1,[1*]C1OC(OCC2(OC3OC([2*])C([3*])C([4*])C3[5*])OC([6*])C([7*])C2[8*])C([9*])C([10*])C1[11*],1,10930,0.009149130832570906
C1CCC(OCC2(OCC3CCCO3)CCCO2)OC1,[1*]C1OC(OCC2(OCC3([2*])OC([3*])C([4*])C3[5*])OC([6*])C([7*])C2[8*])C([9*])C([10*])C1[11*],1,10930,0.009149130832570906
C1CCC(OCC2CCCOC2)OC1,[1*]C1OC(OCC2C([2*])OC([3*])C([4*])C2[5*])C([6*])C([7*])C1[8*],1,10930,0.009149130832570906
C1CCC(OCC2CC2)OC1,[1*]C1OC(OCC2CC2)C([2*])C([3*])C1[4*],1,10930,0.009149130832570906
C1CCC(OCC2CCC(OC3CCCCO3)O2)OC1,[1*]C1OC(OCC2OC([2*])(OC3OC([3*])C([4*])C([5*])C3[6*])C([7*])C2[8*])C([9*])C([10*])C1[11*],1,10930,0.009149130832570906
C1CCC(OCC2OCCCC2OC2CCCCO2)OC1,[1*]C1OC(OCC2OC([2*])C([3*])C([4*])C2OC2OC([5*])C([6*])C([7*])C2[8*])C([9*])C([10*])C1[11*],1,10930,0.009149130832570906
C1CCC(OCC2CCCC(OCC3CO3)O2)OC1,[1*]C1OC(OCC2OC(OCC3CO3)C([2*])C([3*])C2[4*])C([5*])C([6*])C1[7*],1,10930,0.009149130832570906
C1CCC(OCC2CCCC(OCC3CCCO3)O2)OC1,[1*]C1OC(OCC2OC(OCC3OC([2*])([3*])C([4*])C3[5*])C([6*])C([7*])C2[8*])C([9*])C([10*])C1[11*],1,10930,0.009149130832570906
C1CCC(OCCC2CO2)OC1,[1*]C1OC(OCCC2CO2)C([2*])C([3*])C1[4*],1,10930,0.009149130832570906
C(CCOCCCOC1CCCCO1)COCCCOCC1CCCCO1,[1*]C1OC(OCCCOCCCCOCCCOCC2OC([2*])C([3*])C([4*])C2[5*])C([6*])C([7*])C1[8*],1,10930,0.009149130832570906
C1CCC(OOC2CCCCO2)OC1,[1*]C1OC(OOC2OC([2*])C([3*])C([4*])C2[5*])C([6*])C([7*])C1[8*],1,10930,0.009149130832570906
C1CCC(OOOC2CCCCO2)OC1,[1*]C1OC(OOOC2OC([2*])C([3*])C([4*])C2[5*])C([6*])C([7*])C1[8*],1,10930,0.009149130832570906
C1CCC(OCCCC2CO2)OC1,[1*]C1OC1CCCOC1CCCCO1,1,10930,0.009149130832570906
C1CCC2(COC3(CCCO3)CO2)OC1,[1*]C1OC2(COC3(CO2)OCC([2*])C([3*])C3[4*])C([5*])C1[6*],1,10930,0.009149130832570906
C1CCCOCC2(CCCO2)OC2CCCC(COCC1)O2,[1*]C1OC2(COCC([2*])C([3*])C([4*])C([5*])COCC3OC(O2)C([6*])C([7*])C3[8*])C([9*])C1[10*],1,10930,0.009149130832570906
C1COC2OCC3(CCCO3)OC2C1,[1*]C1OC2OCC3(OC([2*])C([3*])C3[4*])OC2C([5*])C1[6*],1,10930,0.009149130832570906
C1COC2(C1)COC1OCCC1O2,[1*]C1OC2OCC3(OC([2*])C([3*])C3[4*])OC2C1[5*],1,10930,0.009149130832570906
C1CCC2(COC3OCCCC3O2)OC1,[1*]C1OC2OCC3(OCC([2*])C([3*])C3[4*])OC2C([5*])C1[6*],1,10930,0.009149130832570906
C1COC2OCCOC3CCCOC3OCCOC2C1,[1*]C1OC2OCCOC3C(OCCOC2C([2*])C1[3*])OC([4*])C([5*])C3[6*],1,10930,0.009149130832570906
C1CCOOC1,[1*]C1OOCC([2*])C1[3*],1,10930,0.009149130832570906
C1CCO[11CH2]C1,[1*][C@H]1O[11C@H]([2*])[C@H]([3*])[C@@H]([4*])[C@@H]1[5*],1,10930,0.009149130832570906
C1C[13CH2][13CH2]OC1,[1*][C@H]1O[13C@H]([2*])[13C@H]([3*])[C@@H]([4*])[C@@H]1[5*],1,10930,0.009149130832570906
C1COCC[13CH2]1,[1*][C@H]1O[C@@H]([2*])[C@H]([3*])[13C@@H]([4*])[C@@H]1[5*],1,10930,0.009149130832570906
C1CC[C@H](O[C@H]2CC[C@H](O[C@H]3CC[C@H](O[C@@H]4CCCOC4)OC3)OC2)OC1,[1*][C@H]1O[C@@H](O[C@H]2[C@H]([2*])[C@@H]([3*])[C@H](O[C@H]3[C@H]([4*])[C@H]([5*])[C@H](O[C@@H]4[C@H]([6*])[C@H]([7*])[C@H]([8*])O[C@@H]4[9*])O[C@@H]3[10*])O[C@@H]2[11*])[C@@H]([12*])[C@@H]([13*])[C@@H]1[14*],1,10930,0.009149130832570906
C1COC[13CH2][13CH2]1,[1*][C@H]1O[C@H]([2*])[C@H]([3*])[13C@@H]([4*])[13C@@H]1[5*],1,10930,0.009149130832570906
C1C[13CH2]COC1,[1*][C@H]1O[C@H]([2*])[C@H]([3*])[C@@H]([4*])[13C@@H]1[5*],1,10930,0.009149130832570906
C1CC[C@@H](O[C@H]2CC[C@@H](OC[C@H]3O[C@H](O[C@H]4CCCOC4)CC[C@@H]3O[C@@H]3CCCCO3)OC2)OC1,[1*][C@H]1O[C@H](O[C@H]2[C@H]([2*])[C@@H]([3*])[C@@H](OC[C@H]3O[C@H](O[C@H]4[C@H]([4*])[C@@H]([5*])[C@@H]([6*])O[C@@H]4[7*])[C@H]([8*])[C@@H]([9*])[C@@H]3O[C@H]3O[C@H]([10*])[C@@H]([11*])[C@H]([12*])[C@H]3[13*])O[C@@H]2[14*])[C@H]([15*])[C@@H]([16*])[C@@H]1[17*],1,10930,0.009149130832570906
C1CC[C@@H](O[C@@]2(CO[C@@]3(CO[C@@]4(CO[C@@]5(CO[C@@]6(CO[C@@]7(CO[C@@]8(CO[C@@]9(CO[C@@]%10(CO[C@@]%11(CO[C@@]%12(CO[C@@]%13(CO[C@@]%14(CO[C@@]%15(CO[C@@]%16(CO[C@@]%17(CO[C@@]%18(CO[C@@]%19(CO[C@@]%20(CO[C@@]%21(CO[C@@]%22(CO[C@@]%23(CO[C@@]%24(CO[C@@]%25(CO[C@@]%26(CO[C@@]%27(CO[C@@]%28(CO[C@@]%29(CO[C@@]%30(CO[C@@]%31(CO[C@@]%32(CO[C@@]%33(CO[C@@]%34(CO[C@@]%35(CO[C@@]%36(CO[C@@]%37(COC%38CCCO%38)CCCO%37)CCCO%36)CCCO%35)CCCO%34)CCCO%33)CCCO%32)CCCO%31)CCCO%30)CCCO%29)CCCO%28)CCCO%27)CCCO%26)CCCO%25)CCCO%24)CCCO%23)CCCO%22)CCCO%21)CCCO%20)CCCO%19)CCCO%18)CCCO%17)CCCO%16)CCCO%15)CCCO%14)CCCO%13)CCCO%12)CCCO%11)CCCO%10)CCCO9)CCCO8)CCCO7)CCCO6)CCCO5)CCCO4)CCCO3)CCCO2)OC1,[1*][C@H]1O[C@@]([2*])(OC[C@@]2(OC[C@@]3(OC[C@@]4(OC[C@@]5(OC[C@@]6(OC[C@@]7(OC[C@@]8(OC[C@@]9(OC[C@@]%10(OC[C@@]%11(OC[C@@]%12(OC[C@@]%13(OC[C@@]%14(OC[C@@]%15(OC[C@@]%16(OC[C@@]%17(OC[C@@]%18(OC[C@@]%19(OC[C@@]%20(OC[C@@]%21(OC[C@@]%22(OC[C@@]%23(OC[C@@]%24(OC[C@@]%25(OC[C@@]%26(OC[C@@]%27(OC[C@@]%28(OC[C@@]%29(OC[C@@]%30(OC[C@@]%31(OC[C@@]%32(OC[C@@]%33(OC[C@@]%34(OC[C@@]%35(OC[C@@]%36(OC[C@@]%37(O[C@H]%38O[C@H]([3*])[C@@H]([4*])[C@H]([5*])[C@H]%38[6*])O[C@H]([7*])[C@@H]([8*])[C@@H]%37[9*])O[C@H]([10*])[C@@H]([11*])[C@@H]%36[12*])O[C@H]([13*])[C@@H]([14*])[C@@H]%35[15*])O[C@H]([16*])[C@@H]([17*])[C@@H]%34[18*])O[C@H]([19*])[C@@H]([20*])[C@@H]%33[21*])O[C@H]([22*])[C@@H]([23*])[C@@H]%32[24*])O[C@H]([25*])[C@@H]([26*])[C@@H]%31[27*])O[C@H]([28*])[C@@H]([29*])[C@@H]%30[30*])O[C@H]([31*])[C@@H]([32*])[C@@H]%29[33*])O[C@H]([34*])[C@@H]([35*])[C@@H]%28[36*])O[C@H]([37*])[C@@H]([38*])[C@@H]%27[39*])O[C@H]([40*])[C@@H]([41*])[C@@H]%26[42*])O[C@H]([43*])[C@@H]([44*])[C@@H]%25[45*])O[C@H]([46*])[C@@H]([47*])[C@@H]%24[48*])O[C@H]([49*])[C@@H]([50*])[C@@H]%23[51*])O[C@H]([52*])[C@@H]([53*])[C@@H]%22[54*])O[C@H]([55*])[C@@H]([56*])[C@@H]%21[57*])O[C@H]([58*])[C@@H]([59*])[C@@H]%20[60*])O[C@H]([61*])[C@@H]([62*])[C@@H]%19[63*])O[C@H]([64*])[C@@H]([65*])[C@@H]%18[66*])O[C@H]([67*])[C@@H]([68*])[C@@H]%17[69*])O[C@H]([70*])[C@@H]([71*])[C@@H]%16[72*])O[C@H]([73*])[C@@H]([74*])[C@@H]%15[75*])O[C@H]([76*])[C@@H]([77*])[C@@H]%14[78*])O[C@H]([79*])[C@@H]([80*])[C@@H]%13[81*])O[C@H]([82*])[C@@H]([83*])[C@@H]%12[84*])O[C@H]([85*])[C@@H]([86*])[C@@H]%11[87*])O[C@H]([88*])[C@@H]([89*])[C@@H]%10[90*])O[C@H]([91*])[C@@H]([92*])[C@@H]9[93*])O[C@H]([94*])[C@@H]([95*])[C@@H]8[96*])O[C@H]([97*])[C@@H]([98*])[C@@H]7[99*])O[C@H]([100*])[C@@H]([101*])[C@@H]6[102*])O[C@H]([103*])[C@@H]([104*])[C@@H]5[105*])O[C@H]([106*])[C@@H]([107*])[C@@H]4[108*])O[C@H]([109*])[C@@H]([110*])[C@@H]3[111*])O[C@H]([112*])[C@@H]([113*])[C@@H]2[114*])[C@@H]([115*])[C@@H]1[116*],1,10930,0.009149130832570906
[11CH2]1[11CH2][11CH2]O[11CH2][11CH2]1,[1*][11C@H]1O[11CH]([2*])[11C@H]([3*])[11C@@H]([4*])[11C@@H]1[5*],1,10930,0.009149130832570906
[13CH2]1[13CH2][13CH2]O[13CH2][13CH2]1,[1*][13C@H]1O[13CH]([2*])[13C@H]([3*])[13C@@H]([4*])[13C@@H]1[5*],1,10930,0.009149130832570906
C1C[13CH2]O[13CH2][13CH2]1,[1*][13C@H]1O[13CH]([2*])[13C@H]([3*])[C@@H]([4*])[C@@H]1[5*],1,10930,0.009149130832570906
[14CH2]1[14CH2][14CH2]O[14CH2][14CH2]1,[1*][14C@H]1O[14C@H]([2*])[14C@H]([3*])[14C@@H]([4*])[14C@@H]1[5*],1,10930,0.009149130832570906
c1cc2c(cc1C[C@H]1COC[C@@H]1Cc1ccc3c(c1)OCO3)OCO2,[1*][C@H]1OC[C@H](Cc2ccc3c(c2)OCO3)[C@H]1Cc1ccc2c(c1)OCO2,1,10930,0.009149130832570906
[B]1CC1COC1CCC(OC2CCCCO2)CO1,[1*]C1[B]C1([2*])COC1OC([3*])C(OC2OC([4*])C([5*])C([6*])C2[7*])C([8*])C1[9*],1,10930,0.009149130832570906
C=C1CCCC2=C(CCC2)C1,[1*]C([2*])=C1CCC([3*])C2=C(C1)C([4*])CC2,1,10930,0.009149130832570906
O=C(Cc1ccccc1)OCCc1ccccc1,O=C(Cc1ccccc1)OCCc1ccccc1,1,10930,0.009149130832570906
c1ccc(COCc2ccccc2)cc1,c1ccc(COCc2ccccc2)cc1,1,10930,0.009149130832570906
C=C1CC2C=CCCCC2C1,[1*]C1C=C([2*])C2CC(=C([3*])[4*])CC2C([5*])C1,1,10930,0.009149130832570906
c1ccc2cnccc2c1,c1ccc2cnccc2c1,1,10930,0.009149130832570906
O=C1CCCCCCCCCCCCCC1,[1*]C1CCCCCCCCCCCCC(=O)C1,1,10930,0.009149130832570906
O=C1CCCCC1=O,O=C1CCCCC1=O,1,10930,0.009149130832570906
O=C1CCOC1,[1*]C1OCCC1=O,1,10930,0.009149130832570906
c1ccc(CCCC2CCCO2)cc1,c1ccc(CCCC2CCCO2)cc1,1,10930,0.009149130832570906
C1CC2CC3CCCC3(C1)C2,[1*]C1CCC2C([2*])([3*])C3CC12CCC3([4*])[5*],1,10930,0.009149130832570906
C1CCC(C2CC3CCC2C3)CC1,[1*]C1C2CC(CC2C2CCCC([2*])C2)C1([3*])[4*],1,10930,0.009149130832570906
C1CCC2C(C1)CCC1OCCC12,[1*]C1([2*])CCCC2([3*])C1CCC1([4*])OCCC12,1,10930,0.009149130832570906
c1ccc(CC2NCCc3ccccc32)cc1,[1*]c1ccc(CC2NCCc3cc([2*])c([3*])cc32)cc1,1,10930,0.009149130832570906
C=C1CCC23CCCC2CC1C3,[1*]C1CC23CC(C1=C)C([2*])([3*])C2CCC3[4*],1,10930,0.009149130832570906
O=P1(OCC2CCC(n3cnc4cncnc43)O2)NCCCO1,[1*]c1ncnc2c1ncn2C1OC(COP2(=O)NCCCO2)C([2*])C1[3*],1,10930,0.009149130832570906
O=P1(OCC2CCC(n3cnc4cncnc43)O2)OCCCO1,[1*]c1ncnc2c1ncn2C1OC(COP2(=O)OCCCO2)C([2*])C1[3*],1,10930,0.009149130832570906
O=C1c2c(OC3CCCCO3)cccc2OC(c2ccccc2)C1OC1CCCCO1,[1*]C1OC(Oc2cc([2*])cc3c2C(=O)C(OC2OC([3*])C([4*])C([5*])C2[6*])C(c2ccc([7*])c([8*])c2)O3)C([9*])C([10*])C1[11*],1,10930,0.009149130832570906
C1=C2C3CCCCC3CCC2C2CCC3CC(OC4OCCCC4OC4COCCC4OC4CCCCO4)CCC3C2C1,[1*]C1CC([2*])([3*])CC2C3=CCC4C5([4*])CCC(OC6OC([5*])C([6*])C([7*])C6OC6COC([8*])C([9*])C6OC6OC([10*])C([11*])C([12*])C6[13*])C([14*])([15*])C5CCC4([16*])C3([17*])CCC12[18*],1,10930,0.009149130832570906
c1nnnc2c1ncn2C1CCCO1,[1*]c1nnnc2c1ncn2C1OC([2*])C([3*])C1[4*],1,10930,0.009149130832570906
O=C1CC(c2ccccc2)Oc2cc(OC3OCCCC3OC3CCCO3)ccc21,[1*]c1cc(C2CC(=O)c3c([2*])cc(OC4OC([3*])C([4*])C([5*])C4OC4OCC([6*])([7*])C4[8*])cc3O2)ccc1[9*],1,10930,0.009149130832570906
C1=C2C3CCCCC3CCC2C2CCC3CC(OC4OCCCC4OC4CCCOC4OC4CCCOC4)CCC3C2C1,[1*]C1OC([2*])C(OC2OC([3*])C([4*])C([5*])C2OC2C(OC3CCC4([6*])C(CCC5([7*])C4CC=C4C6CC([8*])([9*])CC([10*])C6([11*])CCC45[12*])C3([13*])[14*])OC([15*])C([16*])C2[17*])C([18*])C1[19*],1,10930,0.009149130832570906
C1=C2C3CCCC(OC4CCCCO4)C3CCC2C2CCC3CC(OC4OCCCC4OC4CCCOC4OC4CCCOC4)CCC3C2C1,[1*]C1OC([2*])C(OC2OC([3*])C([4*])C([5*])C2OC2C(OC3CCC4([6*])C(CCC5([7*])C4CC=C4C6CC([8*])([9*])CC(OC7CC([10*])C([11*])C([12*])O7)C6([13*])CCC45[14*])C3([15*])[16*])OC([17*])C([18*])C2[19*])C([20*])C1[21*],1,10930,0.009149130832570906
c1ccc(CC2OCCO2)cc1,[1*]C1OC(Cc2ccccc2)OC1[2*],1,10930,0.009149130832570906
O=[PH]1OCC2CC(O1)C(n1cnc3cncnc31)O2,[1*]c1ncnc2c1ncn2C1OC2COP([2*])(=O)OC1C2[3*],1,10930,0.009149130832570906
C=C1C2CCC3C1CCCCC23,[1*]C1([2*])CCCC2([3*])C(=C)C3CCC2C31,1,10930,0.009149130832570906
c1ccc(CC(N=Nc2ccccc2)=NNc2ccccc2)cc1,c1ccc(CC(N=Nc2ccccc2)=NNc2ccccc2)cc1,1,10930,0.009149130832570906
O=C1CC(c2ccc(OC3CCCC(COC4CCCCO4)O3)cc2)Oc2ccccc21,[1*]C1OC(OCC2OC(Oc3ccc(C4CC(=O)c5c([2*])cc([3*])cc5O4)cc3[4*])C([5*])C([6*])C2[7*])C([8*])C([9*])C1[10*],1,10930,0.009149130832570906
c1ccc(C2=NN(c3ccccc3)N(c3ccccc3)N2)cc1,c1ccc(C2=NN(c3ccccc3)N(c3ccccc3)N2)cc1,1,10930,0.009149130832570906
C1=NCCC1,[1*]C1=NCCC1,1,10930,0.009149130832570906
O=C1C=CCCC1C1CC=CCC1,[1*]C1=CC(=O)C(C2([2*])CCC=C([3*])C2)CC1,1,10930,0.009149130832570906
O=C1CC2C3CCCC3CCC2C2CCC(OC3CCCC(COC4CCCCO4)O3)CC12,[1*]C1CCC2C3CC(=O)C4CC(OC5OC(COC6OC([2*])C([3*])C([4*])C6[5*])C([6*])C([7*])C5[8*])CCC4([9*])C3CCC12[10*],1,10930,0.009149130832570906
C=C1CCC2OC2CCC2CCC12,[1*]C12CCC3C(CC3([2*])[3*])C(=C)CCC1O2,1,10930,0.009149130832570906
O=c1c(-c2ccc3c(c2)OCCO3)coc2cc(OC3CCCCO3)ccc12,[1*]c1oc2cc(OC3OC([2*])C([3*])C([4*])C3[5*])ccc2c(=O)c1-c1ccc2c(c1)OCCO2,1,10930,0.009149130832570906
O=C(OC1CCCCO1)C1CCC2CCC3C(=CC(=O)C4C5CCCCC5CCC34)C2C1,[1*]C1(C(=O)OC2OC([2*])C([3*])C([4*])C2[5*])CCC2([6*])CCC3([7*])C(=CC(=O)C4C5([8*])CCC([9*])C([10*])([11*])C5CCC43[12*])C2C1,1,10930,0.009149130832570906
O=C(OC1CCCCO1)C12CCCCC1C1=CCC3C4CCC(OC5CCCC(COC6OCCCC6OC6CCCCO6)O5)CC4CCC3C1CC2,[1*]C1([2*])CCC2(C(=O)OC3OCC([3*])C([4*])C3[5*])CCC3([6*])C(=CCC4C5([7*])CCC(OC6OC(COC7OC([8*])C([9*])C([10*])C7OC7OC([11*])C([12*])C([13*])C7[14*])C([15*])C([16*])C6[17*])C([18*])([19*])C5CCC43[20*])C2C1,1,10930,0.009149130832570906
C=C1CCC2(C=CCCC2)C1,[1*]C1=CC([2*])CC([3*])C12CCC(=C([4*])[5*])C2,1,10930,0.009149130832570906
O=C1CCC(=O)C2OC12,[1*]C1([2*])CC(=O)C2OC2([3*])C1=O,1,10930,0.009149130832570906
O=C(C=Cc1ccccc1)c1ccc(OC2OCCCC2OC2CCCCO2)cc1,[1*]c1ccc(C=CC(=O)c2c([2*])cc(OC3OC([3*])C([4*])C([5*])C3OC3OC([6*])C([7*])C([8*])C3[9*])cc2[10*])cc1[11*],1,10930,0.009149130832570906
O=C(C=Cc1cccc(OC2CCCCO2)c1)c1ccc(OC2CCCCO2)cc1,[1*]c1ccc(C=CC(=O)c2ccc(OC3OC([6*])C([7*])C([8*])C3[9*])cc2[10*])cc1OC1OC([2*])C([3*])C([4*])C1[5*],1,10930,0.009149130832570906
O=C1CCC2C3=CCC4C5CCC(OC6OCCC(OC7CC(OC8CCCCO8)CCO7)C6OC6CCCCO6)CC5CCC4C3CCC2C1,[1*]C1OC(OC2C([2*])C([3*])OC(OC3C([4*])C([5*])OC(OC4CCC5([6*])C(CCC6([7*])C5CC=C5C7CC([8*])([9*])C(=O)CC7([10*])C([11*])CC56[12*])C4([13*])[14*])C3OC3OC([15*])C([16*])C([17*])C3[18*])C2[19*])C([20*])C([21*])C1[22*],1,10930,0.009149130832570906
O=C1CC(c2cccc(OC3CCC(OC4CCCCO4)CO3)c2)Oc2ccccc21,[1*]c1cc(C2CC(=O)c3c([2*])cc([3*])cc3O2)cc(OC2OC([4*])C(OC3OC([5*])C([6*])C([7*])C3[8*])C([9*])C2[10*])c1[11*],1,10930,0.009149130832570906
O=C(C=Cc1ccccc1)OCCCc1ccccc1,O=C(C=Cc1ccccc1)OCCCc1ccccc1,1,10930,0.009149130832570906
O=C(OC1CCC(OCC2CCCC(Oc3ccccc3)O2)OC1)c1ccccc1,[1*]c1ccc([2*])c(OC2OC(COC3OCC(OC(=O)c4cc([3*])c([4*])c([5*])c4)C([6*])C3[7*])C([8*])C([9*])C2[10*])c1,1,10930,0.009149130832570906
O=C(OC1CCC(Oc2ccccc2)OC1COC1CCCCO1)c1ccccc1,[1*]c1ccc([2*])c(OC2OC(COC3OCC([3*])C([4*])C3[5*])C(OC(=O)c3cc([6*])c([7*])c([8*])c3)C([9*])C2[10*])c1,1,10930,0.009149130832570906
C1CCC2OC2C1,[1*]C12OC1([2*])CCCC2([3*])[4*],1,10930,0.009149130832570906
O=C1CCCCCCCC=CCCCCCCO1,O=C1CCCCCCCC=CCCCCCCO1,1,10930,0.009149130832570906
O=c1c2ccccc2oc2ccc(OC3CCCC(COC4CCCCO4)O3)cc12,[1*]c1cc([2*])c2c(=O)c3c([3*])c(OC4OC(COC5OC([4*])C([5*])C([6*])C5[7*])C([8*])C([9*])C4[10*])ccc3oc2c1,1,10930,0.009149130832570906
O=c1cc(-c2ccc(OC3CCCCO3)cc2)oc2c(OC3CCCCO3)cccc12,[1*]C1OC(Oc2ccc(-c3cc(=O)c4c([2*])cc([3*])c(OC5OC([4*])C([5*])C([6*])C5[7*])c4o3)cc2)C([8*])C([9*])C1[10*],1,10930,0.009149130832570906
O=c1c(-c2ccccc2)c(OC2CCCCO2)oc2ccccc12,[1*]C1OC(Oc2oc3cc([2*])cc([3*])c3c(=O)c2-c2ccc([4*])c([5*])c2)C([6*])C([7*])C1[8*],1,10930,0.009149130832570906
O=C1CCCCC=CCCCCCCCCCO1,O=C1CCCCC=CCCCCCCCCCO1,1,10930,0.009149130832570906
O=C(C=Cc1ccccc1)OCC1CCCO1,O=C(C=Cc1ccccc1)OCC1CCCO1,1,10930,0.009149130832570906
O=C(CCCCOC1CCCCO1)CC1C(=O)CC2C1CCC1C3CCC(OC4OCCCC4OC4CCCCO4)CC3CCC12,[1*]C(CCC(=O)C([2*])C1C(=O)CC2C3CCC4CC(OC5OC([3*])C([4*])C([5*])C5OC5OC([6*])C([7*])C([8*])C5[9*])CCC4([10*])C3CCC21[11*])COC1OC([12*])C([13*])C([14*])C1[15*],1,10930,0.009149130832570906
O=C(OC1CCC(OC2CCCCO2)CO1)C12CCCCC1C1=CCC3C4CCCCC4CCC3C1CC2,[1*]C1([2*])CCC2(C(=O)OC3OC([3*])C(OC4OC([4*])C([5*])C([6*])C4[7*])C([8*])C3[9*])CCC3([10*])C(=CCC4C5([11*])CCC([12*])C([13*])([14*])C5CCC43[15*])C2C1,1,10930,0.009149130832570906
C1=C2C3CCCCC3CCC2C2CCC3CCC(OC4OCCCC4OC4CCCCO4)CC3C2C1,[1*]C1([2*])CCC2([3*])CCC3([4*])C(=CCC4C5([5*])CC(OC6OC([6*])C([7*])C([8*])C6OC6OC([9*])C([10*])C([11*])C6[12*])CC([13*])([14*])C5CCC43[15*])C2C1,1,10930,0.009149130832570906
S=[PH]1OC2COC(n3cnc4cncnc43)C2O1,[1*]c1ncnc2c1ncn2C1OC([2*])C2OP([3*])(=S)OC21,1,10930,0.009149130832570906
C1=CC2CC3CCCC3(C1)C2,[1*]C1=CCC23CC1C([2*])([3*])C2CCC3[4*],1,10930,0.009149130832570906
O=C(C=Cc1ccccc1)OCC1CC=CCC1,[1*]C1=CCC(C([2*])([3*])OC(=O)C=Cc2ccccc2)CC1,1,10930,0.009149130832570906
O=[PH]1N[PH](=O)OP(=O)(OCC2CCC(n3cnc4cncnc43)O2)OO1,[1*]c1ncnc2c1ncn2C1OC(COP2(=O)OOP([2*])(=O)NP([3*])(=O)O2)C([4*])C1[5*],1,10930,0.009149130832570906
O=C1CC(c2cccc(OC3CCCCO3)c2)Oc2cc(OC3CCCC(COC4CCCCO4)O3)ccc21,[1*]c1ccc(C2CC(=O)c3c([2*])cc(OC4OC(COC5OC([3*])C([4*])C([5*])C5[6*])C([7*])C([8*])C4[9*])cc3O2)cc1OC1OC([10*])C([11*])C([12*])C1[13*],1,10930,0.009149130832570906
O=c1c(COC2CCCCO2)c(-c2ccccc2)oc2ccccc12,[1*]C1OC(OCc2c(-c3ccc([5*])c([6*])c3)oc3cc([7*])cc([8*])c3c2=O)C([4*])C([3*])C1[2*],1,10930,0.009149130832570906
O=C1CC(c2ccccc2)Oc2cc(OC3CCC(OC4CCCCO4)C(COC4CCCCO4)O3)ccc21,[1*]c1ccc(C2CC(=O)c3c([2*])cc(OC4OC(COC5OC([3*])C([4*])C([5*])C5[6*])C(OC5OC([7*])C([8*])C([9*])C5[10*])C([11*])C4[12*])cc3O2)cc1[13*],1,10930,0.009149130832570906
O=c1c(CC2CCCO2)c(-c2ccc(OC3CCCCO3)cc2)oc2ccccc12,[1*]C1OC(Cc2c(-c3ccc(OC4OC([2*])C([3*])C([4*])C4[5*])c([6*])c3)oc3cc([7*])cc([8*])c3c2=O)C([9*])C1[10*],1,10930,0.009149130832570906
O=c1cc(-c2ccccc2)oc2cc(OC3CCCO3)ccc12,[1*]c1ccc(-c2cc(=O)c3c([2*])cc(OC4OC([3*])C([4*])C4[5*])cc3o2)cc1[6*],1,10930,0.009149130832570906
O=C1CC2C(=CCC3C4CCC(OC5OCCC(OC6OCCCC6OC6CCCCO6)C5OC5CCCCO5)CC4CCC23)C2CCCCC12,[1*]C1([2*])CCC2([3*])C(=O)CC3([4*])C(=CCC4C5([5*])CCC(OC6OC([6*])C([7*])C(OC7OC([8*])C([9*])C([10*])C7OC7OC([11*])C([12*])C([13*])C7[14*])C6OC6OC([15*])C([16*])C([17*])C6[18*])C([19*])([20*])C5CCC43[21*])C2C1,1,10930,0.009149130832570906
C1=C2C3CCCC(OC4CCCCO4)C3CCC2C2CCC3CC(OC4OCCCC4OC4CCCCO4)CCC3C2C1,[1*]C1OC(OC2CCC3([2*])C(CCC4([3*])C3CC=C3C5CC([4*])([5*])CC(OC6OCC([6*])C([7*])C6[8*])C5([9*])CCC34[10*])C2([11*])[12*])C(OC2OC([13*])C([14*])C([15*])C2[16*])C([17*])C1[18*],1,10930,0.009149130832570906
c1ncc2ncn(C3CCCCO3)c2n1,[1*]c1ncnc2c1ncn2C1OCC([2*])C([3*])C1[4*],1,10930,0.009149130832570906
O=C(OC1CCCCO1)C12CCCCC1C1=CCC3C4CCC(OC5CCC(OC6CC(OC7CCCCO7)CCO6)CO5)CC4CCC3C1CC2,[1*]C1([2*])CCC2(C(=O)OC3OC([3*])C([4*])C([5*])C3[6*])CCC3([7*])C(=CCC4C5([8*])CCC(OC6OC([9*])C(OC7OCC([10*])C(OC8OC([11*])C([12*])C([13*])C8[14*])C7[15*])C([16*])C6[17*])C([18*])([19*])C5CCC43[20*])C2C1,1,10930,0.009149130832570906
O=C(OC1CCCCO1)C1CCCC2C3=CCC4C5CCC(OC6OCCCC6OC6CCCCO6)CC5CCC4C3CCC12,[1*]C1([2*])CC(C(=O)OC2OC([3*])C([4*])C([5*])C2[6*])C2CCC3([7*])C(=CCC4C5([8*])CCC(OC6OC([9*])C([10*])C([11*])C6OC6OCC([12*])C([13*])C6[14*])C([15*])([16*])C5CCC43[17*])C2C1,1,10930,0.009149130832570906
O=[PH]1OCC2OC(n3c(N4CCCCC4)nc4cncnc43)CC2O1,[1*]c1ncnc2c1nc(N1CCCCC1)n2C1OC2COP([2*])(=O)OC2C1[3*],1,10930,0.009149130832570906
O=C(CCCCOC1CCCCO1)CC1CCC2C1CCC1C3CCC(OC4CCC(OC5CCCCO5)CO4)CC3CCC21,[1*]C(CCC(=O)C([2*])C1C([3*])CC2C3CCC4CC(OC5OC([4*])C(OC6OC([5*])C([6*])C([7*])C6[8*])C([9*])C5[10*])CCC4([11*])C3CCC21[12*])COC1OC([13*])C([14*])C([15*])C1[16*],1,10930,0.009149130832570906
O=c1c2ccccc2oc2cc(OC3CCOCC3)ccc12,[1*]c1ccc2c(=O)c3c([7*])cc(OC4C([3*])C([4*])OC([5*])C4[6*])cc3oc2c1[2*],1,10930,0.009149130832570906
O=C1CC(c2ccc(OC3OCCCC3OC3CCCO3)cc2)Oc2ccccc21,[1*]c1cc([2*])c2c(c1)OC(c1ccc(OC3OC([3*])C([4*])C([5*])C3OC3OCC([6*])([7*])C3[8*])c([9*])c1)CC2=O,1,10930,0.009149130832570906
O=C1C=C2C3CCCCC3CCC2C2CCC3CC(OC4OCCCC4OC4CCC(OC5CCCCO5)CO4)CCC3C12,[1*]C1([2*])CCC2([3*])CCC3([4*])C(=CC(=O)C4C5([5*])CCC(OC6OC([6*])C([7*])C([8*])C6OC6OC([9*])C(OC7OC([10*])C([11*])C([12*])C7[13*])C([14*])C6[15*])C([16*])([17*])C5CCC43[18*])C2C1,1,10930,0.009149130832570906
C1CCC(OC2CCCOC2OC2CCC(OC3CCC4C(CCC5C6CCCC6CCC45)C3)OC2)OC1,[1*]C1C([2*])CC2C3CCC4CC(OC5OC([3*])C(OC6OC([4*])C([5*])C([6*])C6OC6OCC([7*])C([8*])C6[9*])C([10*])C5[11*])CCC4([12*])C3CCC12[13*],1,10930,0.009149130832570906
C1=C2C(CCC1)CCC1C2CCC2C3CCC(OC4CC(OC5CCCCO5)CCO4)CC3CCC12,[1*]C1([2*])C=C2C3CCC4C5([3*])CCC(OC6OC([4*])C([5*])C(OC7OCC([6*])C([7*])C7[8*])C6[9*])C([10*])([11*])C5CCC4([12*])C3([13*])CCC2([14*])CC1,1,10930,0.009149130832570906
O=c1c2ccccc2oc2cc(OC3CCOCC3OC3CCCCO3)ccc12,[1*]C1OC(OC2C([2*])OC([3*])C([4*])C2Oc2cc([5*])c3c(=O)c4ccc([6*])c([7*])c4oc3c2)C([8*])C([9*])C1[10*],1,10930,0.009149130832570906
O=C1CC(c2ccc3c(c2)OC(c2ccccc2)C(COC2CCCCO2)O3)Oc2ccccc21,[1*]c1cc(C2Oc3cc(C4Oc5cc([2*])cc([3*])c5C(=O)C4[4*])ccc3OC2COC2OC([5*])C([6*])C([7*])C2[8*])ccc1[9*],1,10930,0.009149130832570906
O=C1CCCC2C3=CCC4C5CCC(OC6OCCCC6OC6OCCC(OC7CCCCO7)C6OC6CCCCO6)CC5CCC4C3CCC12,[1*]C1OC(OC2C(OC3C(OC4CCC5([2*])C(CCC6([3*])C5CC=C5C7CC([4*])([5*])CC(=O)C7([6*])CCC56[7*])C4([8*])[9*])OC([10*])C([11*])C3[12*])OC([13*])C([14*])C2OC2OC([15*])C([16*])C([17*])C2[18*])C([19*])C([20*])C1[21*],1,10930,0.009149130832570906
O=C(N=Nc1ccccc1)Nc1ccccc1,[1*]c1ccc(NC(=O)N=Nc2ccccc2)cc1,1,10930,0.009149130832570906
O=C1CCC2C3=CCC4C5CCC(OC6OCCCC6OC6CC(OC7OCCCC7OC7CCCCO7)CCO6)CC5CCC4C3CCC2C1,[1*]C1OC(OC2C(OC3C([2*])C([3*])OC(OC4C(OC5CCC6([4*])C(CCC7([5*])C6CC=C6C8CC([6*])([7*])C(=O)CC8([8*])C([9*])CC67[10*])C5([11*])[12*])OC([13*])C([14*])C4[15*])C3[16*])OC([17*])C([18*])C2[19*])C([20*])C([21*])C1[22*],1,10930,0.009149130832570906
O=C1C=C2C3CCCCC3CCC2C2CCC3CC(OC4OCCCC4OC4CCC(OC5CCC(OC6CCCCO6)CO5)CO4)CCC3C12,[1*]C1([2*])CCC2([3*])CCC3([4*])C(=CC(=O)C4C5([5*])CCC(OC6OC([6*])C([7*])C([8*])C6OC6OC([9*])C(OC7OC([10*])C(OC8OC([11*])C([12*])C([13*])C8[14*])C([15*])C7[16*])C([17*])C6[18*])C([19*])([20*])C5CCC43[21*])C2C1,1,10930,0.009149130832570906
O=c1c(-c2ccc(OC3CCCCO3)cc2)coc2c(OC3CCCCO3)cccc12,[1*]C1OC(Oc2ccc(-c3coc4c(OC5OC([6*])C([7*])C([8*])C5[9*])c([10*])ccc4c3=O)cc2[5*])C([4*])C([3*])C1[2*],1,10930,0.009149130832570906
O=C(CCCCOC1CCCCO1)CC1CCC2C1CCC1C3CCC(OC4CCC(OC5OCCCC5OC5CCCCO5)CO4)CC3CCC21,[1*]C(CCC(=O)C([2*])C1C([3*])CC2C3CCC4CC(OC5OC([4*])C(OC6OC([5*])C([6*])C([7*])C6OC6OCC([8*])C([9*])C6[10*])C([11*])C5[12*])CCC4([13*])C3CCC21[14*])COC1OC([15*])C([16*])C([17*])C1[18*],1,10930,0.009149130832570906
O=C1CC2C(CCC3C4CCC5(C(=O)OC6CCCCO6)CCCCC5C4=CCC23)CC1OC1CCCCO1,[1*]C1([2*])CCC2(C(=O)OC3OCC([3*])C([4*])C3[5*])CCC3([6*])C(=CCC4C5([7*])CC(=O)C(OC6OC([8*])C([9*])C([10*])C6[11*])C([12*])([13*])C5C([14*])CC43[15*])C2C1,1,10930,0.009149130832570906
C=C1CCC2(C(=O)OC3CCCCO3)CCC3C(=CCC4C5CCC(OC6CC(OC7CCCCO7)CCO6)CC5CCC34)C2C1,[1*]C1OC(OC(=O)C23CCC(=C)CC2C2=CCC4C5([6*])CCC(OC6OC([7*])C([8*])C(OC7OCC([9*])C([10*])C7[11*])C6[12*])C([13*])([14*])C5CCC4([15*])C2([5*])CC3)C([4*])C([3*])C1[2*],1,10930,0.009149130832570906
O=c1cc(-c2ccccc2)oc2cc(OC3CCCC(COCC4CCCCO4)O3)ccc12,[1*]c1ccc(-c2cc(=O)c3c([2*])cc(OC4OC(COCC5OC([3*])C([4*])C([5*])C5[6*])C([7*])C([8*])C4[9*])cc3o2)cc1[10*],1,10930,0.009149130832570906
C=C1CCC2CCC3C(=CCC4C5CCC(OC6OCCC(OC7CCCCO7)C6OC6CCCCO6)CC5CCC34)C2C1,[1*]C12CCC(=C)CC1C1=CCC3C4([3*])CCC(OC5OCC([4*])C(OC6OC([5*])C([6*])C([7*])C6[8*])C5OC5OCC([9*])C([10*])C5[11*])C([12*])([13*])C4CCC3([14*])C1([2*])CC2,1,10930,0.009149130832570906
O=C1CC(c2ccc3c(c2)OC(c2ccccc2)CO3)Oc2cc(OC3CCCCO3)ccc21,[1*]c1cc(C2Oc3cc(C4Oc5cc(OC6OC([2*])C([3*])C([4*])C6[5*])cc([6*])c5C(=O)C4[7*])ccc3OC2[8*])ccc1[9*],1,10930,0.009149130832570906
O=c1c(-c2cccc(OC3CCCC(COC4CCCO4)O3)c2)coc2ccccc12,[1*]c1cc([2*])c2c(=O)c(-c3cc([3*])c([4*])c(OC4OC(COC5OC([5*])C([6*])C5[7*])C([8*])C([9*])C4[10*])c3)coc2c1,1,10930,0.009149130832570906
O=c1oc2ccccc2c2ccccc12,[1*]c1ccc2c(c1[2*])c(=O)oc1ccccc12,1,10930,0.009149130832570906
S=[PH]1OCC2CC(O1)C(n1cnc3cncnc31)O2,[1*]c1ncnc2c1ncn2C1OC2COP([2*])(=S)OC1C2[3*],1,10930,0.009149130832570906
O=C1CC2C3CC(CC4CCCC(OC5CCCCO5)O4)CC3CCC2C2CCC(OC3OCCCC3OC3CCCCO3)CC12,[1*]C1CCC(C([2*])C2CC3C4CC(=O)C5CC(OC6OC([3*])C([4*])C([5*])C6OC6OC([6*])C([7*])C([8*])C6[9*])CCC5([10*])C4CCC3([11*])C2)OC1OC1OC([12*])C([13*])C([14*])C1[15*],1,10930,0.009149130832570906
O=c1cc(-c2ccc(OC3CCCOC3)cc2)oc2ccccc12,[1*]c1c(-c2ccc(OC3C([2*])OC([3*])C([4*])C3[5*])c([6*])c2)oc2cc([7*])cc([8*])c2c1=O,1,10930,0.009149130832570906
O=c1c2ccccc2oc2cccc(OC3OCCCC3OC3CCCCO3)c12,[1*]c1cc([2*])c2c(=O)c3c(OC4OCC([3*])C([4*])C4OC4OC([5*])C([6*])C([7*])C4[8*])ccc([9*])c3oc2c1,1,10930,0.009149130832570906
O=C1CCCCCCCC=CCCCCCCC1,O=C1CCCCCCCC=CCCCCCCC1,1,10930,0.009149130832570906
O=c1cc(-c2cccc(OC3CCC(OC4CC(OC5CCCCO5)CCO4)CO3)c2)oc2ccccc12,[1*]c1cc([2*])c2c(=O)c([3*])c(-c3ccc([4*])c(OC4OC([5*])C(OC5OCC([6*])C(OC6OCC([7*])C([8*])C6[9*])C5[10*])C([11*])C4[12*])c3)oc2c1,1,10930,0.009149130832570906
O=c1c(-c2ccccc2)coc2c(OC3CCCCO3)c(OC3CCCCO3)ccc12,[1*]c1ccc(-c2coc3c(OC4OC([2*])C([3*])C([4*])C4[5*])c(OC4OC([6*])C([7*])C([8*])C4[9*])ccc3c2=O)cc1,1,10930,0.009149130832570906
O=c1c2c(oc3cc(OC4CCCCO4)ccc13)-c1ccccc1OC2,[1*]C1OC(Oc2cc([5*])c3c(=O)c4c(oc3c2)-c2ccc([6*])c([7*])c2OC4)C([4*])C([3*])C1[2*],1,10930,0.009149130832570906
O=c1c(-c2ccc(OC3CCCC(COC4CCCO4)O3)cc2)coc2ccccc12,[1*]c1cc([2*])c2c(=O)c(-c3ccc(OC4OC(COC5OCC([3*])([4*])C5[5*])C([6*])C([7*])C4[8*])c([9*])c3)coc2c1,1,10930,0.009149130832570906
O=c1cc(-c2ccccc2)oc2cc(OC3CCCC(COC4CCCCC4)O3)ccc12,[1*]c1cc(-c2cc(=O)c3c([2*])cc(OC4OC(COC5CC([3*])C([4*])C([5*])C5[6*])C([7*])C([8*])C4[9*])cc3o2)ccc1[10*],1,10930,0.009149130832570906
O=C1C=C2C(CCC3CCCC(C4CCCCO4)C23)C2CCC3CC(OC4OCCCC4OC4CCCCO4)CCC3C12,[1*]C12CCC([2*])([3*])C(C3OC([4*])C([5*])C([6*])C3[7*])C1C1=CC(=O)C3C4([8*])CCC(OC5OC([9*])C([10*])C([11*])C5OC5OC([12*])C([13*])C([14*])C5[15*])C([16*])([17*])C4CCC3([18*])C1([19*])CC2,1,10930,0.009149130832570906
O=C1CC(c2ccccc2)Oc2cc(OC3CCCC(COCC4CCCCO4)O3)ccc21,[1*]c1ccc(C2CC(=O)c3c([2*])cc(OC4OC(COCC5OC([3*])C([4*])C([5*])C5[6*])C([7*])C([8*])C4[9*])cc3O2)cc1[10*],1,10930,0.009149130832570906
O=C1CC(c2ccccc2)Oc2cccc(OC3CCCC(COC4CCCCO4)O3)c21,[1*]C1OC(OCC2OC(Oc3cc([2*])cc4c3C(=O)CC(c3ccc([3*])c([4*])c3)O4)C([5*])C([6*])C2[7*])C([8*])C([9*])C1[10*],1,10930,0.009149130832570906
O=C(CNC(=O)C1CCCCN1)NCCc1ccccc1,[1*]C(Cc1ccccc1)NC(=O)C([2*])NC(=O)C1CCCCN1,1,10930,0.009149130832570906
O=C(C=Cc1ccccc1)c1ccc(OC2CCCCO2)c(OC2CCCCO2)c1,[1*]c1ccc(C=CC(=O)c2ccc(OC3OC([3*])C([4*])C([5*])C3[6*])c(OC3OC([7*])C([8*])C([9*])C3[10*])c2[11*])cc1[2*],1,10930,0.009149130832570906
O=c1cc(-c2ccc(OC3OCCCC3OC3CCCO3)cc2)oc2ccccc12,[1*]c1cc([2*])c2c(=O)cc(-c3ccc(OC4OC([3*])C([4*])C([5*])C4OC4OCC([6*])([7*])C4[8*])c([9*])c3)oc2c1,1,10930,0.009149130832570906
O=c1c2ccccc2oc2c(OC3CCCC(COC4CCCCO4)O3)cccc12,[1*]c1cc([2*])c2c(=O)c3cccc(OC4OC(COC5OCC([3*])C([4*])C5[5*])C([6*])C([7*])C4[8*])c3oc2c1,1,10930,0.009149130832570906
O=C(C=Cc1ccc(OC2CCCCO2)cc1)OCC1CCCC(Oc2ccc3c(=O)ccoc3c2)O1,[1*]c1cc(=O)c2c([2*])cc(OC3OC(COC(=O)C=Cc4ccc(OC5OC([3*])C([4*])C([5*])C5[6*])c([7*])c4)C([8*])C([9*])C3[10*])cc2o1,1,10930,0.009149130832570906
O=C1CC2C(=CCC3C4CCC(OC5CCC(OC6CCCCO6)CO5)CC4CCC23)C2CCCCC12,[1*]C1([2*])CCC2C(=O)CC3([3*])C(=CCC4C5([4*])CCC(OC6OC([5*])C(OC7OCC([6*])C([7*])C7[8*])C([9*])C6[10*])C([11*])([12*])C5CCC43[13*])C2C1,1,10930,0.009149130832570906
O=c1cc(-c2ccc(OC3CCC(OC4CCCOC4)OC3)cc2)oc2cc(OC3CCCCO3)ccc12,[1*]C1OC(Oc2cc([2*])c3c(=O)c([3*])c(-c4ccc(OC5C([4*])OC(OC6C([5*])OC([6*])C([7*])C6[8*])C([9*])C5[10*])c([11*])c4)oc3c2)C([12*])C([13*])C1[14*],1,10930,0.009149130832570906
O=c1c(OCC2CCCC(OC3CCCCO3)O2)c(-c2ccccc2)oc2ccccc12,[1*]c1cc(-c2oc3cc([2*])cc([3*])c3c(=O)c2OCC2OC(OC3OC([4*])C([5*])C([6*])C3[7*])C([8*])C([9*])C2[10*])ccc1[11*],1,10930,0.009149130832570906
O=C(CCc1ccccc1)c1ccc(OC2CCCOC2OC2CCCOC2)cc1,[1*]c1ccc(CCC(=O)c2c([2*])cc(OC3C(OC4C([3*])OC([4*])C([5*])C4[6*])OC([7*])C([8*])C3[9*])cc2[10*])cc1[11*],1,10930,0.009149130832570906
O=c1c2ccccc2[sH+]n1S(=O)(=O)c1ccccc1,[1*-][s+]1c2ccccc2c(=O)n1S(=O)(=O)c1ccccc1,1,10930,0.009149130832570906
O=c1cc(-c2ccc(OC3OCCCC3OC3CCCCO3)c(OC3CCCCO3)c2)oc2ccccc12,[1*]C1OC(OC2C(Oc3ccc(-c4cc(=O)c5c([2*])cc([3*])cc5o4)cc3OC3OC([4*])C([5*])C([6*])C3[7*])OC([8*])C([9*])C2[10*])C([11*])C([12*])C1[13*],1,10930,0.009149130832570906
O=c1cc(-c2ccc(OC3CCCCO3)c(OC3CCCCO3)c2)oc2ccccc12,[1*]C1OC(Oc2ccc(-c3cc(=O)c4c([10*])cc([9*])cc4o3)cc2OC2OC([5*])C([6*])C([7*])C2[8*])C([4*])C([3*])C1[2*],1,10930,0.009149130832570906
C1COC2OCCOC3CCCOC3OCCOC3CCCOC3OCCOC2C1,[1*]C1OC2OCCOC3C(OCCOC4C(OCCOC2C([2*])C1[3*])OC([4*])C([5*])C4[6*])OC([7*])C([8*])C3[9*],1,10930,0.009149130832570906
C=C1CC23CCC4CCC(OC5CC(OC6CCCCO6)CCO5)CC4C2CCC1C3,[1*]C12CC(OC3OC([2*])C([3*])C(OC4OC([4*])C([5*])C([6*])C4[7*])C3[8*])CC([9*])C1CCC13CC(CCC21)C(=C)C3[10*],1,10930,0.009149130832570906
O=P1(N2CCCCC2)OCC2OC(n3cnc4cncnc43)CC2O1,[1*]c1ncnc2c1ncn2C1OC2COP(=O)(N3CCCCC3)OC2C1[2*],1,10930,0.009149130832570906
O=C(OC1CCCCO1)C12CCCC=C1C1CCC3C4CCC(OC5CCC(OC6CCCCO6)CO5)CC4CCC3C1CC2,[1*]C1C(OC2CCC3([2*])C(CCC4([3*])C3CCC3C5=CC([4*])([5*])CCC5(C(=O)OC5OC([6*])C([7*])C([8*])C5[9*])CCC34[10*])C2([11*])[12*])OC([13*])C(OC2OCC([14*])C([15*])C2[16*])C1[17*],1,10930,0.009149130832570906
C1=C2C(CCC3C2CCC2CCCCC23)C2CCC(OC3CCCCO3)CC2C1,[1*]C1CCC2([2*])CCC3([3*])C4=CCC5C([4*])([5*])C(OC6OC([6*])C([7*])C([8*])C6[9*])CCC5([10*])C4CCC3([11*])C2C1[12*],1,10930,0.009149130832570906
O=C(OC1CCCCO1)C12CCCCC1C1=CCC3C4CCC(OC5CCC(OC6OCCCC6OC6CCCCO6)CO5)CC4CCC3C1CC2,[1*]C1OC(OC2C([2*])OC(OC3CCC4([3*])C(CCC5([4*])C4CC=C4C6CC([5*])([6*])CCC6(C(=O)OC6OC([7*])C([8*])C([9*])C6[10*])CCC45[11*])C3([12*])[13*])C([14*])C2[15*])C(OC2OCC([16*])C([17*])C2[18*])C([19*])C1[20*],1,10930,0.009149130832570906
O=C(Cc1ccc2c(c1)OCCO2)c1ccccc1,[1*]c1ccc(C(=O)Cc2ccc3c(c2)OCCO3)c([2*])c1,1,10930,0.009149130832570906
O=C1CC2C(=CCC3C4CCC(OC5CCCCO5)CC4CCC23)C2CCC(OC3CCC(OC4CCCCO4)CO3)CC12,[1*]C1OC(OC2CC3C(=O)CC4([2*])C(=CCC5C6([3*])CCC(OC7OCC([4*])C([5*])C7[6*])C([7*])([8*])C6CCC54[9*])C3CC2([10*])[11*])C([12*])C([13*])C1OC1OC([14*])C([15*])C([16*])C1[17*],1,10930,0.009149130832570906
O=c1c(-c2cccc(OC3CCCCO3)c2)coc2cc(OC3CCCCO3)ccc12,[1*]c1ccc(-c2coc3cc(OC4OC([6*])C([7*])C([8*])C4[9*])cc([10*])c3c2=O)cc1OC1OC([2*])C([3*])C([4*])C1[5*],1,10930,0.009149130832570906
O=C1C=C2C3CCCCC3CCC2C2CCC3CCC(OC4OCCCC4CC4CCCCO4)CC3C12,[1*]C1OC(CC2C(OC3CC([2*])([3*])C4CCC5([4*])C(C(=O)C=C6C7CC([5*])([6*])CCC7([7*])CCC65[8*])C4([9*])C3)OC([10*])C([11*])C2[12*])C([13*])C([14*])C1[15*],1,10930,0.009149130832570906
O=c1c(OOC2CCCCO2)c(-c2ccccc2)oc2ccccc12,[1*]c1cc(-c2oc3cc([2*])cc([3*])c3c(=O)c2OOC2OC([4*])C([5*])C([6*])C2[7*])ccc1[8*],1,10930,0.009149130832570906
O=c1cc(-c2ccccc2)oc2ccc(C3OCCC3OC3CCCCO3)cc12,[1*]C1OC(OC2C(c3c([2*])cc4oc(-c5ccc([3*])c([4*])c5)cc(=O)c4c3[5*])OC([6*])C2[7*])C([8*])C([9*])C1[10*],1,10930,0.009149130832570906
O=C(c1ccccc1)c1ccc(OC2CCCCO2)c(C2CCCCO2)c1,[1*]c1cc(C(=O)c2c([2*])cc(OC3OC([3*])C([4*])C([5*])C3[6*])c(C3OC([7*])C([8*])C([9*])C3[10*])c2[11*])ccc1[12*],1,10930,0.009149130832570906
C1=C2C3CCCCC3CCC2C2CCC3CC(OC4CC(OC5CCCCO5)C(OC5CCCCO5)CO4)CCC3C2C1,[1*]C1([2*])CCC2([3*])CCC3([4*])C(=CCC4C5([5*])CCC(OC6OC([6*])C(OC7OC([7*])C([8*])C([9*])C7[10*])C(OC7OC([11*])C([12*])C([13*])C7[14*])C6[15*])C([16*])([17*])C5CCC43[18*])C2C1,1,10930,0.009149130832570906
O=C(OC1CCC(OC2CCCCO2)CO1)C1CCCC(OC2CCC3C(CCC4C5CCC6C(OC7CCCCO7)CCCC6C5=CC(=O)C34)C2)O1,[1*]C1OC(OC2CC([2*])([3*])CC3C4=CC(=O)C5C6([4*])CCC(OC7OC(C(=O)OC8OCC(OC9OCC([5*])C([6*])C9[7*])C([8*])C8[9*])C([10*])C([11*])C7[12*])C([13*])([14*])C6CCC5([15*])C4([16*])CCC23[17*])C([18*])C([19*])C1[20*],1,10930,0.009149130832570906
O=C(CCc1cccc(OC2CCCCO2)c1)c1ccccc1,[1*]c1ccc(CCC(=O)c2ccc([6*])cc2[7*])cc1OC1OC([2*])C([3*])C([4*])C1[5*],1,10930,0.009149130832570906
O=C(C=Cc1cccc(OC2CCCCO2)c1)c1ccccc1,[1*]c1ccc(C=CC(=O)c2ccc([6*])cc2[7*])cc1OC1OC([2*])C([3*])C([4*])C1[5*],1,10930,0.009149130832570906
O=C(C=Cc1cccc(OC2CCCCO2)c1)c1ccccc1OC1CCCCO1,[1*]c1ccc(C=CC(=O)c2ccc([6*])cc2OC2OC([7*])C([8*])C([9*])C2[10*])cc1OC1OC([2*])C([3*])C([4*])C1[5*],1,10930,0.009149130832570906
O=C(C=Cc1ccccc1)c1ccc(OC2CCC(OC3CCCCO3)CO2)cc1,[1*]c1ccc(C=CC(=O)c2ccc(OC3OC([3*])C(OC4OCC([4*])C([5*])C4[6*])C([7*])C3[8*])cc2[9*])cc1[2*],1,10930,0.009149130832570906
O=C1CC(c2cccc(OC3CCCCO3)c2)Oc2cccc(OC3CCCCO3)c21,[1*]c1ccc(C2CC(=O)c3c(cc([6*])cc3OC3OC([7*])C([8*])C([9*])C3[10*])O2)cc1OC1OC([2*])C([3*])C([4*])C1[5*],1,10930,0.009149130832570906
O=C1CC(c2ccccc2)Oc2c(OC3CCCCO3)cccc21,[1*]c1ccc(C2CC(=O)c3c([7*])cc([6*])c(OC4OC([2*])C([3*])C([4*])C4[5*])c3O2)cc1,1,10930,0.009149130832570906
O=[PH]1OC(C2CCC(n3cnc4cncnc43)O2)O[PH](=O)O1,[1*]c1ncnc2c1ncn2C1OC(C2OP([2*])(=O)OP([3*])(=O)O2)C([4*])C1[5*],1,10930,0.009149130832570906
O=C(OC1CCCCO1)C12CCCCC1C1=CCC3C4CCCCC4CCC3C1CC2,[1*]C1([2*])CCC2(C(=O)OC3OC([3*])C([4*])C([5*])C3[6*])CCC3([7*])C(=CCC4C5([8*])CCC([9*])C([10*])([11*])C5CCC43[12*])C2C1,1,10930,0.009149130832570906
O=[PH](OCC1CCCO1)OC1COC(n2cnc3cncnc32)C1,[1*]c1ncnc2c1ncn2C1OC([2*])C(OP([3*])(=O)OCC2OCC([4*])C2[5*])C1[6*],1,10930,0.009149130832570906
O=C(OCCOC(=O)C1CCCCO1)OC1CCC2C(CCC3C4CCC5CCCCC5C4=CCC23)C1,[1*]C1OC(C(=O)OCCOC(=O)OC2CCC3([2*])C(CCC4([3*])C3CC=C3C5CC([4*])([5*])CCC5([6*])CCC34[7*])C2([8*])[9*])C([10*])C([11*])C1[12*],1,10930,0.009149130832570906
O=C(OCCCCCCOC(=O)C12CCCCC1C1=CCC3C4CCCCC4CCC3C1CC2)C1CCCCO1,[1*]C1OC(C(=O)OCCCCCCOC(=O)C23CCC([2*])([3*])CC2C2=CCC4C5([4*])CCC([5*])C([6*])([7*])C5CCC4([8*])C2([9*])CC3)C([10*])C([11*])C1[12*],1,10930,0.009149130832570906
O=C1CC(c2cccc(OCc3ccccc3)c2)Oc2cc(OC3OCCCC3OC3CCCCO3)ccc21,[1*]c1ccc(C2CC(=O)c3c([2*])cc(OC4OC([3*])C([4*])C([5*])C4OC4OC([6*])C([7*])C([8*])C4[9*])cc3O2)cc1OCc1ccccc1,1,10930,0.009149130832570906
c1ccc(C2=N[NH+](c3ccccc3)N(c3ccccc3)N2)cc1,c1ccc(C2=N[NH+](c3ccccc3)N(c3ccccc3)N2)cc1,1,10930,0.009149130832570906
O=C(OC1CCC2C(CCC3C4CCC5CCCCC5C4=CCC23)C1)C1CCC(OC2CCCCO2)C(OC2CCCCO2)O1,[1*]C1OC(OC2C(OC3OC([2*])C([3*])C([4*])C3[5*])OC(C(=O)OC3CCC4([6*])C(CCC5([7*])C4CC=C4C6CC([8*])([9*])C([10*])CC6([11*])CCC45[12*])C3([13*])[14*])C([15*])C2[16*])C([17*])C([18*])C1[19*],1,10930,0.009149130832570906
O=c1c(-c2ccccc2)coc2cc(OC3CCCCO3)c(OC3CCCCO3)cc12,[1*]c1ccc(-c2coc3cc(OC4OC([2*])C([3*])C([4*])C4[5*])c(OC4OC([6*])C([7*])C([8*])C4[9*])c([10*])c3c2=O)cc1,1,10930,0.009149130832570906
O=C1C=C2C(CCC3(C(=O)OC4CCCCO4)CCCCC23)C2CCC3CC(OC4OCCCC4OC4CCCCC4)CCC3C12,[1*]C1([2*])CCC2(C(=O)OC3OC([3*])C([4*])C([5*])C3[6*])CCC3([7*])C(=CC(=O)C4C5([8*])CCC(OC6OC([9*])C([10*])C([11*])C6OC6CC([12*])C([13*])C([14*])C6[15*])C([16*])([17*])C5CCC43[18*])C2C1,1,10930,0.009149130832570906
O=C1C=C2C(CCC3(C(=O)OC4CCCCO4)CCCCC23)C2CCC3CC(OC4OCCCC4OC4CCCCO4)CCC3C12,[1*]C1([2*])CCC2(C(=O)OC3OC([3*])C([4*])C([5*])C3[6*])CCC3([7*])C(=CC(=O)C4C5([8*])CCC(OC6OC([9*])C([10*])C([11*])C6OC6OC([12*])C([13*])C([14*])C6[15*])C([16*])([17*])C5CCC43[18*])C2C1,1,10930,0.009149130832570906
O=c1c(-c2ccccc2)coc2cccc(OC3OCCCC3OC3CCCCO3)c12,[1*]c1ccc(-c2coc3c([2*])c([3*])cc(OC4OC([4*])C([5*])C([6*])C4OC4OC([7*])C([8*])C([9*])C4[10*])c3c2=O)cc1[11*],1,10930,0.009149130832570906
O=c1cc(-c2cccc(OC3CCCCO3)c2)oc2c(C3CCCCO3)cccc12,[1*]c1ccc(-c2cc(=O)c3c([11*])cc([10*])c(C4OC([6*])C([7*])C([8*])C4[9*])c3o2)cc1OC1OC([2*])C([3*])C([4*])C1[5*],1,10930,0.009149130832570906
O=c1cc(-c2ccc(OC3CCCCO3)cc2)oc2c(C3OCCCC3OC3CCCCO3)cccc12,[1*]C1OC(OC2C(c3c([2*])cc([3*])c4c(=O)cc(-c5ccc(OC6OC([4*])C([5*])C([6*])C6[7*])c([8*])c5)oc34)OC([9*])C([10*])C2[11*])C([12*])C([13*])C1[14*],1,10930,0.009149130832570906
O=c1cc(-c2ccc(OC3CCCCO3)cc2)oc2ccc(C3OCCCC3OC3CCCCO3)cc12,[1*]C1OC(Oc2ccc(-c3cc(=O)c4c([14*])c(C5OC([7*])C([8*])C([9*])C5OC5OC([10*])C([11*])C([12*])C5[13*])c([6*])cc4o3)cc2[5*])C([4*])C([3*])C1[2*],1,10930,0.009149130832570906
O=c1cc(-c2cccc(OC3CCCCO3)c2)oc2ccc(C3CCCC(OC4CCCCO4)O3)cc12,[1*]c1ccc(-c2cc(=O)c3c([14*])c(C4OC(OC5OC([7*])C([8*])C([9*])C5[10*])C([11*])C([12*])C4[13*])c([6*])cc3o2)cc1OC1OC([2*])C([3*])C([4*])C1[5*],1,10930,0.009149130832570906
O=c1cc(-c2ccccc2)oc2c(C3CCCCO3)c(OC3CCCCO3)c(C3CCCCO3)cc12,[1*]C1OC(Oc2c(C3OC([2*])C([3*])C([4*])C3[5*])c([6*])c3c(=O)cc(-c4ccc([7*])c([8*])c4)oc3c2C2OC([9*])C([10*])C([11*])C2[12*])C([13*])C([14*])C1[15*],1,10930,0.009149130832570906
O=c1cc(-c2cccc(OC3CCCCO3)c2)oc2c(C3CCCCO3)cc(C3CCCCO3)cc12,[1*]c1ccc(-c2cc(=O)c3c([15*])c(C4OC([11*])C([12*])C([13*])C4[14*])c([10*])c(C4OC([6*])C([7*])C([8*])C4[9*])c3o2)cc1OC1OC([2*])C([3*])C([4*])C1[5*],1,10930,0.009149130832570906
O=c1cc(-c2cccc(OC3CCCCO3)c2)oc2cc(OC3CCCC(COC4CCCCO4)O3)ccc12,[1*]C1OC(OCC2OC(Oc3cc([2*])c4c(=O)cc(-c5ccc([3*])c(OC6OC([4*])C([5*])C([6*])C6[7*])c5)oc4c3)C([8*])C([9*])C2[10*])C([11*])C([12*])C1[13*],1,10930,0.009149130832570906
O=c1cc(-c2ccc(OC3OCCCC3OC3CCCCO3)cc2)oc2cc(OC3CCCCO3)ccc12,[1*]C1OC(OC2C(Oc3ccc(-c4cc(=O)c5c([2*])cc(OC6OC([3*])C([4*])C([5*])C6[6*])cc5o4)cc3[7*])OC([8*])C([9*])C2[10*])C([11*])C([12*])C1[13*],1,10930,0.009149130832570906
O=C1CCOC(c2ccc3oc(-c4ccccc4)cc(=O)c3c2)C1OC1CCCCO1,[1*]c1ccc(-c2cc(=O)c3c([2*])c(C4OC([3*])C([4*])C(=O)C4OC4OC([5*])C([6*])C([7*])C4[8*])c([9*])cc3o2)cc1[10*],1,10930,0.009149130832570906
O=c1cc(-c2ccccc2)oc2cc(OC3OCC(OC4CCCCO4)CC3OC3CCCCO3)ccc12,[1*]c1ccc(-c2cc(=O)c3c([2*])cc(OC4OC([3*])C(OC5OC([4*])C([5*])C([6*])C5[7*])C([8*])C4OC4OC([9*])C([10*])C([11*])C4[12*])cc3o2)cc1[13*],1,10930,0.009149130832570906
O=c1cc(-c2cccc(OC3CCC(OC4CCCCO4)CO3)c2)oc2ccccc12,[1*]C1OC(OC2C([2*])OC(Oc3cc(-c4cc(=O)c5c([3*])cc([4*])cc5o4)cc([5*])c3[6*])C([7*])C2[8*])C([9*])C([10*])C1[11*],1,10930,0.009149130832570906
O=c1cc(-c2cccc(OC3CCCC(COC4CCCCO4)O3)c2)oc2ccc(C3CCCCO3)cc12,[1*]c1cc2oc(-c3ccc([2*])c(OC4OC(COC5OC([3*])C([4*])C([5*])C5[6*])C([7*])C([8*])C4[9*])c3)cc(=O)c2c([10*])c1C1OC([11*])C([12*])C([13*])C1[14*],1,10930,0.009149130832570906
O=c1cc(-c2cccc(OC3CCCCO3)c2)oc2ccc(OC3CCCCO3)cc12,[1*]C1OC(Oc2cc(-c3cc(=O)c4c([2*])c(OC5OC([3*])C([4*])C([5*])C5[6*])c([7*])cc4o3)ccc2[8*])C([9*])C([10*])C1[11*],1,10930,0.009149130832570906
c1ncc2ncn(C3CCOC3)c2n1,[1*]c1ncnc2c1ncn2C1COC([2*])C1[3*],1,10930,0.009149130832570906
O=C(CCc1ccccc1)NCC(=O)NCC(=O)NCC(=O)NCC(=O)NCCc1ccccc1,[1*]C(Cc1ccccc1)C(=O)NC([2*])C(=O)NC([3*])C(=O)NC([4*])C(=O)NC([5*])C(=O)NC([6*])Cc1ccccc1,1,10930,0.009149130832570906
O=C(CCc1ccccc1)NCC(=O)NCC(=O)NCC(=O)NCC(=O)NCC(=O)NCCc1ccccc1,[1*]C(Cc1ccccc1)C(=O)NC([2*])C(=O)NC([3*])C(=O)NC([4*])C(=O)NC([5*])C(=O)NC([6*])C(=O)NC([7*])Cc1ccccc1,1,10930,0.009149130832570906
O=c1cc(-c2ccccc2)oc2cc(OC3OCCC3OC3CCCCO3)ccc12,[1*]c1cc(-c2cc(=O)c3c([2*])cc(OC4OC([3*])C([4*])C4OC4OCC([5*])C([6*])C4[7*])cc3o2)ccc1[8*],1,10930,0.009149130832570906
C1CC2COOC3COC(C3)OC(C1)O2,[1*]C1OC2([2*])OC3OC(COOC1C2[3*])C([4*])C([5*])C3[6*],1,10930,0.009149130832570906
C1CCC(OC2CCC(C3CO3)O2)OC1,[1*]C1OC(OC2([2*])OC(C3CO3)C([3*])C2[4*])C([5*])C([6*])C1[7*],1,10930,0.009149130832570906
C1CCC(OC2CC3OOC3O2)OC1,[1*]C1OC(OC2([2*])OC3([3*])OOC3C2[4*])C([5*])C([6*])C1[7*],1,10930,0.009149130832570906
O=C(CNC(=O)CNC(=O)CNC(=O)C1CCCN1)NCCc1ccccc1,[1*]C(NC(=O)C1CCCN1[2*])C(=O)NCC(=O)NC([3*])C(=O)NC([4*])Cc1ccccc1,1,10930,0.009149130832570906
C=C1CC23CCC4C(C(=O)OC5CCCCO5)CCCC4C2CCC1(OC1OCCCC1OC1CC(OC2CCCCO2)CCO1)C3,[1*]C1(C(=O)OC2OC([2*])C([3*])C([4*])C2[5*])CCCC2([6*])C3CCC4(OC5OC([7*])C([8*])C([9*])C5OC5OC([10*])C([11*])C(OC6OC([12*])C([13*])C([14*])C6[15*])C5[16*])CC3(CCC12)CC4=C,1,10930,0.009149130832570906
C1CCC(OC2CCCCO2)COC1,[1*]C1OC([2*])C(OC2OC([3*])C([4*])C([5*])C2[6*])C([7*])C([8*])C1[9*],1,10930,0.009149130832570906
C1CCC(OC2CCCC(OCC3CCCO3)OC2)OC1,[1*]C1OC(COC2OC([2*])C(OC3OC([3*])C([4*])C([5*])C3[6*])C([7*])C([8*])C2[9*])C([10*])C1[11*],1,10930,0.009149130832570906
O=C(CCCCOC1CCCCO1)CC1C(=O)CC2C1CCC1C3CCC(OC4CC(OC5OCCCC5OC5CCCCO5)CCO4)CC3CCC12,[1*]C(CCC(=O)C([2*])C1C(=O)CC2C3CCC4CC(OC5OC([3*])C([4*])C(OC6OCC([5*])C([6*])C6OC6OC([7*])C([8*])C([9*])C6[10*])C5[11*])CCC4([12*])C3CCC21[13*])COC1OC([14*])C([15*])C([16*])C1[17*],1,10930,0.009149130832570906
O=c1cc(-c2ccccc2)oc2cc(OCCOCC3CCCCO3)ccc12,[1*]c1ccc(-c2cc(=O)c3c([7*])cc(OCCOCC4OC([3*])C([4*])C([5*])C4[6*])cc3o2)cc1[2*],1,10930,0.009149130832570906
O=[PH]1OCOP(=O)(OCC2CCC(n3cnc4cncnc43)O2)O1,[1*]c1ncnc2c1ncn2C1OC(COP2(=O)OCOP([2*])(=O)O2)C([3*])C1[4*],1,10930,0.009149130832570906
c1ncc2nc(N3CCCCC3)n(C3CCCO3)c2n1,[1*]c1ncnc2c1nc(N1CCCCC1)n2C1OC([2*])C([3*])C1[4*],1,10930,0.009149130832570906
O=C(C=Cc1ccc2c(c1)OCCO2)c1ccccc1,[1*]c1ccc(C(=O)C=Cc2ccc3c(c2)OCCO3)c([2*])c1,1,10930,0.009149130832570906
O=C1CC(c2ccc3c(c2)OCCO3)Oc2ccccc21,[1*]c1ccc2c(c1)OC(c1ccc3c(c1)OCCO3)CC2=O,1,10930,0.009149130832570906
O=C1CC2C3CCC(OC4CCC(OC5OCCCC5OC5CCCCO5)CO4)CC3CCC2C2CC(OC3CCCCO3)CC12,[1*]C1C(OC2([2*])CCC([3*])CO2)CC2C3CCC4CC(OC5OC([4*])C(OC6OC([5*])C([6*])C([7*])C6OC6OC([8*])C([9*])C([10*])C6[11*])C([12*])C5[13*])CCC4([14*])C3CC(=O)C12[15*],1,10930,0.009149130832570906
O=C1CC2C3CCC(OC4CCC(OC5OCCC(OC6CCCCO6)C5OC5CCCCO5)CO4)CC3CCC2C2CC(OC3CCCCO3)CC12,[1*]C1C(OC2([2*])CCC([3*])CO2)CC2C3CCC4CC(OC5OC([4*])C(OC6OC([5*])C([6*])C(OC7OCC([7*])C([8*])C7[9*])C6OC6OC([10*])C([11*])C([12*])C6[13*])C([14*])C5[15*])CCC4([16*])C3CC(=O)C12[17*],1,10930,0.009149130832570906
O=C1CC2C3CCC(OC4CCC(OC5OCCCC5OC5CC(OC6CCCCO6)CCO5)CO4)CC3CCC2C2CC(OC3CCCCO3)CC12,[1*]C1C(OC2([2*])CCC([3*])CO2)CC2C3CCC4CC(OC5OC([4*])C(OC6OC([5*])C([6*])C([7*])C6OC6OC([8*])C([9*])C(OC7OC([10*])C([11*])C([12*])C7[13*])C6[14*])C([15*])C5[16*])CCC4([17*])C3CC(=O)C12[18*],1,10930,0.009149130832570906
O=C(OC1CCCCO1)C12CCCCC1C1=CCC3C4CCC(OC5OCCCC5OC5CCCO5)CC4CCC3C1CC2,[1*]C1([2*])CCC2(C(=O)OC3OC([3*])C([4*])C([5*])C3[6*])CCC3([7*])C(=CCC4C5([8*])CCC(OC6OC([9*])C([10*])C([11*])C6OC6OC([12*])C([13*])C6[14*])C([15*])([16*])C5CCC43[17*])C2C1,1,10930,0.009149130832570906
O=C1CC(c2ccccc2)Oc2cc(OC3CCCC(COC4CCCCC4)O3)ccc21,[1*]c1ccc(C2CC(=O)c3c([2*])cc(OC4OC(COC5CC([3*])C([4*])C([5*])C5[6*])C([7*])C([8*])C4[9*])cc3O2)cc1[10*],1,10930,0.009149130832570906
O=C1C=C2C3CCCCC3CCC2C2CCC3CC(OC4OCCCC4OC4CCCOC4)CCC3C12,[1*]C1([2*])CCC2([3*])CCC3([4*])C(=CC(=O)C4C5([5*])CCC(OC6OC([6*])C([7*])C([8*])C6OC6COC([9*])C([10*])C6[11*])C([12*])([13*])C5CCC43[14*])C2C1,1,10930,0.009149130832570906
O=C(OC1CCC(OC2CCC(OC3CCCOC3)OC2)OC1)C12CCCCC1C1=CCC3C4CCC(OC5CCCCO5)CC4CCC3C1CC2,[1*]C1OC(OC2C([2*])OC(OC3C([3*])OC([4*])C([5*])C3[6*])C([7*])C2[8*])C([9*])C([10*])C1OC(=O)C12CCC([11*])([12*])CC1C1=CCC3C4([13*])CCC(OC5OC([14*])C([15*])C([16*])C5[17*])C([18*])C4CCC3([19*])C1([20*])CC2,1,10930,0.009149130832570906
C(=Cc1ccc(N=NC(=NNc2ccccc2)c2ccccc2)cc1)c1ccccc1,C(=Cc1ccc(N=NC(=NNc2ccccc2)c2ccccc2)cc1)c1ccccc1,1,10930,0.009149130832570906
c1ccc(N=Nc2ccc(N=NC(=NNc3ccccc3)c3ccccc3)cc2)cc1,c1ccc(N=Nc2ccc(N=NC(=NNc3ccccc3)c3ccccc3)cc2)cc1,1,10930,0.009149130832570906
O=C1C=C2C3CCCCC3CCC2C2CCC3CC(OC4OCCCC4OCC4CCCCO4)CCC3C12,[1*]C1([2*])CCC2([3*])CCC3([4*])C(=CC(=O)C4C5([5*])CCC(OC6OC([6*])C([7*])C([8*])C6OCC6OC([9*])C([10*])C([11*])C6[12*])C([13*])([14*])C5CCC43[15*])C2C1,1,10930,0.009149130832570906
O=P1(CC2CCC(n3cnc4cncnc43)O2)OCCCO1,[1*]c1ncnc2c1ncn2C1OC(C([2*])P2(=O)OCCCO2)C([3*])C1[4*],1,10930,0.009149130832570906
O=C(Cc1ccc(OC2CCCCO2)cc1)C(=O)c1ccccc1,[1*]C1OC(Oc2ccc(CC(=O)C(=O)c3ccc([5*])c([6*])c3[7*])cc2)C([4*])C([3*])C1[2*],1,10930,0.009149130832570906
C1CCC(OC2(COCC3CO3)CCCO2)OC1,[1*]C1OC(OC2(COCC3CO3)OC([2*])C([3*])C2[4*])C([5*])C([6*])C1[7*],1,10930,0.009149130832570906
C1CCC(OC2(COC3CO3)CCCO2)OC1,[1*]C1OC(OC2(COC3CO3)OC([2*])C([3*])C2[4*])C([5*])C([6*])C1[7*],1,10930,0.009149130832570906
O=c1c2ccccc2oc2cc(OC3OCCCC3OC3CCCCO3)ccc12,[1*]C1OC(OC2C(Oc3cc([2*])c4c(=O)c5ccc([3*])c([4*])c5oc4c3)OC([5*])C([6*])C2[7*])C([8*])C([9*])C1[10*],1,10930,0.009149130832570906
C1CCCOCC2CCC(O2)OC2CCCC(COCC1)O2,[1*]C12OC(COCC([2*])C([3*])C([4*])C([5*])COCC3OC(O1)C([6*])C([7*])C3[8*])C([9*])C2[10*],1,10930,0.009149130832570906
O=C1CC(c2ccccc2)Oc2ccc(OC3CCCCO3)cc21,[1*]c1ccc(C2CC(=O)c3c(cc([2*])c(OC4OC([3*])C([4*])C([5*])C4[6*])c3[7*])O2)cc1,1,10930,0.009149130832570906
C1CCC(OCCOCOC2CCCOC2)OC1,[1*]C1OC([2*])C([3*])C([4*])C1OCOCCOC1OC([5*])C([6*])C([7*])C1[8*],1,10930,0.009149130832570906
c1nc(NC2CCCC2)c2ncn(C3CCCO3)c2n1,[1*]C1OC(n2cnc3c(NC4CCCC4)ncnc32)C([2*])C1[3*],1,10930,0.009149130832570906
C1=C2C3CC(OC4CCCCO4)CCC3CCC2C2CCC3CC(OC4OCCCC4OC4CCCCO4)CCC3C2C1,[1*]C1(OC2OC([2*])C([3*])C([4*])C2[5*])CCC2([6*])C([7*])CC3([8*])C(=CCC4C5([9*])CCC(OC6OC([10*])C([11*])C([12*])C6OC6OC([13*])C([14*])C([15*])C6[16*])C([17*])([18*])C5CCC43[19*])C2C1,1,10930,0.009149130832570906
O=c1cc(-c2ccccc2)oc2cc(OC3CCCC(CC4CCCCO4)O3)ccc12,[1*]c1ccc(-c2cc(=O)c3c([2*])cc(OC4OC(C([3*])C5OC([4*])C([5*])C([6*])C5[7*])C([8*])C([9*])C4[10*])cc3o2)cc1[11*],1,10930,0.009149130832570906
O=[PH](OCC1CCCO1)OCC1CCC(n2cnc3cncnc32)O1,[1*]c1ncnc2c1ncn2C1OC(COP([2*])(=O)OCC2OCC([3*])C2[4*])C([5*])C1[6*],1,10930,0.009149130832570906
[CH]1CCC(OC2CCCCO2)CO1,[1*]C1OC(OC2C([2*])O[CH]C([3*])C2[4*])C([5*])C([6*])C1[7*],1,10930,0.009149130832570906
C1CC2OCC1OC1CCC(CO1)O2,[1*]C1OC2OC3C([2*])OC(OC1C([3*])C2[4*])C([5*])C3[6*],1,10930,0.009149130832570906
[CH]1CCCC(OC2CCCO2)O1,[1*]C1OC([2*])(OC2O[CH]C([3*])C([4*])C2[5*])C([6*])C1[7*],1,10930,0.009149130832570906
C1CCC(COOC2CCCCO2)OC1,[1*]C1OC(OOCC2OC([2*])C([3*])C([4*])C2[5*])C([6*])C([7*])C1[8*],1,10930,0.009149130832570906
O=C1C=C2C3CCCCC3CCC2C2CCC3CC(OC4OCCCC4COCC4CCCCO4)CCC3C12,[1*]C1([2*])CCC2([3*])CCC3([4*])C(=CC(=O)C4C5([5*])CCC(OC6OC([6*])C([7*])C([8*])C6COCC6OC([9*])C([10*])C([11*])C6[12*])C([13*])([14*])C5CCC43[15*])C2C1,1,10930,0.009149130832570906
C=C1CC23CCC4C(C(=O)OC5CCC(OC6CCCCO6)CO5)CCCC4C2CCC1(OC1OCCC(OC2CCCCO2)C1OC1CCC(OC2CCCCO2)CO1)C3,[1*]C1(C(=O)OC2OC([2*])C(OC3OC([3*])C([4*])C([5*])C3[6*])C([7*])C2[8*])CCCC2([9*])C3CCC4(OC5OC([10*])C([11*])C(OC6OC([12*])C([13*])C([14*])C6[15*])C5OC5OC([16*])C(OC6OC([17*])C([18*])C([19*])C6[20*])C([21*])C5[22*])CC3(CCC12)CC4=C,1,10930,0.009149130832570906
O=C(OCC1CCCC(Oc2ccccc2C(=O)CCc2ccccc2)O1)c1ccccc1,[1*]c1cc(C(=O)OCC2OC(Oc3cc([2*])ccc3C(=O)CCc3ccc([3*])cc3)C([4*])C([5*])C2[6*])cc([7*])c1[8*],1,10930,0.009149130832570906
O=c1c(OC2CCCC(COCC3CCCCO3)O2)c(-c2ccccc2)oc2ccccc12,[1*]C1OC(COCC2OC(Oc3c(-c4ccc([2*])c([3*])c4)oc4cc([4*])cc([5*])c4c3=O)C([6*])C([7*])C2[8*])C([9*])C([10*])C1[11*],1,10930,0.009149130832570906
O=C1C=C2C3CCCCC3CCC2C2CCC3CC(OCC4OCCCC4OC4CCCCO4)CCC3C12,[1*]C1([2*])CCC2([3*])CCC3([4*])C(=CC(=O)C4C5([5*])CCC(OCC6OC([6*])C([7*])C([8*])C6OC6OC([9*])C([10*])C([11*])C6[12*])C([13*])([14*])C5CCC43[15*])C2C1,1,10930,0.009149130832570906
O=C(C=Cc1ccccc1)c1ccc(OC2CCCC(COC3CCCCC3)O2)cc1,[1*]c1ccc(C=CC(=O)c2c([2*])cc(OC3OC(COC4CC([3*])C([4*])C([5*])C4[6*])C([7*])C([8*])C3[9*])cc2[10*])cc1[11*],1,10930,0.009149130832570906
O=C(C=Cc1ccccc1)c1ccc2c(c1)OC1CCCOC1O2,[1*]c1ccc(C=CC(=O)c2ccc3c(c2[3*])OC2C(O3)OC([4*])C([5*])C2[6*])cc1[2*],1,10930,0.009149130832570906
O=c1cc(-c2ccccc2)oc2cc(OC3CCC(COC4CCCCO4)CO3)ccc12,[1*]c1ccc(-c2cc(=O)c3c([2*])cc(OC4OCC([3*])(COC5OC([4*])C([5*])C([6*])C5[7*])C([8*])C4[9*])cc3o2)cc1[10*],1,10930,0.009149130832570906
O=[PH]1OCC2OC(Cn3cnc4cncnc43)CC2O1,[1*]c1ncnc2c1ncn2CC1OC2COP([2*])(=O)OC2C1[3*],1,10930,0.009149130832570906
O=C1NS(=O)(=S)c2ccccc21,O=C1NS(=O)(=S)c2ccccc21,1,10930,0.009149130832570906
c1ccc(OC2CCCCC2)cc1,[1*]c1cc([2*+])ccc1OC1CCCCC1,1,10930,0.009149130832570906
c1ccc(OCC2CC2)cc1,[1*]c1cc([2*+])ccc1OCC1CC1,1,10930,0.009149130832570906
c1ccc(OC2CCOCC2)cc1,[1*]c1cc([2*+])ccc1OC1CCOCC1,1,10930,0.009149130832570906
c1ccc(OC2CCC2)cc1,[1*]c1cc([2*+])ccc1OC1CCC1,1,10930,0.009149130832570906
O=c1cc(-c2ccc(OCC(OC3CCCCO3)c3ccccc3)cc2)oc2ccccc12,[1*]c1cc(C(OC2OC([2*])C([3*])C([4*])C2[5*])C([6*])Oc2c([7*])cc(-c3cc(=O)c4c([8*])cc([9*])cc4o3)cc2[10*])ccc1[11*],1,10930,0.009149130832570906
O=c1cc(-c2ccc(OC(COC3CCCCO3)Cc3ccccc3)cc2)oc2ccccc12,[1*]c1cc(C([2*])C(COC2OC([3*])C([4*])C([5*])C2[6*])Oc2c([7*])cc(-c3cc(=O)c4c([8*])cc([9*])cc4o3)cc2[10*])ccc1[11*],1,10930,0.009149130832570906
O=C1CC2C3CCC(CCCCOC4CCCCO4)C3CCC2C2CCC(OC3CCCC(COC4CCCCO4)O3)CC12,[1*]C(OC1OC([2*])C([3*])C([4*])C1[5*])C([6*])CC([7*])C1C([8*])CC2C3CC(=O)C4CC(OC5OC(COC6OC([9*])C([10*])C([11*])C6[12*])C([13*])C([14*])C5[15*])CCC4([16*])C3CCC21[17*],1,10930,0.009149130832570906
O=C1CC2C3CC(OC4CCCCO4)CC3CCC2C2CCC(OC3CCCC(COC4CCCCO4)O3)CC12,[1*]C1C(OC2OC([2*])C([3*])C([4*])C2[5*])CC2C3CC(=O)C4CC(OC5OC(COC6OC([6*])C([7*])C([8*])C6[9*])C([10*])C([11*])C5[12*])CCC4([13*])C3CCC12[14*],1,10930,0.009149130832570906
O=P1(OC2CCOC2n2cnc3cncnc32)O[B]O1,[1*]c1ncnc2c1ncn2C1OC([2*])CC1OP1(=O)O[B]O1,1,10930,0.009149130832570906
C1CCC(OC2CCO2)OC1,[1*]C1OC(OC2([2*])OC([3*])C2[4*])C([5*])C([6*])C1[7*],1,10930,0.009149130832570906
O=c1c(OC2CCCOC2)c(-c2ccccc2)oc2ccccc12,[1*]c1ccc(-c2oc3cc([2*])cc([3*])c3c(=O)c2OC2([4*])C([5*])OCC([6*])C2[7*])cc1[8*],1,10930,0.009149130832570906
O=c1cc(-c2cccc(OC3CCCOC3)c2)oc2ccccc12,[1*]c1ccc(-c2oc3cc([2*])cc([3*])c3c(=O)c2[4*])cc1OC1([5*])C([6*])OCC([7*])C1[8*],1,10930,0.009149130832570906
O=C1CC(c2ccccc2)Oc2cc(OC3CCCC(CC4CCCCO4)O3)ccc21,[1*]c1ccc(C2CC(=O)c3c([2*])cc(OC4OC(C([3*])C5OC([4*])C([5*])C([6*])C5[7*])C([8*])C([9*])C4[10*])cc3O2)cc1[11*],1,10930,0.009149130832570906
O=c1cc(-c2ccccc2)oc2cc(OC3CCCCO3)cc(OC3CC(CC=Cc4ccccc4)CCO3)c12,[1*]c1cc(C=CCC2([2*])C([3*])C([4*])OC(Oc3cc(OC4OC([5*])C([6*])C([7*])C4[8*])cc4oc(-c5ccc([9*])c([10*])c5)cc(=O)c34)C2[11*])ccc1[12*],1,10930,0.009149130832570906
O=P1(OCC2CCC(n3cnc4cncnc43)O2)O[B]O1,[1*]c1ncnc2c1ncn2C1OC(COP2(=O)O[B]O2)C([2*])C1[3*],1,10930,0.009149130832570906
O=P1(OCC2CCC(n3cnc4cncnc43)O2)OSO1,[1*]c1ncnc2c1ncn2C1OC(COP2(=O)OSO2)C([2*])C1[3*],1,10930,0.009149130832570906
c1ccc(CCNC2CCC2)cc1,[1*]C(Cc1ccccc1)N([2*])C1CCC1,1,10930,0.009149130832570906
C1CCC(COC2CCOCC2)OC1,[1*]C1OC(COC2([2*])C([3*])COC([4*])C2[5*])C([6*])C([7*])C1[8*],1,10930,0.009149130832570906
O=C1CC(c2cccc(OC3CCCC(COC4CCCCO4)O3)c2)Oc2ccccc21,[1*]c1ccc(C2CC(=O)c3c([2*])cc([3*])cc3O2)cc1OC1OC(COC2OC([4*])C([5*])C([6*])C2[7*])C([8*])C([9*])C1[10*],1,10930,0.009149130832570906
C1CCC(OCCOCCOCCOC2CCCCO2)OC1,[1*]C1OC(OCCOCCOCCOC2OC([2*])C([3*])C([4*])C2[5*])C([6*])C([7*])C1[8*],1,10930,0.009149130832570906
O=C1CC(c2ccccc2)Oc2cc(OC3CCC(COC4CCCCO4)CO3)ccc21,[1*]c1ccc(C2CC(=O)c3c([2*])cc(OC4OCC([3*])(COC5OC([4*])C([5*])C([6*])C5[7*])C([8*])C4[9*])cc3O2)cc1[10*],1,10930,0.009149130832570906
O=c1cc(-c2ccccc2)oc2cc(OC3CCCC(OC4CCCCO4)O3)ccc12,[1*]c1cc(-c2cc(=O)c3c([2*])cc(OC4OC(OC5OC([3*])C([4*])C([5*])C5[6*])C([7*])C([8*])C4[9*])cc3o2)ccc1[10*],1,10930,0.009149130832570906
C=C1CC23CCC4CCCCC4C2CCC1(OC1CC(OC2OCCCC2OC2CCCCO2)CCO1)C3,[1*]C1([2*])CCCC2([3*])C1CCC13CC(=C)C(OC4OC([4*])C([5*])C(OC5OC([6*])C([7*])C([8*])C5OC5OC([9*])C([10*])C([11*])C5[12*])C4[13*])(CCC12)C3,1,10930,0.009149130832570906
C=C1CC23CCC4C(C(=O)OC5CC(OC6CCCCO6)CCO5)CCCC4C2CCC1(OC1OCCCC1OC1CCCCO1)C3,[1*]C1(C(=O)OC2OC([2*])C([3*])C(OC3OC([4*])C([5*])C([6*])C3[7*])C2[8*])CCCC2([9*])C3CCC4(OC5OC([10*])C([11*])C([12*])C5OC5OC([13*])C([14*])C([15*])C5[16*])CC3(CCC12)CC4=C,1,10930,0.009149130832570906
O=C1CC(c2ccccc2)Oc2cc(OC3CCC(OCC4CCCCO4)C(COC4CCCCO4)O3)ccc21,[1*]c1cc(C2CC(=O)c3c([2*])cc(OC4OC(COC5OC([3*])C([4*])C([5*])C5[6*])C(OCC5OC([7*])C([8*])C([9*])C5[10*])C([11*])C4[12*])cc3O2)ccc1[13*],1,10930,0.009149130832570906
O=C(CCCCOC1CCCCO1)CC1CCC2C1CCC1C3CCC(OC4OCCCC4OC4CCCCO4)CC3CCC21,[1*]C(CCC(=O)C([2*])C1CCC2C3CCC4CC(OC5OC([3*])C([4*])C([5*])C5OC5OC([6*])C([7*])C([8*])C5[9*])CCC4([10*])C3CCC12[11*])COC1OC([12*])C([13*])C([14*])C1[15*],1,10930,0.009149130832570906
O=C(OC1CCCC(COC2CCCCO2)O1)C12CCCCC1C1=CCC3C4CCC(OC5CCCCO5)CC4CCC3C1CC2,[1*]C1([2*])CCC2(C(=O)OC3OC(COC4OC([3*])C([4*])C([5*])C4[6*])C([7*])C([8*])C3[9*])CCC3([10*])C(=CCC4C5([11*])CCC(OC6OC([12*])C([13*])C([14*])C6[15*])C([16*])([17*])C5CCC43[18*])C2C1,1,10930,0.009149130832570906
O=c1cc(-c2ccccc2)oc2cc(OC3OC(COC4CCCCO4)CCC3OC3OCCCC3OC3CCCCO3)ccc12,[1*]c1ccc(-c2cc(=O)c3c([2*])cc(OC4OC(COC5OC([3*])C([4*])C([5*])C5[6*])C([7*])C([8*])C4OC4OC([9*])C([10*])C([11*])C4OC4OC([12*])C([13*])C([14*])C4[15*])cc3o2)cc1[16*],1,10930,0.009149130832570906
O=C(CCCCOC1CCCCO1)CC1CCC2C1CCC1C3CCC(OC4CCCC(COC5CCCCO5)O4)CC3C(=O)CC21,[1*]C(CCC(=O)C([2*])C1CCC2C3CC(=O)C4CC(OC5OC(COC6OC([3*])C([4*])C([5*])C6[6*])C([7*])C([8*])C5[9*])CCC4([10*])C3CCC12[11*])COC1OC([12*])C([13*])C([14*])C1[15*],1,10930,0.009149130832570906
O=c1cc(-c2ccc(OCC3CCCCO3)cc2)oc2ccccc12,[1*]c1c(-c2ccc(OCC3OC([2*])C([3*])C([4*])C3[5*])c([6*])c2)oc2cc([7*])cc([8*])c2c1=O,1,10930,0.009149130832570906
O=C(C(=O)c1ccc(OC2CCCC(COC3CCCCO3)O2)cc1)c1ccccc1,[1*]c1ccc(C(=O)C(=O)c2ccc(OC3OC(COC4OCC([2*])C([3*])C4[4*])C([5*])C([6*])C3[7*])cc2[8*])cc1[9*],1,10930,0.009149130832570906
O=C(C(=O)c1ccc(OC2CCCC(COC3CCCO3)O2)cc1)c1ccccc1,[1*]c1ccc(C(=O)C(=O)c2ccc(OC3OC(COC4OCC([2*])([3*])C4[4*])C([5*])C([6*])C3[7*])cc2[8*])cc1[9*],1,10930,0.009149130832570906
C1=C2C3CCCCC3CCC2C2CCC3CC(OC4CCC(OC5CCC(COC6CCCCO6)O5)CO4)CCC3C2C1,[1*]C1([2*])CCC2([3*])CCC3([4*])C(=CCC4C5([5*])CCC(OC6OC([6*])C(OC7OC(COC8OC([7*])C([8*])C([9*])C8[10*])C([11*])C7[12*])C([13*])C6[14*])C([15*])([16*])C5CCC43[17*])C2C1,1,10930,0.009149130832570906
O=[PH](OCC1CCC(n2cnc3cncnc32)O1)O[PH](=O)OC1CCCC1,[1*]c1ncnc2c1ncn2C1OC(COP([2*])(=O)OP([3*])(=O)OC2CCCC2)C([4*])C1[5*],1,10930,0.009149130832570906
O=C1C=C2C3CCCC(OC4CCCCO4)C3CCC2C2CCC3CC(OC4OCCCC4OC4OCCCC4OC4CCCCO4)CCC3C12,[1*]C1OC(OC2C(OC3C(OC4CCC5([2*])C(CCC6([3*])C5C(=O)C=C5C7CC([4*])([5*])CC(OC8OC([6*])C([7*])C([8*])C8[9*])C7([10*])CCC56[11*])C4([12*])[13*])OC([14*])C([15*])C3[16*])OC([17*])C([18*])C2[19*])C([20*])C([21*])C1[22*],1,10930,0.009149130832570906
O=C1C=C2C3CCCC(OC4CCCCO4)C3CCC2C2CCC3CC(OC4CCC(OC5CCCCO5)CO4)CCC3C12,[1*]C1OC(OC2CC([2*])([3*])CC3C4=CC(=O)C5C6([4*])CCC(OC7OC([5*])C(OC8OC([6*])C([7*])C([8*])C8[9*])C([10*])C7[11*])C([12*])([13*])C6CCC5([14*])C4([15*])CCC23[16*])C([17*])C([18*])C1[19*],1,10930,0.009149130832570906
C=C1CC23CCC4C(C(=O)OC5OCC(OC6CCCCO6)CC5OC5CCCCO5)CCCC4C2CCC1(OC1OCCC(OC2CCCCO2)C1OC1CCCCO1)C3,[1*]C1(C(=O)OC2OC([2*])C(OC3OC([3*])C([4*])C([5*])C3[6*])C([7*])C2OC2OCC([8*])C([9*])C2[10*])CCCC2([11*])C3CCC4(OC5OC([12*])C([13*])C(OC6OC([14*])C([15*])C([16*])C6[17*])C5OC5OC([18*])C([19*])C([20*])C5[21*])CC3(CCC12)CC4=C,1,10930,0.009149130832570906
O=C1OC2CC1CC1C3=CC(=O)C4C5CCC(OC6OCCCC6OC6OCCCC6OC6CCCCO6)CC5CCC4C3CCC21,[1*]C1OC(OC2C(OC3C(OC4CCC5([2*])C(CCC6([3*])C5C(=O)C=C5C7CC8([4*])CC(OC8=O)C7([5*])CCC56[6*])C4([7*])[8*])OC([9*])C([10*])C3[11*])OC([12*])C([13*])C2[14*])C([15*])C([16*])C1[17*],1,10930,0.009149130832570906
O=[PH](NCC1CO1)OCC1CCC(n2cnc3cncnc32)O1,[1*]N(CC1CO1)P([2*])(=O)OCC1OC(n2cnc3c([3*])ncnc32)CC1[4*],1,10930,0.009149130832570906
C=C1CC23CCC4C(C(=O)OC5CCCCO5)CCCC4C2CCC1(OC1OCCCC1OC1CCCC(COC2CCCCO2)O1)C3,[1*]C1(C(=O)OC2OC([2*])C([3*])C([4*])C2[5*])CCCC2([6*])C3CCC4(OC5OC([7*])C([8*])C([9*])C5OC5OC(COC6OC([10*])C([11*])C([12*])C6[13*])C([14*])C([15*])C5[16*])CC3(CCC12)CC4=C,1,10930,0.009149130832570906
C=C1CC23CCC4C(C(=O)OC5CCCCO5)CCCC4C2CCC1(OC1OCCC(OC2CCCCO2)C1OC1CC(OC2CCCCO2)CCO1)C3,[1*]C1(C(=O)OC2OC([2*])C([3*])C([4*])C2[5*])CCCC2([6*])C3CCC4(OC5OC([7*])C([8*])C(OC6OC([9*])C([10*])C([11*])C6[12*])C5OC5OC([13*])C([14*])C(OC6OC([15*])C([16*])C([17*])C6[18*])C5[19*])CC3(CCC12)CC4=C,1,10930,0.009149130832570906
C=C1CC23CCC4C(C(=O)OC5CCC(OC6OCCCC6OC6CCCCO6)CO5)CCCC4C2CCC1(OC1OCCCC1OC1CCCCO1)C3,[1*]C1(C(=O)OC2OC([2*])C(OC3OC([3*])C([4*])C([5*])C3OC3OC([6*])C([7*])C([8*])C3[9*])C([10*])C2[11*])CCCC2([12*])C3CCC4(OC5OC([13*])C([14*])C([15*])C5OC5OC([16*])C([17*])C([18*])C5[19*])CC3(CCC12)CC4=C,1,10930,0.009149130832570906
C=C1CC23CCC4C(C(=O)OC5CCCCO5)CCCC4C2CCC1(OC1OCCC(OC2CCC(OC4CCCCO4)CO2)C1OC1CCCCO1)C3,[1*]C1(C(=O)OC2OC([2*])C([3*])C([4*])C2[5*])CCCC2([6*])C3CCC4(OC5OC([7*])C([8*])C(OC6OC([9*])C(OC7OC([10*])C([11*])C([12*])C7[13*])C([14*])C6[15*])C5OC5OC([16*])C([17*])C([18*])C5[19*])CC3(CCC12)CC4=C,1,10930,0.009149130832570906
O=[PH]1O[B]OP(=O)(OCC2CCC(n3cnc4cncnc43)O2)O[PH](=O)O1,[1*]c1ncnc2c1ncn2C1OC(COP2(=O)O[B]OP([2*])(=O)OP([3*])(=O)O2)C([4*])C1[5*],1,10930,0.009149130832570906
C=C1CC23CCC4C(C(=O)OC5CCCCO5)CCCC4C2CCC1(OC1OCCC(OC2CCCO2)C1OC1CCCCO1)C3,[1*]C1(C(=O)OC2OC([2*])C([3*])C([4*])C2[5*])CCCC2([6*])C3CCC4(OC5OC([7*])C([8*])C(OC6([9*])OC([10*])C([11*])C6[12*])C5OC5OC([13*])C([14*])C([15*])C5[16*])CC3(CCC12)CC4=C,1,10930,0.009149130832570906
C1COC(OC2CCCC(COCC3CO3)O2)C1,[1*]C1OC([2*])(OC2OC(COCC3CO3)C([3*])C([4*])C2[5*])C([6*])C1[7*],1,10930,0.009149130832570906
C1COC(OC2CCCC(COC3CO3)O2)C1,[1*]C1OC([2*])(OC2OC(COC3CO3)C([3*])C([4*])C2[5*])C([6*])C1[7*],1,10930,0.009149130832570906
O=[PH](OCC1CCC(n2cnc3cncnc32)O1)OP1(=O)OCO1,[1*]c1ncnc2c1ncn2C1OC(COP([2*])(=O)OP2(=O)OCO2)C([3*])C1[4*],1,10930,0.009149130832570906
O=[PH](OCC1CCC(n2cnc3cncnc32)O1)OP1(=O)O[PH](=O)O1,[1*]c1ncnc2c1ncn2C1OC(COP([2*])(=O)OP2(=O)OP([3*])(=O)O2)C([4*])C1[5*],1,10930,0.009149130832570906
C1CCC(OCCOOC2CCCCO2)OC1,[1*]C1OC(OCCOOC2OC([2*])C([3*])C([4*])C2[5*])C([6*])C([7*])C1[8*],1,10930,0.009149130832570906
O=C(OC1CCCOC1OC1CCC2C(CCC3C4CCC5CCCCC5C4=CCC23)C1)C1CCCCO1,[1*]C1([2*])CCC2([3*])C([4*])CC3([5*])C(=CCC4C5([6*])CCC(OC6([7*])OC([8*])C([9*])C([10*])C6OC(=O)C6OC([11*])C([12*])C([13*])C6[14*])C([15*])([16*])C5CCC43[17*])C2C1,1,10930,0.009149130832570906
O=c1c(CC2CCCC(COC3CCCCO3)O2)c(-c2ccccc2)oc2ccccc12,[1*]C1OC(OCC2OC(Cc3c(-c4ccc([2*])c([3*])c4)oc4cc([4*])cc([5*])c4c3=O)C([6*])C([7*])C2[8*])C([9*])C([10*])C1[11*],1,10930,0.009149130832570906
O=[PH](OCC1CCCO1)O[PH](=O)O[PH](=O)O[PH](=O)OCC1CCC(n2cnc3cncnc32)O1,[1*]c1ncnc2c1ncn2C1OC(COP([2*])(=O)OP([3*])(=O)OP([4*])(=O)OP([5*])(=O)OCC2OCC([6*])C2[7*])C([8*])C1[9*],1,10930,0.009149130832570906
C1CCC(OC2CCC(OC3CCC4C(CCC5C4CC(OC4CCC(OC6CCCCO6)CO4)C4CCCC45)C3)OC2)OC1,[1*]C1OC(OC2C([2*])OC(OC3CCC4([3*])C(CCC5C4CC(OC4OC([4*])C(OC6OC([5*])C([6*])C([7*])C6[8*])C([9*])C4[10*])C4([11*])C([12*])CCC54)C3)C([13*])C2[14*])C([15*])C([16*])C1[17*],1,10930,0.009149130832570906
C=C1CC23CCC4C(C(=O)OC5CCCCO5)CCCC4C2CCC1(OC1OCCC(OC2CCCCO2)C1OC1CC(C2CCCCO2)CCO1)C3,[1*]C1(C(=O)OC2OC([2*])C([3*])C([4*])C2[5*])CCCC2([6*])C3CCC4(OC5OC([7*])C([8*])C(OC6OC([9*])C([10*])C([11*])C6[12*])C5OC5OC([13*])C([14*])C([15*])(C6OC([16*])C([17*])C([18*])C6[19*])C5[20*])CC3(CCC12)CC4=C,1,10930,0.009149130832570906
O=C1CC(c2ccccc2)Oc2cc(OC3CCCC(COCCC4CCCC4)O3)ccc21,[1*]c1ccc(C2CC(=O)c3c([2*])cc(OC4OC(COC([3*])CC5CCC([4*])C5[5*])C([6*])C([7*])C4[8*])cc3O2)cc1[9*],1,10930,0.009149130832570906
C1CC2COCCOCCOCCOCCOCCOC(C1)O2,[1*]C1C2COCCOCCOCCOCCOCCOC(O2)C([2*])C1[3*],1,10930,0.009149130832570906
C=C1CC23CCC4C(C(=O)OC5CCCCO5)CCCC4C2CCC1(OC1CCCC(OC2CCCCO2)C1OC1CCCCO1)C3,[1*]C1(C(=O)OC2OC([2*])C([3*])C([4*])C2[5*])CCCC2([6*])C3CCC4(OC5CC([7*])C([8*])C(OC6OC([9*])C([10*])C([11*])C6[12*])C5OC5OC([13*])C([14*])C([15*])C5[16*])CC3(CCC12)CC4=C,1,10930,0.009149130832570906
C=C1CC23CCC4C(C(=O)OC5OCCCC5OC5CCCCO5)CCCC4C2CCC1(OCC1OCCC(COCC2CCCCO2)C1OC1CCCCO1)C3,[1*]C1(C(=O)OC2OC([2*])C([3*])C([4*])C2OC2OC([5*])C([6*])C([7*])C2[8*])CCCC2([9*])C3CCC4(OCC5OC([10*])C([11*])C(COCC6OC([12*])C([13*])C([14*])C6[15*])C5OC5OC([16*])C([17*])C([18*])C5[19*])CC3(CCC12)CC4=C,1,10930,0.009149130832570906
C=C1CC23CCC4C(C(=O)OC5OCCC(OC6CCCCO6)C5OCCCOC5CCCCO5)CCCC4C2CCC1(OC1OCCC(OC2CCCCO2)C1OC1CCCCO1)C3,[1*]C1(C(=O)OC2OC([2*])C([3*])C(OC3OC([4*])C([5*])C([6*])C3[7*])C2OC([8*])C([9*])C([10*])OC2OC([11*])C([12*])C([13*])C2[14*])CCCC2([15*])C3CCC4(OC5OC([16*])C([17*])C(OC6OC([18*])C([19*])C([20*])C6[21*])C5OC5OC([22*])C([23*])C([24*])C5[25*])CC3(CCC12)CC4=C,1,10930,0.009149130832570906
C=C1CC23CCC4C(C(=O)OC5CCCCO5)CCCC4C2CCC1(OCC1OCCCC1OC1CCC(COCC2CCCCO2)CO1)C3,[1*]C1(C(=O)OC2OC([2*])C([3*])C([4*])C2[5*])CCCC2([6*])C3CCC4(OCC5OC([7*])C([8*])C([9*])C5OC5OC([10*])C(COCC6OC([11*])C([12*])C([13*])C6[14*])C([15*])C5[16*])CC3(CCC12)CC4=C,1,10930,0.009149130832570906
O=c1cc(-c2ccccc2)oc2cc(OC3OCCCC3C3CCCCO3)ccc12,[1*]C1OC(C2([2*])C(Oc3cc([3*])c4c(=O)cc(-c5ccc([4*])c([5*])c5)oc4c3)OC([6*])C([7*])C2[8*])C([9*])C([10*])C1[11*],1,10930,0.009149130832570906
O=c1c(OC2CCCC(CCC3CCCCO3)O2)c(-c2ccccc2)oc2ccccc12,[1*]C1OC(CCC2OC(Oc3c(-c4ccc([2*])c([3*])c4)oc4cc([4*])cc([5*])c4c3=O)C([6*])C([7*])C2[8*])C([9*])C([10*])C1[11*],1,10930,0.009149130832570906
O=[PH](OCC1CCC(n2cnc3cncnc32)O1)OC1CCOC1,[1*]c1ncnc2c1ncn2C1OC(COP([2*])(=O)OC2COC([3*])C2[4*])C([5*])C1[6*],1,10930,0.009149130832570906
O=c1c(OC2CCCCO2)c(-c2ccccc2)oc2cccc(OC3CCCCO3)c12,[1*]C1OC(Oc2c(-c3ccc([2*])c([3*])c3)oc3cc([4*])cc(OC4OC([5*])C([6*])C([7*])C4[8*])c3c2=O)C([9*])C([10*])C1[11*],1,10930,0.009149130832570906
O=C1CC(c2cccc(OOC3CCCCO3)c2)Oc2ccccc21,[1*]c1ccc(C2CC(=O)c3c([7*])cc([6*])cc3O2)cc1OOC1OC([2*])C([3*])C([4*])C1[5*],1,10930,0.009149130832570906
O=c1cc(-c2ccc(OOC3CCCCO3)cc2)oc2ccccc12,[1*]c1cc([2*])c2c(=O)cc(-c3ccc(OOC4OC([3*])C([4*])C([5*])C4[6*])c([7*])c3)oc2c1,1,10930,0.009149130832570906
O=C1CCCOC1OC1CCOC(OC2CCC3C(CCC4C5CCC6CCCCC6C5=CCC34)C2)C1,[1*]C1C([2*])C2([3*])C([4*])CC3([5*])C(=CCC4C5([6*])CCC(OC6OC([7*])C([8*])C(OC7OC([9*])C([10*])C([11*])C7=O)C6[12*])C([13*])([14*])C5CCC43[15*])C2CC1([16*])[17*],1,10930,0.009149130832570906
O=[PH]1OCC2OC(n3cnc4cncnc43)CC2O[PH](=O)O1,[1*]c1ncnc2c1ncn2C1OC2COP([2*])(=O)OP([3*])(=O)OC2C1[4*],1,10930,0.009149130832570906
O=C1CC(c2ccccc2)Oc2cc(OC3CCCC(OCC4CCCCO4)O3)ccc21,[1*]c1ccc(C2CC(=O)c3ccc(OC4OC(OCC5OC([2*])C([3*])C([4*])C5[5*])C([6*])C([7*])C4[8*])cc3O2)cc1[9*],1,10930,0.009149130832570906
O=c1cc(-c2ccccc2)oc2cc(OC3CCCC(OCC4CCCCO4)O3)ccc12,[1*]c1ccc(-c2cc(=O)c3ccc(OC4OC(OCC5OC([2*])C([3*])C([4*])C5[5*])C([6*])C([7*])C4[8*])cc3o2)cc1[9*],1,10930,0.009149130832570906
O=c1cc(-c2ccccc2)oc2cccc(C3CCC(OC4CCCCO4)CO3)c12,[1*]C1OC(OC2C([2*])OC(c3cc([3*])cc4oc(-c5ccc([4*])c([5*])c5)cc(=O)c34)C([6*])C2[7*])C([8*])C([9*])C1[10*],1,10930,0.009149130832570906
C1CCC(O[C]2CCCOC2)OC1,[1*]C1OC([2*])C([3*])C([4*])[C]1OC1OC([5*])C([6*])C([7*])C1[8*],1,10930,0.009149130832570906
[CH]1CCC(OC2CCCO2)CO1,[1*][C]1OC([2*])C(OC2([3*])OC([4*])C([5*])C2[6*])C([7*])C1[8*],1,10930,0.009149130832570906
[CH]1CCC(OC2CCCCO2)O1,[1*][C]1OC([2*])(OC2OC([3*])C([4*])C([5*])C2[6*])C([7*])C1[8*],1,10930,0.009149130832570906
[CH]1CCCC(OC2CCCOC2)O1,[1*][C]1OC(OC2C([2*])OC([3*])C([4*])C2[5*])C([6*])C([7*])C1[8*],1,10930,0.009149130832570906
[CH]1OCCCC1OC1CCCCO1,[1*][C]1OC([2*])C([3*])C([4*])C1OC1OC([5*])C([6*])C([7*])C1[8*],1,10930,0.009149130832570906
O=C(CCc1ccccc1)c1ccc(OC2OC(COC3CCC(OC4CCCCO4)CO3)CCC2OC2CCCCO2)cc1,[1*]c1ccc(CCC(=O)c2c([2*])cc(OC3OC(COC4OC([3*])C(OC5OC([4*])C([5*])C([6*])C5[7*])C([8*])C4[9*])C([10*])C([11*])C3OC3OC([12*])C([13*])C([14*])C3[15*])cc2[16*])cc1[17*],1,10930,0.009149130832570906
O=C(CCc1ccccc1)c1ccc(OC2OC(COC3CCCCO3)CCC2OC2CCCCO2)cc1,[1*]c1ccc(CCC(=O)c2c([2*])cc(OC3OC(COC4OC([3*])C([4*])C([5*])C4[6*])C([7*])C([8*])C3OC3OC([9*])C([10*])C([11*])C3[12*])cc2[13*])cc1[14*],1,10930,0.009149130832570906
O=C(CCc1ccccc1)c1ccc(OC2OC(COC3CCC(OC4CCC(OC5CCCCO5)CO4)CO3)CCC2OC2CCCCO2)cc1,[1*]c1ccc(CCC(=O)c2c([2*])cc(OC3OC(COC4OC([3*])C(OC5OC([4*])C(OC6OC([5*])C([6*])C([7*])C6[8*])C([9*])C5[10*])C([11*])C4[12*])C([13*])C([14*])C3OC3OC([15*])C([16*])C([17*])C3[18*])cc2[19*])cc1[20*],1,10930,0.009149130832570906
O=C1C=C2C3CCCCC3CCC2C2CCC3CC(OC4OCCCC4OOC4CCCCO4)CCC3C12,[1*]C1([2*])CCC2([3*])CCC3([4*])C(=CC(=O)C4C5([5*])CCC(OC6OC([6*])C([7*])C([8*])C6OOC6OC([9*])C([10*])C([11*])C6[12*])C([13*])([14*])C5CCC43[15*])C2C1,1,10930,0.009149130832570906
O=C(CC12CCCCC1C1=CCC3C4CCC(OC5CCCCO5)CC4CCC3C1CC2)OC1CCCCO1,[1*]C1([2*])CCC2(CC(=O)OC3OC([3*])C([4*])C([5*])C3[6*])CCC3([7*])C(=CCC4C5([8*])CC([9*])C(OC6OC([10*])C([11*])C([12*])C6[13*])C([14*])([15*])C5CCC43[16*])C2C1,1,10930,0.009149130832570906
[CH]1CCOC(OC2CCCO2)C1,[1*]C1OC(OC2([2*])OC([3*])C([4*])C2[5*])C([6*])[C]([7*])C1[8*],1,10930,0.009149130832570906
O=[PH]1OC2COC(n3cnc4cncnc43)C2O[PH](=O)O1,[1*]c1ncnc2c1ncn2C1OC([2*])C2OP([3*])(=O)OP([4*])(=O)OC21,1,10930,0.009149130832570906
O=c1c2ccccc2oc2cccc(OC3CCC(OC4CCCCO4)CO3)c12,[1*]c1cc(OC2OCC(OC3OCC([2*])C([3*])C3[4*])C([5*])C2[6*])c2c(=O)c3c([7*])c([8*])ccc3oc2c1,1,10930,0.009149130832570906
c1ncc2ncn(C3OCC4OPOC43)c2n1,[1*]c1ncnc2c1ncn2C1OC([2*])C2OP([3*])([4*])([5*])OC21,1,10930,0.009149130832570906
O=c1cc(-c2ccc(OCCc3ccccc3)cc2)oc2cc(OC3CCCCO3)ccc12,[1*]c1cc(C([2*])C([3*])Oc2c([4*])cc(-c3cc(=O)c4c([5*])cc(OC5OC([6*])C([7*])C([8*])C5[9*])cc4o3)cc2[10*])ccc1[11*],1,10930,0.009149130832570906
O=C(CNCCc1ccccc1)NCCc1ccccc1,[1*]C(Cc1ccccc1)NC(=O)C([2*])NCCc1ccccc1,1,10930,0.009149130832570906
O=C(CNCCCC1CCCCC1)NCCc1ccccc1,[1*]C(Cc1ccccc1)NC(=O)C([2*])NCCCC1CCCCC1,1,10930,0.009149130832570906
C1=C2C3CCCCC3CCC2C2CCC3CC(C4OCCCC4OC4OCCCC4OC4CCCCO4)CCC3C2C1,[1*]C1CC([2*])([3*])CC2C3=CCC4C5([4*])CCC(C6OC([5*])C([6*])C([7*])C6OC6OC([8*])C([9*])C([10*])C6OC6OC([11*])C([12*])C([13*])C6[14*])C([15*])([16*])C5CCC4([17*])C3([18*])CCC12[19*],1,10930,0.009149130832570906
O=c1cc(-c2ccc(OC3CCCC(COC4CCCCO4)O3)c(OC3CCCCO3)c2)oc2ccccc12,[1*]C1OC(OCC2OC(Oc3ccc(-c4cc(=O)c5c([2*])cc([3*])cc5o4)cc3OC3OC([4*])C([5*])C([6*])C3[7*])C([8*])C([9*])C2[10*])C([11*])C([12*])C1[13*],1,10930,0.009149130832570906
C1=C2C3CC(COC4CCCCO4)CCC3CCC2C2CCC3CC(OC4CC(OC5CCCCO5)CCO4)CCC3C2C1,[1*]C1OC(OC2C([2*])C(OC3CCC4([3*])C(CCC5([4*])C4CC=C4C6CC([5*])(COC7OC([6*])C([7*])C([8*])C7[9*])CCC6([10*])CCC45[11*])C3([12*])[13*])OC([14*])C2[15*])C([16*])C([17*])C1[18*],1,10930,0.009149130832570906
O=C1C=C2C(CCC3(C(=O)OC4CCCCO4)CCCCC23)C2CCC3CC(OC4OCCC(OC5CCCCO5)C4OC4CCCCO4)CCC3C12,[1*]C1([2*])CCC2(C(=O)OC3OC([3*])C([4*])C([5*])C3[6*])CCC3([7*])C(=CC(=O)C4C5([8*])CCC(OC6OC([9*])C([10*])C(OC7OC([11*])C([12*])C([13*])C7[14*])C6OC6OC([15*])C([16*])C([17*])C6[18*])C([19*])([20*])C5CCC43[21*])C2C1,1,10930,0.009149130832570906
O=C(OCc1ccccc1OC1CCCCO1)c1ccc(OC2CCCCO2)cc1,[1*]c1c(OC2OC([2*])C([3*])C([4*])C2[5*])ccc(C(=O)OCc2ccccc2OC2OC([6*])C([7*])C([8*])C2[9*])c1[10*],1,10930,0.009149130832570906
O=c1cc(-c2ccc(OCCCc3ccccc3)cc2)oc2cc(OC3CCCCO3)ccc12,[1*]c1cc(C([2*])C([3*])COc2c([4*])cc(-c3cc(=O)c4c([5*])cc(OC5OC([6*])C([7*])C([8*])C5[9*])cc4o3)cc2[10*])ccc1[11*],1,10930,0.009149130832570906
O=C1CC(c2ccccc2)Oc2cc(OC3CCCCO3)cc(OC3CCCCO3)c21,[1*]c1ccc(C2CC(=O)c3c(cc(OC4OC([2*])C([3*])C([4*])C4[5*])cc3OC3OC([6*])C([7*])C([8*])C3[9*])O2)cc1[10*],1,10930,0.009149130832570906
C1=C2C(CCC3CCCC(OC4CCCCO4)C23)C2CCC3CC(OC4CCCCO4)CCC3C2C1,[1*]C1([2*])CCC2([3*])CCC3([4*])C(=CCC4C5([5*])CCC(OC6OC([6*])C([7*])C([8*])C6[9*])C([10*])([11*])C5CCC43[12*])C2C1OC1OC([13*])C([14*])C([15*])C1[16*],1,10930,0.009149130832570906
O=C1CC2C(=CCC3C4CCC(OC5OCC(OC6CCCCO6)CC5OC5CCCCO5)CC4CCC23)C2CCCCC12,[1*]C1OC(OC2C([2*])OC(OC3CCC4([3*])C(CCC5([4*])C4CC=C4C6CC([5*])([6*])C([7*])CC6C(=O)CC45[8*])C3([9*])[10*])C(OC3OC([11*])C([12*])C([13*])C3[14*])C2[15*])C([16*])C([17*])C1[18*],1,10930,0.009149130832570906
C1CCC(COC2CCOC2)OC1,[1*]C1OC([2*])C(OCC2OC([3*])C([4*])C([5*])C2[6*])C1[7*],1,10930,0.009149130832570906
C1CCC(OCCCC2CCCO2)OC1,[1*]C1OC(OCC([2*])C([3*])C2OC([4*])C([5*])C2[6*])C([7*])C([8*])C1[9*],1,10930,0.009149130832570906
C1=C2C3CCCCC3CCC2C2CCC3CC(OC4CCC(OC5CCCC(COC6CCCCO6)O5)CO4)CCC3C2C1,[1*]C1OC(OC2CCC3([2*])C(CCC4([3*])C3CC=C3C5CC([4*])([5*])CCC5([6*])CCC34[7*])C2([8*])[9*])C([10*])C([11*])C1OC1OC(COC2OCC([12*])C([13*])C2[14*])C([15*])C([16*])C1[17*],1,10930,0.009149130832570906
O=C(OC1CCCCO1)C12CCC=CC1C1=CCC3C4CCC(OC5CCCCO5)CC4CCC3C1CC2,[1*]C1OC(OC2CCC3([2*])C(CCC4([3*])C3CC=C3C5C([4*])=C([5*])CCC5(C(=O)OC5OC([6*])C([7*])C([8*])C5[9*])CCC34[10*])C2([11*])[12*])C([13*])C([14*])C1[15*],1,10930,0.009149130832570906
C=C1CCCC2(C(=O)OC3CCCCO3)CCC3C(=CCC4C5CCC(OC6CCCCO6)CC5CCC34)C12,[1*]C1CCC2(C(=O)OC3OC([2*])C([3*])C([4*])C3[5*])CCC3([6*])C(=CCC4C5([7*])CCC(OC6OC([8*])C([9*])C([10*])C6[11*])C([12*])([13*])C5CCC43[14*])C2C1=C,1,10930,0.009149130832570906
C1=C2C3CCCCC3CCC2C2CCC3CC(OC4CC(OC5CCC(OC6CCCCO6)CO5)CCO4)CCC3C2C1,[1*]C1([2*])CCC2([3*])CCC3([4*])C(=CCC4C5([5*])CCC(OC6OC([6*])C([7*])C(OC7OC([8*])C(OC8OC([9*])C([10*])C([11*])C8[12*])C([13*])C7[14*])C6[15*])C([16*])([17*])C5CCC43[18*])C2C1,1,10930,0.009149130832570906
C=C1CC23CCC4C(C(=O)OC5CCC(OC6CCCCO6)CO5)CCCC4C2CCC1(OC1CCCCO1)C3,[1*]C1(C(=O)OC2OC([2*])C(OC3OC([3*])C([4*])C([5*])C3[6*])C([7*])C2[8*])CCCC2([9*])C3CCC4(OC5OC([10*])C([11*])C([12*])C5[13*])CC3(CCC12)CC4=C,1,10930,0.009149130832570906
C=C1CC23CCC4C(C(=O)OC5CCC(OC6CCC(OC7CCC(OC8CCCCO8)CO7)CO6)CO5)CCCC4C2CCC1(OC1CCCCO1)C3,[1*]C1(C(=O)OC2OC([2*])C(OC3OC([3*])C(OC4OC([4*])C(OC5OC([5*])C([6*])C([7*])C5[8*])C([9*])C4[10*])C([11*])C3[12*])C([13*])C2[14*])CCCC2([15*])C3CCC4(OC5OC([16*])C([17*])C([18*])C5[19*])CC3(CCC12)CC4=C,1,10930,0.009149130832570906
C=C1CC23CCC4C(C(=O)OC5CCCCO5)CCCC4C2CCC1(OC1CCC(OC2CCC(OC4CCC(OC5CCC(OC6CCCCO6)CO5)CO4)CO2)CO1)C3,[1*]C1(C(=O)OC2OC([2*])C([3*])C([4*])C2[5*])CCCC2([6*])C3CCC4(OC5OC([7*])C(OC6OC([8*])C(OC7OC([9*])C(OC8OC([10*])C(OC9OC([11*])C([12*])C([13*])C9[14*])C([15*])C8[16*])C([17*])C7[18*])C([19*])C6[20*])C([21*])C5[22*])CC3(CCC12)CC4=C,1,10930,0.009149130832570906
C=C1CC23CCC4C(C(=O)OC5CCC(OC6CCCCO6)CO5)CCCC4C2CCC1(OC1CCC(OC2CCC(OC4CCC(OC5CCCCO5)CO4)CO2)CO1)C3,[1*]C1(C(=O)OC2OC([2*])C(OC3OC([3*])C([4*])C([5*])C3[6*])C([7*])C2[8*])CCCC2([9*])C3CCC4(OC5OC([10*])C(OC6OC([11*])C(OC7OC([12*])C(OC8OC([13*])C([14*])C([15*])C8[16*])C([17*])C7[18*])C([19*])C6[20*])C([21*])C5[22*])CC3(CCC12)CC4=C,1,10930,0.009149130832570906
C=C1CC23CCC4C(C(=O)OC5CCC(OC6CCC(OC7CCCCO7)CO6)CO5)CCCC4C2CCC1(OC1CCC(OC2CCC(OC4CCCCO4)CO2)CO1)C3,[1*]C1(C(=O)OC2OC([2*])C(OC3OC([3*])C(OC4OC([4*])C([5*])C([6*])C4[7*])C([8*])C3[9*])C([10*])C2[11*])CCCC2([12*])C3CCC4(OC5OC([13*])C(OC6OC([14*])C(OC7OC([15*])C([16*])C([17*])C7[18*])C([19*])C6[20*])C([21*])C5[22*])CC3(CCC12)CC4=C,1,10930,0.009149130832570906
C=C1CC23CCC4C(C(=O)OC5CCC(OC6CCC(OC7CCC(OC8CCCCO8)CO7)CO6)CO5)CCCC4C2CCC1(OC1CCC(OC2CCCCO2)CO1)C3,[1*]C1(C(=O)OC2OC([2*])C(OC3OC([3*])C(OC4OC([4*])C(OC5OC([5*])C([6*])C([7*])C5[8*])C([9*])C4[10*])C([11*])C3[12*])C([13*])C2[14*])CCCC2([15*])C3CCC4(OC5OC([16*])C(OC6OC([17*])C([18*])C([19*])C6[20*])C([21*])C5[22*])CC3(CCC12)CC4=C,1,10930,0.009149130832570906
C=C1CC23CCC4C(C(=O)OC5CCC(OC6CCC(OC7CCC(OC8CCC(OC9CCCCO9)CO8)CO7)CO6)CO5)CCCC4C2CCC1(OC1CCCCO1)C3,[1*]C1(C(=O)OC2OC([2*])C(OC3OC([3*])C(OC4OC([4*])C(OC5OC([5*])C(OC6OC([6*])C([7*])C([8*])C6[9*])C([10*])C5[11*])C([12*])C4[13*])C([14*])C3[15*])C([16*])C2[17*])CCCC2([18*])C3CCC4(OC5OC([19*])C([20*])C([21*])C5[22*])CC3(CCC12)CC4=C,1,10930,0.009149130832570906
C=C1CC23CCC4CCCCC4C2CCC1(OC1CCC(OC2CCCCO2)CO1)C3,[1*]C1([2*])CCCC2([3*])C1CCC13CC(=C)C(OC4OC([4*])C(OC5OC([5*])C([6*])C([7*])C5[8*])C([9*])C4[10*])(CCC12)C3,1,10930,0.009149130832570906
C=C1CC23CCC4CCCCC4C2CCC1(OC1CCC(OC2CCC(OC4CCCCO4)CO2)CO1)C3,[1*]C1([2*])CCCC2([3*])C1CCC13CC(=C)C(OC4OC([4*])C(OC5OC([5*])C(OC6OC([6*])C([7*])C([8*])C6[9*])C([10*])C5[11*])C([12*])C4[13*])(CCC12)C3,1,10930,0.009149130832570906
C=C1CC23CCC4CCCCC4C2CCC1(OC1CCC(OC2CCC(OC4CCC(OC5CCCCO5)CO4)CO2)CO1)C3,[1*]C1([2*])CCCC2([3*])C1CCC13CC(=C)C(OC4OC([4*])C(OC5OC([5*])C(OC6OC([6*])C(OC7OC([7*])C([8*])C([9*])C7[10*])C([11*])C6[12*])C([13*])C5[14*])C([15*])C4[16*])(CCC12)C3,1,10930,0.009149130832570906
C=C1CC23CCC4CCCCC4C2CCC1(OC1CCC(OC2CCC(OC4CCC(OC5CCC(OC6CCCCO6)CO5)CO4)CO2)CO1)C3,[1*]C1([2*])CCCC2([3*])C1CCC13CC(=C)C(OC4OC([4*])C(OC5OC([5*])C(OC6OC([6*])C(OC7OC([7*])C(OC8OC([8*])C([9*])C([10*])C8[11*])C([12*])C7[13*])C([14*])C6[15*])C([16*])C5[17*])C([18*])C4[19*])(CCC12)C3,1,10930,0.009149130832570906
C=C1CC23CCC4C(C(=O)OC5CCCCO5)CCCC4C2CCC1(OC1CCC(OC2CCCCO2)CO1)C3,[1*]C1(C(=O)OC2OC([2*])C([3*])C([4*])C2[5*])CCCC2([6*])C3CCC4(OC5OC([7*])C(OC6OC([8*])C([9*])C([10*])C6[11*])C([12*])C5[13*])CC3(CCC12)CC4=C,1,10930,0.009149130832570906
C=C1CC23CCC4C(C(=O)OC5CCCCO5)CCCC4C2CCC1(OC1CCC(OC2CCC(OC4CCCCO4)CO2)CO1)C3,[1*]C1(C(=O)OC2OC([2*])C([3*])C([4*])C2[5*])CCCC2([6*])C3CCC4(OC5OC([7*])C(OC6OC([8*])C(OC7OC([9*])C([10*])C([11*])C7[12*])C([13*])C6[14*])C([15*])C5[16*])CC3(CCC12)CC4=C,1,10930,0.009149130832570906
C=C1CC23CCC4C(C(=O)OC5CCC(OC6CCC(OC7CCCCO7)CO6)CO5)CCCC4C2CCC1(OC1CCCCO1)C3,[1*]C1(C(=O)OC2OC([2*])C(OC3OC([3*])C(OC4OC([4*])C([5*])C([6*])C4[7*])C([8*])C3[9*])C([10*])C2[11*])CCCC2([12*])C3CCC4(OC5OC([13*])C([14*])C([15*])C5[16*])CC3(CCC12)CC4=C,1,10930,0.009149130832570906
C=C1CC23CCC4C(C(=O)OC5CCC(OC6CCCCO6)CO5)CCCC4C2CCC1(OC1CCC(OC2CCCCO2)CO1)C3,[1*]C1(C(=O)OC2OC([2*])C(OC3OC([3*])C([4*])C([5*])C3[6*])C([7*])C2[8*])CCCC2([9*])C3CCC4(OC5OC([10*])C(OC6OC([11*])C([12*])C([13*])C6[14*])C([15*])C5[16*])CC3(CCC12)CC4=C,1,10930,0.009149130832570906
C=C1CC23CCC4C(C(=O)OC5CCCCO5)CCCC4C2CCC1(OC1CCC(OC2CCC(OC4CCC(OC5CCCCO5)CO4)CO2)CO1)C3,[1*]C1(C(=O)OC2OC([2*])C([3*])C([4*])C2[5*])CCCC2([6*])C3CCC4(OC5OC([7*])C(OC6OC([8*])C(OC7OC([9*])C(OC8OC([10*])C([11*])C([12*])C8[13*])C([14*])C7[15*])C([16*])C6[17*])C([18*])C5[19*])CC3(CCC12)CC4=C,1,10930,0.009149130832570906
C=C1CC23CCC4C(C(=O)OC5CCC(OC6CCCCO6)CO5)CCCC4C2CCC1(OC1CCC(OC2CCC(OC4CCCCO4)CO2)CO1)C3,[1*]C1(C(=O)OC2OC([2*])C(OC3OC([3*])C([4*])C([5*])C3[6*])C([7*])C2[8*])CCCC2([9*])C3CCC4(OC5OC([10*])C(OC6OC([11*])C(OC7OC([12*])C([13*])C([14*])C7[15*])C([16*])C6[17*])C([18*])C5[19*])CC3(CCC12)CC4=C,1,10930,0.009149130832570906
C=C1CC23CCC4C(C(=O)OC5CCC(OC6CCC(OC7CCCCO7)CO6)CO5)CCCC4C2CCC1(OC1CCC(OC2CCCCO2)CO1)C3,[1*]C1(C(=O)OC2OC([2*])C(OC3OC([3*])C(OC4OC([4*])C([5*])C([6*])C4[7*])C([8*])C3[9*])C([10*])C2[11*])CCCC2([12*])C3CCC4(OC5OC([13*])C(OC6OC([14*])C([15*])C([16*])C6[17*])C([18*])C5[19*])CC3(CCC12)CC4=C,1,10930,0.009149130832570906
O=C(OC1CCCCO1)C1CCCC(OC2CCC3C(CCC4C5CCC6CCCCC6C5=CCC34)C2)O1,[1*]C1([2*])CCC2([3*])CCC3([4*])C(=CCC4C5([5*])CCC(OC6OC(C(=O)OC7OC([6*])C([7*])C([8*])C7[9*])C([10*])C([11*])C6[12*])C([13*])([14*])C5CCC43[15*])C2C1,1,10930,0.009149130832570906
C=C1CC23CCC4C(C(=O)OC5CCCC(COC6CCCO6)O5)CCCC4C2CCC1(OC1OCCC(OC2CCCCO2)C1OC1CCCCO1)C3,[1*]C1(C(=O)OC2OC(COC3([2*])OC([3*])C([4*])C3[5*])C([6*])C([7*])C2[8*])CCCC2([9*])C3CCC4(OC5OC([10*])C([11*])C(OC6OC([12*])C([13*])C([14*])C6[15*])C5OC5OC([16*])C([17*])C([18*])C5[19*])CC3(CCC12)CC4=C,1,10930,0.009149130832570906
C=C1CC23CCC4C(C(=O)OC5CCCCO5)CCCC4C2CCC1(OC1OCCCC1OC1CCC(OC2CCC(OC4CCCCO4)CO2)CO1)C3,[1*]C1(C(=O)OC2OC([2*])C([3*])C([4*])C2[5*])CCCC2([6*])C3CCC4(OC5OC([7*])C([8*])C([9*])C5OC5OC([10*])C(OC6OC([11*])C(OC7OC([12*])C([13*])C([14*])C7[15*])C([16*])C6[17*])C([18*])C5[19*])CC3(CCC12)CC4=C,1,10930,0.009149130832570906
C=C1CC23CCC4C(C(=O)OC5CCC(OC6CCC(OC7CCCCO7)CO6)CO5)CCCC4C2CCC1(OC1OCCCC1OC1CCCCO1)C3,[1*]C1(C(=O)OC2OC([2*])C(OC3OC([3*])C(OC4OC([4*])C([5*])C([6*])C4[7*])C([8*])C3[9*])C([10*])C2[11*])CCCC2([12*])C3CCC4(OC5OC([13*])C([14*])C([15*])C5OC5OC([16*])C([17*])C([18*])C5[19*])CC3(CCC12)CC4=C,1,10930,0.009149130832570906
C=C1CC23CCC4CCCCC4C2CCC1(OC1OCCCC1OC1CCCC(COC2CCCCO2)O1)C3,[1*]C1([2*])CCCC2([3*])C1CCC13CC(=C)C(OC4OC([4*])C([5*])C([6*])C4OC4OC(COC5OC([7*])C([8*])C([9*])C5[10*])C([11*])C([12*])C4[13*])(CCC12)C3,1,10930,0.009149130832570906
C=C1CC23CCC4CCCCC4C2CCC1(OC1OCCCC1OC1CC(OC2CCCCO2)CCO1)C3,[1*]C1([2*])CCCC2([3*])C1CCC13CC(=C)C(OC4OC([4*])C([5*])C([6*])C4OC4OC([7*])C([8*])C(OC5OC([9*])C([10*])C([11*])C5[12*])C4[13*])(CCC12)C3,1,10930,0.009149130832570906
C=C1CC23CCC4C(C(=O)OC5CCC(OC6CCCCO6)CO5)CCCC4C2CCC1(OC1OCCCC1OC1CCCCO1)C3,[1*]C1(C(=O)OC2OC([2*])C(OC3OC([3*])C([4*])C([5*])C3[6*])C([7*])C2[8*])CCCC2([9*])C3CCC4(OC5OC([10*])C([11*])C([12*])C5OC5OC([13*])C([14*])C([15*])C5[16*])CC3(CCC12)CC4=C,1,10930,0.009149130832570906
C=C1CC23CCC4C(C(=O)OC5CCC(OC6CCCCO6)CO5)CCCC4C2CCC1(OC1OCCCC1OC1CCC(OC2CCCCO2)CO1)C3,[1*]C1(C(=O)OC2OC([2*])C(OC3OC([3*])C([4*])C([5*])C3[6*])C([7*])C2[8*])CCCC2([9*])C3CCC4(OC5OC([10*])C([11*])C([12*])C5OC5OC([13*])C(OC6OC([14*])C([15*])C([16*])C6[17*])C([18*])C5[19*])CC3(CCC12)CC4=C,1,10930,0.009149130832570906
C=C1CC23CCC4C(C(=O)OC5CCCCO5)CCCC4C2CCC1(OC1OCCCC1OC1CCC(OC2CCC(OC4CCC(OC5CCCCO5)CO4)CO2)CO1)C3,[1*]C1(C(=O)OC2OC([2*])C([3*])C([4*])C2[5*])CCCC2([6*])C3CCC4(OC5OC([7*])C([8*])C([9*])C5OC5OC([10*])C(OC6OC([11*])C(OC7OC([12*])C(OC8OC([13*])C([14*])C([15*])C8[16*])C([17*])C7[18*])C([19*])C6[20*])C([21*])C5[22*])CC3(CCC12)CC4=C,1,10930,0.009149130832570906
C=C1CC23CCC4C(C(=O)OC5CCC(OC6CCCCO6)CO5)CCCC4C2CCC1(OC1OCCCC1OC1CCC(OC2CCC(OC4CCCCO4)CO2)CO1)C3,[1*]C1(C(=O)OC2OC([2*])C(OC3OC([3*])C([4*])C([5*])C3[6*])C([7*])C2[8*])CCCC2([9*])C3CCC4(OC5OC([10*])C([11*])C([12*])C5OC5OC([13*])C(OC6OC([14*])C(OC7OC([15*])C([16*])C([17*])C7[18*])C([19*])C6[20*])C([21*])C5[22*])CC3(CCC12)CC4=C,1,10930,0.009149130832570906
C=C1CC23CCC4C(C(=O)OC5CCC(OC6CCC(OC7CCCCO7)CO6)CO5)CCCC4C2CCC1(OC1OCCCC1OC1CCC(OC2CCCCO2)CO1)C3,[1*]C1(C(=O)OC2OC([2*])C(OC3OC([3*])C(OC4OC([4*])C([5*])C([6*])C4[7*])C([8*])C3[9*])C([10*])C2[11*])CCCC2([12*])C3CCC4(OC5OC([13*])C([14*])C([15*])C5OC5OC([16*])C(OC6OC([17*])C([18*])C([19*])C6[20*])C([21*])C5[22*])CC3(CCC12)CC4=C,1,10930,0.009149130832570906
C=C1CC23CCC4C(C(=O)OC5CCC(OC6CCC(OC7CCC(OC8CCCCO8)CO7)CO6)CO5)CCCC4C2CCC1(OC1OCCCC1OC1CCCCO1)C3,[1*]C1(C(=O)OC2OC([2*])C(OC3OC([3*])C(OC4OC([4*])C(OC5OC([5*])C([6*])C([7*])C5[8*])C([9*])C4[10*])C([11*])C3[12*])C([13*])C2[14*])CCCC2([15*])C3CCC4(OC5OC([16*])C([17*])C([18*])C5OC5OC([19*])C([20*])C([21*])C5[22*])CC3(CCC12)CC4=C,1,10930,0.009149130832570906
O=C(OC1CC(OOC2CCCCO2)CCO1)C12CCCCC1C1=CCC3C4CCCCC4CCC3C1CC2,[1*]C1OC(OOC2C([2*])C([3*])OC(OC(=O)C34CCC([4*])C([5*])C3C3=CCC5C6([6*])CC([7*])CC([8*])([9*])C6CCC5([10*])C3([11*])CC4)C2[12*])C([13*])C([14*])C1[15*],1,10930,0.009149130832570906
C1=C2C3CCCCC3CCC2C2CCC3CC(OC4CCC(OC5OCCCC5OC5CCCCO5)CO4)CCC3C2C1,[1*]C1OC(OC2C(OC3C([2*])OC(OC4CCC5([3*])C(CCC6([4*])C5CC=C5C7CC([5*])([6*])CC([7*])C7([8*])CCC56[9*])C4([10*])[11*])C([12*])C3[13*])OC([14*])C([15*])C2[16*])C([17*])C([18*])C1[19*],1,10930,0.009149130832570906
O=C(OC1CCCCO1)C12CCCCC1C1=CCC3C4CCC(OC5OCCC(OCC6CCCCO6)C5OC5CCCCO5)CC4CCC3C1CC2,[1*]C1([2*])CCC2(C(=O)OC3OC([3*])C([4*])C([5*])C3[6*])CCC3([7*])C(=CCC4C5([8*])CCC(OC6OC([9*])C([10*])C(OCC7OC([11*])C([12*])C([13*])C7[14*])C6OC6OCC([15*])C([16*])C6[17*])C([18*])([19*])C5CCC43[20*])C2C1,1,10930,0.009149130832570906
C1CCC(OCC2CCC(OC3CCCCO3)C(OC3CCC4C(CCC5C6CCCC6CCC45)C3)O2)OC1,[1*]C1CCC2C3CCC4CC(OC5OC(COC6OC([2*])C([3*])C([4*])C6[5*])C([6*])C([7*])C5OC5OC([8*])C([9*])C([10*])C5[11*])CCC4([12*])C3CCC12[13*],1,10930,0.009149130832570906
C1=C2C3CCCCC3CCC2C2CCC3CC(OC4OCCCC4OC4CCCCO4)CCC3C2=C1,[1*]C12CCC3([2*])C(=CC=C4C5([3*])CCC(OC6OC([4*])C([5*])C([6*])C6OC6OC([7*])C([8*])C([9*])C6[10*])C([11*])([12*])C5CCC43[13*])C1CC([14*])([15*])C([16*])C2,1,10930,0.009149130832570906
O=C1CC(c2cccc(OC3OCCCC3OC3CCCCO3)c2)Oc2ccccc21,[1*]c1ccc(C2CC(=O)c3c([2*])cc([3*])cc3O2)cc1OC1OC([4*])C([5*])C([6*])C1OC1OC([7*])C([8*])C([9*])C1[10*],1,10930,0.009149130832570906
C=C1CC23CCC4C(C(=O)OC5CCCCO5)CCCC4C2CCC1(OC1OC(COC2CCCCO2)CCC1OC1CCCC(COC2CCCCO2)O1)C3,[1*]C1(C(=O)OC2OC([2*])C([3*])C([4*])C2[5*])CCCC2([6*])C3CCC4(OC5OC(COC6OC([7*])C([8*])C([9*])C6[10*])C([11*])C([12*])C5OC5OC(COC6OC([13*])C([14*])C([15*])C6[16*])C([17*])C([18*])C5[19*])CC3(CCC12)CC4=C,1,10930,0.009149130832570906
C=C1CC23CCC4C(C(=O)OC5CCCC(COC6CCCO6)O5)CCCC4C2CCC1(OC1OCCCC1OC1CCCCO1)C3,[1*]C1(C(=O)OC2OC(COC3([2*])OC([3*])C([4*])C3[5*])C([6*])C([7*])C2[8*])CCCC2([9*])C3CCC4(OC5OC([10*])C([11*])C([12*])C5OC5OC([13*])C([14*])C([15*])C5[16*])CC3(CCC12)CC4=C,1,10930,0.009149130832570906
O=[PH](OCC1CCC(n2cnc3cncnc32)O1)N1CCCCC1,[1*]c1ncnc2c1ncn2C1OC(COP([2*])(=O)N2CCCCC2)C([3*])C1[4*],1,10930,0.009149130832570906
O=C1CC(c2ccccc2)Oc2cc(OC3CCC(OC4CCC(OC5CCCCO5)CO4)C(COC4CCCCO4)O3)ccc21,[1*]c1ccc(C2CC(=O)c3c([2*])cc(OC4OC(COC5OC([3*])C([4*])C([5*])C5[6*])C(OC5OC([7*])C(OC6OC([8*])C([9*])C([10*])C6[11*])C([12*])C5[13*])C([14*])C4[15*])cc3O2)cc1[16*],1,10930,0.009149130832570906
O=C(CCc1ccccc1)c1ccccc1OC1OCCCC1OC1CCCCO1,[1*]c1ccc(CCC(=O)c2c([3*])cc([4*])cc2OC2OC([5*])C([6*])C([7*])C2OC2OCC([8*])C([9*])C2[10*])cc1[2*],1,10930,0.009149130832570906
O=c1c(-c2ccccc2)coc2c(C3CCCC(COC4CCCCO4)O3)cccc12,[1*]c1cc(-c2coc3c(C4OC(COC5OC([2*])C([3*])C([4*])C5[5*])C([6*])C([7*])C4[8*])c([9*])ccc3c2=O)ccc1[10*],1,10930,0.009149130832570906
O=C(CCCCOC1CCCCO1)CC1CCC2C1CCC1C3CCC(OC4CCCCO4)CC3C(=O)CC21,[1*]C(CCC(=O)C([2*])C1CCC2C3CC(=O)C4CC(OC5OC([3*])C([4*])C([5*])C5[6*])CCC4([7*])C3CCC12[8*])COC1OC([9*])C([10*])C([11*])C1[12*],1,10930,0.009149130832570906
C1CCC(OC2CCOC(OC3CCC(OC4CCC5C(CCC6C7CCCC7CCC56)C4)OC3)C2OC2CCCCO2)OC1,[1*]C1C([2*])CC2C3CCC4CC(OC5OC([3*])C(OC6OC([4*])C([5*])C(OC7OCC([6*])C([7*])C7[8*])C6OC6OC([9*])C([10*])C([11*])C6[12*])C([13*])C5[14*])CCC4([15*])C3CCC12[16*],1,10930,0.009149130832570906
O=c1cc(-c2ccccc2)oc2cc(C3OCCCC3OC3CCCCO3)ccc12,[1*]c1cc(-c2cc(=O)c3c([2*])cc(C4OC([3*])C([4*])C([5*])C4OC4OC([6*])C([7*])C([8*])C4[9*])cc3o2)ccc1[10*],1,10930,0.009149130832570906
O=C(CCc1ccccc1)c1cc(OC2CCCCO2)cc(OC2CCCCO2)c1,[1*]c1ccc(CCC(=O)c2c([2*])c(OC3OC([3*])C([4*])C([5*])C3[6*])c([7*])c(OC3OC([8*])C([9*])C([10*])C3[11*])c2[12*])cc1,1,10930,0.009149130832570906
O=C1C=C2C3CCCCC3CCC2C2CCC3CC(C4OCCCC4OC4CCCCO4)CCC3C12,[1*]C1([2*])CC([3*])C2([4*])CCC3([5*])C(=CC(=O)C4C5([6*])CCC(C6OC([7*])C([8*])C([9*])C6OC6OC([10*])C([11*])C([12*])C6[13*])C([14*])([15*])C5CCC43[16*])C2C1,1,10930,0.009149130832570906
O=C1C=C2C3CCCC(C4CCCCO4)C3CCC2C2CCC3CC(C4OCCCC4OC4CCCCO4)CCC3C12,[1*]C1OC(C2CC([2*])([3*])CC3C4=CC(=O)C5C6([4*])CCC(C7OC([5*])C([6*])C([7*])C7OC7OC([8*])C([9*])C([10*])C7[11*])C([12*])([13*])C6CCC5([14*])C4([15*])CCC32[16*])C([17*])C([18*])C1[19*],1,10930,0.009149130832570906
O=c1c(-c2ccccc2)coc2c(OC3CCCC(COC4CCCO4)O3)cccc12,[1*]c1cc(-c2coc3c(OC4OC(COC5OCC([2*])([3*])C5[4*])C([5*])C([6*])C4[7*])c([8*])ccc3c2=O)ccc1[9*],1,10930,0.009149130832570906
O=C1CC2C3CCC(OC4OCCC(OC5CCCCO5)C4OC4CCCCO4)CC3CCC2C2CCC(C3CCCO3)C12,[1*]C1OC(OC2C(OC3CCC4([2*])C(CCC5([3*])C4CC(=O)C4C(C6([4*])CCC([5*])O6)CCC45[6*])C3([7*])[8*])OC([9*])C([10*])C2OC2OC([11*])C([12*])C([13*])C2[14*])C([15*])C([16*])C1[17*],1,10930,0.009149130832570906
O=C1CC2C3CCC(OC4OCCC(OC5CCCCO5)C4OC4CCCCO4)CC3CCC2C2CCCC12,[1*]C1OC(OC2C(OC3CCC4([2*])C(CCC5([3*])C4CC(=O)C4C([4*])CCC45[5*])C3([6*])[7*])OC([8*])C([9*])C2OC2OC([10*])C([11*])C([12*])C2[13*])C([14*])C([15*])C1[16*],1,10930,0.009149130832570906
C1COCCOC2CCC(OCCOCCO1)OC2,[1*]C1OC2OCCOCCOCCOCCOC1C([2*])C2[3*],1,10930,0.009149130832570906
C1COCCOCCOCCOC2CCC(CO2)OCCOCCOCCO1,[1*]C1OC2OCCOCCOCCOCCOCCOCCOCCOC1C([2*])C2[3*],1,10930,0.009149130832570906
C1=C2C3CCCCC3CCC2C2CCC3CC(OC4CCC(OC5CCC(OC6CCCCO6)CO5)CO4)CCC3C2C1,[1*]C1OC(OC2C([2*])OC(OC3C([3*])OC(OC4CCC5([4*])C(CCC6([5*])C5CC=C5C7CC([6*])([7*])CC([8*])C7([9*])CCC56[10*])C4([11*])[12*])C([13*])C3[14*])C([15*])C2[16*])C([17*])C([18*])C1[19*],1,10930,0.009149130832570906
O=C1CC2C3CCCC3CCC2C2CCC(OC3CCC(OC4CCCCO4)CO3)CC12,[1*]C1CCC2C3CC(=O)C4CC(OC5OC([2*])C(OC6OC([3*])C([4*])C([5*])C6[6*])C([7*])C5[8*])CCC4([9*])C3CCC12[10*],1,10930,0.009149130832570906
O=C1c2ccccc2OC(c2cccc(OC3CCCCO3)c2)C1OC1CCCCO1,[1*]C1OC(OC2C(=O)c3c([2*])cc([3*])cc3OC2c2ccc([4*])c(OC3OC([5*])C([6*])C([7*])C3[8*])c2)C([9*])C([10*])C1[11*],1,10930,0.009149130832570906
O=C(OC1CC(OC2CCCCO2)CCO1)C12CCCCC1C1=CCC3C4CCC(OC5CCC(OC6CCCCO6)CO5)CC4CCC3C1CC2,[1*]C1OC(OC2C([2*])C([3*])OC(OC(=O)C34CCC([4*])([5*])CC3C3=CCC5C6([6*])CCC(OC7OC([7*])C(OC8OC([8*])C([9*])C([10*])C8[11*])C([12*])C7[13*])C([14*])([15*])C6CCC5([16*])C3([17*])CC4)C2[18*])C([19*])C([20*])C1[21*],1,10930,0.009149130832570906
O=C(OC1CCCC(COC2CCCCO2)O1)C1CCC2CCC3C(=CCC4C5CCC(OC6OCCCC6OC6CCCCO6)CC5CCC34)C2C1,[1*]C1(C(=O)OC2OC(COC3OC([2*])C([3*])C([4*])C3[5*])C([6*])C([7*])C2[8*])CCC2([9*])CCC3([10*])C(=CCC4C5([11*])CCC(OC6OC([12*])C([13*])C([14*])C6OC6OC([15*])C([16*])C([17*])C6[18*])C([19*])([20*])C5CCC43[21*])C2C1,1,10930,0.009149130832570906
O=c1cc(-c2ccccc2)oc2ccc(OC3CC(OC4CCCCO4)CCO3)cc12,[1*]c1ccc(-c2cc(=O)c3c([2*])c(OC4OC([3*])C([4*])C(OC5OC([5*])C([6*])C([7*])C5[8*])C4[9*])c([10*])cc3o2)cc1,1,10930,0.009149130832570906
O=c1cc(-c2ccccc2)oc2c(OC3CC(OC4CCCCO4)CCO3)cccc12,[1*]c1ccc(-c2cc(=O)c3c([2*])cc([3*])c(OC4OC([4*])C([5*])C(OC5OC([6*])C([7*])C([8*])C5[9*])C4[10*])c3o2)cc1,1,10930,0.009149130832570906
C1=C2C3CCCCC3CCC2C2CCC3C(COC4CCCCO4)C(OC4CCCCO4)CCC3C2C1,[1*]C1([2*])CCC2([3*])CCC3([4*])C(=CCC4C5([5*])CCC(OC6OC([6*])C([7*])C([8*])C6[9*])C([10*])(COC6OC([11*])C([12*])C([13*])C6[14*])C5CCC43[15*])C2C1[16*],1,10930,0.009149130832570906
C(CCOC1CCCOC1)COC1CCCOC1,[1*]C1OC([2*])C(OCCCCOC2C([3*])OC([4*])C([5*])C2[6*])C([7*])C1[8*],1,10930,0.009149130832570906
C1COC2OCCOC3OCCCC3OCCOC2C1,[1*]C1OC2OCCOC3OC([2*])C([3*])C([4*])C3OCCOC2C([5*])C1[6*],1,10930,0.009149130832570906
O=c1c(-c2ccccc2OC2CCCCO2)coc2ccccc12,[1*]c1cc2oc([2*])c(-c3cccc([3*])c3OC3OC([4*])C([5*])C([6*])C3[7*])c(=O)c2c([8*])c1[9*],1,10930,0.009149130832570906
O=C(OC1OCCCC1OC1CCCCO1)C12CCCCC1C1=CCC3C4CCCCC4CCC3C1CC2,[1*]C1([2*])CCC2(C(=O)OC3OC([3*])C([4*])C([5*])C3OC3OC([6*])C([7*])C([8*])C3[9*])C([10*])CC3([11*])C(=CCC4C5([12*])CCC([13*])C([14*])([15*])C5CCC43[16*])C2C1,1,10930,0.009149130832570906
O=c1cc(-c2ccccc2)oc2c(OC3CCC(OC4CCCCO4)CO3)cccc12,[1*]c1ccc(-c2cc(=O)c3c([2*])cc([3*])c(OC4OC([4*])C(OC5OCC([5*])C([6*])C5[7*])C([8*])C4[9*])c3o2)cc1,1,10930,0.009149130832570906
O=c1cc(-c2ccc(OC3CCCC(COC4CCCO4)O3)cc2)oc2ccccc12,[1*]c1cc([2*])c2c(=O)cc(-c3ccc(OC4OC(COC5OC([3*])C([4*])C5[5*])C([6*])C([7*])C4[8*])c([9*])c3)oc2c1,1,10930,0.009149130832570906
O=c1c(OC2CCCCO2)c(-c2ccccc2)oc2ccc(C3CCCCO3)cc12,[1*]c1cc(-c2oc3cc([2*])c(C4OC([3*])C([4*])C([5*])C4[6*])c([7*])c3c(=O)c2OC2OC([8*])C([9*])C([10*])C2[11*])ccc1[12*],1,10930,0.009149130832570906
C1CCC(OCCOCCOCCOCCOC2CCCCO2)OC1,[1*]C1OC(OCCOCCOCCOCCOC2OC([2*])C([3*])C([4*])C2[5*])C([6*])C([7*])C1[8*],1,10930,0.009149130832570906
O=C(OC1CCC(OC2CCCCO2)CO1)C12CCCCC1C1=CCC3C4CCC(OC5OCCCC5OC5CCCCO5)CC4CCC3C1CC2,[1*]C1OC(OC2C([2*])OC(OC(=O)C34CCC([3*])([4*])CC3C3=CCC5C6([5*])CCC(OC7OC([6*])C([7*])C([8*])C7OC7OC([9*])C([10*])C([11*])C7[12*])C([13*])([14*])C6CCC5([15*])C3([16*])CC4)C([17*])C2[18*])C([19*])C([20*])C1[21*],1,10930,0.009149130832570906
O=C(c1ccccc1)c1cc(OC2CCCCO2)cc(OC2CCCCO2)c1,[1*]c1ccc(C(=O)c2c([2*])c(OC3OC([3*])C([4*])C([5*])C3[6*])c([7*])c(OC3OC([8*])C([9*])C([10*])C3[11*])c2[12*])cc1,1,10930,0.009149130832570906
[c]1nc2cncnc2n1C1CCCO1,[1*]C1OC(n2[c]nc3c([2*])ncnc32)C([3*])C1[4*],1,10930,0.009149130832570906
O=c1c(C2CCCC(COC3CC(OC4CCCCO4)CCO3)O2)c(-c2ccccc2)oc2ccccc12,[1*]C1OC(OCC2OC(c3c(-c4ccc([2*])c([3*])c4)oc4cc([4*])cc([5*])c4c3=O)C([6*])C([7*])C2[8*])C([9*])C(OC2OC([10*])C([11*])C([12*])C2[13*])C1[14*],1,10930,0.009149130832570906
O=c1cc(-c2cccc(C3OCCCC3OC3CCCCO3)c2)oc2ccccc12,[1*]C1OC(OC2C(c3cc(-c4cc(=O)c5c([2*])cc([3*])cc5o4)cc([4*])c3[5*])OC([6*])C([7*])C2[8*])C([9*])C([10*])C1[11*],1,10930,0.009149130832570906
O=C1CC(c2ccccc2)Oc2cc(OC3OCCC3OC3CCCCO3)ccc21,[1*]c1cc(C2CC(=O)c3c([2*])cc(OC4OCC([3*])([4*])C4OC4OC([5*])C([6*])C([7*])C4[8*])cc3O2)ccc1[9*],1,10930,0.009149130832570906
C1CC2COC3CCCC(COC(C1)O2)O3,[1*]C1C2COC3OC(COC(O2)C([2*])C1[3*])C([4*])C([5*])C3[6*],1,10930,0.009149130832570906
[CH]1CCCOC1OC1CCCO1,[1*]C1OC(OC2([2*])OC([3*])C([4*])C2[5*])[C]([6*])C([7*])C1[8*],1,10930,0.009149130832570906
O=C1CC(c2ccc(OC3CCCCO3)cc2)Oc2cc(OC3CCCC(COC4CCCCO4)O3)ccc21,[1*]C1OC(OCC2OC(Oc3cc([2*])c4c(c3)OC(c3ccc(OC5OC([3*])C([4*])C([5*])C5[6*])c([7*])c3)CC4=O)C([8*])C([9*])C2[10*])C([11*])C([12*])C1[13*],1,10930,0.009149130832570906
O=C(OC1CCCC(COC2CCC(OC3CCCCO3)CO2)O1)C12CCCCC1C1=CCC3C4CCCCC4CCC3C1CC2,[1*]C1CCC2(C(=O)OC3OC(COC4OC([2*])C(OC5OC([3*])C([4*])C([5*])C5[6*])C([7*])C4[8*])C([9*])C([10*])C3[11*])CCC3([12*])C(=CCC4C5([13*])CC([14*])C([15*])C([16*])([17*])C5CCC43[18*])C2C1[19*],1,10930,0.009149130832570906
O=c1cc(-c2ccccc2)oc2ccc(C3CC(OC4CCCCO4)CCO3)cc12,[1*]c1cc(-c2cc(=O)c3c([2*])c(C4OC([3*])C([4*])C(OC5OC([5*])C([6*])C([7*])C5[8*])C4[9*])c([10*])cc3o2)ccc1[11*],1,10930,0.009149130832570906
O=C(OC1CCCCO1)C12CCCCC1C1=CCC3C4CCC(C5CC(OC6CC(OC7CCCCO7)CCO6)CCO5)CC4CCC3C1CC2,[1*]C1OC(C2C([2*])CC3([3*])C(CCC4([4*])C3CC=C3C5CC([5*])([6*])CCC5(C(=O)OC5OC([7*])C([8*])C([9*])C5[10*])CCC34[11*])C2([12*])[13*])C([14*])C(OC2OC([15*])C([16*])C(OC3OCC([17*])C([18*])C3[19*])C2[20*])C1[21*],1,10930,0.009149130832570906
O=C(CCCCOC1CCCC(COC2CCCCO2)O1)CC1C(=O)CC2C1CCC1C3CCC(OC4CCC(OC5OCCC(OC6CCCCO6)C5OC5CCCCO5)CO4)CC3CCC12,[1*]C(CCC(=O)C([2*])C1C(=O)CC2C3CCC4CC(OC5OC([3*])C(OC6OC([4*])C([5*])C(OC7OCC([6*])C([7*])C7[8*])C6OC6OC([9*])C([10*])C([11*])C6[12*])C([13*])C5[14*])CCC4([15*])C3CCC21[16*])COC1OC(COC2OCC([17*])C([18*])C2[19*])C([20*])C([21*])C1[22*],1,10930,0.009149130832570906
O=c1cc(-c2ccccc2)oc2cc(OC3CCC(OC4CCCO4)CO3)ccc12,[1*]c1cc(-c2cc(=O)c3c([2*])cc(OC4OC([3*])C(OC5([4*])OC([5*])C([6*])C5[7*])C([8*])C4[9*])cc3o2)cc([10*])c1[11*],1,10930,0.009149130832570906
O=c1cc(-c2ccccc2)oc2cccc(OC3CCC(OC4CCCCO4)CO3)c12,[1*]c1cc(-c2cc(=O)c3c(OC4OC([2*])C(OC5OC([3*])C([4*])C([5*])C5[6*])C([7*])C4[8*])cc([9*])cc3o2)cc([10*])c1[11*],1,10930,0.009149130832570906
O=C1C=C2C3CCCC(OC4CCCCO4)C3CCC2C2CCC3CC(OC4OCCCC4OC4CC(OC5CCCCO5)CCO4)CCC3C12,[1*]C1([2*])CC(OC2OCC([3*])C([4*])C2[5*])C2([6*])CCC3([7*])C(=CC(=O)C4C5([8*])CCC(OC6OC([9*])C([10*])C([11*])C6OC6OC([12*])C([13*])C(OC7OC([14*])C([15*])C([16*])C7[17*])C6[18*])C([19*])([20*])C5CCC43[21*])C2C1,1,10930,0.009149130832570906
O=C1CCCC2C3=CCC4C5CCC(OC6CCC(OC7CCC(OC8CCCCO8)CO7)CO6)CC5CCC4C3CCC12,[1*]C1OC(OC2C([2*])OC(OC3C([3*])OC(OC4CCC5([4*])C(CCC6([5*])C5CC=C5C7CC([6*])([7*])CC(=O)C7([8*])CCC56[9*])C4([10*])[11*])C([12*])C3[13*])C([14*])C2[15*])C([16*])C([17*])C1[18*],1,10930,0.009149130832570906
c1ccc(OCCC2CC2)cc1,[1*]c1cc([2*+])ccc1OCCC1CC1,1,10930,0.009149130832570906
C=C1CC23CCC4C(C(=O)OC5CCCCO5)CCCC45CC(CC1(OC1OCCC(OC4CCCCO4)C1OC1CCCCO1)C2)C35,[1*]C1(C(=O)OC2OC([2*])C([3*])C([4*])C2[5*])CCCC23CC4CC5(OC6OC([6*])C([7*])C(OC7OC([8*])C([9*])C([10*])C7[11*])C6OC6OC([12*])C([13*])C([14*])C6[15*])CC(CCC12)(CC5=C)C43,1,10930,0.009149130832570906
C=C1CC23CCC4C(C(=O)OC5CCC(OC6CCCCO6)CO5)CCCC4C2CCC1(OC1OCCC(OC2CCC(OC4CCCCO4)CO2)C1OC1CCCCO1)C3,[1*]C1(C(=O)OC2OC([2*])C(OC3OC([3*])C([4*])C([5*])C3[6*])C([7*])C2[8*])CCCC2([9*])C3CCC4(OC5OC([10*])C([11*])C(OC6OC([12*])C(OC7OC([13*])C([14*])C([15*])C7[16*])C([17*])C6[18*])C5OC5OC([19*])C([20*])C([21*])C5[22*])CC3(CCC12)CC4=C,1,10930,0.009149130832570906
C=C1CC23CCC4C(C(=O)OC5CCC(OC6CCCC(COC7CCCC(COC8CCCCO8)O7)O6)CO5)CCCC4C2CCC1(OC1OCCCC1OC1CCCCO1)C3,[1*]C1(C(=O)OC2OC([2*])C(OC3OC(COC4OC(COC5OC([3*])C([4*])C([5*])C5[6*])C([7*])C([8*])C4[9*])C([10*])C([11*])C3[12*])C([13*])C2[14*])CCCC2([15*])C3CCC4(OC5OC([16*])C([17*])C([18*])C5OC5OC([19*])C([20*])C([21*])C5[22*])CC3(CCC12)CC4=C,1,10930,0.009149130832570906
C=C1CC23CCC4C(C(=O)OC5CCCCO5)CCCC4C2CCC1(OC1OCCC(OC2CCCCC2)C1OC1CCCCO1)C3,[1*]C1(C(=O)OC2OC([2*])C([3*])C([4*])C2[5*])CCCC2([6*])C3CCC4(OC5OC([7*])C([8*])C(OC6CC([9*])C([10*])C([11*])C6[12*])C5OC5OC([13*])C([14*])C([15*])C5[16*])CC3(CCC12)CC4=C,1,10930,0.009149130832570906
O=[PH]1COC2CC(n3cnc4cncnc43)OC2CO1,[1*]c1ncnc2c1ncn2C1OC2COP([2*])(=O)COC2C1[3*],1,10930,0.009149130832570906
C=C1CC23CCC4C(C(=O)OC5OC(COC6CCCCO6)CCC5OC5CCCCO5)CCCC4C2CCC1(OC1OCCC(OC2CCCCO2)C1OC1CCCCO1)C3,[1*]C1(C(=O)OC2OC(COC3OC([2*])C([3*])C([4*])C3[5*])C([6*])C([7*])C2OC2OC([8*])C([9*])C([10*])C2[11*])CCCC2([12*])C3CCC4(OC5OC([13*])C([14*])C(OC6OC([15*])C([16*])C([17*])C6[18*])C5OC5OC([19*])C([20*])C([21*])C5[22*])CC3(CCC12)CC4=C,1,10930,0.009149130832570906
C1CCC(OCCC2COCO2)OC1,[1*]C1([2*])OC([3*])C(C([4*])COC2OCC([5*])C([6*])C2[7*])O1,1,10930,0.009149130832570906
C=C1CC23CCC4C(C(=O)OC5CCCCO5)CCCC4C2CCC1(OCC1CCCCO1)C3,[1*]C1(C(=O)OC2OC([2*])C([3*])C([4*])C2[5*])CCCC2([6*])C3CCC4(OCC5OC([7*])C([8*])C([9*])C5[10*])CC3(CCC12)CC4=C,1,10930,0.009149130832570906
O=C(CCc1ccccc1)c1ccc(OC2OCCCC2OC2CCCCC2)cc1,[1*]c1ccc(CCC(=O)c2c([2*])cc(OC3OC([3*])C([4*])C([5*])C3OC3CC([6*])C([7*])C([8*])C3[9*])cc2[10*])cc1[11*],1,10930,0.009149130832570906
O=C1CC(c2ccccc2)Oc2cc(OC3OCCCC3OC3CCCCC3)ccc21,[1*]c1ccc(C2CC(=O)c3c([2*])cc(OC4OC([3*])C([4*])C([5*])C4OC4CC([6*])C([7*])C([8*])C4[9*])cc3O2)cc1[10*],1,10930,0.009149130832570906
O=C(CCc1ccccc1)c1ccc(OC2OCCCC2OC2CCC3CC3C2)cc1,[1*]c1ccc(CCC(=O)c2c([2*])cc(OC3OC([3*])C([4*])C([5*])C3OC3CC4CC4C([6*])C3[7*])cc2[8*])cc1[9*],1,10930,0.009149130832570906
[CH]1[CH]O[CH]CC1,[1*][C]1O[C]([2*])[C]([3*])C([4*])C1[5*],1,10930,0.009149130832570906
O=C1CC(c2ccccc2)Oc2cc(OC3CC=CC(COC4CCCCO4)O3)ccc21,[1*]c1ccc(C2CC(=O)c3c([2*])cc(OC4OC(COC5OC([3*])C([4*])C([5*])C5[6*])C([7*])=C([8*])C4[9*])cc3O2)cc1[10*],1,10930,0.009149130832570906
C=C1CC23CCC4C(C(=O)OC5OCCC(OC6CCCCO6)C5OCCCOC5CCCCO5)CCCC4C2CCC1(OC1OCCCC1OC1CCCCO1)C3,[1*]C1(C(=O)OC2OC([2*])C([3*])C(OC3OC([4*])C([5*])C([6*])C3[7*])C2OC([8*])C([9*])C([10*])OC2OC([11*])C([12*])C([13*])C2[14*])CCCC2([15*])C3CCC4(OC5OC([16*])C([17*])C([18*])C5OC5OC([19*])C([20*])C([21*])C5[22*])CC3(CCC12)CC4=C,1,10930,0.009149130832570906
O=C(CCc1ccccc1)c1ccccc1OC1CCCC(COC2CCCCO2)O1,[1*]c1ccc(CCC(=O)c2c([3*])cc([4*])cc2OC2OC(COC3OCC([5*])C([6*])C3[7*])C([8*])C([9*])C2[10*])cc1[2*],1,10930,0.009149130832570906
C=C1CC23CCC4C(C(=O)OC5CCCCO5)CCCC4C2CCC1(OC1OCCC(OC2CCCCO2)C1OC1CCCCC1)C3,[1*]C1(C(=O)OC2OC([2*])C([3*])C([4*])C2[5*])CCCC2([6*])C3CCC4(OC5OC([7*])C([8*])C(OC6OC([9*])C([10*])C([11*])C6[12*])C5OC5CC([13*])C([14*])C([15*])C5[16*])CC3(CCC12)CC4=C,1,10930,0.009149130832570906
C=C1CC23CCC4C(C(=O)OC5OCCCC5OC5CCCCO5)CCCC4C2CCC1(OC1CC(OC2CCCCO2)CCO1)C3,[1*]C1(C(=O)OC2OC([2*])C([3*])C([4*])C2OC2OC([5*])C([6*])C([7*])C2[8*])CCCC2([9*])C3CCC4(OC5OC([10*])C([11*])C(OC6OC([12*])C([13*])C([14*])C6[15*])C5[16*])CC3(CCC12)CC4=C,1,10930,0.009149130832570906
C=C1CC23CCC4C(C(=O)OC5OCCC(OC6CCCCO6)C5OC5CCCCO5)CCCC4C2CCC1(OC1CC(OC2CCCCO2)CCO1)C3,[1*]C1(C(=O)OC2OC([2*])C([3*])C(OC3OC([4*])C([5*])C([6*])C3[7*])C2OC2OC([8*])C([9*])C([10*])C2[11*])CCCC2([12*])C3CCC4(OC5OC([13*])C([14*])C(OC6OC([15*])C([16*])C([17*])C6[18*])C5[19*])CC3(CCC12)CC4=C,1,10930,0.009149130832570906
C=C1CC23CCC4CCCCC4C2CCC1(OC1OCCC(OC2CCCCO2)C1OC1CC(OC2CCCCO2)CCO1)C3,[1*]C1([2*])CCCC2([3*])C1CCC13CC(=C)C(OC4OC([4*])C([5*])C(OC5OC([6*])C([7*])C([8*])C5[9*])C4OC4OC([10*])C([11*])C(OC5OC([12*])C([13*])C([14*])C5[15*])C4[16*])(CCC12)C3,1,10930,0.009149130832570906
C=C1CC23CCC4C(C(=O)OC5OCCCC5OC5CCCCO5)CCCC4C2CCC1(OC1OC(COC2CCCCO2)CC(OC2CCCCO2)C1OC1CCCCO1)C3,[1*]C1(C(=O)OC2OC([2*])C([3*])C([4*])C2OC2OC([5*])C([6*])C([7*])C2[8*])CCCC2([9*])C3CCC4(OC5OC(COC6OC([10*])C([11*])C([12*])C6[13*])C([14*])C(OC6OC([15*])C([16*])C([17*])C6[18*])C5OC5OC([19*])C([20*])C([21*])C5[22*])CC3(CCC12)CC4=C,1,10930,0.009149130832570906
C=C1CC23CC1(OC1OCCC(OC4CCCCO4)C1OC1CCCCO1)CCC2C1CCCCC1CC3C1OCCC(OC2CCCCO2)C1OC1CCCCO1,[1*]C1OC(OC23CCC4C5([11*])CCCC([12*])([13*])C5CC(C5OC([14*])C([15*])C(OC6OC([16*])C([17*])C([18*])C6[19*])C5OC5OC([20*])C([21*])C([22*])C5[23*])C4(CC2=C)C3)C(OC2OC([7*])C([8*])C([9*])C2[10*])C(OC2OC([3*])C([4*])C([5*])C2[6*])C1[2*],1,10930,0.009149130832570906
C=C1CC23CCC4C(C(=O)OC5OCCC(OC6CCCCO6)C5OC5CCCCO5)CCCC4C2CCC1C3,[1*]C1(C(=O)OC2OC([2*])C([3*])C(OC3OC([4*])C([5*])C([6*])C3[7*])C2OC2OC([8*])C([9*])C([10*])C2[11*])CCCC2([12*])C3CCC4([13*])CC3(CCC12)CC4=C,1,10930,0.009149130832570906
O=C1CCCC2OC12,[1*]C1CC(=O)C2([2*])OC2C1,1,10930,0.009149130832570906
C1CC2CCCC2C2CC2C1,[1*]C1CCC2C1C1C(CCC2([2*])[3*])C1([4*])[5*],1,10930,0.009149130832570906
