Murcko_Scaffold,Scaffold_with_Attachments,Count,Total Positive Molecules,Percentage
c1ccccc1,[1*]c1c([2*])cc([3*])c([4*])c1[5*],298,2422,12.303881090008257
O=c1cc(-c2ccccc2)oc2ccccc12,[1*]c1cc(-c2cc(=O)c3c([2*])c([3*])c([4*])c([5*])c3o2)cc([6*])c1[7*],50,2422,2.064409578860446
C1=CCCCC1,[1*]C1=CC([2*])C([3*])C([4*])C1,24,2422,0.990916597853014
C1CCCCC1,[1*]C1([2*])CC([3*])C([4*])C([5*])C1,22,2422,0.9083402146985963
C1CCOCC1,[1*]C1([2*])OCC([3*])C([4*])C1[5*],22,2422,0.9083402146985963
O=C1C=CCC1,[1*]C1([2*])C(=O)C([3*])=C([4*])C1([5*])[6*],21,2422,0.8670520231213872
O=C1NS(=O)(=O)c2ccccc21,[1*]N1C(=O)c2ccc([2*+])cc2S1(=O)=O,21,2422,0.8670520231213872
c1ccncc1,[1*]c1nc([2*])ccc1[3*],17,2422,0.7018992568125516
O=C(/C=C/c1ccccc1)c1ccccc1,[1*]c1c([2*])c([3*])c([4*])c([5*])c1C(=O)/C=C/c1ccc([6*])cc1,16,2422,0.6606110652353426
O=C(/C=C/c1ccccc1)Nc1ccccc1,[1*]c1cc(/C=C/C(=O)Nc2ccc([2*])cc2[3*])cc([4*])c1[5*],15,2422,0.6193228736581338
O=C1CC(=O)NC(=O)N1,[1*]C1([2*])C(=O)NC(=O)N([3*])C1=O,15,2422,0.6193228736581338
O=c1c(-c2ccccc2)coc2ccccc12,[1*]c1cc([2*])c2c(=O)c(-c3ccc([3*])c([4*])c3)coc2c1,14,2422,0.5780346820809248
O=C1CC(=O)NC=N1,[1*]C1([2*])C(=O)N=C([3*-])NC1=O,14,2422,0.5780346820809248
O=C1CC(c2ccccc2)Oc2ccccc21,[1*]c1cc([2*])cc2c1C(=O)C([5*])C(c1ccc([3*])c([4*])c1)O2,14,2422,0.5780346820809248
O=C1C=CC2C[C@H]3CCC[C@]13C2=O,[1*]C1=C([2*])C2([3*])C[C@H]3C([4*])([5*])C([6*])C[C@@]3(C1=O)C2=O,12,2422,0.495458298926507
O=c1ccc2ccccc2o1,[1*]c1cc2ccc(=O)oc2c([2*])c1[3*],12,2422,0.495458298926507
c1ccc(Cc2ccccc2)cc1,[1*]c1cc(Cc2ccc([2*])c([3*])c2)ccc1[4*],11,2422,0.45417010734929814
c1ccc2[nH]ccc2c1,[1*]c1c[nH]c2ccccc12,10,2422,0.41288191577208916
c1ccc2c(c1)OCO2,[1*]c1cc([2*])c2c(c1)OCO2,10,2422,0.41288191577208916
O=C1CNC(=O)[C@H](Cc2ccccc2)N1,[1*][C@@H]1NC(=O)[C@H](Cc2ccc([2*])cc2)NC1=O,9,2422,0.37159372419488024
O=C(C[NH2+]Cc1ccccc1)Nc1ccccc1,[1*-][N+]([2*])(CC(=O)Nc1c([3*])cccc1[4*])Cc1ccc([5*])cc1,9,2422,0.37159372419488024
c1ccc(O[C@H]2CCCCO2)cc1,[1*]c1c([2*])cc([3*])cc1O[C@@H]1O[C@H]([4*])[C@@H]([5*])[C@H]([6*])[C@H]1[7*],8,2422,0.3303055326176713
O=C(C=Cc1ccccc1)Nc1ccccc1,[1*]c1cc(C=CC(=O)Nc2ccc([2*])cc2[3*])cc([4*])c1[5*],8,2422,0.3303055326176713
O=c1c(OC2CCCCO2)c(-c2ccccc2)oc2ccccc12,[1*]c1cc(-c2oc3cc([2*])cc([3*])c3c(=O)c2OC2OC([4*])C([5*])C([6*])C2[7*])cc([8*])c1[9*],8,2422,0.3303055326176713
O=C1CC2CCCC3C4C(=O)C=CCC4CC(O1)C23,[1*]C1=CC([2*])C2CC3OC(=O)CC4([3*])C([4*])([5*])C([6*])C([7*])C(C2([8*])C1=O)C34[9*],8,2422,0.3303055326176713
O=C1CNC(=O)CN1,[1*][C@@H]1NC(=O)[C@@H]([2*])NC1=O,7,2422,0.2890173410404624
c1ccc2ccccc2c1,[1*]c1cccc2cccc([2*])c12,7,2422,0.2890173410404624
O=C1C=CC=CC1,[1*]C1=C([2*])C([3*])([4*])C(=O)C([5*])=C1[6*],7,2422,0.2890173410404624
O=c1[nH]c(=O)c2[nH]cnc2[nH]1,[1*]n1c(=O)c2c(ncn2[2*])n([3*])c1=O,7,2422,0.2890173410404624
O=C1C[C@@H](c2ccccc2)Oc2ccccc21,[1*]c1c([2*])cc2c(c1[3*])C(=O)[C@H]([4*])[C@@H](c1cc([5*])c([6*])c([7*])c1)O2,7,2422,0.2890173410404624
O=c1ccc2cc3ccoc3cc2o1,[1*]c1cc2cc3c([2*])cc(=O)oc3c([3*])c2o1,7,2422,0.2890173410404624
O=C(C=Cc1ccccc1)NCCc1ccccc1,[1*]c1cc(C=CC(=O)NCC([2*])c2ccc([3*])cc2)ccc1[4*],7,2422,0.2890173410404624
O=C(/C=C/c1ccccc1)OCC1CCCC(OC2OCCC2OC(=O)/C=C/c2ccccc2)O1,[1*]c1cc(/C=C/C(=O)OCC2OC(OC3([2*])OC([3*])C([4*])C3OC(=O)/C=C/c3ccc([5*])c([6*])c3)C([7*])C([8*])C2[9*])ccc1[10*],7,2422,0.2890173410404624
O=C(C=Cc1ccccc1)c1ccccc1,[1*]c1c([2*])c([3*])c([4*])c([5*])c1C(=O)C=Cc1ccc([6*])cc1,6,2422,0.2477291494632535
O=C1NCC(=O)N2CCC[C@@H]12,[1*][C@@H]1NC(=O)[C@@H]2CCCN2C1=O,6,2422,0.2477291494632535
O=C1C=CC2C3CCC[C@@H]3C[C@H]12,[1*]C1=C([2*])[C@@]2([3*])[C@H](C[C@H]3C([4*])([5*])[C@@H]([6*])C[C@]32[7*])C1=O,6,2422,0.2477291494632535
c1ccoc1,[1*]c1ccc([2*])o1,6,2422,0.2477291494632535
O=c1c(-c2ccccc2)coc2cc(OC3CCCCO3)ccc12,[1*]c1oc2cc(OC3OC([2*])C([3*])C([4*])C3[5*])cc([6*])c2c(=O)c1-c1ccc([7*])cc1,6,2422,0.2477291494632535
c1ccc(CCc2ccccc2)cc1,[1*]C(Cc1ccc([2*])c([3*])c1)c1ccccc1,6,2422,0.2477291494632535
O=C1c2ccccc2C(=O)c2ccccc21,[1*+]c1cc([2*+])c([3*])c2c1C(=O)c1c([6*+])cc([5*+])c([4*])c1C2=O,6,2422,0.2477291494632535
c1ccc(Nc2ccccc2)cc1,[1*]c1cccc(Nc2ccccc2[2*])c1[3*],5,2422,0.20644095788604458
c1ccc([C@@H]2CCc3ccccc3O2)cc1,[1*]c1cc([2*])c2c(c1)O[C@H](c1cc([3*])c([4*])c([5*])c1)[C@H]([6*])C2,5,2422,0.20644095788604458
O=c1c(-c2ccccc2)coc2cc(O[C@H]3CCCCO3)ccc12,[1*]c1ccc(-c2coc3cc(O[C@@H]4O[C@H]([2*])[C@@H]([3*])[C@H]([4*])[C@H]4[5*])cc([6*])c3c2=O)cc1,5,2422,0.20644095788604458
C1CCOC1,[1*]C1OC([2*])CC1[3*],5,2422,0.20644095788604458
c1cscn1,[1*]c1nc([2*])cs1,5,2422,0.20644095788604458
c1ccc2scnc2c1,[1*+]c1ccc2nc([2*])sc2c1,5,2422,0.20644095788604458
O=C1c2ccccc2OC[C@H]1Cc1ccccc1,[1*]c1c([2*])c([3*])c2c(c1[4*])OC[C@@H](Cc1ccc([5*])c([6*])c1)C2=O,5,2422,0.20644095788604458
c1ccc2c(CC3CC4CCN3CC4)ccnc2c1,[1*]C1CN2CCC1CC2C([2*])c1ccnc2ccc([3*])cc12,5,2422,0.20644095788604458
c1ccc2nc3ccccc3cc2c1,[1*]c1c2ccc([2*])cc2nc2ccc([3*])cc12,5,2422,0.20644095788604458
C1CCNCC1,[1*]C1CCCC([2*])N1,5,2422,0.20644095788604458
C1CCCC1,[1*]C1C([2*])([3*])CCC1([4*])[5*],5,2422,0.20644095788604458
O=C1CCCO1,[1*]C1CCOC1=O,5,2422,0.20644095788604458
c1ccc(OC2CCCCO2)cc1,[1*]c1c([2*])cc([3*])cc1OC1OC([4*])C([5*])C([6*])C1[7*],5,2422,0.20644095788604458
O=C1CC2=CCC3C4CCCC4CC(=O)C3C2CC1OC1CCCCO1,[1*]C1C([2*])CC2([3*])C3CC=C4C(CC(OC5OC([4*])C([5*])C([6*])C5[7*])C(=O)C4([8*])[9*])C3([10*])C(=O)CC12[11*],5,2422,0.20644095788604458
O=C1CC2CCC=C3C(=O)C=CC3C2O1,[1*]C1CC([2*])=C2C(=O)C=C([3*])C2C2OC(=O)C([4*])C12,5,2422,0.20644095788604458
C1=CCOCC1,[1*]C1=CCOCC1,4,2422,0.16515276630883566
c1ccc(C(c2ccccc2)N2CCNCC2)cc1,[1*]N1CCN(C(c2ccccc2)c2ccc([2*])cc2)CC1,4,2422,0.16515276630883566
O=c1cc[nH]c(=S)[nH]1,[1*]c1c[nH]c(=S)[nH]c1=O,4,2422,0.16515276630883566
O=C(Cc1ccccc1)O[C@H]1CCOC[C@@H]1OC(=O)Cc1ccccc1,[1*][C@@H]1O[C@H]([2*])[C@@H]([3*])[C@H](OC(=O)Cc2ccc([4*])c([5*])c2)[C@H]1OC(=O)Cc1ccc([6*])c([7*])c1,4,2422,0.16515276630883566
c1ccc2occc2c1,[1*]c1cccc2cc([2*])oc12,4,2422,0.16515276630883566
C1CC2CNC3C4CC2C3(C1)C1CC2CCC4C1C2,[1*]N1CC2([2*])C([3*])CC([4*])C34C5CC6([5*])C([6*])CC([7*])(C5C6[8*])C(C([9*])C23)C14,4,2422,0.16515276630883566
c1c[nH]cn1,[1*]c1cnc[nH]1,4,2422,0.16515276630883566
O=C(NCCc1c[nH]c2ccccc12)c1ccccc1,[1*][C@H](Cc1c[nH]c2ccccc12)NC(=O)c1ccc([2*+])cc1,4,2422,0.16515276630883566
O=C1C[C@@H](c2ccccc2)Oc2cc(O[C@@H]3OCCC[C@H]3O[C@H]3CCCCO3)ccc21,[1*][C@@H]1O[C@@H](O[C@H]2[C@H](Oc3cc([2*])c4c(c3)O[C@H](c3ccc([3*])c([4*])c3)CC4=O)O[C@H]([5*])[C@@H]([6*])[C@@H]2[7*])[C@H]([8*])[C@H]([9*])[C@H]1[10*],4,2422,0.16515276630883566
O=C1CC[C@@H]2C(=CC[C@H]3C4CCCC4CC(=O)C32)C1,[1*]C1[C@H]([2*])C[C@@]2([3*])[C@@H]3CC=C4[C@@H](C[C@H]([4*])C(=O)C4([5*])[6*])[C@]3([7*])C(=O)C[C@]12[8*],4,2422,0.16515276630883566
C1CCNC1,[1*]N1CCCC1[2*],4,2422,0.16515276630883566
O=C1C=CCC(=O)C1,[1*]C1=C([2*])C([3*])([4*])C(=O)C([5*])C1=O,4,2422,0.16515276630883566
C1=CCC=CC1,[1*]C1=CCC([2*])=CC1,4,2422,0.16515276630883566
c1ccc2ncccc2c1,[1*]c1ccnc2cc([2*])ccc12,4,2422,0.16515276630883566
O=C(CCc1ccccc1)c1ccccc1,[1*]c1ccc(CCC(=O)c2c([2*])cc([3*])cc2[4*])cc1,4,2422,0.16515276630883566
c1ccc(-c2ccc3ccccc3[o+]2)cc1,[1*]c1cc([2*])c2cc([3*])c(-c3ccc([4*])c([5*])c3)[o+]c2c1,4,2422,0.16515276630883566
c1ccc(C[NH2+]CCOCCOc2ccccc2)cc1,[1*]c1cc(OCCOCC[N+]([2*])([3*])Cc2ccccc2)ccc1[4*],4,2422,0.16515276630883566
O=C1CC2CCCC2C2C=Cc3ccc(OC4CCCCO4)cc3C12,[1*]C1C([2*])CC2([3*])C3C=Cc4c(cc(OC5OC([4*])C([5*])C([6*])C5[7*])c([8*])c4[9*])C3([10*])C(=O)CC12[11*],4,2422,0.16515276630883566
O=C1CC2CCCC2C2CCc3ccc(OC4CCCCO4)cc3C12,[1*]C1C([2*])CC2([3*])C3CCc4c(cc(OC5OC([4*])C([5*])C([6*])C5[7*])c([8*])c4[9*])C3([10*])C(=O)CC12[11*],4,2422,0.16515276630883566
C=C1CCCC2CC3OC(=O)C(=C)C3CC12,[1*]C12CC([2*])CC(=C)C1CC1C(=C)C(=O)OC1C2,4,2422,0.16515276630883566
O=C1OCCC2CC(OC3CCCCO3)OC=C12,[1*]C1C(OC2OC([2*])C([3*])C([4*])C2[5*])OC=C2C(=O)OC([6*])CC21,4,2422,0.16515276630883566
O=C1CC2=CCC3C4CCCC4CC(=O)C3C2C=C1OC1CCCCO1,[1*]C1C([2*])CC2([3*])C3CC=C4C(C=C(OC5OC([4*])C([5*])C([6*])C5[7*])C(=O)C4([8*])[9*])C3([10*])C(=O)CC12[11*],4,2422,0.16515276630883566
C1=C2C3CCCCC3CCC2C2CCC3CC(OC4CCCCO4)CCC3C2C1,[1*]C1C([2*])C2([3*])C([4*])CC3([5*])C(=CCC4C5([6*])CCC(OC6OC([7*])C([8*])C([9*])C6[10*])C([11*])([12*])C5CCC43[13*])C2CC1([14*])[15*],4,2422,0.16515276630883566
C=C1C(=O)OC2C=CCCC=CCCC12,[1*]C1=CC2OC(=O)C(=C)C2C([3*])CC([2*])=CCC1,3,2422,0.12386457473162675
c1ccccc1.c1ccccc1,[1*]c1ccccc1[2*].[3*]c1ccc([4*])cc1,3,2422,0.12386457473162675
c1ccc(COc2ccccc2)cc1,[1*]c1cccc(OCc2ccccc2)c1,3,2422,0.12386457473162675
C=C1C(=O)O[C@@H]2C=CCCC=CCC[C@@H]12,[1*]/C1=C/[C@H]2OC(=O)C(=C)[C@@H]2[C@@H]([4*])C/C([3*])=C/C[C@@H]1[2*],3,2422,0.12386457473162675
O=C1C=C(C2CCC3C2CCC2C4CCC(OC5CCCCO5)CC4CCC23)CO1,[1*]C1OC(OC2CC([2*])C3([3*])C4C([4*])CC5([5*])C(C6=CC(=O)OC6)CCC5([6*])C4CCC3([7*])C2)C([8*])C([9*])C1[10*],3,2422,0.12386457473162675
C=C1CC[C@H]2C(=C)CC[C@H]3C(=C)C(=O)O[C@@H]3[C@@H]12,[1*][C@H]1CC(=C)[C@@H]2C[C@H]([2*])C(=C)[C@@H]2[C@H]2OC(=O)C(=C)[C@@H]21,3,2422,0.12386457473162675
O=C(/C=C/c1ccccc1)c1cccc2c1OCCC2,[1*]c1cc([2*])c2c(c1C(=O)/C=C/c1ccc([3*])cc1)OC([4*])([5*])C([6*])C2,3,2422,0.12386457473162675
O=S(=O)(Nc1ncccn1)c1ccccc1,[1*]c1ccnc(NS(=O)(=O)c2ccc([2*])cc2)n1,3,2422,0.12386457473162675
c1ccc2nccnc2c1,[1*]c1nc2ccccc2nc1[2*],3,2422,0.12386457473162675
O=S(=O)(c1ccccc1)c1ccccc1,[1*+]c1ccc(S(=O)(=O)c2ccc([2*])cc2)cc1,3,2422,0.12386457473162675
O=C1C=CCCC1,[1*]C1=CC(=O)CC([2*])C1,3,2422,0.12386457473162675
C1=CC2CCCCC2C(OC2CCCCO2)C1,[1*]C1=C([2*])CC(OC2OCC([3*])C([4*])C2[5*])C2C([6*])([7*])CCCC12[8*],3,2422,0.12386457473162675
O=C(NC[C@@H]1CCCCO1)[C@@H]1CCCN1,[1*][C@@H]1C[C@@H](C(=O)N[C@H]([2*])[C@H]2O[C@H]([3*])[C@H]([4*])[C@@H]([5*])[C@H]2[6*])N([7*])C1,3,2422,0.12386457473162675
c1ccc(Cc2ccccn2)cc1,[1*]C(c1ccc([2*])cc1)c1ccccn1,3,2422,0.12386457473162675
c1ccc(CN(CC2=NCCN2)c2ccccc2)cc1,c1ccc(CN(CC2=NCCN2)c2ccccc2)cc1,3,2422,0.12386457473162675
O=c1c(O[C@H]2CCCCO2)c(-c2ccccc2)oc2ccccc12,[1*][C@@H]1O[C@@H](Oc2c(-c3ccc([2*])c([3*])c3)oc3cc([4*])cc([5*])c3c2=O)[C@H]([6*])[C@H]([7*])[C@H]1[8*],3,2422,0.12386457473162675
O=C1CC(c2ccccc2)Oc2cc(OC3OCCCC3OC3CCCCO3)ccc21,[1*]C1OC(OC2C(Oc3cc([2*])c4c(c3)OC(c3ccc([3*])c([4*])c3)CC4=O)OC([5*])C([6*])C2[7*])C([8*])C([9*])C1[10*],3,2422,0.12386457473162675
O=C1C2=COC[C@@H]3CC4CC[C@H]1C4C23,[1*]C1=C2C(=O)[C@H]3C[C@@H]([2*])[C@@]4([3*])C[C@@H](C([4*])([5*])O1)[C@]2([6*])[C@@]34[7*],3,2422,0.12386457473162675
C=C1C(=O)O[C@@H]2[C@H]3C=CC(=O)C3=CCC[C@@H]12,[1*]C1=CC(=O)C2=C([2*])C[C@H]([3*])[C@H]3C(=C)C(=O)O[C@@H]3[C@@H]12,3,2422,0.12386457473162675
c1ccc(-c2[o+]c3ccccc3cc2OC2CCCCO2)cc1,[1*]c1cc(-c2[o+]c3cc([2*])cc([3*])c3cc2OC2OC([4*])C([5*])C([6*])C2[7*])cc([8*])c1[9*],3,2422,0.12386457473162675
C1CCC(OC2CCCO2)OC1,[1*]C1OC(OC2([2*])OC([3*])C([4*])C2[5*])C([6*])C([7*])C1[8*],3,2422,0.12386457473162675
c1ccc(N(CC2=NCCN2)c2ccccc2)cc1,[1*]c1ccc(N(CC2=NCCN2)c2ccc([2*])cc2)cc1,3,2422,0.12386457473162675
O=C1C=C[C@@]23CCC[C@@H]2CC1C3=O,[1*]C1=C([2*])[C@@]23CC([3*])C([4*])([5*])[C@@H]2CC([6*])(C1=O)C3=O,3,2422,0.12386457473162675
c1ccc(C[SH+]c2nc3ccccc3[nH]2)nc1,[1*]c1ccc2nc([S+]([2*-])Cc3ncc([3*])c([4*])c3[5*])[nH]c2c1,3,2422,0.12386457473162675
c1ccc2c(C[C@@H]3CC4CCN3CC4)ccnc2c1,[1*][C@H]1CN2CC[C@@H]1C[C@H]2[C@H]([2*])c1ccnc2ccc([3*])cc12,3,2422,0.12386457473162675
O=C1CC2CCC3C4CCCCC4OC(=O)C13C2,[1*]C12C(CCC([2*])([3*])C1[4*])OC(=O)C13CC(CC([5*])C12)C([6*])C3=O,3,2422,0.12386457473162675
O=C1C=CC2C1CC1COCCC12,[1*]C1=C([2*])C2([3*])C(CC3C([4*])([5*])OC([6*])CC32[7*])C1=O,3,2422,0.12386457473162675
O=C1NC(=O)C(c2ccccc2)C(=O)N1,[1*]C1(c2ccccc2)C(=O)NC(=O)NC1=O,3,2422,0.12386457473162675
c1cnccn1,[1*]c1cnccn1,3,2422,0.12386457473162675
c1ncc(C[n+]2ccsc2)cn1,[1*]c1ncc(C[n+]2csc([2*])c2[3*])c([4*])n1,3,2422,0.12386457473162675
O=C(OC1Cc2cccc(C3CC(c4ccccc4)Oc4ccccc43)c2OC1c1ccccc1)c1ccccc1,[1*]c1cc([2*])c(C2c3c([3*])cc([4*])cc3OC(c3ccc([5*])c([6*])c3)C2[7*])c2c1CC(OC(=O)c1cc([11*])c([12*])c([13*])c1)C(c1cc([8*])c([9*])c([10*])c1)O2,3,2422,0.12386457473162675
c1cc[nH]c1,[1*]c1ccc([2*])n1[3*],3,2422,0.12386457473162675
O=C1CC(c2ccccc2)Oc2cc(OC3CCCC(COC4CCCCO4)O3)ccc21,[1*]c1ccc(C2CC(=O)c3c([2*])cc(OC4OC(COC5OC([3*])C([4*])C([5*])C5[6*])C([7*])C([8*])C4[9*])cc3O2)cc1[10*],3,2422,0.12386457473162675
O=C1NC(=O)C(C2=CCCCC2)C(=O)N1,[1*]N1C(=O)NC(=O)C([2*])(C2=CCCCC2)C1=O,3,2422,0.12386457473162675
c1ccc(Nc2ccnc3ccccc23)cc1,[1*]c1cc(Nc2ccnc3cc([2*])ccc23)ccc1[3*],3,2422,0.12386457473162675
O=C1C=CC2C(=CCC3C4CCCC4CC(=O)C23)C1,[1*]C1C([2*])CC2([3*])C3CC=C4C(C=C([4*])C(=O)C4([5*])[6*])C3([7*])C(=O)CC12[8*],3,2422,0.12386457473162675
O=C(CCc1ccccc1)c1ccccc1OC1CCCCO1,[1*]c1ccc(CCC(=O)c2c([2*])cc([3*])cc2OC2OC([4*])C([5*])C([6*])C2[7*])cc1,3,2422,0.12386457473162675
O=C(Oc1ccccc1)c1ccccc1,[1*]c1c([2*])cc(OC(=O)c2c([3*])cc([4*])c([5*])c2[6*])c([7*])c1[8*],3,2422,0.12386457473162675
c1ccc2nc3occc3cc2c1,[1*]c1cc2nc3occc3c([2*])c2cc1[3*],3,2422,0.12386457473162675
O=C1CCCCC1,[1*][C@@H]1CC[C@@H]([2*])CC1=O,3,2422,0.12386457473162675
O=C(CCc1c[nH]c2ccccc12)N1CCCC1,[1*][C@@H](Cc1c[nH]c2ccccc12)C(=O)N1CCC[C@H]1[2*],3,2422,0.12386457473162675
C1=C2C(CCC3CCCC[C@@H]23)C2CC[C@H]3CCCCC3[C@H]2C1,[1*]C1([2*])C[C@H]2C3=CC[C@@H]4[C@@]5([3*])CC[C@H]([4*])[C@@]([5*])([6*])[C@@H]5CC[C@@]4([7*])[C@]3([8*])C[C@H]([9*])[C@@]2([10*])[C@@H]([11*])[C@@H]1[12*],3,2422,0.12386457473162675
O=C(CCc1ccccc1)NCC(=O)N1CCC[C@H]1C(=O)NCC(=O)NCC(=O)NCC(=O)N1CCC[C@H]1C(=O)NCCc1c[nH]c2ccccc12,[1*]c1[nH]c2ccccc2c1C[C@@H]([2*])NC(=O)[C@@H]1CCCN1C(=O)[C@H]([3*])NC(=O)[C@H]([4*])NC(=O)[C@H]([5*])NC(=O)[C@@H]1CCCN1C(=O)CNC(=O)[C@@H]([6*])Cc1ccccc1,3,2422,0.12386457473162675
C1=C2c3cccc4[nH]cc(c34)C[C@H]2NCC1,[1*][C@@H]1C=C2c3cccc4[nH]cc(c34)C[C@H]2N([2*])C1,3,2422,0.12386457473162675
c1ccc2c(c1)Cc1ccccc1O2,[1*]C1c2ccccc2Oc2ccccc21,3,2422,0.12386457473162675
C1=C[C@H]2[C@H]3Cc4cccc5c4[C@@]2(CCN3)[C@H](C1)O5,[1*]N1CC[C@]23c4c5ccc([2*])c4O[C@H]2[C@@H]([3*])C=C[C@H]3[C@H]1C5,3,2422,0.12386457473162675
c1cc[nH+]cc1,[1*]c1ccc[n+]([2*])c1,3,2422,0.12386457473162675
O=C1C=CCO1,[1*]C1OC(=O)C([3*])=C1[2*],3,2422,0.12386457473162675
O=S(Cc1ccccn1)c1nc2ccccc2[nH]1,[1*]c1ccc2nc(S(=O)Cc3ncc([2*])c([3*])c3[4*])[nH]c2c1,3,2422,0.12386457473162675
O=C(CCc1ccccc1)NCC(=O)N1CCCC1C(=O)NCC(=O)NCC(=O)NCC(=O)N1CCCC1C(=O)NCCc1c[nH]c2ccccc12,[1*]c1[nH]c2ccccc2c1CC([2*])NC(=O)C1CCCN1C(=O)C([3*])NC(=O)C([4*])NC(=O)C([5*])NC(=O)C1CCCN1C(=O)CNC(=O)C([6*])Cc1ccccc1,3,2422,0.12386457473162675
C=C1C(=O)C23CCC4CCCCC4C2CCC1C3,[1*]C1CC2C([2*])([3*])C([4*])CC([5*])C2([6*])C2CCC3C(=C)C(=O)C12C3[7*],3,2422,0.12386457473162675
C1=C2C3CCCCC3CCC2C2CCC3CCCCC3C2C1,[1*]C1([2*])CCC2([3*])CCC3([4*])C(=CCC4C5([5*])CCC([6*])C([7*])([8*])C5CCC43[9*])C2C1,3,2422,0.12386457473162675
O=C1C=CC2CC3OC(=O)CC4C5CCC(C2C1)C34CO5,[1*]C1=CC(=O)C([2*])C2([3*])C1CC1OC(=O)C([4*])C3([5*])C4([6*])OCC13C2C([7*])C4[8*],3,2422,0.12386457473162675
O=C1OCC2OC(=O)c3ccccc3-c3cccc4c3C(=O)OC(C3Cc5cccc-4c5C(=O)O3)C2OC(=O)c2ccccc2-c2ccccc21,[1*]C1c2c([2*])c([3*])c([4*])c3c2C(=O)OC1C1OC(=O)c2c(c([5*])c([6*])c([7*])c2-3)-c2c(cc([8*])c([9*])c2[10*])C(=O)OC2COC(=O)c3cc([11*])c([12*])c([13*])c3-c3c(cc([14*])c([15*])c3[16*])C(=O)OC21,3,2422,0.12386457473162675
O=C1c2ccccc2NC2c3[nH]c4ccccc4c3CCN12,[1*]N1c2ccccc2C(=O)N2CCc3c([nH]c4ccc([2*])cc34)C21,3,2422,0.12386457473162675
O=C1CC2CC3OCOC3C3C4C(=O)C=CCC4CC(O1)C23,[1*]C1=CC([2*])C2CC3OC(=O)CC4([3*])C([4*])C5OCOC5C(C2([5*])C1=O)C34[6*],3,2422,0.12386457473162675
O=C1OCC(Cc2ccccc2)C1Cc1ccc(OC2CCCCO2)cc1,[1*]c1cc(CC2COC(=O)C2([2*])Cc2ccc(OC3OC([3*])C([4*])C([5*])C3[6*])c([7*])c2)ccc1[8*],3,2422,0.12386457473162675
c1ccc2c(c1)CC[n+]1cc3ccccc3cc1-2,[1*]c1cc2c(cc1[2*])CC[n+]1cc3c([3*])c([4*])ccc3cc1-2,3,2422,0.12386457473162675
O=c1ccc2ccc(OC3CCCCO3)cc2o1,[1*]c1cc2ccc(=O)oc2cc1OC1OC([2*])C([3*])C([4*])C1[5*],3,2422,0.12386457473162675
O=C1CC(=O)C(=O)C1,[1*]C1C(=O)C(=O)C([2*])([3*])C1=O,2,2422,0.08257638315441783
O=C(Nc1ccccc1)OCC(CN1CCCCC1)OC(=O)Nc1ccccc1,O=C(Nc1ccccc1)OCC(CN1CCCCC1)OC(=O)Nc1ccccc1,2,2422,0.08257638315441783
O=C(CCc1ccccc1)NCC(=O)N1CCC[C@H]1C(=O)NCC(=O)NCC(=O)NCC(=O)N1CCC[C@H]1C(=O)N[C@@H](Cc1c[nH]c2ccccc12)C(=O)N[C@@H](Cc1cnc[nH]1)C(=O)NCC(=O)N1CCCC1,[1*][C@@H](Cc1ccccc1)C(=O)N[C@@H]([2*])C(=O)N1CCC[C@H]1C(=O)N[C@@H]([3*])C(=O)N[C@@H]([4*])C(=O)N[C@@H]([5*])C(=O)N1CCC[C@H]1C(=O)N[C@@H](Cc1c[nH]c2ccccc12)C(=O)N[C@@H](Cc1cnc[nH]1)C(=O)N[C@@H]([6*])C(=O)N1CCC[C@H]1[7*],2,2422,0.08257638315441783
O=C1N[C@@H](Cc2ccccc2)C(=O)N2CCC[C@@H]12,[1*]c1ccc(C[C@@H]2NC(=O)[C@@H]3CCCN3C2=O)cc1,2,2422,0.08257638315441783
O=C1CC2CCC1C2,[1*]C12CCC(C1)C([2*])([3*])C2=O,2,2422,0.08257638315441783
O=S1(=O)NS(=O)(=O)c2ccccc21,[1*]N1S(=O)(=O)c2ccccc2S1(=O)=O,2,2422,0.08257638315441783
c1ccc(C2CCNCC2)cc1,[1*]C1(c2ccccc2)CCN([2*])CC1,2,2422,0.08257638315441783
O=C(OC1Cc2ccccc2OC1c1ccccc1)c1ccccc1,[1*]c1cc([2*])cc2c1CC(OC(=O)c1cc([6*])c([7*])c([8*])c1)C(c1cc([3*])c([4*])c([5*])c1)O2,2,2422,0.08257638315441783
c1ccc(C2CCc3ccccc3O2)cc1,[1*]c1cc([2*])c2c(c1)OC(c1cc([3*])c([4*])c([5*])c1)C([6*])C2,2,2422,0.08257638315441783
O=C1OCC[C@H]2C[C@H](O[C@@H]3OCCC[C@H]3OC(=O)c3ccccc3-c3ccccc3)OC=C12,[1*][C@H]1[C@H](O[C@@H]2O[C@H]([2*])[C@@H]([3*])[C@H]([4*])[C@H]2OC(=O)c2c([5*])cc([6*])cc2-c2cccc([7*])c2)OC=C2C(=O)OCC[C@H]21,2,2422,0.08257638315441783
O=C1C=CC2[C@H](CO1)CC(=O)C1[C@@H]2CCC2[C@H](c3ccoc3)OC(=O)[C@H]3O[C@@]123,[1*]C1([2*])OC(=O)C=C[C@]2([3*])[C@H]3[C@@H]([4*])C[C@@]4([5*])[C@H](c5ccoc5)OC(=O)[C@H]5O[C@]54[C@]3([6*])C(=O)C[C@@H]12,2,2422,0.08257638315441783
C=C1C(=O)O[C@H]2[C@H]1[C@@H](OC(=O)Cc1ccccc1)CC=C1C(=O)C=C[C@@H]12,[1*]C1=CC(=O)C2=C([2*])C[C@H](OC(=O)Cc3ccc([3*])cc3)[C@H]3C(=C)C(=O)O[C@@H]3[C@@H]12,2,2422,0.08257638315441783
O=C1c2ccccc2OC(c2ccccc2)C1OC1CCCCO1,[1*]C1OC(OC2C(=O)c3c([2*])cc([3*])cc3OC2c2ccc([4*])c([5*])c2)C([6*])C([7*])C1[8*],2,2422,0.08257638315441783
C=C1C(=O)C23CC1CCC2C12CCCCC1CC3OC2,[1*]C1C2CCC3C45COC([2*])(C([3*])C4C([4*])([5*])CCC5[6*])C13C(=O)C2=C,2,2422,0.08257638315441783
C1=CCSCC1,[1*]C1=CCSCC1,2,2422,0.08257638315441783
c1ccc(-c2[nH+]c3ccccc3c3ccccc23)cc1,[1*][n+]1c(-c2ccccc2)c2cc([2*])ccc2c2ccc([3*])cc21,2,2422,0.08257638315441783
c1ccc2nc3c(cc2c1)CCCC3,[1*]c1c2c(nc3ccccc13)CCCC2,2,2422,0.08257638315441783
O=C(c1ccccc1)c1ccccc1,[1*]c1ccc(C(=O)c2ccccc2[2*])c([3*])c1,2,2422,0.08257638315441783
C=C1C[C@@]23CC[C@@H]4C(C(=O)O[C@H]5CCCCO5)CCCC4[C@@H]2CC[C@]1(O[C@@H]1OCCC[C@H]1O[C@H]1CCCCO1)C3,[1*][C@@]12CCC[C@@]([2*])(C(=O)O[C@@H]3O[C@H]([3*])[C@@H]([4*])[C@H]([5*])[C@H]3[6*])[C@H]1CC[C@]13CC(=C)[C@](O[C@@H]4O[C@H]([7*])[C@@H]([8*])[C@H]([9*])[C@H]4O[C@@H]4O[C@H]([10*])[C@@H]([11*])[C@H]([12*])[C@H]4[13*])(CC[C@H]12)C3,2,2422,0.08257638315441783
O=C1O[C@@H]2C[C@H]1C1C[C@H]3O[C@]34C(=O)O[C@H]2C14,[1*][C@@H]1[C@H]2OC(=O)[C@@H]1[C@]1([2*])C[C@H]3O[C@]34C(=O)O[C@H]2[C@]14[3*],2,2422,0.08257638315441783
O=C(OC1CCCCO1)C12CCCCC1C1=CCC3C4CCC(OC5CC(OC6CCCCO6)CCO5)CC4CCC3C1CC2,[1*]C1CCC2(C(=O)OC3OC([2*])C([3*])C([4*])C3[5*])CCC3([6*])C(=CCC4C5([7*])CCC(OC6OCC([8*])C(OC7OC([9*])C([10*])C([11*])C7[12*])C6[13*])C([14*])([15*])C5CCC43[16*])C2C1([17*])[18*],2,2422,0.08257638315441783
O=C1C=C2CC[C@H]3[C@@H]4CCCC4CC[C@@H]3C2CC1,[1*][C@]12CCC(=O)C=C1CC[C@@H]1[C@@H]2[C@@H]([2*])C[C@@]2([3*])[C@H]1CC[C@]2([4*])[5*],2,2422,0.08257638315441783
O=C1CC(=O)N(c2ccccc2)N1c1ccccc1,[1*]C1([2*])C(=O)N(c2ccccc2)N(c2ccccc2)C1=O,2,2422,0.08257638315441783
O=C1CNC(=O)CNC(=O)C(Cc2ccccc2)NC(=O)CNC(=O)C2CCCN2C(=O)C(Cc2ccccc2)NC(=O)CNC(=O)CN1,[1*]C1NC(=O)C(Cc2ccccc2)NC(=O)C([2*])NC(=O)C2CCCN2C(=O)C(Cc2ccccc2)NC(=O)C([3*])NC(=O)C([4*])NC(=O)C([5*])NC1=O,2,2422,0.08257638315441783
O=C1C[C@@H]2CCC=C3C(=O)C=C[C@@H]3[C@H]2O1,[1*]C1=C2C(=O)C=C([2*])[C@@H]2[C@H]2OC(=O)[C@@H]([3*])[C@@H]2[C@@H]([4*])C1,2,2422,0.08257638315441783
c1ccc2c(c1)OCCO2,[1*]c1ccc2c(c1)OCCO2,2,2422,0.08257638315441783
c1ccc(CC2CCCCC2)cc1,[1*]C([2*])(c1ccccc1)C1CCCCC1,2,2422,0.08257638315441783
O=C1CC2CCCC2[C@@H]2CC=C3CCCC[C@H]3C12,[1*][C@H]1[C@H]([2*])C[C@@]2([3*])[C@@H]3CC=C4[C@@H](C[C@H]([4*])[C@@H]([5*])C4([6*])[7*])[C@]3([8*])C(=O)C[C@]12[9*],2,2422,0.08257638315441783
O=C1CC2CCC3OC34CC=CC4C2O1,[1*]C1CC2([2*])OC23CC=C([3*])C3C2OC(=O)C([4*])C12,2,2422,0.08257638315441783
C1=C2CC(OC3OCCC(OC4CCCCO4)C3OC3CCCCO3)CCC2C2CCC3C(CC4C3CC3CCCCN34)C2C1,[1*]C1CCN2C(C1)C([2*])C1C2CC2C3CC=C4CC(OC5OC([3*])C([4*])C(OC6OC([5*])C([6*])C([7*])C6[8*])C5OC5OC([9*])C([10*])C([11*])C5[12*])CCC4([13*])C3CCC21[14*],2,2422,0.08257638315441783
C1COCCN1,[1*]N1CCOCC1,2,2422,0.08257638315441783
O=C1C=CC(=O)C1,[1*]C1([2*])C(=O)C([3*])=C([4*])C1=O,2,2422,0.08257638315441783
O=C1CCC2C(CO1)CC(=O)C1C2CCC2C(c3ccoc3)OC(=O)C3OC321,[1*]C1CC(=O)OC([2*])([3*])C2CC(=O)C3([4*])C(CCC4([5*])C(c5ccoc5)OC(=O)C5OC543)C12[6*],2,2422,0.08257638315441783
c1ccc(CC2NCCc3ccccc32)cc1,[1*]c1cc2c(cc1[2*])C(Cc1ccc([3*])c([4*])c1)N([5*])CC2,2,2422,0.08257638315441783
c1ccc2c(c1)c1c3n2CCNC3=NCC1,[1*]c1ccc2c(c1)c1c3n2CCN([2*])C3=NCC1,2,2422,0.08257638315441783
C=C1C(=O)C23CC1CCC2C12COCC1CCCC2OC3=O,[1*]C1OCC23C(CC([4*])C([2*])([3*])C12)OC(=O)C12CC(CCC13)C(=C)C2=O,2,2422,0.08257638315441783
c1ccc2c(c1)C[C@H]1NCC[C@]23CCCC[C@H]13,[1*]c1ccc2c(c1)[C@]13CCCC[C@@H]1[C@@H](C2)N([2*])CC3,2,2422,0.08257638315441783
c1ccc(CCc2ccccc2)cc1.c1ccc2ccccc2c1,[1*]C([2*])(Cc1ccccc1)c1ccccc1.[3*]c1ccc2ccccc2c1,2,2422,0.08257638315441783
O=S1(=O)N=Cc2ccccc21,[1*]C1=NS(=O)(=O)c2cc([2*+])ccc21,2,2422,0.08257638315441783
O=c1ccn(C2CC2)c2cc(N3CCNCC3)ccc12,[1*]c1c(N2CCN[C@H]([2*])C2)c([3*])cc2c(=O)c([4*])cn(C3CC3)c12,2,2422,0.08257638315441783
c1ccc(OCCCCCOc2ccccc2)cc1,[1*]c1ccc(OCCCCCOc2ccc([2*])cc2)cc1,2,2422,0.08257638315441783
C1CC2CCC1C2,[1*]C12CCC(C1)C([2*])([3*])C2[4*],2,2422,0.08257638315441783
c1ccnnc1,[1*]c1ccc([2*])nn1,2,2422,0.08257638315441783
c1ccc([C@H]2C[C@H](c3cccc4c3O[C@@H](c3ccccc3)C[C@H]4c3cccc4c3O[C@@H](c3ccccc3)CC4)c3ccccc3O2)cc1,[1*]c1cc([2*])c2c(c1)O[C@@H](c1ccc([3*])c([4*])c1)[C@@H]([5*])[C@@H]2c1c([6*])cc([7*])c2c1O[C@@H](c1ccc([8*])c([9*])c1)[C@@H]([10*])[C@H]2c1c([11*])cc([12*])c2c1O[C@@H](c1ccc([13*])c([14*])c1)[C@@H]([15*])C2,2,2422,0.08257638315441783
c1ccc(-c2ccccc2)cc1,[1*]c1ccccc1-c1ccccc1,2,2422,0.08257638315441783
C1CCN2CC3CC(CN4CCCCC34)C2C1,[1*]C1CCCN2CC3CC(CN4CCCCC34)C12,2,2422,0.08257638315441783
c1ccc2c(CC3=NCCN3)cccc2c1,c1ccc2c(CC3=NCCN3)cccc2c1,2,2422,0.08257638315441783
S=c1[nH]cc[nH]1,[1*]n1ccn([2*])c1=S,2,2422,0.08257638315441783
c1ccc(C2CCCCC2)cc1,[1*]c1cccc([C@@]2([2*])CCCC[C@@H]2[3*])c1,2,2422,0.08257638315441783
O=C1CC(=O)NC(=O)[N-]1,[1*]C1([2*])C(=O)[N-]C(=O)NC1=O,2,2422,0.08257638315441783
c1ccc(Nc2ccccn2)cc1,[1*]c1c([2*])cccc1Nc1ncccc1[3*],2,2422,0.08257638315441783
c1ccc2c[n+]3c(cc2c1)-c1cc2c(cc1CC3)OCO2,[1*]c1ccc2cc3[n+](cc2c1[2*])CCc1cc2c(cc1-3)OCO2,2,2422,0.08257638315441783
C=C1c2ccccc2C=C2C(=O)C3C=CC(=O)C[C@@H]3C[C@H]12,[1*]c1cccc2c1C([2*])=C1C(=O)[C@]3([3*])C([4*])=C([5*])C(=O)[C@@H]([6*])[C@@H]3[C@@H]([7*])[C@@H]1C2=C,2,2422,0.08257638315441783
C1CCC(C2CCCCC2)CC1,[1*]C1(C2CCCCC2)CCCCC1,2,2422,0.08257638315441783
O=C1CCCCOC(=O)C[C@@H](O[C@H]2CCCCO2)C[C@@H](O[C@H]2CCCCO2)CCC1,[1*][C@H]1OC(=O)[C@H]([2*])[C@@H](O[C@H]2C[C@@]([3*])([4*])[C@@H]([5*])[C@H]([6*])O2)[C@H]([7*])[C@@H](O[C@@H]2O[C@H]([8*])C[C@H]([9*])[C@H]2[10*])[C@]([11*])([12*])C[C@@H]([13*])C(=O)[C@H]([14*])[C@@H]([15*])[C@]1([16*])[17*],2,2422,0.08257638315441783
O=C1OCCc2ccccc21,[1*]c1cc([2*])c2c(c1)C[C@@H]([3*])OC2=O,2,2422,0.08257638315441783
c1ccc(C(c2ccccc2)C2CCCCN2)cc1,[1*]C(c1ccccc1)(c1ccccc1)C1CCCCN1,2,2422,0.08257638315441783
O=C1CCC(N2CCCC2)=C1N1CCCC1,[1*]C1([2*])CC(N2CCCC2)=C(N2CCCC2)C1=O,2,2422,0.08257638315441783
O=c1[nH]c(=O)c2[nH]c(NCCNCCc3ccccc3)nc2[nH]1,[1*]C(Cc1ccccc1)N([2*])CCNc1nc2c(c(=O)n([3*])c(=O)n2[4*])n1[5*],2,2422,0.08257638315441783
O=C(CCN1CCCC1)c1ccccc1,[1*]c1ccc(C(=O)C([2*])CN2CCCC2)cc1,2,2422,0.08257638315441783
O=C(Cn1c(=O)sc2ccccc21)N1CCNCC1,[1*]c1ccc2sc(=O)n(CC(=O)N3CCN([2*])CC3)c2c1,2,2422,0.08257638315441783
O=C(/C=C/c1ccccc1)c1ccc2c(c1)CCCO2,[1*]c1cc2c(c([2*])c1C(=O)/C=C/c1ccc([3*])cc1)CC([4*])C([5*])([6*])O2,2,2422,0.08257638315441783
O=S(=O)(c1ccccc1)N1CCCCC1,[1*]c1ccc(S(=O)(=O)N2CCCCC2)cc1,2,2422,0.08257638315441783
C=C1CCCC=CC2OC(=O)CC2CC1,[1*]C1CCC([2*])=CC2OC(=O)C([3*])C2CC([4*])C1=C,2,2422,0.08257638315441783
c1ccc(C(c2ccccc2)C2CCNCC2)cc1,[1*]C(c1ccccc1)(c1ccccc1)C1CCNCC1,2,2422,0.08257638315441783
O=C1C=CC2C1CC1COCC12,[1*]C1OC([2*])([3*])C2CC3C(=O)C([4*])=C([5*])C3([6*])C12[7*],2,2422,0.08257638315441783
c1ccc2c(c1)CCc1ccccc1[NH2+]2,[1*][N+]1([2*-])c2ccccc2CCc2ccccc21,2,2422,0.08257638315441783
c1ccc(CN2CCN(CCOC(c3ccccc3)c3ccccc3)CC2)cc1,[1*]c1ccccc1CN1CCN(CCOC(c2ccccc2)c2ccccc2[2*])CC1,2,2422,0.08257638315441783
C1=CC2C=CC1CC2,[1*]C1=CC2C=CC1CC2,2,2422,0.08257638315441783
O=C1C(CN2CCCC2)=CC(=NC2=C3NC=CC=C3Nc3ccccc32)C=C1CN1CCCC1,[1*]C1=CC=C2Nc3cc([2*])ccc3C(N=C3C=C(CN4CCCC4)C(=O)C(CN4CCCC4)=C3)=C2N1,2,2422,0.08257638315441783
O=C1C[C@H](c2ccccc2)Sc2ccccc2N1,[1*]c1ccc([C@@H]2Sc3ccccc3N([2*])C(=O)[C@@H]2[3*])cc1,2,2422,0.08257638315441783
c1ccc(CN2CCc3ccsc3C2)cc1,[1*]c1c([2*])sc2c1CCN(Cc1ccccc1)C2,2,2422,0.08257638315441783
C1=CCCC=C1,[1*]C1=CC=C([2*])CC1,2,2422,0.08257638315441783
c1cncnc1,[1*]c1cc([2*])nc([3*])n1,2,2422,0.08257638315441783
C1=C[C@@H]2C[C@@H](C3CCCC4[C@@H]3CCC[C@]43CO3)O[C@@H]2O1,[1*][C@@]12[C@H](CC[C@@H]([5*])[C@]13CO3)[C@@]([4*])([C@@H]1C[C@H]3C=CO[C@H]3O1)[C@H]([3*])C[C@@H]2[2*],2,2422,0.08257638315441783
c1ccc(CCN2CCC(Nc3ccccc3)CC2)cc1,[1*]N(c1ccccc1)C1CCN(CCc2ccccc2)CC1,2,2422,0.08257638315441783
O=C(Cn1cnnn1)NC1C(=O)N2C=C(CSc3nncs3)CSC12,[1*]c1nnc(SCC2=C([2*])N3C(=O)C(NC(=O)Cn4cnnn4)C3SC2)s1,2,2422,0.08257638315441783
C=C1C[C@@]23CC[C@@H]4C(C(=O)O[C@H]5CCCCO5)CCCC4[C@@H]2CC[C@]1(O[C@@H]1OCC[C@H](O[C@H]2CCCCO2)[C@H]1O[C@H]1CCCCO1)C3,[1*][C@@]12CCC[C@@]([2*])(C(=O)O[C@@H]3O[C@H]([3*])[C@@H]([4*])[C@H]([5*])[C@H]3[6*])[C@H]1CC[C@]13CC(=C)[C@](O[C@@H]4O[C@H]([7*])[C@@H]([8*])[C@H](O[C@@H]5O[C@H]([9*])[C@@H]([10*])[C@H]([11*])[C@H]5[12*])[C@H]4O[C@@H]4O[C@@H]([13*])[C@H]([14*])[C@@H]([15*])[C@H]4[16*])(CC[C@H]12)C3,2,2422,0.08257638315441783
O=C1CC2CCC3C1(C2)C(=O)OC1CCCC2COCC213,[1*]C1CC2CC3(C(=O)OC4CCC([2*])([3*])C5C([4*])OCC45C13)C(=O)C2[5*],2,2422,0.08257638315441783
C1=CCNCC1,[1*]C1=CCCN([2*])C1,2,2422,0.08257638315441783
O=C(CCc1c[nH]c2ccccc12)N[C@@H](Cc1c[nH]c2ccccc12)C(=O)NCCc1c[nH]c2ccccc12,[1*][C@@H](Cc1c[nH]c2ccccc12)C(=O)N[C@@H](Cc1c[nH]c2ccccc12)C(=O)N[C@H]([2*])Cc1c[nH]c2ccccc12,2,2422,0.08257638315441783
c1ccc(Oc2ccccc2)cc1,[1*]c1cccc(Oc2ccccc2)c1,2,2422,0.08257638315441783
C1CC[C@@H](OC2CCCO2)OC1,[1*][C@H]1O[C@@]([2*])(O[C@H]2O[C@H]([3*])[C@@H]([4*])[C@H]([5*])[C@H]2[6*])[C@@H]([7*])[C@@H]1[8*],2,2422,0.08257638315441783
O=c1cc[nH]c2ccccc12,[1*]c1[nH]c2ccccc2c(=O)c1[2*],2,2422,0.08257638315441783
O=C1C=CC2CC[C@H]3CC(=O)O[C@@H]3C2=C1,[1*]C1=C2[C@H]3OC(=O)[C@@H]([2*])[C@@H]3[C@@H]([3*])C[C@@]2([4*])C=CC1=O,2,2422,0.08257638315441783
C=C1[C@H](O[C@H]2CCCCO2)OC=C[C@H]1CC(=O)OCCc1ccccc1,[1*]/C=C1/[C@H](O[C@@H]2O[C@H]([2*])[C@@H]([3*])[C@H]([4*])[C@H]2[5*])OC=C([6*])[C@H]1CC(=O)OCCc1ccc([7*])c([8*])c1,2,2422,0.08257638315441783
O=C1CC2C(CC34C5CCC36CC(=O)OC6OC24C(=O)O5)O1,[1*]C1C(=O)OC2C([2*])C34C5OC(=O)C3(OC3OC(=O)C([3*])C34C([4*])C5[5*])C12[6*],2,2422,0.08257638315441783
O=C(CCC1CCNCC1)c1ccnc2ccccc12,[1*][C@H]1CNCC[C@H]1CCC(=O)c1ccnc2ccc([2*])cc12,2,2422,0.08257638315441783
C=C1CCCC=C[C@H]2OC(=O)C(=C)[C@@H]2CC1,[1*]/C1=C\[C@H]2OC(=O)C(=C)[C@@H]2CCC(=C)[C@H]([2*])CC1,2,2422,0.08257638315441783
O=c1ccc2ccccc2[nH]1,[1*]c1c([2*])c(=O)[nH]c2ccccc12,2,2422,0.08257638315441783
C=C1C(=O)O[C@@H]2/C=C3/CC[C@H]4O[C@@]4(CC[C@@H]12)COC3,[1*][C@H]1C[C@@]23O[C@@H]2CC/C(=C/[C@H]2OC(=O)C(=C)[C@H]12)CO[C@H]3[2*],2,2422,0.08257638315441783
O=C1C=C[C@@H]2C[C@H]3OC(=O)C[C@H]4CCC5OC[C@@]43[C@H]5C2C1,[1*][C@H]1C(=O)O[C@@H]2C[C@H]3C([2*])=CC(=O)[C@@H]([3*])[C@]3([4*])[C@H]3[C@@]4([5*])OC[C@]32[C@@H]1[C@@H]([6*])[C@H]4[7*],2,2422,0.08257638315441783
O=C1CCNC(=O)C1,[1*]C1([2*])C(=O)NCC([3*])C1=O,2,2422,0.08257638315441783
C1CC[C@H]2CC[C@H]3[C@@H]4CCCC4CC[C@@H]3C2C1,[1*][C@H]1CC[C@H]2[C@@H]3[C@H]([2*])C[C@@H]4C[C@H]([3*])CC[C@]4([4*])[C@H]3C[C@H]([5*])[C@]12[6*],2,2422,0.08257638315441783
O=c1cc[nH]n1-c1ccccc1,[1*]c1c([2*])c(=O)n(-c2ccccc2)n1[3*],2,2422,0.08257638315441783
C1=C2C(CCC3CCCC[C@@H]23)C2CC[C@H]3C[C@@H](O[C@H]4CC[C@H](O[C@H]5C[C@H](O[C@H]6CCCCO6)CCO5)[C@@H](CO[C@H]5CCCCO5)O4)CCC3[C@H]2C1,[1*][C@@H]1O[C@@H](O[C@@H]2[C@@H]([2*])[C@H]([3*])O[C@@H](O[C@H]3[C@H]([4*])[C@@H]([5*])[C@H](O[C@H]4CC[C@]5([6*])[C@H]6CC=C7[C@@H]8CC([7*])([8*])CC[C@]8([9*])[C@H]([10*])C[C@@]7([11*])[C@]6([12*])CC[C@H]5C4([13*])[14*])O[C@@H]3CO[C@@H]3OC[C@@H]([15*])[C@H]([16*])[C@H]3[17*])[C@@H]2[18*])[C@H]([19*])[C@H]([20*])[C@H]1[21*],2,2422,0.08257638315441783
O=C1C[C@@H]2OCC=C3CN4CC[C@]56c7ccccc7N1[C@H]5[C@H]2[C@H]3C[C@H]46,[1*]c1cc2c(cc1[2*])[C@@]13CCN4CC5=CCO[C@H]6CC(=O)N2[C@H]1[C@H]6[C@H]5C[C@H]43,2,2422,0.08257638315441783
O=C1C=C[C@@H]2C(=CC[C@H]3C4CCCC4CC(=O)C32)C1,[1*][C@H]1[C@H]([2*])C[C@@]2([3*])[C@@H]3CC=C4[C@@H](C=C([4*])C(=O)C4([5*])[6*])[C@]3([7*])C(=O)C[C@]12[8*],2,2422,0.08257638315441783
c1ccc(OCCCOc2ccccc2)cc1,[1*]c1ccc(OCCCOc2ccc([2*])cc2)cc1,2,2422,0.08257638315441783
O=C(O[C@@H]1Cc2ccccc2O[C@@H]1c1ccccc1)c1ccccc1,[1*]c1cc([2*])cc2c1C[C@@H](OC(=O)c1cc([6*])c([7*])c([8*])c1)[C@@H](c1cc([3*])c([4*])c([5*])c1)O2,2,2422,0.08257638315441783
O=c1oc2ccccc2cc1Cc1cc2ccccc2oc1=O,[1*]C(c1c([2*])c2ccccc2oc1=O)c1c([3*])c2ccccc2oc1=O,2,2422,0.08257638315441783
O=C(/C=C/c1ccccc1)Oc1ccc(C(=O)O[C@H]2CCCCO2)cc1,[1*]c1cc(C(=O)O[C@@H]2O[C@H]([2*])[C@@H]([3*])[C@H]([4*])[C@H]2[5*])ccc1OC(=O)/C=C/c1ccccc1,2,2422,0.08257638315441783
O=C1C=C([C@H]2CCC3C2CC[C@@H]2C4CC[C@H](O[C@H]5CCCCO5)CC4CC[C@@H]32)CO1,[1*][C@@H]1O[C@@H](O[C@H]2C[C@@H]([2*])[C@]3([3*])[C@H]4[C@H]([4*])C[C@]5([5*])[C@@H](C6=CC(=O)OC6)CC[C@]5([6*])[C@@H]4CC[C@]3([7*])C2)[C@H]([8*])[C@H]([9*])[C@H]1[10*],2,2422,0.08257638315441783
c1ccc(C(CCN2CCCCC2)C2CCCC2)cc1,[1*]C(CCN1CCCCC1)(c1ccccc1)C1CCCC1,2,2422,0.08257638315441783
c1ccc(CCCNCCCc2ccccc2)cc1,[1*]N(CCCc1ccccc1)CCCc1ccccc1,2,2422,0.08257638315441783
C1CC[C@@H](O[C@@H]2CCC[C@H](O[C@@H]3CCCCO3)C2)OC1,[1*][C@@H]1CC[C@@H]([2*])[C@@H](O[C@H]2[C@H]([3*])[C@@H](O[C@H]3O[C@H]([4*])[C@@H]([5*])[C@H]([6*])[C@H]3[7*])[C@H]([8*])C[C@@H]2[9*])O1,2,2422,0.08257638315441783
c1ccc(CC2=NCCN2)cc1,c1ccc(CC2=NCCN2)cc1,2,2422,0.08257638315441783
O=C(OCC1OC(OC(=O)c2cccc(OC(=O)c3ccccc3)c2)C(OC(=O)c2cccc(OC(=O)c3ccccc3)c2)C(OC(=O)c2cccc(OC(=O)c3ccccc3)c2)C1OC(=O)c1cccc(OC(=O)c2ccccc2)c1)c1cccc(OC(=O)c2ccccc2)c1,[1*]c1cc(C(=O)OC2OC(COC(=O)c3cc([21*])c([22*])c(OC(=O)c4cc([23*])c([24*])c([25*])c4)c3)C(OC(=O)c3cc([16*])c([17*])c(OC(=O)c4cc([18*])c([19*])c([20*])c4)c3)C(OC(=O)c3cc([11*])c([12*])c(OC(=O)c4cc([13*])c([14*])c([15*])c4)c3)C2OC(=O)c2cc([6*])c([7*])c(OC(=O)c3cc([8*])c([9*])c([10*])c3)c2)cc(OC(=O)c2cc([3*])c([4*])c([5*])c2)c1[2*],2,2422,0.08257638315441783
O=S1(=O)N=CC=CO1,[1*]C1=CC([2*-])=NS(=O)(=O)O1,2,2422,0.08257638315441783
C1=C2CCCCC2[C@H]2CC[C@]34CNC[C@H]3CC[C@H]4[C@@H]2C1,[1*][C@H]1[C@H]2CC[C@H]3[C@@H]4CC=C5C[C@@H]([2*])CC[C@]5([3*])[C@H]4CC[C@]23CN1[4*],2,2422,0.08257638315441783
c1ccc(N=Nc2cccnc2)cc1,[1*]c1ccc(N=Nc2ccccc2)c([2*])n1,2,2422,0.08257638315441783
O=c1oc2ccccc2cc1Cc1ccccc1,[1*]C(c1ccccc1)c1c([2*-])c2ccccc2oc1=O,2,2422,0.08257638315441783
O=C1C=C[C@]23CCC[C@H]2CC(=O)C13,[1*][C@H]1C[C@]23C([2*])=C([3*])C(=O)[C@@]2([4*])C(=O)C[C@@H]3C1([5*])[6*],2,2422,0.08257638315441783
O=C(CCN1CCN(CCc2ccccc2)CC1)c1ccccc1,[1*]C(CN1CCN(CC([2*])C(=O)c2ccccc2)CC1)c1ccccc1,2,2422,0.08257638315441783
O=C(N1CCCC1)C(CCN1CCOCC1)(c1ccccc1)c1ccccc1,[1*][C@H](CN1CCOCC1)C(C(=O)N1CCCC1)(c1ccccc1)c1ccccc1,2,2422,0.08257638315441783
c1ccc(CCCNCCc2ccccc2)cc1,[1*]C(CCc1ccccc1)NCC([2*])c1ccc([3*])c([4*])c1,2,2422,0.08257638315441783
c1ccc2c(c1)[nH]c1cnccc12,[1*]c1ccc2c(c1)[nH]c1c([2*])nccc12,2,2422,0.08257638315441783
c1ccc2c(c1)CCC(CCNCCCc1nc3ccccc3[nH]1)C2,[1*][C@]1(CCN([2*])CCCc2nc3ccccc3[nH]2)CCc2cc([3*])ccc2[C@@H]1[4*],2,2422,0.08257638315441783
c1ccc(N(CCN2CCCCC2)Cc2ccccn2)cc1,c1ccc(N(CCN2CCCCC2)Cc2ccccn2)cc1,2,2422,0.08257638315441783
O=c1cccc2c(c1)CCCc1ccccc1-2,[1*]c1cc2c(c([2*])c1[3*])-c1ccc([4*])c(=O)cc1[C@@H]([5*])CC2,2,2422,0.08257638315441783
O=C1OC(c2ccccc2)(c2ccccc2)c2ccccc21,[1*]c1ccc(C2(c3ccc([3*])c([4*])c3)OC(=O)c3c([8*])c([7*])c([6*])c([5*])c32)cc1[2*],2,2422,0.08257638315441783
C1CC[NH+]([C@@H]2CC[C@@H]3CC[C@H]4[C@@H]5C[C@H]([NH+]6CCCCC6)CC5CC[C@@H]4C3C2)CC1,[1*][C@H]1C[C@@H]2CC[C@H]3[C@@H]4C[C@H]([N+]5([3*])CCCCC5)[C@H]([4*])[C@@]4([2*])CC[C@@H]3[C@@]2([5*])C[C@@H]1[N+]1([6*])CCCCC1,2,2422,0.08257638315441783
c1ccc(CCNCCOc2ccccc2)cc1,[1*]C(COc1ccccc1)NC([2*])C([3*])c1ccc([4*])cc1,2,2422,0.08257638315441783
O=C1C[C@@H](c2ccccc2)Oc2cc(O[C@H]3CCC[C@@H](CO[C@H]4CCCCO4)O3)ccc21,[1*]c1ccc([C@@H]2CC(=O)c3c([2*])cc(O[C@@H]4O[C@H](CO[C@@H]5O[C@H]([3*])[C@@H]([4*])[C@H]([5*])[C@H]5[6*])[C@H]([7*])[C@@H]([8*])[C@@H]4[9*])cc3O2)cc1[10*],2,2422,0.08257638315441783
C1C2CC3C1C3C2.C=C1CC2CCC1C2,[1*]C1([2*])C(=C)C2CCC1C2.[3*]C1([4*])C2CC3C(C2)C31[5*],2,2422,0.08257638315441783
C1CCC(OC2CCCC3CCCCC32)OC1,[1*]C1C([2*])([3*])CC(OC2OCC([4*])C([5*])C2[6*])C2C([7*])([8*])CC([9*])CC12[10*],2,2422,0.08257638315441783
C=C1C(=O)OC2CC=CCCC=CCC12,[1*]C1=CCCC([2*])=CC([3*])C2C(=C)C(=O)OC2C1,2,2422,0.08257638315441783
C=C1C(=O)OC2CCC=CCC12,[1*]C1CC2OC(=O)C(=C)C2CC=C1[2*],2,2422,0.08257638315441783
C=C1C(=O)OC2CC1C1C(=O)C3OC14C(CCC1C5C(=O)C=CCC5=CCC31)C(=O)OC24,[1*]C12CC(OC(=O)C1=C)C1([6*])OC(=O)C3([3*])CCC4C(C([4*])C=C5CC=CC(=O)C54[5*])C4([2*])OC31C2C4=O,2,2422,0.08257638315441783
C=C1CC2OCC34C(CC5C=CCCC5C23)OC(=O)CC14,[1*]C1C(=C)C2C([7*])C(=O)OC3CC4C([3*])=CC([4*])C([5*])C4([6*])C4C1([2*])OCC324,2,2422,0.08257638315441783
O=C(/C=C/c1ccccc1)OC1CCC(OC2CC3CCOC(=O)C3=CO2)OC1,[1*]C1C(OC2OC([2*])C(OC(=O)/C=C/c3ccc([3*])c([4*])c3)C([5*])C2[6*])OC=C2C(=O)OCCC21[7*],2,2422,0.08257638315441783
O=C(Cc1ccccc1)OC1CCCOC1,[1*]C1OC([2*])C([3*])C([4*])C1OC(=O)Cc1ccc([5*])c([6*])c1,2,2422,0.08257638315441783
O=C(Cc1ccccc1)OCC1CCCCO1,[1*]C1OC(COC(=O)Cc2ccc([2*])c([3*])c2)C([4*])C([5*])C1[6*],2,2422,0.08257638315441783
O=C(OCC1CCCCO1)c1ccccc1,[1*]C1OC(COC(=O)c2ccc([2*])cc2)C([3*])C([4*])C1[5*],2,2422,0.08257638315441783
C1=C2CCC(OC3CCCCO3)CC2C2CCC3CCCC3C2C1,[1*]C1C([2*])CC2([3*])C3CC=C4C(CC(OC5OC([4*])C([5*])C([6*])C5[7*])C([8*])C4([9*])[10*])C3([11*])CCC12[12*],2,2422,0.08257638315441783
O=C1CCC2C(=CCC3C4CCCC4CC(=O)C23)C1,[1*]C1C([2*])CC2([3*])C3CC=C4C(CC([4*])C(=O)C4([5*])[6*])C3([7*])C(=O)CC12[8*],2,2422,0.08257638315441783
O=C1OC(c2ccoc2)C2CCC3CCCC(=O)C3C23OC13,[1*]C1([2*])C([3*])CC(=O)C2([4*])C1CCC1([5*])C(c3ccoc3)OC(=O)C3OC312,2,2422,0.08257638315441783
O=C1CC2CC(=O)OC3CC4CCC(OC5CCCCO5)C(=O)C4C(C1)C23,[1*]C1C(=O)C([2*])C2CC(=O)OC3CC4C([3*])CC(OC5OC([4*])C([5*])C([6*])C5[7*])C(=O)C4([8*])C1C32[9*],2,2422,0.08257638315441783
O=C1CC2CCC(=O)C3C4C(=O)CCCC4CC(O1)C23,[1*]C1C(=O)C2C3([2*])C(=O)C([3*])CC([4*])C3CC3OC(=O)CC(C1[5*])C32[6*],2,2422,0.08257638315441783
O=C1CC2C(=CCC3C2CC2C4CC(=O)C5CC6OC6CC5C4CCC32)O1,[1*]C1C([2*])C2([3*])C(C([4*])C3C2C([5*])C=C2OC(=O)C([6*])([7*])C23[8*])C2C([9*])C(=O)C3CC4OC4C([10*])C3([11*])C12,2,2422,0.08257638315441783
O=C1CCCC2CCC3Cc4ccoc4CC3C12,[1*]C1C2C(Cc3occc3C2([2*])[3*])C2([4*])C(=O)CCC([5*])([6*])C2([7*])C1[8*],2,2422,0.08257638315441783
C1=C2C3CCCCC3CCC2C2CCC3CC(OC4OCCCC4OC4CCCCO4)CCC3C2C1,[1*]C1([2*])CCC2([3*])CCC3([4*])C(=CCC4C5([5*])CCC(OC6OC([6*])C([7*])C([8*])C6OC6OC([9*])C([10*])C([11*])C6[12*])C([13*])([14*])C5CCC43[15*])C2C1,2,2422,0.08257638315441783
O=C1C=C(C2CCC3C2CCC2C4CCCCC4CCC23)CO1,[1*]C12CCC3C(CCC4([2*])CC([3*])CCC34[4*])C1([5*])CCC2C1=CC(=O)OC1,2,2422,0.08257638315441783
O=C1CC2CCCC3C(=CC4C3C3CC5OC6CCC7CC(=O)OC7C54C63)C2O1,[1*]C1=C2C3OC(=O)C([2*])C3CCC([3*])([4*])C2C2C3C([5*])C4([6*])OC5([7*])CCC6C([8*])C(=O)OC6C4(C12)C35,2,2422,0.08257638315441783
O=C1CC2CCC3OCC24C(CC2C=CCCC2C34)O1,[1*]C1=CC([2*])C([3*])C2([4*])C1CC1OC(=O)C([5*])C3C([6*])C([7*])C4([8*])OCC13C42,2,2422,0.08257638315441783
O=C1CC2CCC3OCC24C(CC2C=CC(OC5CCCCO5)CC2C34)O1,[1*]C1=CC(OC2OC([2*])C([3*])C([4*])C2[5*])C([6*])C2([7*])C1CC1OC(=O)C([8*])C3C([9*])C([10*])C4([11*])OCC13C42,2,2422,0.08257638315441783
C=C1CCC2C(C1)C(=O)CC1CCCCC12,[1*]C1C(=C[2*])CCC2C1C(=O)CC1C([3*])([4*])C([5*])CCC21[6*],2,2422,0.08257638315441783
C1=CC2CCCC2C(OC2CCCCO2)O1,[1*]C1=COC(OC2OC([2*])C([3*])C([4*])C2[5*])C2C([6*])([7*])CCC12[8*],2,2422,0.08257638315441783
O=C(CNC(=O)C1CCCN1C(=O)CNC(=O)C1CCCN1C(=O)C(Cc1ccccc1)NC(=O)C1CCCN1C(=O)CCc1ccccc1)NCCc1cnc[nH]1,[1*]C(NC(=O)C1CCCN1C(=O)CNC(=O)C1CCCN1C(=O)C(Cc1ccccc1)NC(=O)C1CCCN1C(=O)C([2*])Cc1ccc([3*])cc1)C(=O)NC([4*])Cc1cnc[nH]1,2,2422,0.08257638315441783
O=C1N=CNC(=O)C1c1ccccc1,[1*]C1(c2ccccc2)C(=O)N=C([2*-])NC1=O,2,2422,0.08257638315441783
O=C(OC1C2CCC3C4CC5C6CCCC5(C(C2)C31)C4NC6)c1ccccc1,[1*]N1CC2([2*])C([3*])CC([4*])C34C5CC6([5*])C([6*])C([7*])C([8*])(C5C6OC(=O)c5ccccc5)C(C([9*])C23)C14,2,2422,0.08257638315441783
O=c1c(Cc2coc3ccccc3c2=O)coc2ccccc12,[1*]C(c1c([2*])oc2ccccc2c1=O)c1c([3*])oc2ccccc2c1=O,2,2422,0.08257638315441783
O=C(OC1CCC(OCC2CCCCO2)C1)c1ccccc1,[1*]C1([2*])C([3*])C(OC(=O)c2cc([4*])c([5*])c([6*])c2)C([7*])C1OCC1OC([8*])C([9*])C([10*])C1[11*],2,2422,0.08257638315441783
C=C1CCC2C(CCC3CCCCC32)C1,[1*]/C=C1\CCC2C(C([2*])CC3C([3*])([4*])C([5*])CCC23[6*])C1[7*],2,2422,0.08257638315441783
O=C1CC2C3CCC4C5CC(=O)C(OC6CCCCO6)=CC5CC(O1)C24CO3,[1*]C12OCC34C(CC5C([2*])=C(OC6OC([3*])C([4*])C([5*])C6[6*])C(=O)CC5([7*])C3C([8*])C1[9*])OC(=O)C([10*])C24,2,2422,0.08257638315441783
O=C1CC2C3CCC4C5C=C(OC6CCCCO6)C(=O)CC5CC(O1)C24CO3,[1*]C12OCC34C(CC5C([2*])C(=O)C(OC6OC([3*])C([4*])C([5*])C6[6*])=CC5([7*])C3C([8*])C1[9*])OC(=O)C([10*])C24,2,2422,0.08257638315441783
O=C1OC(c2ccoc2)CC2C1CC(OC1CCCCO1)C1C=CCCC12,[1*]C1=CC([2*])CC2C3([3*])CC(c4ccoc4)OC(=O)C3CC(OC3OC([4*])C([5*])C([6*])C3[7*])C12[8*],2,2422,0.08257638315441783
C=C1C(CC(=O)OCCc2ccccc2)C=COC1OC1CCCCO1,[1*]C1=COC(OC2OC([2*])C([3*])C([4*])C2[5*])C(=C[6*])C1CC(=O)OCCc1ccc([7*])c([8*])c1,2,2422,0.08257638315441783
O=c1ccc2ccc3occc3c2o1,[1*]c1c([2*])c2occc2c2oc(=O)ccc12,2,2422,0.08257638315441783
O=c1cc(-c2ccccc2)oc2cc(OC3CCCCO3)ccc12,[1*]c1c(OC2OC([2*])C([3*])C([4*])C2[5*])cc([6*])c2c(=O)cc(-c3ccccc3)oc12,2,2422,0.08257638315441783
O=C1OC[C@H](Cc2ccccc2)[C@H]1Cc1ccccc1,[1*]c1cc(C[C@H]2C(=O)OC[C@@H]2Cc2ccc([2*])c([3*])c2)ccc1[4*],2,2422,0.08257638315441783
c1ccc2[nH+]c3occc3cc2c1,[1*]c1cc2[nH+]c3occc3c([2*])c2cc1[3*],2,2422,0.08257638315441783
c1ccc(COC2CCCCO2)cc1,[1*]C(OC1OC([2*])C([3*])C([4*])C1[5*])c1ccc([6*])cc1,2,2422,0.08257638315441783
O=C(CCc1ccccc1)NC(Cc1ccccc1)C(=O)NCCc1ccccc1,[1*]C(Cc1ccccc1)C(=O)NC(Cc1ccccc1)C(=O)NC([2*])Cc1ccccc1,1,2422,0.041288191577208914
O=c1ccc2cc(O[C@H]3CCCCO3)ccc2o1,[1*][C@H]1O[C@@H](Oc2cc3ccc(=O)oc3cc2[5*])[C@H]([4*])[C@@H]([3*])[C@@H]1[2*],1,2422,0.041288191577208914
O=C1CC2CCC3C(=O)C=CCC3C2O1,[1*]C1C(=O)OC2C1CCC1([2*])C(=O)C=CC([3*])([4*])C21,1,2422,0.041288191577208914
O=C1C=CC2C(=C1)CC[C@H]1[C@@H]3CCCC3CC[C@H]21,[1*][C@]12C=CC(=O)C=C1CC[C@@H]1[C@@H]2[C@@H]([2*])C[C@@]2([3*])[C@H]1CC[C@]2([4*])[5*],1,2422,0.041288191577208914
O=C(NCC1CCCCO1)C1CCCN1,[1*]C1CC(C(=O)NC([2*])C2OC([3*])C([4*])C([5*])C2[6*])N([7*])C1,1,2422,0.041288191577208914
O=C(O[C@H]1[C@@H]2C=CO[C@@H](O[C@H]3CCCCO3)[C@@H]2C2O[C@H]21)c1ccccc1,[1*][C@H]1O[C@@H](O[C@@H]2OC=C[C@H]3[C@H](OC(=O)c4ccc([6*])cc4)[C@@H]4O[C@]4([5*])[C@@H]23)[C@H]([4*])[C@@H]([3*])[C@@H]1[2*],1,2422,0.041288191577208914
O=C1C=C[C@@H]2C[C@H]3OC(=O)C[C@H]4CCC[C@H](C2C1)C43,[1*]C1=CC(=O)[C@@H]([2*])[C@]2([3*])[C@H]3[C@@H]([4*])[C@H]([5*])[C@H]([6*])[C@@H]4CC(=O)O[C@H](C[C@@H]12)[C@]34[7*],1,2422,0.041288191577208914
c1coc(Cn2cccc2)c1,[1*]c1ccc([2*])n1Cc1ccc([3*])o1,1,2422,0.041288191577208914
O=C1CCC2=C1NCCC=C2,[1*]C1CC2=C(NCCC=C2)C1=O,1,2422,0.041288191577208914
C=C1C[C@@]23CC[C@@H]4C(C(=O)O[C@H]5CCCCO5)CCCC4[C@@H]2CC[C@]1(O[C@H]1CCCCO1)C3,[1*][C@@]12CCC[C@@]([2*])(C(=O)O[C@@H]3O[C@H]([3*])[C@@H]([4*])[C@H]([5*])[C@H]3[6*])[C@H]1CC[C@]13CC(=C)[C@](O[C@@H]4O[C@H]([7*])[C@@H]([8*])[C@H]([9*])[C@H]4[10*])(CC[C@H]12)C3,1,2422,0.041288191577208914
C1=C2C[C@@H](O[C@@H]3OC[C@@H](O[C@H]4CCCCO4)C[C@H]3O[C@H]3CCCCO3)CCC2[C@H]2CCC3[C@@H](C[C@@H]4O[C@]5(CCC(CO[C@H]6CCCCO6)O5)C[C@H]34)[C@@H]2C1,[1*][C@@H]1O[C@@H](O[C@H]2[C@H](O[C@H]3CC[C@@]4([2*])C(=CC[C@H]5[C@@H]6C[C@@H]7O[C@]8(CC[C@@]([3*])(CO[C@@H]9O[C@H]([4*])[C@@H]([5*])[C@H]([6*])[C@H]9[7*])O8)[C@@H]([8*])[C@@H]7[C@@]6([9*])CC[C@@H]54)C3)O[C@H]([10*])[C@@H](O[C@@H]3O[C@H]([11*])[C@@H]([12*])[C@H]([13*])[C@H]3[14*])[C@@H]2[15*])[C@H]([16*])[C@H]([17*])[C@H]1[18*],1,2422,0.041288191577208914
C1CC[NH+]2CCCCC2C1,[1*-][N+]12CCCCC1CCCC2[2*],1,2422,0.041288191577208914
C1=C2C[C@@H](O[C@H]3CCC(O[C@H]4CC[C@H](O[C@H]5CCCCO5)CO4)CO3)CCC2[C@H]2CCC3CCCC3[C@@H]2C1,[1*][C@@H]1C[C@H]2[C@@H](CC=C3C[C@@H](O[C@H]4C[C@H]([2*])C(O[C@H]5C[C@H]([3*])[C@H](O[C@@H]6O[C@H]([4*])[C@@H]([5*])[C@H]([6*])[C@H]6[7*])[C@@H]([8*])O5)[C@@H]([9*])O4)CC[C@@]32[10*])[C@]2([11*])CC[C@H]([12*])[C@@]12[13*],1,2422,0.041288191577208914
c1ccc2c(c1)CCN[C@@H]2C[C@@H]1CCN2CCc3ccccc3[C@@H]2C1,[1*][C@H]1CN2CCc3cc([2*])c([3*])cc3[C@@H]2C[C@@H]1C[C@H]1NCCc2cc([4*])c([5*])cc21,1,2422,0.041288191577208914
c1cc2cc(c1)-c1cccc(c1)C[C@@H]1NCCc3ccc4c(c31)Oc1cc3c(cc1O4)CCN[C@H]3C2,[1*]c1ccc2cc1-c1cc(ccc1[2*])C[C@H]1c3cc4c(cc3CCN1[3*])Oc1c([4*])cc3c(c1O4)[C@H](C2)N([5*])CC3,1,2422,0.041288191577208914
O=C(CNC(=O)CNC(=O)CNC(=O)C1CSC=N1)NCC(=O)NCC(=O)NCC(=O)N[C@H](Cc1ccccc1)C(=O)NCCc1cnc[nH]1.O=C(OCOC(=O)c1ccccc1)c1ccccc1,[1*]C1=NC(C(=O)N[C@@H]([2*])C(=O)N[C@H]([3*])C(=O)N[C@@H]([4*])C(=O)N[C@@H]([5*])C(=O)N[C@H]([6*])C(=O)N[C@@H]([7*])C(=O)N[C@H](Cc2ccccc2)C(=O)N[C@H]([8*])Cc2cnc[nH]2)CS1.[9*]c1ccccc1C(=O)OCOC(=O)c1ccccc1[10*],1,2422,0.041288191577208914
O=C1NC(=O)C(C2=CCCCCC2)C(=O)N1,[1*]C1(C2=CCCCCC2)C(=O)NC(=O)NC1=O,1,2422,0.041288191577208914
c1ccc(CO[C@H]2CCC[C@@H](CO[C@H]3CCCCO3)O2)cc1,[1*][C@H](O[C@@H]1O[C@H](CO[C@@H]2O[C@H]([2*])[C@@H]([3*])[C@H]([4*])[C@H]2[5*])[C@@H]([6*])[C@H]([7*])[C@H]1[8*])c1ccccc1,1,2422,0.041288191577208914
O=C1C[C@@H]2OCC=C3C[NH+]4CC[C@]56c7ccccc7N1[C@H]5[C@H]2[C@H]3C[C@H]46,[1*-][N+]12CC[C@@]34c5ccccc5N5C(=O)C[C@@H]6OCC=C(C1)[C@H](C[C@@H]32)[C@@H]6[C@H]54,1,2422,0.041288191577208914
O=C1CC[C@]2(CCC(=O)C3[C@@H]2CCC2[C@H](c4ccoc4)OC(=O)[C@H]4O[C@]234)CO1,[1*][C@@H]1CC(=O)[C@]2([2*])[C@H](CC[C@@]3([3*])[C@H](c4ccoc4)OC(=O)[C@H]4O[C@]432)[C@]12COC(=O)C[C@@H]2[4*],1,2422,0.041288191577208914
O=C1CC2CCC=CCCC=CC2O1,[1*]C1CC=C([2*])C([3*])CC2C(C=C1[4*])OC(=O)C2[5*],1,2422,0.041288191577208914
c1nc(Sc2cnc[nH]2)c2[nH]cnc2n1,[1*]n1cnc([2*+])c1Sc1ncnc2nc[nH]c12,1,2422,0.041288191577208914
C=C1C[C@]23C[C@H]1CC[C@H]2[C@@]12COC3C[C@@H]1CC=CC2=O,[1*]C12OC[C@]3(C(=O)C=CC([3*])([4*])[C@H]3[C@@H]1[2*])[C@@H]1CC[C@@H]3C[C@@]12[C@H]([5*])C3=C,1,2422,0.041288191577208914
O=C1C=C([C@H]2CCC3C2CC[C@@H]2C4CC[C@H](O[C@H]5CC[C@H](O[C@H]6CC[C@H](O[C@H]7CCCCO7)CO6)CO5)C[C@H]4CC[C@@H]32)CO1,[1*][C@H]1O[C@@H](O[C@H]2[C@@H]([2*])C[C@H](O[C@H]3[C@@H]([3*])C[C@H](O[C@H]4CC[C@@]5([4*])[C@H](CC[C@@H]6[C@@H]5CC[C@]5([5*])[C@@H](C7=CC(=O)OC7)CC[C@]65[6*])C4)O[C@@H]3[7*])O[C@@H]2[8*])C[C@H]([9*])[C@@H]1[10*],1,2422,0.041288191577208914
O=C1CCC2[C@H](CO1)CC(=O)C1[C@@H]2CCC2[C@H](c3ccoc3)OC(=O)[C@H]3O[C@@]123,[1*][C@H]1CC(=O)OC([2*])([3*])[C@@H]2CC(=O)[C@]3([4*])[C@H](CC[C@@]4([5*])[C@H](c5ccoc5)OC(=O)[C@H]5O[C@]543)[C@@]12[6*],1,2422,0.041288191577208914
O=c1ccc(C2CCC3C2CCC2C4CCCCC4CCC23)co1,[1*]C1CC2([2*])C3CCC4CC([3*])CCC4([4*])C3CCC2([5*])C1c1ccc(=O)oc1,1,2422,0.041288191577208914
C=C1CC[C@@H]2CCCCC2[C@@H]1C/C=C1\CCOC1=O,[1*][C@@]1([2*])[C@H]([3*])CC[C@@]2([4*])[C@H](C/C=C3/C(=O)OC[C@H]3[5*])C(=C)CC[C@H]12,1,2422,0.041288191577208914
O=C(C[NH2+]Cc1ccccc1)Nc1ccccc1.O=S1(=O)N=Cc2ccccc21,[1*][N+]([2*])(CC(=O)Nc1c([3*])cccc1[4*])Cc1ccccc1.[5*-]C1=NS(=O)(=O)c2ccccc21,1,2422,0.041288191577208914
O=C(CNC(=S)Nc1ccccc1)NCC(=O)OC1CC2CCC1C2,[1*]C(NC(=O)C([2*])NC(=S)Nc1ccc([3*])cc1)C(=O)OC1C2([4*])CCC(C2)C1([5*])[6*],1,2422,0.041288191577208914
O=C1CCC2(C3CCC4CC(=O)C3C4)COC(=O)C2C1,[1*]C1C(=O)C2([2*])CC1CCC2C12CCC(=O)C([3*])([4*])C1C(=O)OC2,1,2422,0.041288191577208914
c1cc2n(c1)C[C@]1(CCCCO1)OC2,[1*]c1ccc2n1C[C@]1(C[C@H]([2*])[C@H]([3*])CO1)OC2,1,2422,0.041288191577208914
O=C1CCOc2ccccc21,[1*]c1c([2*])c([3*])c([4*])c2c1OC([5*])([6*])CC2=O,1,2422,0.041288191577208914
C1=C2C[C@@H](O[C@@H]3OC[C@@H](O[C@H]4CCCCO4)C[C@H]3O[C@H]3CCCCO3)CCC2[C@H]2CCC3[C@@H](C[C@@H]4O[C@]5(CCCCO5)C[C@H]34)[C@@H]2C1,[1*][C@@H]1CC[C@@]2(OC1)O[C@H]1C[C@H]3[C@@H]4CC=C5C[C@@H](O[C@@H]6O[C@H]([2*])[C@@H](O[C@@H]7O[C@@H]([3*])[C@H]([4*])[C@@H]([5*])[C@H]7[6*])[C@H]([7*])[C@H]6O[C@@H]6O[C@@H]([8*])[C@H]([9*])[C@@H]([10*])[C@H]6[11*])CC[C@]5([12*])[C@H]4CC[C@]3([13*])[C@H]1[C@@H]2[14*],1,2422,0.041288191577208914
O=C(/C=C/c1ccccc1)OC1CCCCO1,[1*]c1cc(/C=C/C(=O)OC2OC([2*])C([3*])C([4*])C2[5*])cc([6*])c1[7*],1,2422,0.041288191577208914
O=C1CCCCCN1,O=C1CCCCCN1,1,2422,0.041288191577208914
O=C(C[SH+]Cc1ccco1)NCC=CCOc1cc(CN2CCCCC2)ccn1,[1*-][S+](CC(=O)NCC=CCOc1cc(CN2CCCCC2)ccn1)Cc1ccco1,1,2422,0.041288191577208914
C1CCC(CCC2CCCCC2)CC1,[1*]C1CCC(CCC2CCCCC2)CC1[2*],1,2422,0.041288191577208914
c1cnc2c(c1)ccc1cccnc12.c1cnc2c(c1)ccc1cccnc12.c1cnc2c(c1)ccc1cccnc12,c1cnc2c(c1)ccc1cccnc12.c1cnc2c(c1)ccc1cccnc12.c1cnc2c(c1)ccc1cccnc12,1,2422,0.041288191577208914
S=C(Nc1ccccc1)Nc1ccccc1,S=C(Nc1ccccc1)Nc1ccccc1,1,2422,0.041288191577208914
C1=CC2CC=C[C@@H]2CCC1,[1*][C@H]1[C@H]([2*])[C@H]2C([3*])=CC[C@@]2([4*])C([5*])=C[C@@H]1[6*],1,2422,0.041288191577208914
c1ccc(C2CC(c3cccc4c3OC(c3ccccc3)CC4)c3ccccc3O2)cc1,[1*]c1cc([2*])c2c(c1)OC(c1ccc([3*])c([4*])c1)C([5*])C2c1c([6*])cc([7*])c2c1OC(c1ccc([8*])c([9*])c1)C([10*])C2,1,2422,0.041288191577208914
O=C1O[C@@H]2CCC(CCc3ccoc3)C3CCCC1[C@@H]32,[1*][C@@H]1C[C@H]2OC(=O)[C@@]3([2*])CCC[C@@]([3*])([C@@H]23)[C@@]1([4*])CCc1ccoc1,1,2422,0.041288191577208914
O=C(CCc1c[nH]c2ccccc12)NCCc1c[nH]c2ccccc12,[1*][C@H](Cc1c[nH]c2ccccc12)C(=O)N[C@@H]([2*])Cc1c[nH]c2ccccc12,1,2422,0.041288191577208914
O=C(C[NH2+]CCc1ccccc1)Nc1ccccc1,[1*]c1cccc([2*])c1NC(=O)C[N+]([3*])([4*])CCc1ccc([5*])cc1,1,2422,0.041288191577208914
S=C1NCCN1,S=C1NCCN1,1,2422,0.041288191577208914
C1CCC23COC(CC2C1)C12CCC(CCC31)C2,[1*]C1CC2CC3(C([2*])C2[3*])C1C12COC3([4*])C([5*])C1C([6*])([7*])CCC2[8*],1,2422,0.041288191577208914
O=C(CCc1ccccc1)NCC(=O)NCCc1ccccc1,[1*]C(Cc1ccccc1)C(=O)NCC(=O)NC([2*])Cc1ccccc1,1,2422,0.041288191577208914
c1ccc2ncncc2c1,c1ccc2ncncc2c1,1,2422,0.041288191577208914
C(CCC1CC2C(C[C@@H]3C2CC[C@@H]2C4CC[C@H](O[C@H]5CC[C@H](O[C@H]6CCCCO6)CO5)CC4CC[C@H]23)O1)CO[C@H]1CCCCO1,[1*][C@H](CC[C@@]1([2*])OC2C[C@H]3[C@@H]4CCC5C[C@@H](O[C@@H]6O[C@H]([3*])[C@@H](O[C@@H]7O[C@@H]([4*])[C@H]([5*])[C@@H]([6*])[C@H]7[7*])[C@H]([8*])[C@H]6[9*])CC[C@]5([10*])[C@H]4CC[C@]3([11*])C2[C@@H]1[12*])CO[C@@H]1O[C@H]([13*])[C@@H]([14*])[C@H]([15*])[C@H]1[16*],1,2422,0.041288191577208914
C1COCO1,[1*]C1OCC([2*])O1,1,2422,0.041288191577208914
c1ccsc1,[1*]c1cccs1,1,2422,0.041288191577208914
c1ccc2c(c1)CC1COc3ccccc3C21,[1*]c1cc2c(cc1[2*])C1c3ccc([3*])c([4*])c3OCC1([5*])C2,1,2422,0.041288191577208914
c1cc2cc(c1)Oc1ccc(cc1)CC1NCCc3cccc(c31)Oc1ccc3c(c1)C(C2)NCC3,[1*]c1cc2c3cc1Oc1c([2*])c([3*])cc4c1C(Cc1ccc(cc1)Oc1cc(ccc1[4*])CC3N([5*])CC2)N([6*])CC4,1,2422,0.041288191577208914
O=C1CC2CC(=O)C3(C2)C(=O)OC2CCCC4COCC42C13,[1*]C1OCC23C(CCC([2*])([3*])C12)OC(=O)C12CC(CC(=O)C13)C([4*])C2=O,1,2422,0.041288191577208914
c1ccc(COCC2CCCC(OC3CCCO3)O2)cc1,[1*]C1OC([2*])(OC2OC(COCc3ccccc3)C([3*])C([4*])C2[5*])C([6*])C1[7*],1,2422,0.041288191577208914
O=C1CC(CC[C@@H]2CCCCC2=O)CC(=O)N1,[1*][C@@H]1C[C@@H]([C@H]([2*])CC2CC(=O)NC(=O)C2)C(=O)[C@@H]([3*])C1,1,2422,0.041288191577208914
O=C1CCC23CCCN4CCCC1C42CCC3,[1*]C1CC23CCCN4CCCC(C(=O)CC2)C43C1,1,2422,0.041288191577208914
c1cc2c(cc1CN1CCNCC1)OCO2,[1*]N1CCN(Cc2ccc3c(c2)OCO3)CC1,1,2422,0.041288191577208914
C1=C2C(CCC3CCCC[C@@H]23)C2CC[C@H]3C[C@@H](O[C@H]4C[C@@H](O[C@H]5CCCCO5)CCO4)CCC3[C@H]2C1,[1*]C1([2*])CC[C@]2([3*])CC[C@]3([4*])C(=CC[C@@H]4[C@@]5([5*])CC[C@H](O[C@@H]6O[C@H]([6*])[C@@H]([7*])[C@H](O[C@@H]7OC[C@@H]([8*])[C@H]([9*])[C@H]7[10*])[C@H]6[11*])C([12*])([13*])[C@@H]5CC[C@]43[14*])[C@@H]2C1,1,2422,0.041288191577208914
S=c1cc(-c2ccccc2)ss1,[1*]c1ccc(-c2cc(=S)ss2)cc1,1,2422,0.041288191577208914
O=C1/C(=C\c2ccco2)C[n+]2ccc(Cc3ccco3)cc21,[1*]C1/C(=C/c2ccco2)C(=O)c2cc(Cc3ccco3)c([2*-])c[n+]21,1,2422,0.041288191577208914
O=C1OCC2(C3CCCCC3)C=CCCC12,[1*]C1CCC(C23C=CC([2*])C([3*])([4*])C2C(=O)OC3)C([5*])C1,1,2422,0.041288191577208914
C=C1CC23CCC4CCCCC4C2CCC1(OC1OCCC(OC2CCCCO2)C1OC1CCCCO1)C3,[1*]C1([2*])CCCC2([3*])C1CCC13CC(=C)C(OC4OC([4*])C([5*])C(OC5OC([6*])C([7*])C([8*])C5[9*])C4OC4OC([10*])C([11*])C([12*])C4[13*])(CCC12)C3,1,2422,0.041288191577208914
c1ccc2[nH]cnc2c1,c1ccc2[nH]cnc2c1,1,2422,0.041288191577208914
O=C1C=C[C@@H](CO[C@H]2CCCCO2)O1,[1*][C@H]1O[C@@H](OC[C@@H]2C=CC(=O)O2)[C@H]([4*])[C@@H]([3*])[C@@H]1[2*],1,2422,0.041288191577208914
O=c1ccoc2ccccc12,[1*]c1cc([2*])c2c(=O)cc([3*])oc2c1,1,2422,0.041288191577208914
O=C(O[C@]12CCCC34C(NC1)C(C[C@@H]32)C1CC[C@@H]2CC1[C@H]4C2)c1ccccc1,[1*]N1C[C@]2(OC(=O)c3ccccc3[2*])CC[C@H]([3*])C34C1C(C[C@@H]32)[C@@]1([4*])C[C@H]([5*])[C@H]2C[C@@H]4[C@]1([6*])[C@H]2[7*],1,2422,0.041288191577208914
O=C1CCC[C@@H]2[C@H]3CCCN4CCC[C@@H](CN12)[C@@H]34,O=C1CCC[C@@H]2[C@H]3CCCN4CCC[C@@H](CN12)[C@@H]34,1,2422,0.041288191577208914
O=C1C=CC2C(=C1)CC[C@H]1[C@@H]3CCCC3CC(=O)[C@H]21,[1*][C@]12C=CC(=O)C=C1CC[C@@H]1[C@@H]2C(=O)C[C@@]2([2*])[C@H]1CC[C@]2([3*])[4*],1,2422,0.041288191577208914
O=C1[C@@H]2CCCN2C(=O)[C@@H]2CCCN12,O=C1[C@@H]2CCCN2C(=O)[C@@H]2CCCN12,1,2422,0.041288191577208914
O=C1Cn2cccc2CN1,[1*][C@@H]1C(=O)N([2*])Cc2ccc([3*])n21,1,2422,0.041288191577208914
O=C(Cc1ccccc1)OC1C[C@H]2CC[C@@H](C1)N2,[1*]N1[C@@H]2CC[C@H]1CC(OC(=O)C([2*])c1ccccc1)C2,1,2422,0.041288191577208914
c1cc(C2CCCCO2)cc([C@H]2CCCCO2)c1,[1*]c1c([2*])c(C2O[C@H]([3*])[C@H]([4*])[C@@H]([5*])[C@H]2[6*])c([7*])c([C@@H]2O[C@H]([8*])[C@H]([9*])[C@@H]([10*])[C@H]2[11*])c1[12*],1,2422,0.041288191577208914
O=C(Cc1ccccc1)Cc1ccccc1,O=C(Cc1ccccc1)Cc1ccccc1,1,2422,0.041288191577208914
O=C1C[C@H]2C=CC(=O)[C@@H]3C4C(=O)C=CC[C@@H]4C[C@@H](O1)C32,[1*]C1=C[C@@H]([2*])[C@@H]2C[C@H]3OC(=O)C[C@H]4C([3*])=C([4*])C(=O)[C@H]([C@@]2([5*])C1=O)[C@@]34[6*],1,2422,0.041288191577208914
O=c1c(OC2CCCCC2)c(-c2ccccc2)oc2ccccc12,[1*][C@H]1C[C@@H](Oc2c(-c3ccc([5*])c([6*])c3)oc3cc([7*])cc([8*])c3c2=O)[C@H]([4*])[C@@H]([3*])[C@@H]1[2*],1,2422,0.041288191577208914
c1ncc2ncn(C3CCCO3)c2n1,[1*]c1ncnc2c1ncn2C1OC([2*])C([3*])C1[4*],1,2422,0.041288191577208914
C(=C/c1ccccc1)\CNCCc1ccccc1,[1*]C(C([2*])c1ccccc1)N([3*])C/C=C/c1ccccc1,1,2422,0.041288191577208914
O=C1C[C@H]2CCC1C2,[1*]C1([2*])[C@@H]2CC[C@@]1([3*])C(=O)C2,1,2422,0.041288191577208914
O=C(CCc1ccccc1)c1ccccc1O[C@H]1CCCCO1,[1*]c1ccc(CCC(=O)c2c([2*])cc([3*])cc2O[C@@H]2O[C@H]([4*])[C@@H]([5*])[C@H]([6*])[C@H]2[7*])cc1,1,2422,0.041288191577208914
O=c1nc[nH]c2c1ncn2[C@H]1CCCO1,[1*][C@H]1O[C@@H](n2cnc3c(=O)nc[nH]c32)[C@H]([3*])[C@@H]1[2*],1,2422,0.041288191577208914
O=C(C=Cc1ccccc1)OC1CCCCC1,[1*]c1ccc(C=CC(=O)OC2CC([3*])([4*])CC([5*])C2[6*])cc1[2*],1,2422,0.041288191577208914
O=C1CCCC2CC3OCC12C1CCC2CC(=O)C31C2,[1*]C1C(=O)C23C([2*])C1CCC2C12COC3([3*])C([4*])C1C([5*])([6*])CCC2=O,1,2422,0.041288191577208914
C1CCN2CCCCC2C1,[1*][C@@H]1CCCN2CCCC[C@H]12,1,2422,0.041288191577208914
c1cc(CCC2CCCC3CCCC[C@@H]32)co1,[1*][C@@H]1C[C@]2([2*])[C@H](CC[C@@H]([3*])[C@]2([4*])[5*])[C@@]([6*])(C[C@@H]([7*])c2ccoc2)[C@@H]1[8*],1,2422,0.041288191577208914
O=C1c2ccccc2C([C@H]2CCCCO2)c2ccccc21,[1*]c1cccc2c1C(=O)c1c([7*])cc([6*])cc1[C@@H]2[C@@H]1O[C@H]([2*])[C@@H]([3*])[C@H]([4*])[C@H]1[5*],1,2422,0.041288191577208914
c1ccc2c(C[C@@H]3CC4CCN3CC4)ccnc2c1.c1ccc2c(C[C@@H]3CC4CCN3CC4)ccnc2c1,[1*][C@H]1CN2CCC1C[C@H]2[C@H]([2*])c1ccnc2ccc([3*])cc12.[4*][C@H]1CN2CCC1C[C@H]2[C@H]([5*])c1ccnc2ccc([6*])cc12,1,2422,0.041288191577208914
C=C1CC23CCC4C(C(=O)OC5CCCCO5)CCCC4C2CCC1(OC1OCCC(OC2CCCCO2)C1OC1CCCCO1)C3,[1*]C1(C(=O)OC2OC([2*])C([3*])C([4*])C2[5*])CCCC2([6*])C3CCC4(OC5OC([7*])C([8*])C(OC6OC([9*])C([10*])C([11*])C6[12*])C5OC5OCC([13*])C([14*])C5[15*])CC3(CCC12)CC4=C,1,2422,0.041288191577208914
O=C1C[C@@H]2CC=CCCCC=C[C@H]2O1,[1*]/C1=C/[C@H]2OC(=O)[C@@H]([2*])[C@@H]2[C@@H]([3*])/C=C(/[4*])[C@@H]([5*])CC1,1,2422,0.041288191577208914
O=C(Nc1ccccc1)NC1CCCCC1,[1*]c1ccc(NC(=O)N([2*])C2CCCCC2)cc1,1,2422,0.041288191577208914
C1=C2CCCCC2[C@H]2CCC3[C@@H](C[C@H]4[C@@H]3C[C@H]3CCCCN34)[C@@H]2C1,[1*][C@H]1CC[C@@H]2[C@@H]([2*])[C@H]3[C@H](C[C@H]4[C@@H]5CC=C6C[C@@H]([3*])CC[C@]6([4*])[C@H]5CC[C@]34[5*])N2C1,1,2422,0.041288191577208914
O=C1Nc2cccnc2N(C(=O)CN2CCNCC2)c2ccccc21,[1*]N1CCN(CC(=O)N2c3ccccc3C(=O)Nc3cccnc32)CC1,1,2422,0.041288191577208914
C1=C2C3CCCCC3CCC2C2CCC3CC(OC4CC(OC5CCCCO5)CCO4)CCC3C2C1,[1*]C1([2*])CCC2([3*])CCC3([4*])C(=CCC4C5([5*])CCC(OC6OC([6*])C([7*])C(OC7OCC([8*])C([9*])C7[10*])C6[11*])C([12*])([13*])C5CCC43[14*])C2C1,1,2422,0.041288191577208914
O=C1CCC2C3=C(CC[C@H]2C1)C1CCCC1CC3=O,[1*][C@H]1C[C@H]([2*])[C@@]2([3*])C3=C(C(=O)C[C@]12[4*])[C@@]1([5*])CCC(=O)C([6*])([7*])[C@@H]1C[C@@H]3[8*],1,2422,0.041288191577208914
O=C1CC(=O)CC(=O)C1,[1*][C@H]1C(=O)[C@H]([2*])C(=O)C([3*])([4*])C1=O,1,2422,0.041288191577208914
C=C1CC23CCC4C(C(=O)OC5CCC(OC6CCCCO6)CO5)CCCC4C2CC1C(=O)C3,[1*]C1(C(=O)OC2OC([2*])C(OC3OCC([3*])C([4*])C3[5*])C([6*])C2[7*])CCCC2([8*])C3C([9*])C4C(=C)CC3(CCC12)CC4=O,1,2422,0.041288191577208914
O=C1C=COS(=O)(=O)N1,[1*]C1=CC(=O)NS(=O)(=O)O1,1,2422,0.041288191577208914
O=C([CH-][NH2+]CCc1ccccc1)Nc1ccccc1,[1*]c1cccc([2*])c1NC(=O)[CH-][N+]([3*])([4*])CCc1ccc([5*])cc1,1,2422,0.041288191577208914
C=C1CC2OC[C@]34[C@H]2C2CC(=O)C=C[C@@H]2C[C@H]3OC(=O)C[C@@H]14,[1*][C@@H]1C(=C)[C@@H]2CC(=O)O[C@@H]3C[C@H]4C([5*])=CC(=O)[C@@H]([4*])[C@]4([3*])[C@H]4[C@@]1([2*])OC[C@]432,1,2422,0.041288191577208914
O=C1C[C@@H]2CCCC3=CCC=C3[C@H]2O1,[1*]C1=C2C(=CC1)[C@@]([2*])([3*])CC[C@H]1[C@H]([4*])C(=O)O[C@H]21,1,2422,0.041288191577208914
C=C1C(=O)[C@]23C[C@H]1CC[C@H]2[C@@]12COC3C[C@@H]1CC=CC2=O,[1*][C@@]12OC[C@]3(C(=O)C=CC([3*])([4*])[C@H]3[C@@H]1[2*])[C@@H]1CC[C@@H]3C[C@@]12C(=O)C3=C,1,2422,0.041288191577208914
c1ccc(Cc2cncnc2)cc1,[1*]c1cc(Cc2cnc([2*])nc2[3*])cc([4*])c1[5*],1,2422,0.041288191577208914
C=C1CC23CCC4CCCCC4C2CCC1(OC1OCCCC1OC1CCCCO1)C3,[1*]C1([2*])CCCC2([3*])C1CCC13CC(=C)C(OC4OC([4*])C([5*])C([6*])C4OC4OC([7*])C([8*])C([9*])C4[10*])(CCC12)C3,1,2422,0.041288191577208914
C=C1C(=O)O[C@H]2[C@H]1CCC1CCC=C[C@@H]12,[1*]C1=CC[C@@H]([2*])[C@]2([3*])CC[C@H]3C(=C)C(=O)O[C@@H]3[C@@H]12,1,2422,0.041288191577208914
O=C(O[C@H]1CCCCO1)[C@]12CCCC[C@H]1C1=CC[C@H]3C(CC[C@H]4C[C@@H](O[C@H]5C[C@@H](O[C@H]6CCCCO6)CCO5)CCC43)C1CC2,[1*]C1([2*])CC[C@]2(C(=O)O[C@@H]3O[C@H]([3*])[C@@H]([4*])[C@H]([5*])[C@H]3[6*])CC[C@]3([7*])C(=CC[C@@H]4[C@@]5([8*])CC[C@H](O[C@@H]6O[C@H]([9*])[C@@H]([10*])[C@H](O[C@@H]7OC[C@@H]([11*])[C@H]([12*])[C@H]7[13*])[C@H]6[14*])C([15*])([16*])[C@@H]5CC[C@]43[17*])[C@@H]2C1,1,2422,0.041288191577208914
C=C1C(=O)O[C@@H]2[C@@H]3OC3CC/C=C/CC[C@@H]12,[1*]/C1=C\CC[C@@]2([2*])O[C@H]2[C@H]2OC(=O)C(=C)[C@@H]2CC1,1,2422,0.041288191577208914
c1ccc2c3c([nH]c2c1)[C@@H]1C[C@@H]2CCCC[C@H]2CN1CC3,[1*][C@@H]1[C@H]2C[C@H]3c4[nH]c5ccccc5c4CCN3C[C@@H]2CC[C@@H]1[2*],1,2422,0.041288191577208914
O=C1CNC(=O)[C@@H](Cc2ccccc2)N1,[1*][C@@H]1NC(=O)[C@@H](Cc2ccccc2)NC1=O,1,2422,0.041288191577208914
O=C1O[C@@H]2CC[C@]3(CC[C@]4(C=COC4)O3)C3CCCC1[C@@H]32,[1*][C@@H]1C[C@H]2OC(=O)[C@@]3([2*])CCC[C@@]([3*])([C@@H]23)[C@@]12CC[C@]1(C=COC1)O2,1,2422,0.041288191577208914
C=C1C[C@@]23CC[C@@H]4CCCCC4[C@@H]2CC[C@]1(O[C@@H]1OCC[C@H](O[C@H]2CCCCO2)[C@H]1O[C@H]1CCCCO1)C3,[1*][C@@]12CCC[C@@]([2*])([3*])[C@H]1CC[C@]13CC(=C)[C@](O[C@@H]4O[C@H]([4*])[C@@H]([5*])[C@H](O[C@@H]5O[C@H]([6*])[C@@H]([7*])[C@H]([8*])[C@H]5[9*])[C@H]4O[C@@H]4O[C@H]([10*])[C@@H]([11*])[C@H]([12*])[C@H]4[13*])(CC[C@H]12)C3,1,2422,0.041288191577208914
c1ccc2c3c([nH]c2c1)CCC1CCCN(CC3)C1,[1*][C@@]12CCCN(CCc3c([nH]c4ccccc34)CC1)C2,1,2422,0.041288191577208914
O=C(OCc1ccccc1)c1ccccc1,[1*]c1ccc(COC(=O)c2ccccc2)cc1[2*],1,2422,0.041288191577208914
c1ncc2ncn([C@H]3CCCO3)c2n1,[1*]c1ncnc2c1ncn2[C@@H]1O[C@H]([2*])[C@@H]([3*])[C@H]1[4*],1,2422,0.041288191577208914
c1cnc(-n2cccn2)nc1,[1*]c1cc([2*])nc(-n2nc([3*])cc2[4*])n1,1,2422,0.041288191577208914
C=C1c2ccccc2COc2ccccc21,[1*]/C=C1\c2ccccc2COc2ccccc21,1,2422,0.041288191577208914
O=C1C[C@H]2CCC[C@@H]3C4C(=O)CCC[C@@H]4C[C@@H](O1)C23,[1*][C@H]1[C@H]([2*])[C@@H]2CC(=O)O[C@@H]3C[C@H]4[C@H]([3*])C[C@H]([4*])C(=O)[C@]4([5*])[C@@H]([C@@H]1[6*])[C@@]32[7*],1,2422,0.041288191577208914
O=C1CCC2(C3CCCCC3)COC(=O)C2C1,[1*]C1CCC(C23CCC(=O)C([2*])([3*])C2C(=O)OC3)C([4*])C1,1,2422,0.041288191577208914
N=C(Cc1c[nH]c2ccccc12)SC1CCCCO1,[1*]/N=C(\Cc1c[nH]c2ccccc12)SC1OC([2*])C([3*])C([4*])C1[5*],1,2422,0.041288191577208914
O=C1N=CNC(=O)C1c1ccccc1.O=C1N=CNC(=O)C1c1ccccc1,[1*]C1(c2ccccc2)C(=O)N=C([2*-])NC1=O.[3*]C1(c2ccccc2)C(=O)N=C([4*-])NC1=O,1,2422,0.041288191577208914
c1ccc2c(c1)C[C@H]1NCC[C@@]23CCCCC13,[1*]c1ccc2c(c1[2*])[C@]13CCN([3*])[C@H](C2)[C@]1([4*])CC[C@@H]([5*])C3,1,2422,0.041288191577208914
O=c1cc[nH]c2nc(N3CCNCC3)ccc12,[1*]n1cc([2*])c(=O)c2cc([3*])c(N3CCNCC3)nc21,1,2422,0.041288191577208914
O=C(/C=C/c1ccccc1)c1cccc2ccoc12,[1*]c1cc([2*])c2ccoc2c1C(=O)/C=C/c1ccc([3*])cc1,1,2422,0.041288191577208914
O=C(NC1CCCCC1)NS(=O)(=O)c1ccc(CCNC(=O)N2CC=CC2=O)cc1,[1*]C1=C([2*])CN(C(=O)NCCc2ccc(S(=O)(=O)NC(=O)NC3CCC([3*])CC3)cc2)C1=O,1,2422,0.041288191577208914
O=C1c2ccccc2CC1CC1CCN(Cc2ccccc2)CC1,[1*]c1cc2c(cc1[2*])C(=O)C(CC1CCN(Cc3ccccc3)CC1)C2,1,2422,0.041288191577208914
O=C1CC2C(CC[C@@H]2CCCC=CCO[C@H]2CCC[C@@H](CO[C@H]3CCCCO3)O2)[C@@H]2CC=C3C[C@@H](O[C@H]4CCCCO4)CC[C@H]3C12,[1*]/C(=C\CC[C@@H]([2*])[C@H]1CC[C@@]2([3*])[C@@H]3CC=C4[C@@H](CC[C@H](O[C@@H]5O[C@H]([4*])[C@@H]([5*])[C@H]([6*])[C@H]5[7*])C4([8*])[9*])[C@]3([10*])C(=O)C[C@]12[11*])CO[C@@H]1O[C@H](CO[C@@H]2O[C@H]([12*])[C@@H]([13*])[C@H]([14*])[C@H]2[15*])[C@@H]([16*])[C@H]([17*])[C@H]1[18*],1,2422,0.041288191577208914
O=C1CCC2[C@@H](C1)CC(=O)[C@H]1[C@@H]3CCCC3C(=O)C[C@H]21,[1*][C@H]1CC[C@H]2[C@@H]3C(=O)C[C@@H]4CC(=O)CC[C@]4([2*])[C@H]3CC(=O)[C@]12[3*],1,2422,0.041288191577208914
O=C1c2ccccc2C[C@@H]1CC1CCN(Cc2ccccc2)CC1,[1*]c1cc2c(cc1[2*])C(=O)[C@@H](CC1CCN(Cc3ccccc3)CC1)C2,1,2422,0.041288191577208914
O=C1C=C2CCCCC2CC1,[1*][C@@H]1CCC2=CC(=O)C[C@@H]([2*])[C@]2([3*])C1,1,2422,0.041288191577208914
C1=C[C@H]2CCC[C@H]2[C@H](O[C@H]2CCCCO2)O1,[1*]C1=CO[C@@H](O[C@@H]2O[C@H]([2*])[C@@H]([3*])[C@H]([4*])[C@H]2[5*])[C@@H]2[C@@H]([6*])[C@@H]([7*])C[C@H]12,1,2422,0.041288191577208914
O=c1c(-c2nn[nH]n2)cnc2ccccn12,[1*]c1cccn2c(=O)c(-c3nn[nH]n3)cnc12,1,2422,0.041288191577208914
O=C1C[C@@]23CC[C@H]4OC(=O)[C@]5(O[C@@H]2O1)C1CC(=O)O[C@H]1C[C@@]435,[1*][C@@H]1C(=O)O[C@H]2C[C@@]34[C@H]5C[C@@H]([2*])[C@]36[C@@H](OC(=O)[C@@H]6[3*])O[C@@]4(C(=O)O5)[C@]21[4*],1,2422,0.041288191577208914
N=C(C(=O)N[C@@H]1C(=O)N2C=CCS[C@H]12)c1cscn1,[1*]C1=C([2*])N2C(=O)[C@@H](NC(=O)/C(=N\[3*])c3csc([4*])n3)[C@H]2SC1,1,2422,0.041288191577208914
O=C1C=C[C@@H]2C(=CC[C@H]3C4C[C@H]5OCCC(=O)C[C@@H]5C4CC(=O)C32)C1,[1*][C@@H]1C(=O)C[C@@H]([2*])O[C@@H]2C[C@@]3([3*])[C@@H]4CC=C5[C@@H](C=C([4*])C(=O)C5([5*])[6*])[C@]4([7*])C(=O)C[C@]3([8*])[C@@H]12,1,2422,0.041288191577208914
O=C(O[C@H]1C[C@H]2CC[C@@H](C1)N2)c1ccccc1,[1*][C@H]1[C@H]2CC[C@@H](C[C@H]1OC(=O)c1ccccc1)N2[2*],1,2422,0.041288191577208914
O=C1COC(=O)N1,[1*]N1C(=O)OC([2*])([3*])C1=O,1,2422,0.041288191577208914
C=C1C(=O)O[C@@H]2[C@@H]3C=CC(=O)C3=CCC[C@@H]12,[1*]C1=CC(=O)C2=C([2*])CC[C@H]3C(=C)C(=O)O[C@@H]3[C@H]12,1,2422,0.041288191577208914
O=C(c1ccccc1)c1ccncc1,O=C(c1ccccc1)c1ccncc1,1,2422,0.041288191577208914
C1CC[C@@H](CO[C@H]2CCCCO2)OC1,[1*][C@H]1O[C@@H](OC[C@H]2O[C@@H]([2*])[C@H]([3*])[C@@H]([4*])[C@@H]2[5*])[C@H]([6*])[C@@H]([7*])[C@@H]1[8*],1,2422,0.041288191577208914
O=C1CC2CCC1C2.O=C1N(Cc2ccccc2)C2C[S+]3CCCC3C2N1Cc1ccccc1,O=C1N(Cc2ccccc2)C2C[S+]3CCCC3C2N1Cc1ccccc1.[1*]C1([2*])C2CCC1([3*])C(=O)C2,1,2422,0.041288191577208914
C=C1C[C@]23CC[C@@H]4C(C(=O)O[C@H]5CCCCO5)CCCC4[C@H]2CC[C@@]1(O[C@@H]1OCCC[C@@H]1O[C@H]1CCCCO1)C3,[1*][C@]12CCC[C@@]([2*])(C(=O)O[C@@H]3O[C@@H]([3*])[C@@H]([4*])[C@H]([5*])[C@@H]3[6*])[C@H]1CC[C@@]13CC(=C)[C@@](O[C@@H]4O[C@@H]([7*])[C@@H]([8*])[C@H]([9*])[C@@H]4O[C@@H]4O[C@@H]([10*])[C@@H]([11*])[C@H]([12*])[C@@H]4[13*])(CC[C@@H]12)C3,1,2422,0.041288191577208914
O=C(C=Cc1ccccc1)OC1CC2CCC1OC2=O,[1*]c1ccc(C=CC(=O)OC2CC3([3*])CC([4*])C2OC3=O)cc1[2*],1,2422,0.041288191577208914
C=C1C(=O)OC2C1CCC(=C)C1CC(=O)C(=C)C12,[1*]C1CC(=C)C2CC(=O)C(=C)C2C2OC(=O)C(=C)C12,1,2422,0.041288191577208914
O=C(CNC(=O)C1CCCCC1)SCCC(=O)N1CCCC1.O=C(CNC(=O)C1CCCCC1)SCCC(=O)N1CCCC1,[1*]C(CSC(=O)C([2*])NC(=O)C1CCCCC1)C(=O)N1CCCC1[3*].[4*]C(CSC(=O)C([5*])NC(=O)C1CCCCC1)C(=O)N1CCCC1[6*],1,2422,0.041288191577208914
O=C1CC(c2ccccc2)Oc2cc(OC3CCCCO3)ccc21,[1*]c1ccc(C2CC(=O)c3c([6*])cc(OC4OC([2*])C([3*])C([4*])C4[5*])cc3O2)cc1,1,2422,0.041288191577208914
C1=C2CCCCC2[C@H]2CCC3CCCC3[C@@H]2C1,[1*][C@@H]1C[C@H]2[C@@H](CC=C3C[C@@H]([2*])CC[C@@]32[3*])[C@@]2([4*])CC[C@@H]([5*])[C@@]12[6*],1,2422,0.041288191577208914
O=C(OCC1CCCC(Oc2ccccc2)O1)c1ccccc1,[1*]c1cc(OC2OC(COC(=O)c3cc([2*])c([3*])c([4*])c3)C([5*])C([6*])C2[7*])ccc1[8*],1,2422,0.041288191577208914
O=c1cc[nH]c2nc(N3CCNCC3)ncc12,[1*]n1cc([2*])c(=O)c2cnc(N3CCNCC3)nc21,1,2422,0.041288191577208914
O=C1CC[C@H]2C(CCC[C@@]23CO[C@H](c2ccoc2)C3)[C@]12CO2,[1*][C@@]12[C@H]([2*])C[C@@H]([3*])[C@]3(C[C@@H](c4ccoc4)O[C@@H]3[4*])[C@H]1CCC(=O)[C@@]21CO1,1,2422,0.041288191577208914
C=C1C(=O)O[C@@H]2CC3CCCC(=CC[C@@H]12)C3,[1*][C@@H]1[C@H]2OC(=O)C(=C)[C@@H]2CC=C2C[C@@]1([2*])CC[C@H]2[3*],1,2422,0.041288191577208914
S=C1NCCO1,[1*]C1CNC(=S)O1,1,2422,0.041288191577208914
C=C1CC23CCC4C5CCCC4(C4OCCN4C5)C2CCC1C3,[1*]C12CCCC3(C4OCCN4C1)C2CCC12CC(CCC13)C(=C)C2[2*],1,2422,0.041288191577208914
C1C2CC3C1C3C2.C=C1C[C@H]2CC[C@@H]1C2,[1*][C@]1([2*])C(=C)[C@@H]2CC[C@H]1C2.[3*][C@]1([4*])C2CC3[C@H](C2)C31[5*],1,2422,0.041288191577208914
C=C1CC23CCC4C(C(=O)OC5OCCCC5OC5CCCCO5)CCCC4C2CCC1(OC1OCCCC1OC1CCCCO1)C3,[1*]C1(C(=O)OC2OC([2*])C([3*])C([4*])C2OC2OC([5*])C([6*])C([7*])C2[8*])CCCC2([9*])C3CCC4(OC5OC([10*])C([11*])C([12*])C5OC5OC([13*])C([14*])C([15*])C5[16*])CC3(CCC12)CC4=C,1,2422,0.041288191577208914
O=C(CCc1ccccc1)NCCc1c[nH]c2ccccc12,[1*][C@@H](Cc1ccccc1)C(=O)N[C@H]([2*])Cc1c[nH]c2ccccc12,1,2422,0.041288191577208914
C1=C2CC(OC3OCC(OC4CCCCO4)CC3OC3CCCCO3)CCC2C2CCC3C(CC4C3CC3CCCCN34)C2C1,[1*]C1CCC2C([2*])C3C(CC4C5CC=C6CC(OC7OC([3*])C(OC8OC([4*])C([5*])C([6*])C8[7*])C([8*])C7OC7OC([9*])C([10*])C([11*])C7[12*])CCC6([13*])C5CCC43[14*])N2C1,1,2422,0.041288191577208914
O=C(C[NH+](Cc1ccccc1)Cc1ccccc1)Nc1ccccc1,[1*]c1cccc([2*])c1NC(=O)C[N+]([3*])(Cc1ccccc1)Cc1ccc([4*])cc1,1,2422,0.041288191577208914
C1=C[C@H]2C[C@@H]3OC3[C@H]2[C@H](O[C@H]2CCCCO2)O1,[1*][C@H]1O[C@@H](O[C@@H]2OC=C[C@H]3[C@H]([2*])[C@@H]4O[C@]4([3*])[C@@H]23)[C@H]([4*])[C@@H]([5*])[C@@H]1[6*],1,2422,0.041288191577208914
C=C1C(=O)O[C@@H]2CCC(=O)C[C@H]12,[1*][C@@]1([2*])C[C@H]2OC(=O)C(=C)[C@H]2CC1=O,1,2422,0.041288191577208914
O=C1C[C@@H]2OC[C@@H]3CC(=O)C4[C@H](CCC5[C@H](c6ccoc6)OC(=O)[C@H]6O[C@]546)[C@]32CO1,[1*]C1([2*])O[C@H]2CC(=O)OC[C@]23[C@H]2CC[C@@]4([3*])[C@H](c5ccoc5)OC(=O)[C@H]5O[C@]54[C@]2([4*])C(=O)C[C@@H]13,1,2422,0.041288191577208914
c1ccc(Cc2ccncc2)cc1,c1ccc(Cc2ccncc2)cc1,1,2422,0.041288191577208914
O=C1C=CC2C(=C1)CC[C@@H]1C2CCC2CCC[C@H]21,[1*][C@@H]1C[C@H]2[C@@H]3CCC4=CC(=O)C=C[C@]4([2*])[C@@]3([3*])[C@@H]([4*])C[C@]2([5*])[C@@]1([6*])[7*],1,2422,0.041288191577208914
O=C1CC2CCCC34C1CCCN3CCCC24,[1*]C1CC2CC(=O)C3CCCN4CCCC2C34C1,1,2422,0.041288191577208914
C1CCC(O[C@@H]2OCC[C@H]2O[C@H]2CCCCO2)CC1,[1*][C@@H]1[C@H](O[C@H]2[C@H](O[C@H]3[C@H]([2*])[C@@H]([3*])[C@H]([4*])[C@@H]([5*])[C@@H]3[6*])O[C@@H]([7*])[C@]2([8*])[9*])O[C@@H]([10*])[C@H]([11*])[C@H]1[12*],1,2422,0.041288191577208914
c1ccc2c(CC3CC4CCN3CC4)ccnc2c1.c1ccc2c(CC3CC4CCN3CC4)ccnc2c1,[1*]C1CN2CCC1CC2C([2*])c1ccnc2ccc([3*])cc12.[4*]C1CN2CCC1CC2C([5*])c1ccnc2ccc([6*])cc12,1,2422,0.041288191577208914
O=C1CC2[C@H](CC[C@]34CC(CO[C@H]5CCCCO5)[C@H](CC[C@@H]23)C4)c2ccoc21,[1*][C@@]12CC(=O)c3occc3[C@H]1CC[C@@]13C[C@@H](C[C@H]([2*])[C@@H]21)[C@@]([3*])(CO[C@@H]1O[C@H]([4*])[C@@H]([5*])[C@H]([6*])[C@H]1[7*])[C@@H]3[8*],1,2422,0.041288191577208914
O=c1ccc([C@H]2CCC3C2CC[C@@H]2C4CC[C@H](OC5CC(OC6CCCCO6)CCO5)C=C4CC[C@@H]32)co1,[1*]C1OC(O[C@@H]2C=C3CC[C@@H]4[C@H](CC[C@]5([2*])[C@@H](c6ccc(=O)oc6)CC[C@]45[3*])[C@@]3([4*])CC2)C([5*])C(OC2OC([6*])C([7*])C([8*])C2[9*])C1[10*],1,2422,0.041288191577208914
c1ccc(CCCO[C@H]2CCCCO2)cc1,[1*][C@H](CCc1ccc([2*])cc1)O[C@@H]1O[C@H]([3*])[C@@H]([4*])[C@H]([5*])[C@H]1[6*],1,2422,0.041288191577208914
O=c1ccc2ccc(Oc3cc4ccccc4oc3=O)cc2o1,[1*]c1cc2cc(Oc3ccc4ccc(=O)oc4c3)c(=O)oc2cc1[2*],1,2422,0.041288191577208914
C1=C2C[C@@H](O[C@@H]3OC[C@@H](O[C@H]4CCCCO4)C[C@H]3O[C@H]3CCCCO3)CCC2[C@H]2CCC3[C@@H](C[C@@H]4OC(CCCCO[C@H]5CCCCO5)C[C@H]34)[C@@H]2C1,[1*][C@H](CC[C@@]1([2*])O[C@H]2C[C@H]3[C@@H]4CC=C5C[C@@H](O[C@@H]6O[C@H]([3*])[C@@H](O[C@@H]7O[C@@H]([4*])[C@H]([5*])[C@@H]([6*])[C@H]7[7*])[C@H]([8*])[C@H]6O[C@@H]6O[C@@H]([9*])[C@H]([10*])[C@@H]([11*])[C@H]6[12*])CC[C@]5([13*])[C@H]4CC[C@]3([14*])[C@H]2[C@@H]1[15*])CO[C@@H]1O[C@H]([16*])[C@@H]([17*])[C@H]([18*])[C@H]1[19*],1,2422,0.041288191577208914
O=C1CC[C@H]2[C@H](O[C@H]3CCCCO3)OC=C[C@@H]12,[1*]C1=CO[C@@H](O[C@@H]2O[C@H]([2*])[C@@H]([3*])[C@H]([4*])[C@H]2[5*])[C@H]2[C@@H]1C(=O)C[C@@H]2[6*],1,2422,0.041288191577208914
C1=CC[C@@H](O[C@H]2CCCCO2)CC1,[1*]C1=C([2*])C([3*])([4*])C[C@H](O[C@@H]2O[C@H]([5*])[C@@H]([6*])[C@H]([7*])[C@H]2[8*])C1,1,2422,0.041288191577208914
O=C(OCC1CCCC(OC[C@H]2CCc3ccccc3[C@@H]2c2ccccc2)O1)c1ccccc1,[1*]c1cc([C@H]2c3c(cc([2*])c([3*])c3[4*])C[C@@H]([5*])[C@@H]2COC2OC(COC(=O)c3cc([6*])c([7*])c([8*])c3)C([9*])C([10*])C2[11*])cc([12*])c1[13*],1,2422,0.041288191577208914
O=C1CC2CC=CCCC=CC[C@@H]2O1,[1*]C1=C[C@H]([2*])C2[C@H](CC([3*])=CCC1)OC(=O)[C@@]2([4*])[5*],1,2422,0.041288191577208914
C1CCc2nnnn2CC1,C1CCc2nnnn2CC1,1,2422,0.041288191577208914
O=C1OC2CCCCC2C2CCC3CCC12C3,[1*]C12C(CCC([2*])([3*])C1[4*])OC(=O)C13CC(CC([5*])C12)C([6*])C3[7*],1,2422,0.041288191577208914
C1CC2CN[C@@H]3C4C[C@H]2C3(C1)[C@@H]1CC2CCC4[C@H]1C2,[1*]N1CC2([2*])C([3*])CC([4*])C34[C@@H]5C[C@]6([5*])C([6*])C([7*])[C@]([8*])(C(C([9*])[C@H]23)[C@@H]14)[C@H]5C6[10*],1,2422,0.041288191577208914
C=C1C(=O)[C@@]23CC[C@@H]4CCC(OOC5CCCCO5)CC4[C@@H]2CCC1C3,[1*]C1([2*])CC(OOC2OC([3*])C([4*])C([5*])C2[6*])C[C@]2([7*])[C@@H]1CC[C@@]13CC(CC[C@H]12)C(=C)C3=O,1,2422,0.041288191577208914
O=c1occc2ccccc12,O=c1occc2ccccc12,1,2422,0.041288191577208914
O=C1CC2CCC1C2.c1cc[nH+]cc1,[1*]C12CCC(C([2*])C1=O)C2([3*])[4*].[5*]c1ccc[n+]([6*])c1,1,2422,0.041288191577208914
O=C1NC(=O)C(C2C=CCC2)C(=O)N1,[1*]C1(C2C=CCC2)C(=O)NC(=O)NC1=O,1,2422,0.041288191577208914
c1ccc(CSCc2ccccc2)cc1,c1ccc(CSCc2ccccc2)cc1,1,2422,0.041288191577208914
C1CCN2C[C@@H]3C[C@@H](CN4CCCC[C@@H]34)[C@H]2C1,C1CCN2C[C@@H]3C[C@@H](CN4CCCC[C@@H]34)[C@H]2C1,1,2422,0.041288191577208914
O=C(C=Cc1ccccc1)OC1CC2CC(C1)C(=O)O2,[1*]c1ccc(C=CC(=O)OC2CC3([3*])CC(OC3=O)C2[4*])cc1[2*],1,2422,0.041288191577208914
O=C1C=C([C@H]2CCC3C4CCC5C[C@@H](O[C@H]6CCCCO6)CCC5C4CCC32)CO1,[1*]C1C[C@H](O[C@H]2CC[C@]3([2*])C4CC[C@]5([3*])[C@@H](C6=CC(=O)OC6)CC[C@]5([4*])C4CC[C@]3([5*])C2)OC([6*])[C@H]1[7*],1,2422,0.041288191577208914
C1=C2C(CCC3CCCC[C@@H]23)C2CC[C@H]3C[C@@H](O[C@H]4CCCCO4)CCC3[C@H]2C1,[1*]C1([2*])CC[C@]2([3*])CC[C@]3([4*])C(=CC[C@@H]4[C@@]5([5*])CC[C@H](O[C@@H]6O[C@H]([6*])[C@@H]([7*])[C@H]([8*])[C@H]6[9*])C([10*])([11*])[C@@H]5CC[C@]43[12*])[C@@H]2C1,1,2422,0.041288191577208914
O=C(NCc1ccccc1)Nc1ccccc1,[1*]c1ccc(NC(=O)N([2*])Cc2ccccc2)cc1,1,2422,0.041288191577208914
c1ccc([C@H]2COc3ccccc3C2)cc1,[1*]c1ccc([C@H]2COc3cc([2*])ccc3C2)cc1,1,2422,0.041288191577208914
C1OC2OC[C@H]3OCO[C@H]3[C@@H]2O1,[1*]C1([2*])O[C@@H]2[C@@H](CO[C@@]3([3*])OC([4*])([5*])O[C@@H]23)O1,1,2422,0.041288191577208914
C1=C2CC(OC3CCCCO3)CCC2C2CCC3C(CCCCOC4CCCCO4)CCC3C2C1,[1*]C(CCC([2*])OC1OC([3*])C([4*])C([5*])C1[6*])C1CCC2([7*])C3CC=C4C(CCC(OC5OC([8*])C([9*])C([10*])C5[11*])C4([12*])[13*])C3([14*])C([15*])CC12[16*],1,2422,0.041288191577208914
C1CC[C@@H]2CC[C@H]3[C@@H]4CCCC4CC[C@@H]3C2C1,[1*][C@H]1CC[C@H]2[C@@H]3CC[C@H]4C[C@@H]([2*])CC[C@]4([3*])[C@H]3CC[C@]12[4*],1,2422,0.041288191577208914
C1=C2C[C@@H](O[C@@H]3OC[C@@H](O[C@H]4CCCCO4)C[C@H]3O[C@H]3CCCCO3)CCC2[C@H]2CCC3[C@@H](C[C@H]4[C@@H]3C[C@H]3CCCCN34)[C@@H]2C1,[1*][C@H]1CC[C@@H]2[C@@H]([2*])[C@H]3[C@H](C[C@H]4[C@@H]5CC=C6C[C@@H](O[C@@H]7O[C@H]([3*])[C@@H](O[C@@H]8O[C@@H]([4*])[C@H]([5*])[C@@H]([6*])[C@H]8[7*])[C@H]([8*])[C@H]7O[C@@H]7O[C@@H]([9*])[C@H]([10*])[C@@H]([11*])[C@H]7[12*])CC[C@]6([13*])[C@H]5CC[C@]34[14*])N2C1,1,2422,0.041288191577208914
O=C1CN=C(c2ccccc2)c2ccccc2N1,[1*]N1C(=O)CN=C(c2ccccc2)c2cc([2*])ccc21,1,2422,0.041288191577208914
O=C(c1ccccc1)c1ccccn1,O=C(c1ccccc1)c1ccccn1,1,2422,0.041288191577208914
O=C([CH-][NH2+]Cc1ccccc1)Nc1ccccc1,[1*]c1cccc([2*])c1NC(=O)[CH-][N+]([3*])([4*])Cc1ccc([5*])cc1,1,2422,0.041288191577208914
C1=NCOC1,[1*]C1=N[C@@H]([2*])O[C@H]1[3*],1,2422,0.041288191577208914
c1ccc(COC(Cn2ccnc2)c2ccccc2)cc1,[1*]c1ccc(COC(Cn2ccnc2)c2ccc([2*])cc2[3*])c([4*])c1,1,2422,0.041288191577208914
O=C1NCC[C@H]2C[C@H](O[C@H]3CCCCO3)OC=C12,[1*][C@H]1[C@H](O[C@@H]2O[C@H]([2*])[C@@H]([3*])[C@H]([4*])[C@H]2[5*])OC=C2C(=O)NCC[C@H]21,1,2422,0.041288191577208914
C1CCC(COC2CCCCO2)OC1,[1*]C1OC(OCC2OC([2*])C([3*])C([4*])C2[5*])C([6*])C([7*])C1[8*],1,2422,0.041288191577208914
C(CCC1CC2C(CC3C2CCC2C3CC[C@H]3CC(OC4CCC(COCC5OCCCC5OC5CCCCO5)CO4)CCC23)O1)COCC1CCCCO1,[1*]C(CC[C@@]1([2*])OC2CC3C4CC[C@H]5CC(OC6([3*])OC([4*])([5*])C([6*])(COCC7([7*])OC([8*])([9*])C([10*])([11*])C([12*])([13*])C7([14*])OC7([15*])OC([16*])([17*])C([18*])([19*])C([20*])([21*])C7([22*])[23*])C([24*])([25*])C6([26*])[27*])CCC5([28*])C4CCC3([29*])C2[C@@H]1[30*])COCC1([31*])OC([32*])([33*])C([34*])([35*])C([36*])([37*])C1([38*])[39*],1,2422,0.041288191577208914
C1CC[C@]2(C[C@@H]3C4CC[C@@H]5C6CC[C@H](O[C@H]7CC[C@@H](O[C@@H]8OCC[C@H](O[C@H]9CCCCO9)[C@H]8O[C@H]8CCCCO8)CO7)C[C@@H]6CC[C@H]5[C@@H]4C[C@@H]3O2)NC1,[1*][C@H]1CC[C@]2(NC1)O[C@H]1C[C@H]3[C@@H]4CC[C@H]5C[C@@H](O[C@@H]6O[C@H]([2*])[C@H](O[C@@H]7O[C@H]([3*])[C@@H]([4*])[C@H](O[C@@H]8OC[C@@H]([5*])[C@H]([6*])[C@H]8[7*])[C@H]7O[C@@H]7O[C@H]([8*])[C@@H]([9*])[C@H]([10*])[C@H]7[11*])[C@H]([12*])[C@H]6[13*])CC[C@]5([14*])[C@H]4CC[C@]3([15*])[C@H]1[C@@H]2[16*],1,2422,0.041288191577208914
c1ccc(C2CC(c3cccc4c3OC(c3ccccc3)CC4c3cccc4c3OC(c3ccccc3)CC4)c3ccccc3O2)cc1,[1*]c1cc([2*])c2c(c1)OC(c1ccc([3*])c([4*])c1)C([5*])C2c1c([6*])cc([7*])c2c1OC(c1ccc([8*])c([9*])c1)C([10*])C2c1c([11*])cc([12*])c2c1OC(c1ccc([13*])c([14*])c1)C([15*])C2,1,2422,0.041288191577208914
O=C(C[NH2+]CCCc1ccccc1)Nc1ccccc1,[1*]c1cccc([2*])c1NC(=O)C[N+]([3*])([4*])CCCc1ccc([5*])cc1,1,2422,0.041288191577208914
C1=CC2[C@H]3Cc4ccc(OCCN5CCOCC5)c5c4[C@@]2(CCN3)[C@H](C1)O5,[1*]N1CC[C@]23c4c5ccc(OCCN6CCOCC6)c4O[C@H]2[C@@H]([2*])C=CC3[C@H]1C5,1,2422,0.041288191577208914
O=C(CCNNC(=O)c1ccncc1)NCc1ccccc1,O=C(CCNNC(=O)c1ccncc1)NCc1ccccc1,1,2422,0.041288191577208914
O=C1C[C@@H](c2ccc3c(c2)O[C@H](c2ccccc2)CO3)Oc2ccccc21,[1*]c1cc([C@H]2Oc3cc([C@H]4Oc5cc([2*])cc([3*])c5C(=O)[C@@H]4[4*])ccc3O[C@@H]2[5*])ccc1[6*],1,2422,0.041288191577208914
C=C1CCC/C=C/C[C@@H]2C(=C)C(=O)O[C@H]2C1,[1*][C@@H]1CC/C([2*])=C/[C@@H]([3*])[C@@H]2C(=C)C(=O)O[C@H]2CC1=C,1,2422,0.041288191577208914
O=C1[N-]C(=O)C(c2ccccc2)(c2ccccc2)N1,O=C1[N-]C(=O)C(c2ccccc2)(c2ccccc2)N1,1,2422,0.041288191577208914
O=C(/C=C/c1ccccc1)c1cccc(CC2CO2)c1,[1*]c1cc([2*])c(CC2OC2([3*])[4*])c([5*])c1C(=O)/C=C/c1ccc([6*])cc1,1,2422,0.041288191577208914
O=C1CC2CCC1C2.c1ccccc1.c1ccccc1,[1*]c1ccc([2*])cc1.[3*]c1ccc([4*])cc1.[5*]C12CCC(C1)C([6*])([7*])C2=O,1,2422,0.041288191577208914
O=C1C[C@@H]2CCC3CCCC=C3[C@H]2O1,[1*]C1=C2[C@H]3OC(=O)[C@@H]([2*])[C@@H]3CC[C@@]2([3*])[C@H]([4*])CC1,1,2422,0.041288191577208914
O=C(CCc1ccccc1)NCCCCN(CCCNC(=O)CCc1ccccc1)C(=O)CCc1ccccc1,[1*]c1ccc(CCC(=O)NCCCCN(CCCNC(=O)CCc2ccc([3*])c([4*])c2)C(=O)CCc2ccc([5*])c([6*])c2)cc1[2*],1,2422,0.041288191577208914
O=C1O[C@H](c2ccoc2)C[C@]12CC[C@@H](O[C@H]1CCCCO1)C1=CCCC[C@@H]12,[1*]C1=C2[C@H](O[C@@H]3O[C@H]([2*])[C@@H]([3*])[C@H]([4*])[C@H]3[5*])C[C@@H]([6*])[C@]3(C[C@@H](c4ccoc4)OC3=O)[C@H]2CCC1,1,2422,0.041288191577208914
c1cn[nH]c1,c1cn[nH]c1,1,2422,0.041288191577208914
O=c1cc([C@H]2CCC3C4CC[C@@H]5CCCCC5C4CCC32)cco1,[1*][C@H]1C[C@]2([2*])C3CC[C@@H]4C[C@@H]([3*])CC[C@]4([4*])C3CC[C@]2([5*])[C@H]1c1ccoc(=O)c1,1,2422,0.041288191577208914
O=C1C[C@H]2CCC3OC[C@@]24[C@H]3C2CCC=C[C@@H]2C[C@H]4O1,[1*][C@H]1C(=O)O[C@@H]2C[C@H]3C([2*])=C[C@H]([3*])[C@@H]([4*])[C@]3([5*])[C@H]3[C@@]4([6*])OC[C@]32[C@@H]1[C@@H]([7*])[C@H]4[8*],1,2422,0.041288191577208914
c1ccc(-c2ccc3ccccc3n2)cc1,[1*]c1cc(-c2ccccc2)nc2ccccc12,1,2422,0.041288191577208914
C1=C2C[C@@H](O[C@H]3CC[C@H](O[C@H]4CCCCO4)CO3)CCC2[C@H]2CCC3[C@@H](C[C@@H]4OC(CCCCO[C@H]5CCCCO5)C[C@H]34)[C@@H]2C1,[1*][C@H](CC[C@@]1([2*])O[C@H]2C[C@H]3[C@@H]4CC=C5C[C@@H](O[C@@H]6O[C@H]([3*])[C@@H](O[C@@H]7O[C@@H]([4*])[C@H]([5*])[C@@H]([6*])[C@H]7[7*])[C@H]([8*])[C@H]6[9*])CC[C@]5([10*])[C@H]4CC[C@]3([11*])[C@H]2[C@@H]1[12*])CO[C@@H]1O[C@H]([13*])[C@@H]([14*])[C@H]([15*])[C@H]1[16*],1,2422,0.041288191577208914
O=C1C[C@@H]2CCC[C@H]3C(=C[C@H]4[C@@H]3[C@H]3C=C[C@]45[C@@H]3CCC[C@H]3CC(=O)O[C@@H]35)[C@H]2O1,[1*]C1=C[C@@H]2[C@H]3[C@H](C([2*])=C4[C@H]5OC(=O)[C@@H]([3*])[C@@H]5CC[C@]([4*])([5*])[C@@H]43)[C@@]13[C@@H]2[C@@]([6*])([7*])CC[C@H]1[C@H]([8*])C(=O)O[C@@H]13,1,2422,0.041288191577208914
C=C1C(=O)C23CC1CCC2C1CCCCC1OC3=O,[1*]C1CC2CC3(C(=O)OC4CCC([3*])([4*])C([5*])C4([2*])C13)C(=O)C2=C,1,2422,0.041288191577208914
O=C1O[C@H]2C=CC1C1CC[C@H]3C(=O)O[C@H](c4ccoc4)CC3[C@@H]12,[1*][C@@]12C[C@@H](c3ccoc3)OC(=O)[C@@H]1CC[C@]1([2*])[C@H]2[C@@H]2C=C[C@@]1([3*])C(=O)O2,1,2422,0.041288191577208914
O=C(Cc1ccccc1)c1ccccc1,[1*]C(C(=O)c1ccccc1)c1ccccc1,1,2422,0.041288191577208914
C=C1C[C@@]23CCC4CCCCC4C2CC[C@]1(O[C@@H]1OCCC[C@H]1O[C@H]1CCCCO1)C3,[1*][C@@]12CCC[C@@]([2*])([3*])C1CC[C@]13CC(=C)[C@](O[C@@H]4O[C@H]([4*])[C@@H]([5*])[C@H]([6*])[C@H]4O[C@@H]4O[C@H]([7*])[C@@H]([8*])[C@H]([9*])[C@H]4[10*])(CCC12)C3,1,2422,0.041288191577208914
O=c1ccocc1,[1*]c1occc(=O)c1[2*],1,2422,0.041288191577208914
c1ccc(-c2[o+]c3ccccc3cc2O[C@H]2CCCCO2)cc1,[1*]c1cc(-c2[o+]c3cc([2*])cc([3*])c3cc2O[C@@H]2O[C@H]([4*])[C@@H]([5*])[C@H]([6*])[C@H]2[7*])cc([8*])c1[9*],1,2422,0.041288191577208914
O=C1CC[C@@H]2C1CC[C@@H]1C3CCCC[C@@H]3CC[C@@H]21,[1*][C@]12CC[C@@H]([2*])C[C@@H]1CC[C@@H]1[C@@H]2CC[C@]2([3*])C(=O)CC[C@@H]12,1,2422,0.041288191577208914
C1=C2C[C@H](O[C@H]3CC[C@H](O[C@@H]4OCCC[C@H]4OC4CCCCC4)CO3)CCC2[C@H]2CCC3[C@@H](C[C@H]4[C@@H]3C[C@H]3CCCCN34)[C@@H]2C1,[1*][C@H]1CC[C@@H]2[C@@H]([2*])[C@H]3[C@H](C[C@H]4[C@@H]5CC=C6C[C@H](O[C@@H]7O[C@H]([3*])[C@@H](O[C@@H]8O[C@@H]([4*])[C@H]([5*])[C@@H]([6*])[C@H]8O[C@@H]8C[C@@H]([7*])[C@H]([8*])[C@@H]([9*])[C@H]8[10*])[C@H]([11*])[C@H]7[12*])CC[C@]6([13*])[C@H]5CC[C@]34[14*])N2C1,1,2422,0.041288191577208914
O=C1CC2CCC3C45CCCCC4CC(OC5)C13C2,[1*]C12OCC3(C([2*])CCC([3*])([4*])C3C1[5*])C1CCC3C([6*])C(=O)C12C3[7*],1,2422,0.041288191577208914
c1ccc(-c2ccncc2)cc1,c1ccc(-c2ccncc2)cc1,1,2422,0.041288191577208914
C1CC[C@H](O[C@@H]2CO[C@@H](O[C@H]3CCC4[C@H](CC[C@@H]5[C@@H]4CCC4[C@H]5C[C@@H]5O[C@]6(CCCCO6)C[C@H]45)C3)[C@H](O[C@H]3CCCCO3)C2)OC1,[1*][C@H]1CC[C@@]2(OC1)O[C@H]1C[C@H]3[C@@H]4CC[C@@H]5C[C@@H](O[C@@H]6O[C@H]([2*])[C@@H](O[C@@H]7OC[C@H]([3*])[C@H]([4*])[C@H]7[5*])[C@H]([6*])[C@H]6O[C@@H]6O[C@H]([7*])[C@@H]([8*])[C@H]([9*])[C@H]6[10*])CC[C@]5([11*])[C@H]4CC[C@]3([12*])[C@H]1[C@@H]2[13*],1,2422,0.041288191577208914
O=C1OC2CCCCC2C2CCCCC12,[1*]C1CC([2*])C2C(C1)C(=O)OC1CCC([3*])([4*])C([5*])C12[6*],1,2422,0.041288191577208914
C1=C2C[C@@H](O[C@@H]3OC[C@@H](O[C@H]4C[C@@H](O[C@H]5CCCCO5)CCO4)C[C@H]3O[C@H]3CCCCO3)CCC2[C@H]2CCC3[C@@H](C[C@@H]4O[C@]5(CCC(CO[C@H]6CCCCO6)O5)C[C@H]34)[C@@H]2C1,[1*][C@@H]1O[C@@H](O[C@H]2[C@H](O[C@H]3CC[C@@]4([2*])C(=CC[C@H]5[C@@H]6C[C@@H]7O[C@]8(CC[C@@]([3*])(CO[C@@H]9O[C@H]([4*])[C@@H]([5*])[C@H]([6*])[C@H]9[7*])O8)[C@@H]([8*])[C@@H]7[C@@]6([9*])CC[C@@H]54)C3)O[C@H]([10*])[C@@H](O[C@@H]3O[C@H]([11*])[C@@H]([12*])[C@H](O[C@@H]4O[C@H]([13*])[C@@H]([14*])[C@H]([15*])[C@H]4[16*])[C@H]3[17*])[C@@H]2[18*])[C@H]([19*])[C@H]([20*])[C@H]1[21*],1,2422,0.041288191577208914
O=C1OCC[C@H]2C[C@H](O[C@@H]3OC[C@@H](OC(=O)c4cccc(O[C@H]5CCCCO5)c4)C[C@H]3OC(=O)c3ccccc3)OC=C12,[1*][C@H]1[C@H](O[C@@H]2O[C@H]([2*])[C@@H](OC(=O)c3cccc(O[C@@H]4O[C@H]([3*])[C@@H]([4*])[C@H]([5*])[C@H]4[6*])c3[7*])[C@H]([8*])[C@H]2OC(=O)c2ccccc2)OC=C2C(=O)OCC[C@H]21,1,2422,0.041288191577208914
O=C(OC[C@@H]1O[C@@H](OC(=O)c2ccccc2)[C@@H](OC(=O)c2ccccc2)[C@@H](OC(=O)c2ccccc2)[C@H]1OC(=O)c1ccccc1)c1ccccc1,[1*]c1cc(C(=O)O[C@@H]2O[C@@H](COC(=O)c3cc([13*])c([14*])c([15*])c3)[C@H](OC(=O)c3cc([10*])c([11*])c([12*])c3)[C@H](OC(=O)c3cc([7*])c([8*])c([9*])c3)[C@@H]2OC(=O)c2cc([4*])c([5*])c([6*])c2)cc([3*])c1[2*],1,2422,0.041288191577208914
O=C(/C=C/c1ccccc1)O[C@@H]1CO[C@@H](OCCc2ccccc2)C[C@H]1O[C@H]1CCCCO1,[1*][C@@H]1O[C@@H](O[C@@H]2[C@@H]([2*])[C@H](OCCc3ccc([3*])c([4*])c3)O[C@H]([5*])[C@H]2OC(=O)/C=C/c2ccc([6*])c([7*])c2)[C@H]([8*])[C@H]([9*])[C@H]1[10*],1,2422,0.041288191577208914
O=S(=O)(Nc1cccnn1)c1ccccc1,[1*]c1ccc(NS(=O)(=O)c2ccc([2*])cc2)nn1,1,2422,0.041288191577208914
O=C1O[C@H]([C@@H]2NCCc3cc4c(cc32)OCO4)c2ccccc21,[1*]c1ccc2c(c1[2*])C(=O)O[C@@H]2[C@H]1c2c(cc3c(c2[3*])OCO3)CCN1[4*],1,2422,0.041288191577208914
C=C1C(=O)[C@]23C[C@H]1CC[C@H]2[C@@]12COC[C@@H]1CCC[C@@H]2OC3=O,[1*][C@@H]1OC[C@@]23[C@H](C[C@H]([4*])C([2*])([3*])[C@@H]12)OC(=O)[C@@]12C[C@@H](CC[C@H]13)C(=C)C2=O,1,2422,0.041288191577208914
O=C([CH-][NH2+]CCCc1ccccc1)Nc1ccccc1,[1*]c1cccc([2*])c1NC(=O)[CH-][N+]([3*])([4*])CCCc1ccc([5*])cc1,1,2422,0.041288191577208914
O=S(=O)(Nc1ccon1)c1ccccc1,[1*]c1cc(NS(=O)(=O)c2ccc([2*])cc2)no1,1,2422,0.041288191577208914
C=C1C(=O)O[C@H]2C=CCCCC=CC[C@H]12,[1*]C1=C[C@@H]2OC(=O)C(=C)[C@H]2[C@H]([4*])C=C([3*])CC[C@@H]1[2*],1,2422,0.041288191577208914
O=C(CNCCCc1ccccc1)N1CCCC1,[1*][C@H](CCc1ccccc1)N[C@@H]([2*])C(=O)N1CCC[C@H]1[3*],1,2422,0.041288191577208914
O=C(Cc1ccccc1)OC[C@@H]1CC[C@@H](OC(=O)Cc2ccccc2)CO1,[1*][C@@H]1O[C@H](COC(=O)Cc2ccc([2*])c([3*])c2)[C@@H]([4*])[C@H]([5*])[C@H]1OC(=O)Cc1ccc([6*])c([7*])c1,1,2422,0.041288191577208914
O=C1C=C(N2CCCC2)CC1,[1*]C1([2*])CC(N2CCCC2)=C([3*])C1=O,1,2422,0.041288191577208914
C=C1CCCC=C[C@H]2OC(=O)C[C@@H]2CC1,[1*][C@H]1C[C@H]2[C@H]([2*])C(=O)O[C@@H]2/C=C(\[3*])CC[C@@H]([4*])C1=C,1,2422,0.041288191577208914
O=C1OCC23C(CCCC12)OC(=O)C12CC(CCC13)CC2=O,[1*]C1CC2OC(=O)C34CC(CCC3C23COC(=O)C3C1([2*])[3*])C([4*])C4=O,1,2422,0.041288191577208914
O=C1CCC[C@@H]2[C@H]3C[C@@H](CN12)[C@@H]1CCCCN1C3,[1*][C@H]1CCN2C[C@@H]3C[C@@H](CN4C(=O)CCC[C@H]34)[C@@H]2C1,1,2422,0.041288191577208914
O=C(Cc1ccccc1)OC[C@@H]1C[C@H](OC(=O)Cc2ccccc2)[C@@H](OC(=O)Cc2ccccc2)CO1,[1*][C@@H]1O[C@H](COC(=O)Cc2ccc([2*])c([3*])c2)[C@@H]([4*])[C@H](OC(=O)Cc2ccc([5*])cc2)[C@H]1OC(=O)Cc1ccc([6*])c([7*])c1,1,2422,0.041288191577208914
O=C1CC(c2ccccc2)Oc2c1ccc1c2CCCO1,[1*]c1cc2c(c3c1C(=O)CC(c1ccc([2*])cc1)O3)CCC([3*])([4*])O2,1,2422,0.041288191577208914
C(CCC1CC2C(CC3C2CCC2C4CCC(OC5OCC(OC6CCCCO6)CC5OC5CCCCO5)CC4CCC23)O1)COC1CCCCO1,[1*]C(CCC1([2*])OC2CC3C4CCC5CC(OC6OC([3*])C(OC7OCC([4*])C([5*])C7[6*])C([7*])C6OC6OC([8*])C([9*])C([10*])C6[11*])CCC5([12*])C4CCC3([13*])C2C1[14*])COC1OC([15*])C([16*])C([17*])C1[18*],1,2422,0.041288191577208914
O=c1ccc([C@H]2CCC3C2CC[C@@H]2C4CCCC[C@H]4CC[C@@H]32)co1,[1*][C@]12CC[C@H]([2*])C[C@H]1CC[C@@H]1[C@@H]2[C@H]([3*])C[C@]2([4*])[C@@H](c3ccc(=O)oc3)CC[C@]12[5*],1,2422,0.041288191577208914
C1CSC1,[1*]C1C([2*])([3*])SC1([4*])[5*],1,2422,0.041288191577208914
O=C1OCC2(C3CCCCC3)CCCCC12,[1*]C1CCC(C23CCC([2*])C([3*])([4*])C2C(=O)OC3)C([5*])C1,1,2422,0.041288191577208914
O=C1C=CC2=C(C[C@@H]3CCN4CCc5ccccc5[C@@H]4C3)NCCC2=C1,[1*][C@H]1CN2CCc3cc([2*])c([3*])cc3[C@@H]2C[C@@H]1CC1=C2C=C([4*])C(=O)C=C2CCN1,1,2422,0.041288191577208914
C=C1C(=O)O[C@H]2[C@H]1CCC1COC(=O)C(=C)[C@@H]12,[1*][C@@]12COC(=O)C(=C)[C@@H]1[C@H]1OC(=O)C(=C)[C@@H]1[C@@H]([2*])C2,1,2422,0.041288191577208914
C=C1C(=O)OCC2CCCC[C@@H]12,[1*][C@@]12COC(=O)C(=C)[C@@H]1[C@@H]([2*])[C@H]([3*])[C@@H]([4*])C2,1,2422,0.041288191577208914
C=C1C(=O)O[C@@H]2C3CC(=O)CCC3CC[C@@H]12,[1*][C@@H]1C(=O)C[C@@H]([2*])[C@]2([3*])CC[C@H]3C(=C)C(=O)O[C@@H]3C12,1,2422,0.041288191577208914
O=C1N=CC(C2=CCCCC2)C(=O)N1.O=C1N=CC(C2=CCCCC2)C(=O)N1,[1*]C1(C2=CCCCC2)C(=O)NC(=O)N=C1[2*-].[3*]C1(C2=CCCCC2)C(=O)NC(=O)N=C1[4*-],1,2422,0.041288191577208914
C=C1C(=O)O[C@H]2C=CCCC/C=C/C[C@H]12,[1*]/C1=C\[C@@H]2OC(=O)C(=C)[C@H]2[C@H]([4*])/C=C(\[3*])CC[C@@H]1[2*],1,2422,0.041288191577208914
O=c1cccc(-c2ccccc2O[C@H]2CCCCO2)o1,[1*]c1cc(-c2c([2*])cc([3*])cc2O[C@@H]2O[C@H]([4*])[C@@H]([5*])[C@H]([6*])[C@H]2[7*])oc(=O)c1,1,2422,0.041288191577208914
O=C(/C=C/c1ccccc1)c1ccc2c(c1)C=CCO2,[1*]c1cc2c(c([2*])c1C(=O)/C=C/c1ccc([3*])cc1)C=CC([4*])([5*])O2,1,2422,0.041288191577208914
C1CNCCN1,C1CNCCN1,1,2422,0.041288191577208914
C1=CCCCCC1,[1*]C1=CCCCCC1,1,2422,0.041288191577208914
O=C(/C=C/c1ccccc1)OC1CCCCC1,[1*]c1ccc(/C=C/C(=O)OC2CC([3*])([4*])CC([5*])C2[6*])cc1[2*],1,2422,0.041288191577208914
O=C(NCC(=O)C1CCCN1)C1CCCCC1.O=C(NCC(=O)C1CCCN1)C1CCCCC1,[1*]N1CCC[C@@]1([2*])C(=O)[C@@H]([3*])NC(=O)C1CCCCC1.[4*]N1CCC[C@@]1([5*])C(=O)[C@@H]([6*])NC(=O)C1CCCCC1,1,2422,0.041288191577208914
O=C1/C=C\CCOC(=O)CC(=O)CC(OC2CCCCO2)CCC1,[1*]C1OC(=O)C([2*])C(=O)C([3*])C(OC2OC([4*])CC([5*])C2[6*])C([7*])CC([8*])C(=O)/C=C\C1([9*])[10*],1,2422,0.041288191577208914
C=C1C[C@@]23CC[C@@H]4C5CCC[C@@]4(CN4CCOC54)[C@@H]2CC[C@H]1C3,[1*][C@]12CCC[C@@]3(CN4CCOC41)[C@@H]1CC[C@H]4C[C@@]1(CC[C@@H]32)[C@@H]([2*])C4=C,1,2422,0.041288191577208914
O=C1OC2CC1C1CC3O[C@]34C(=O)O[C@H]2C14.O=C1OC2CC1C1C[C@H]3O[C@]34C(=O)O[C@H]2C14,[1*][C@@H]1C2OC(=O)C1[C@]1([2*])CC3O[C@]34C(=O)O[C@H]2[C@]14[3*].[4*][C@@H]1C2OC(=O)C1[C@]1([5*])C[C@H]3O[C@]34C(=O)O[C@H]2[C@]14[6*],1,2422,0.041288191577208914
O=C1O[C@H](c2ccoc2)C[C@]12CCCC1[C@@H]2CCC[C@]12CO2,[1*][C@@]12[C@H]([2*])C[C@@H]([3*])[C@]3(C[C@@H](c4ccoc4)OC3=O)[C@H]1C[C@H]([4*])C[C@]21CO1,1,2422,0.041288191577208914
O=c1ccc2cccc(O[C@H]3CCCCO3)c2o1,[1*]c1cc2ccc(=O)oc2c(O[C@@H]2O[C@H]([2*])[C@@H]([3*])[C@H]([4*])[C@H]2[5*])c1[6*],1,2422,0.041288191577208914
O=c1oc2ccccc2c2oc3ccccc3c12,[1*]c1ccc2c(c1)oc(=O)c1c3ccc([2*])cc3oc21,1,2422,0.041288191577208914
c1ccc(CCCCc2ccccc2)cc1,[1*][C@@H](Cc1ccc([2*])c([3*])c1)[C@@H]([4*])Cc1ccc([5*])c([6*])c1,1,2422,0.041288191577208914
c1cnc2ncnn2c1,[1*]c1cc([2*])nc2ncnn12,1,2422,0.041288191577208914
O=S(=O)([N-]c1ncccn1)c1ccccc1,[1*]c1ccnc([N-]S(=O)(=O)c2ccc([2*])cc2)n1,1,2422,0.041288191577208914
C1CC[C@H](OC[C@H]2O[C@@H](O[C@H]3CCC4[C@H](CC[C@@H]5[C@@H]4CCC4[C@H]5C[C@@H]5O[C@]6(CCCCO6)C[C@H]45)C3)[C@H](O[C@H]3CCCCO3)C[C@@H]2O[C@H]2CCCCO2)OC1,[1*][C@H]1CC[C@@]2(OC1)O[C@H]1C[C@H]3[C@@H]4CC[C@@H]5C[C@@H](O[C@@H]6O[C@H](CO[C@@H]7O[C@H]([2*])[C@@H]([3*])[C@H]([4*])[C@H]7[5*])[C@@H](O[C@@H]7O[C@@H]([6*])[C@H]([7*])[C@@H]([8*])[C@H]7[9*])[C@H]([10*])[C@H]6O[C@@H]6O[C@H]([11*])[C@@H]([12*])[C@H]([13*])[C@H]6[14*])CC[C@]5([15*])[C@H]4CC[C@]3([16*])[C@H]1[C@@H]2[17*],1,2422,0.041288191577208914
O=C1Oc2ccccc2Oc2ccccc21,[1*]c1c([2*])c([3*])c([4*])c2c1OC(=O)c1c([5*])cc([6*])c([7*])c1O2,1,2422,0.041288191577208914
O=S(=O)(Nc1ccno1)c1ccccc1,[1*]c1noc(NS(=O)(=O)c2ccc([2*])cc2)c1[3*],1,2422,0.041288191577208914
O=C1C=CC[C@@H]2C[C@H]3OCC[C@H]4CCC[C@H](C12)C43,[1*]C1=C[C@@H]([2*])[C@@H]2C[C@H]3O[C@H]([3*])C[C@H]4[C@]([4*])([5*])[C@H]([6*])[C@@H]([7*])[C@H]([C@@]2([8*])C1=O)[C@@]34[9*],1,2422,0.041288191577208914
O=C1OC(c2ccoc2)CC2C1CC(=O)C1C3CC(CC21)OC3=O,[1*]C12CC(c3ccoc3)OC(=O)C1CC(=O)C1C3CC(CC12)OC3=O,1,2422,0.041288191577208914
O=c1nc[nH]c2nc[nH]c12,O=c1nc[nH]c2nc[nH]c12,1,2422,0.041288191577208914
O=C1OCc2ccccc21,[1*]c1ccc2c(c1[2*])C(=O)OC2,1,2422,0.041288191577208914
O=C1CCCCCCC1,O=C1CCCCCCC1,1,2422,0.041288191577208914
C(=NC=NCCCCCCN=CN=CNc1ccccc1)Nc1ccccc1,[1*]C(=NCCCCCCN=C([2*])/N=C(\[3*])Nc1ccc([4*])cc1)/N=C(\[5*])Nc1ccc([6*])cc1,1,2422,0.041288191577208914
C1=C2CCCC[C@H]2C2CCC3CCCC3[C@@H]2C1,[1*][C@H]1CC[C@@]2([2*])[C@@H]3[C@@H]([3*])C=C4[C@@H](CC[C@H]([4*])C4([5*])[6*])[C@]3([7*])CC[C@]12[8*],1,2422,0.041288191577208914
c1ccc(Cc2nccc3ccccc23)cc1,[1*]c1ccc(Cc2nccc3cc([2*])c([3*])cc23)cc1[4*],1,2422,0.041288191577208914
O=c1ccc2cccc(C[C@H]3CO3)c2o1,[1*]c1ccc2ccc(=O)oc2c1C[C@@H]1OC1([2*])[3*],1,2422,0.041288191577208914
C1CCC(OCC2CCCC(OC3CCCO3)O2)OC1,[1*]C1OC(OCC2OC(OC3([2*])OC([3*])C([4*])C3[5*])C([6*])C([7*])C2[8*])C([9*])C([10*])C1[11*],1,2422,0.041288191577208914
C=C1C(=O)O[C@@H]2[C@H]3C(COC(=O)Cc4ccccc4)=CC(=O)C3=CCC[C@@H]12,[1*]c1ccc(CC(=O)OCC2=CC(=O)C3=C([2*])C[C@H]([3*])[C@H]4C(=C)C(=O)O[C@@H]4[C@@H]23)cc1,1,2422,0.041288191577208914
O=C(OCC1OC(OC(=O)c2ccccc2)C(OC(=O)c2ccccc2)C(OC(=O)c2ccccc2)C1OC(=O)c1ccccc1)c1ccccc1,[1*]c1cc(C(=O)OC2OC(COC(=O)c3cc([13*])c([14*])c([15*])c3)C(OC(=O)c3cc([10*])c([11*])c([12*])c3)C(OC(=O)c3cc([7*])c([8*])c([9*])c3)C2OC(=O)c2cc([4*])c([5*])c([6*])c2)cc([3*])c1[2*],1,2422,0.041288191577208914
O=C1C=CC[C@@H]2C[C@H]3OCC[C@H]4C=CC(=O)[C@H](C12)C43,[1*]C1=C[C@@H]([2*])[C@@H]2C[C@H]3O[C@H]([3*])C[C@H]4C([4*])=C([5*])C(=O)[C@H]([C@@]2([6*])C1=O)[C@@]34[7*],1,2422,0.041288191577208914
O=C1CC=CC2=C1C(=O)CC(c1ccccc1)O2,[1*]C1=C([2*])C([3*])([4*])C(=O)C2=C1OC(c1ccc([5*])cc1)CC2=O,1,2422,0.041288191577208914
O=C(CCCN1CCC(c2ccccc2)CC1)c1ccccc1,[1*]C1(c2ccc([2*])cc2)CCN(CCCC(=O)c2ccc([3*])cc2)CC1,1,2422,0.041288191577208914
O=C1CCc2ccc(cc2)Oc2cc3cc(c2O[C@@H]2OCCC[C@H]2O[C@H]2CCCCO2)Oc2ccc(cc2)C[C@@H]2NC(=O)[C@H](NC(=O)[C@@H]3NC(=O)CN1)c1cccc(c1)-c1ccccc1CNC2=O,[1*][C@H]1C(=O)N[C@@H]([2*])C(=O)N[C@H]2C(=O)N[C@H]3C(=O)N[C@H](C(=O)N[C@H]([3*])c4cc([4*])cc([5*])c4-c4cc3ccc4[6*])[C@H]([7*])c3ccc(c([8*])c3)Oc3cc2cc(c3O[C@@H]2O[C@H]([9*])[C@@H]([10*])[C@H]([11*])[C@H]2O[C@H]2C[C@]([12*])([13*])[C@H]([14*])[C@H]([15*])O2)Oc2ccc(cc2[16*])[C@H]1[17*],1,2422,0.041288191577208914
O=C1CC2CCC3C1(C2)C(=O)OC1CCCC2=COCC213,[1*]C1C(=O)C23CC1CC([2*])C2C12COC=C1C([3*])([4*])CCC2OC3=O,1,2422,0.041288191577208914
O=c1ccoc2ccc(OCCCOc3cccc4occc(=O)c34)cc12,[1*]c1cc(=O)c2cc(OCC([2*])COc3cccc4oc([3*])cc(=O)c34)ccc2o1,1,2422,0.041288191577208914
C=C1CC23CCC4C(C(=O)OC5CCCCO5)CCCC4C2CCC1(OC1OCCCC1OC1CCCCO1)C3,[1*]C1(C(=O)OC2OC([2*])C([3*])C([4*])C2[5*])CCCC2([6*])C3CCC4(OC5OC([7*])C([8*])C([9*])C5OC5OC([10*])C([11*])C([12*])C5[13*])CC3(CCC12)CC4=C,1,2422,0.041288191577208914
O=C(/C=C/c1ccccc1)O[C@H]1CCN2C[C@@H]3C[C@@H](CN4C(=O)CCC[C@H]34)[C@@H]2C1,O=C(/C=C/c1ccccc1)O[C@H]1CCN2C[C@@H]3C[C@@H](CN4C(=O)CCC[C@H]34)[C@@H]2C1,1,2422,0.041288191577208914
O=C(/C=C/c1ccccc1)OC1CCC2C=CO[C@@H](O[C@H]3CCCCO3)[C@@H]21,[1*][C@]1(OC(=O)/C=C/c2ccccc2)C[C@@H]([2*])[C@]2([3*])C=CO[C@@H](O[C@@H]3O[C@H]([4*])[C@@H]([5*])[C@H]([6*])[C@H]3[7*])[C@@H]21,1,2422,0.041288191577208914
c1ncc2[nH]cnc2n1,c1ncc2[nH]cnc2n1,1,2422,0.041288191577208914
c1cc2n(c1)C[C@]1(CCCO1)OC2,[1*]c1ccc2n1C[C@]1(C[C@H]([2*])[C@@H]([3*])O1)OC2,1,2422,0.041288191577208914
O=c1[nH]c(=O)c2[nH]c(=O)[nH]c2[nH]1,[1*]n1c(=O)c2c(n([2*])c1=O)n([3*])c(=O)n2[4*],1,2422,0.041288191577208914
c1ccc2c(c1)CCN[C@H]2C[C@@H]1CCN2CCc3ccccc3[C@H]2C1,[1*][C@@H]1CN2CCc3cc([2*])c([3*])cc3[C@H]2C[C@@H]1C[C@@H]1NCCc2cc([4*])c([5*])cc21,1,2422,0.041288191577208914
c1ccc2nc(CCc3ccc4c(c3)OCO4)ccc2c1,[1*]c1cc(CCc2ccc3c(c2)OCO3)nc2ccccc12,1,2422,0.041288191577208914
O=c1cc[nH]c2cc(N3CCNCC3)ccc12,[1*]n1cc([2*])c(=O)c2cc([3*])c(N3CCNC([4*])C3)c([5*])c21,1,2422,0.041288191577208914
O=C1CNC=N1,[1*]N1CC(=O)N=C1[2*],1,2422,0.041288191577208914
c1cc(-c2ccncc2)ccn1,c1cc(-c2ccncc2)ccn1,1,2422,0.041288191577208914
O=C1CC2OCC=C3CN4CCC56c7ccccc7N1C5C2C3CC46,[1*]c1ccc2c(c1)C13CCN4CC5=CCOC6CC(=O)N2C1C6C5CC43,1,2422,0.041288191577208914
O=C1CCCc2ccccc21,O=C1CCCc2ccccc21,1,2422,0.041288191577208914
O=C(C1CCCCC1)N1CC(=O)N2CCc3ccccc3[C@H]2C1,O=C(C1CCCCC1)N1CC(=O)N2CCc3ccccc3[C@H]2C1,1,2422,0.041288191577208914
C=C1C(=O)O[C@H]2[C@H]1CCC1O[C@@]13CC=C[C@@H]23,[1*][C@]12CC[C@H]3C(=C)C(=O)O[C@@H]3[C@@H]3C([2*])=CC[C@@]31O2,1,2422,0.041288191577208914
O=c1nc2[nH]c3ccccc3nc-2c(=O)[nH]1,[1*]c1cc2nc3c(=O)[nH]c(=O)nc-3n([2*])c2cc1[3*],1,2422,0.041288191577208914
C=C1CCCC(=O)OCC2=CCN3CC[C@@H](OC1=O)[C@@H]23,[1*]/C=C1/C[C@@H]([2*])[C@@]([3*])([4*])C(=O)OCC2=CCN3CC[C@@H](OC1=O)[C@@H]23,1,2422,0.041288191577208914
c1ccc(C(CCCN2CCCCC2)c2ccccc2)cc1,[1*]C(CCCN1CCCCC1)(c1ccccc1)c1ccccc1,1,2422,0.041288191577208914
O=C1C=C[C@@H]2C[C@H]3OC(=O)C[C@H]4C5CC[C@H](C2C1)[C@@]34CO5,[1*][C@@]12OC[C@]34[C@H]([C@@H]([2*])[C@@H]1[3*])[C@@]1([4*])CC(=O)C([5*])=C([6*])[C@@H]1C[C@H]3OC(=O)[C@H]([7*])[C@@H]24,1,2422,0.041288191577208914
O=c1ccc([C@H]2CCC3C2CC[C@@H]2C4CC[C@H](O[C@H]5CC[C@@H](O[C@H]6CCCCO6)CO5)C=C4CC[C@@H]32)co1,[1*][C@@H]1O[C@@H](O[C@@H]2C=C3CC[C@@H]4[C@H](CC[C@]5([2*])[C@@H](c6ccc(=O)oc6)CC[C@]45[3*])[C@@]3([4*])CC2)[C@H]([5*])[C@H]([6*])[C@H]1O[C@@H]1O[C@H]([7*])[C@@H]([8*])[C@H]([9*])[C@H]1[10*],1,2422,0.041288191577208914
O=c1c2ccccc2oc2ccccc12,O=c1c2ccccc2oc2ccccc12,1,2422,0.041288191577208914
C(=C/c1ccccc1)\c1ccccc1,[1*]c1ccc(/C=C/c2cc([2*])cc([3*])c2)cc1,1,2422,0.041288191577208914
O=C1CC2[C@H](CCC[C@]23CO3)[C@]2(C1)C[C@@H](c1ccoc1)OC2=O,[1*][C@@]12[C@H](CCC[C@]13CO3)[C@@]1(C[C@@H](c3ccoc3)OC1=O)[C@H]([2*])C(=O)[C@@H]2[3*],1,2422,0.041288191577208914
O=C1/C(=C/c2ccco2)C[n+]2ccc(Cc3ccco3)cc21,[1*]C1/C(=C\c2ccco2)C(=O)c2c([3*])c(Cc3ccco3)c([2*-])c[n+]21,1,2422,0.041288191577208914
C1=C(/C=C/C=C/C=C/C=C/C=C/C=C/C=C/C=C/C=C/C2=CCCCC2)CCCC1,[1*]C1=C(/C=C/C([2*])=C/C=C/C([3*])=C/C=C/C=C([4*])/C=C/C=C([5*])/C=C/C2=C([6*])CCCC2([7*])[8*])C([9*])([10*])CCC1,1,2422,0.041288191577208914
O=C(CCc1ccccc1)NCC(=O)NCC(=O)NCCc1ccccc1,[1*]C(Cc1ccccc1)C(=O)NCC(=O)NCC(=O)NC([2*])Cc1ccccc1,1,2422,0.041288191577208914
O=C1OCC[C@H]2C[C@H](O[C@H]3CCC[C@@H](COc4ccccc4)O3)OC=C12,[1*][C@H]1[C@H](O[C@@H]2O[C@H](COc3cccc([2*])c3)[C@@H]([3*])[C@H]([4*])[C@H]2[5*])OC=C2C(=O)OCC[C@H]21,1,2422,0.041288191577208914
O=C1OCc2cc3cccc(O[C@H]4CCCCO4)c3cc21,[1*][C@H]1O[C@@H](Oc2cccc3cc4c(c([5*])c23)C(=O)OC4)[C@H]([4*])[C@@H]([3*])[C@@H]1[2*],1,2422,0.041288191577208914
O=C1OC2CCCC3COCC32C2CCC3CCC12C3,[1*]C1C2CC([2*])C3C(C2)(C(=O)OC2CCC([3*])([4*])C4C([5*])OCC243)C1[6*],1,2422,0.041288191577208914
O=C1O[C@H]2C[C@H]3C(=O)O[C@H](c4ccoc4)CC3[C@@H]3CC[C@H](O[C@H]4CCCCO4)C1C32,[1*][C@@]12C[C@@H](c3ccoc3)OC(=O)[C@@H]1C[C@@H]1OC(=O)[C@@]3([2*])[C@@H](O[C@@H]4O[C@@H]([3*])[C@@H]([4*])[C@@H]([5*])[C@@H]4[6*])CC[C@@H]2[C@@]13[7*],1,2422,0.041288191577208914
O=C(O[C@@H]1Cc2cccc([C@@H]3C[C@@H](c4ccccc4)Oc4ccccc43)c2O[C@@H]1c1ccccc1)c1ccccc1,[1*]c1cc([2*])c([C@H]2c3c([3*])cc([4*])cc3O[C@H](c3ccc([5*])c([6*])c3)[C@@H]2[7*])c2c1C[C@@H](OC(=O)c1cc([10*])c([11*])c([12*])c1)[C@@H](c1ccc([8*])c([9*])c1)O2,1,2422,0.041288191577208914
O=C1C[C@@H](c2ccccc2)Oc2cc(O[C@H]3CCCCO3)ccc21,[1*]c1ccc([C@@H]2CC(=O)c3c([6*])cc(O[C@@H]4O[C@H]([2*])[C@@H]([3*])[C@H]([4*])[C@H]4[5*])cc3O2)cc1,1,2422,0.041288191577208914
O=C1OCCc2ccncc21,[1*]c1cncc2c1CCOC2=O,1,2422,0.041288191577208914
O=C1CCc2cc(O[C@H]3CCCCO3)ccc2O1,[1*][C@H]1O[C@@H](Oc2cc3c(cc2[5*])OC(=O)CC3)[C@H]([4*])[C@@H]([3*])[C@@H]1[2*],1,2422,0.041288191577208914
O=C1OC(c2ccccc2)Cc2ccccc21,[1*]c1ccc(C2Cc3cccc([2*])c3C(=O)O2)cc1[3*],1,2422,0.041288191577208914
O=C(/C=C/c1ccccc1)NCCc1ccccc1,[1*]c1cc(/C=C/C(=O)NCCc2ccc([2*])cc2)ccc1[3*],1,2422,0.041288191577208914
C1CCC(OC2CCC(OC3CCC(OC4CCC(OC5CCC6C(CCC7C8CCCC8CCC67)C5)OC4)OC3)OC2)OC1,[1*]C1([2*])CCC2([3*])C3CCC4CC(OC5CC([4*])C(OC6CC([5*])C(OC7OC([6*])C(OC8OC([7*])C([8*])C([9*])C8[10*])C([11*])C7[12*])C([13*])O6)C([14*])O5)CCC4([15*])C3CC([16*])C12[17*],1,2422,0.041288191577208914
C(CCC1C[C@@H]2C3CC[C@@H]4C5CC[C@H](O[C@@H]6OCCC[C@H]6O[C@H]6CCCCO6)C[C@H]5CC[C@H]4[C@@H]3C[C@@H]2O1)CO[C@H]1CCCCO1,[1*][C@H](CC[C@@]1([2*])O[C@H]2C[C@H]3[C@@H]4CC[C@@H]5C[C@@H](O[C@@H]6O[C@H]([3*])[C@@H]([4*])[C@H]([5*])[C@H]6O[C@@H]6O[C@H]([6*])[C@@H]([7*])[C@H]([8*])[C@H]6[9*])CC[C@]5([10*])[C@H]4CC[C@]3([11*])[C@H]2[C@@H]1[12*])CO[C@@H]1O[C@H]([13*])[C@@H]([14*])[C@H]([15*])[C@H]1[16*],1,2422,0.041288191577208914
O=c1cc[nH]cc1,[1*]c1c([2*])c(=O)ccn1[3*],1,2422,0.041288191577208914
O=C(OCC1CC=CCC1)c1ccccc1,[1*]C1=CCC(C([2*])([3*])OC(=O)c2ccccc2[4*])CC1,1,2422,0.041288191577208914
C1=CCCC1,[1*]C1CCC=C1[2*],1,2422,0.041288191577208914
O=C(CCc1ccccc1)NCCCCNCCCNC(=O)CCc1ccccc1,[1*]c1ccc(CCC(=O)NCCCCNCCCNC(=O)CCc2ccc([3*])c([4*])c2)cc1[2*],1,2422,0.041288191577208914
O=C1O[C@H]2[C@@H]3C(CC[C@H]4C(=O)O[C@@H](c5ccoc5)CC34)C1[C@H]1O[C@@H]21,[1*][C@@]12C[C@H](c3ccoc3)OC(=O)[C@@H]1CC[C@]1([2*])[C@H]2[C@@H]2OC(=O)[C@@]1([3*])[C@H]1O[C@@H]21,1,2422,0.041288191577208914
O=C1C=C[C@@H]2CC(=O)C3[C@H](C[C@H]4C[C@@H]3C(=O)O4)C2C1,[1*]C1=CC(=O)[C@@H]([2*])[C@@]2([3*])[C@H]1CC(=O)[C@@]1([4*])[C@H]3C(=O)O[C@H]([C@@H]3[5*])[C@H]([6*])[C@@H]12,1,2422,0.041288191577208914
C=C1CCC2C(=C)C(=O)OC2C2CC(=O)CC12,[1*]C1CC(=C)C2CC(=O)C([2*])C2C2OC(=O)C(=C)C12,1,2422,0.041288191577208914
O=C1C[C@@H]2CCC=CCCC=C[C@H]2O1,[1*][C@H]1CC=C([2*])[C@@H]([3*])C[C@@H]2[C@@H](C=C1[4*])OC(=O)[C@@H]2[5*],1,2422,0.041288191577208914
O=C1C=C/C(=C\C=C\c2ccccc2)C(=O)C1,[1*]C1=CC(=O)C([2*])([3*])C(=O)/C1=C([4*])/C=C/c1ccc([5*])cc1,1,2422,0.041288191577208914
O=C1C[C@H]2CCC(=O)[C@@H]3C4CCCC[C@@H]4C[C@@H](O1)C23,[1*][C@H]1[C@H]([2*])C(=O)[C@@H]2[C@@]3([3*])[C@H]([4*])[C@@H]([5*])C[C@@H]([6*])[C@@H]3C[C@H]3OC(=O)C[C@@H]1[C@@]23[7*],1,2422,0.041288191577208914
c1nc(N2CCCCC2)c2ncnc(N3CCCCC3)c2n1,[1*]c1nc(N2CCCCC2)c2nc([2*])nc(N3CCCCC3)c2n1,1,2422,0.041288191577208914
O=C(/C=C/c1ccccc1)c1cccc2c1OCC2,[1*]c1cc([2*])c2c(c1C(=O)/C=C/c1ccc([3*])cc1)OC([4*])C2,1,2422,0.041288191577208914
O=C1C=C[C@@H]2CC3OC(=O)CC4C5CC[C@H](C2C1)[C@@]34CO5,[1*][C@@]12OC[C@@]34C(C[C@H]5C([2*])=C([3*])C(=O)C[C@]5([4*])[C@H]3[C@@H]([5*])[C@@H]1[6*])OC(=O)[C@H]([7*])C42,1,2422,0.041288191577208914
C=C1C[C@@]23CC[C@@H]4C(C(=O)O[C@@H]5OCCC[C@H]5O[C@H]5CCCCO5)CCCC4[C@@H]2CC[C@]1(O[C@@H]1OCC[C@H](O[C@H]2CCCCO2)[C@H]1O[C@H]1CCCCO1)C3,[1*][C@@]12CCC[C@@]([2*])(C(=O)O[C@@H]3O[C@H]([3*])[C@@H]([4*])[C@H]([5*])[C@H]3O[C@@H]3O[C@H]([6*])[C@@H]([7*])[C@H]([8*])[C@H]3[9*])[C@H]1CC[C@]13CC(=C)[C@](O[C@@H]4O[C@H]([10*])[C@@H]([11*])[C@H](O[C@@H]5O[C@H]([12*])[C@@H]([13*])[C@H]([14*])[C@H]5[15*])[C@H]4O[C@@H]4O[C@H]([16*])[C@@H]([17*])[C@H]([18*])[C@H]4[19*])(CC[C@H]12)C3,1,2422,0.041288191577208914
c1ccc2cc(O[C@H]3CCCCO3)ccc2c1,[1*][C@H]1O[C@@H](Oc2ccc3ccccc3c2)[C@H]([2*])[C@@H]([3*])[C@@H]1[4*],1,2422,0.041288191577208914
O=C(O[C@H]1CCCCO1)c1ccccc1,[1*][C@H]1O[C@@H](OC(=O)c2cc([5*])c([6*])c([7*])c2)[C@H]([4*])[C@@H]([3*])[C@@H]1[2*],1,2422,0.041288191577208914
O=C(Nc1ccc(S(=O)(=O)Nc2nccs2)cc1)c1ccccc1,[1*]c1ccccc1C(=O)Nc1ccc(S(=O)(=O)Nc2nccs2)cc1,1,2422,0.041288191577208914
c1ccc2c(c1)Nc1ccccc1S2,[1*]N1c2ccccc2Sc2ccccc21,1,2422,0.041288191577208914
c1ccc2c(c1)ccc1ccc3c(c12)OCO3,[1*]c1cccc2c1cc([2*+])c1c([3*])cc3c(c12)OCO3,1,2422,0.041288191577208914
C=C1C(=O)O[C@H]2C3C(=O)C=CC3CCC[C@@H]12,[1*][C@H]1CC[C@H]2C(=C)C(=O)O[C@H]2[C@]2([3*])C(=O)C=C[C@@]12[2*],1,2422,0.041288191577208914
O=C1OCC=C2C[C@H](O[C@H]3CCCCO3)OC=C12,[1*][C@@H]1C2=CCOC(=O)C2=CO[C@H]1O[C@@H]1O[C@H]([2*])[C@@H]([3*])[C@H]([4*])[C@H]1[5*],1,2422,0.041288191577208914
c1cncc([C@@H]2CCCN2)c1,[1*]N1CCC[C@H]1c1cccnc1,1,2422,0.041288191577208914
O=C(OCC1CCCC(OC2CCCO2)O1)c1ccccc1,[1*]C1(OC2OC(COC(=O)c3ccccc3)C([7*])C([6*])C2[5*])OC([2*])C([3*])C1[4*],1,2422,0.041288191577208914
C=C1C(=O)O[C@H]2[C@H]1CCC(=O)CC1CCCO[C@@H]12,[1*][C@H]1CC[C@]2([2*])CC(=O)CC[C@H]3C(=C)C(=O)O[C@@H]3[C@H]2O1,1,2422,0.041288191577208914
O=C(C[NH+]([CH-]c1ccccc1)Cc1ccccc1)Nc1ccccc1,[1*]c1cccc([2*])c1NC(=O)C[N+]([3*])([CH-]c1ccc([4*])cc1)Cc1ccccc1,1,2422,0.041288191577208914
c1ccc2c(C[C@H]3CC4CCN3CC4)ccnc2c1,[1*][C@H]1CN2CC[C@H]1C[C@@H]2[C@@H]([2*])c1ccnc2ccccc12,1,2422,0.041288191577208914
C=C1C(=O)O[C@@H]2CC[C@@H]3C=CC(=O)C3C[C@H]12,[1*][C@@H]1C[C@H]2OC(=O)C(=C)[C@H]2[C@H]([3*])[C@]2([2*])C(=O)C=C[C@@H]12,1,2422,0.041288191577208914
O=c1ccn2c3c(c(N4CCNCC4)ccc13)OCC2,[1*]C1COc2c(N3CCN([2*])CC3)c([3*])cc3c(=O)c([4*])cn1c23,1,2422,0.041288191577208914
O=C1CC2CCC3CCCCC3C2O1,[1*]C1CCCC2([2*])CCC3C([3*])C(=O)OC3C12,1,2422,0.041288191577208914
O=C1O[C@H]2CC[C@@H]3C=CC(=O)C3[C@@H]3OCC1[C@H]23,[1*][C@@H]1C[C@@H]2OC(=O)[C@]3([2*])[C@H]2[C@@H](OC3([3*])[4*])[C@]2([5*])C(=O)C=C[C@@H]12,1,2422,0.041288191577208914
c1ccc([C@H]2C[C@H](c3cccc4c3O[C@@H](c3ccccc3)CC4)c3ccccc3O2)cc1,[1*]c1cc([2*])c2c(c1)O[C@@H](c1ccc([3*])c([4*])c1)[C@@H]([5*])[C@@H]2c1c([6*])cc([7*])c2c1O[C@@H](c1ccc([8*])c([9*])c1)[C@@H]([10*])C2,1,2422,0.041288191577208914
O=C1C[C@@H]2CC/C=C\CCC=C[C@H]2O1,[1*][C@H]1C[C@H]2[C@H]([2*])C(=O)O[C@@H]2/C=C(/[3*])CC/C=C\1[4*],1,2422,0.041288191577208914
C=C1C(=O)O[C@H]2CC=CCCC3O[C@H]3C[C@H]12,[1*]C1=CCC[C@@]2([2*])O[C@H]2[C@@H]([3*])[C@@H]2C(=C)C(=O)O[C@H]2C1,1,2422,0.041288191577208914
c1cc2cc(c1)Oc1ccc(cc1)C[C@@H]1NCCc3cccc(c31)COc1ccc3c(c1)[C@@H](C2)NCC3,[1*]c1cc2c3cc1OCc1c([2*])c([3*])cc4c1[C@H](Cc1ccc(cc1)Oc1cc(ccc1[4*])C[C@H]3N([5*])CC2)N([6*])CC4,1,2422,0.041288191577208914
O=c1ccoc2cc3occc3cc12,[1*]c1c2occc2c([2*])c2c(=O)cc([3*])oc12,1,2422,0.041288191577208914
C1CCN2C[C@H]3C[C@H](CN4CCCC[C@@H]34)[C@H]2C1,C1CCN2C[C@H]3C[C@H](CN4CCCC[C@@H]34)[C@H]2C1,1,2422,0.041288191577208914
C1CCC(OC[C@@H]2CCCC(OC3CCCO3)O2)OC1,[1*][C@H]1OC(OC[C@H]2OC(O[C@]3([2*])O[C@H]([3*])[C@@H]([4*])[C@@H]3[5*])[C@H]([6*])[C@@H]([7*])[C@@H]2[8*])[C@H]([9*])[C@@H]([10*])[C@H]1[11*],1,2422,0.041288191577208914
O=C1C=COS(=O)(=O)[N-]1,[1*]C1=CC(=O)[N-]S(=O)(=O)O1,1,2422,0.041288191577208914
C=C1CC23CCC4C(C(=O)OC5OCCC(OC6CCCCO6)C5OC5CCCCO5)CCCC4C2CCC1(OC1OCCC(OC2CCCCO2)C1OC1CCCCO1)C3,[1*]C1(C(=O)OC2OC([2*])C([3*])C(OC3OC([4*])C([5*])C([6*])C3[7*])C2OC2OC([8*])C([9*])C([10*])C2[11*])CCCC2([12*])C3CCC4(OC5OC([13*])C([14*])C(OC6OC([15*])C([16*])C([17*])C6[18*])C5OC5OC([19*])C([20*])C([21*])C5[22*])CC3(CCC12)CC4=C,1,2422,0.041288191577208914
C=C1C(=O)OC2C3C=CC(=O)C3=CCCC12,[1*]C1=C2C(=O)C=C([2*])C2C2OC(=O)C(=C)C2CC1,1,2422,0.041288191577208914
O=c1[nH]c(=O)c2[nH]cnc2[nH]1.O=c1[nH]c(=O)c2[nH]cnc2[nH]1,[1*]n1c(=O)c2[nH]cnc2n([2*])c1=O.[3*]n1c(=O)c2[nH]cnc2n([4*])c1=O,1,2422,0.041288191577208914
O=C(Cc1ccccc1)OC1CC2CCC(C1)N2.O=C(Cc1ccccc1)OC1CC2CCC(C1)N2,[1*]N1C2CCC1CC(OC(=O)C([2*])c1ccccc1)C2.[3*]N1C2CCC1CC(OC(=O)C([4*])c1ccccc1)C2,1,2422,0.041288191577208914
O=C(C[NH2+]Cc1ccccc1)Nc1ccccc1.c1ccccc1,[1*][N+]([2*])(CC(=O)Nc1c([3*])cccc1[4*])Cc1ccccc1.[5*]c1ccccc1,1,2422,0.041288191577208914
O=C1[N-]C(=O)C(C2=CCCCC2)C(=O)N1,[1*]N1C(=O)[N-]C(=O)C([2*])(C2=CCCCC2)C1=O,1,2422,0.041288191577208914
O=C(CS(=O)Cc1ccco1)NCC=CCOc1cc(CN2CCCCC2)ccn1,O=C(CS(=O)Cc1ccco1)NCC=CCOc1cc(CN2CCCCC2)ccn1,1,2422,0.041288191577208914
C1CCCCCCC1,[1*]C1([2*])CCCCCCC1,1,2422,0.041288191577208914
O=C(NCC1CCCCCCC1)Nc1ccccc1,[1*]c1ccc(NC(=O)NC([2*])C2CCCCCCC2)cc1,1,2422,0.041288191577208914
O=C(NCC1CCCCC1)Nc1ccccc1,[1*]c1ccc(NC(=O)NC([2*])C2CCCCC2)cc1,1,2422,0.041288191577208914
O=C(Nc1ccccc1)NC1CCCCCC1,[1*]c1ccc(NC(=O)NC2([2*])CCCCCC2)cc1,1,2422,0.041288191577208914
O=S(=O)(NC1CCCCC1)OC1CCCCC1,O=S(=O)(NC1CCCCC1)OC1CCCCC1,1,2422,0.041288191577208914
O=C1CC2CCC=CCC/C=C/[C@H]2O1,[1*]/C1=C\CC([2*])/C([3*])=C/[C@H]2OC(=O)[C@@H]([4*])C2CC1,1,2422,0.041288191577208914
C1=CCCCC/C=C/CC1,[1*]C1CC([2*])=CCC/C([3*])=C/C([4*])C1[5*],1,2422,0.041288191577208914
C1=CC2[C@@H](O1)O[C@H]1C[C@@H]2C2O[C@@]21C1C[C@@H]2OCC3CCC[C@@]4(COC[C@@H]14)[C@H]32,[1*][C@H]1C[C@@H]([2*])[C@@]2([3*])CO[C@H]3[C@@H]([4*])[C@@]([5*])([C@]45O[C@@]4([6*])[C@H]4C[C@@H]5O[C@@H]5OC=C[C@@]54[7*])[C@H]4[C@]1(CO[C@]4([8*])[9*])[C@@H]32,1,2422,0.041288191577208914
C1=C2CCCNC2C2CC1C1CCCCN1C2,C1=C2CCCNC2C2CC1C1CCCCN1C2,1,2422,0.041288191577208914
C=C(C(=O)OC1CC2CCC(C1)N2)c1ccccc1,[1*]N1C2CCC1CC(OC(=O)C(=C)c1ccccc1)C2,1,2422,0.041288191577208914
O=C1CCCC2=CC(=O)OC2C2OC2CC1,[1*]C1CC([2*])([3*])C(=O)CCC2([4*])OC2C2OC(=O)C([5*])=C12,1,2422,0.041288191577208914
O=C1O[C@@H]2CC3C([C@H]1C2)[C@@H]1O[C@@H]1[C@@]31CO1,[1*]C1[C@H]2C(=O)O[C@@H]1C[C@@]1([2*])[C@]2([3*])[C@@H]2O[C@@H]2[C@@]12CO2,1,2422,0.041288191577208914
O=C1c2ccc3c(c2O[C@@H]2COc4ccccc4[C@H]12)CCO3,[1*][C@H]1Cc2c(ccc3c2O[C@@H]2COc4cc([2*])c([3*])cc4[C@@H]2C3=O)O1,1,2422,0.041288191577208914
C1CCC(OC2CCC3C(CCC4C3CCC3C5CCOC5CC34)C2)OC1,[1*]C1OC2([2*])C(C3CCC4C5([3*])CCC(OC6OC([4*])C([5*])C([6*])C6[7*])C([8*])([9*])C5CCC4([10*])C3([11*])C2[12*])C1([13*])[14*],1,2422,0.041288191577208914
C=C1C(=O)C23CCC4CCC(=O)CC4C2CCC1C3,[1*]C1CC2C([2*])([3*])CC(=O)CC2([4*])C2CCC3C(=C)C(=O)C12C3[5*],1,2422,0.041288191577208914
C=C1C(=O)OC2C1CCC1COC(=O)C(=C)C12,[1*]C1CC2([2*])COC(=O)C(=C)C2C2OC(=O)C(=C)C12,1,2422,0.041288191577208914
C=C1C(=O)OC2C1CCC(=C)C1CCC(=C)C12,C=C1C(=O)OC2C1CCC(=C)C1CCC(=C)C12,1,2422,0.041288191577208914
C=C1C(=O)OC2C1CCCC13OC1C1OC1C23,[1*]C1([2*])CCC2C(=C)C(=O)OC2C2C3([3*])OC3C3OC321,1,2422,0.041288191577208914
C=C1C(=O)OC2C1CCC1CCCC(=C)C12,[1*]C12CCC3C(=C)C(=O)OC3C1([3*])C(=C)CCC2[2*],1,2422,0.041288191577208914
C=C1C(=O)OC2C=CCCC=C(C(=O)OC3CCCCO3)CCC12,[1*]C1=CC2OC(=O)C(=C)C2CCC(C(=O)OC2OC([2*])C([3*])C([4*])C2[5*])=CCC1,1,2422,0.041288191577208914
C=C1C(=O)OC2CC3CCCCC3=CC12,[1*]C12CCCC([2*])C1=CC1C(=C)C(=O)OC1C2,1,2422,0.041288191577208914
C=C1C(=O)OC2CC3OC3CCC=CCC12,[1*]C12CC3OC(=O)C(=C)C3C([3*])C=C([2*])CCC1O2,1,2422,0.041288191577208914
C=C1C(=O)OCC2CCC3CC(=O)OC3C12,[1*]C12COC(=O)C(=C)C1C1OC(=O)C([3*])C1[C@@H]([2*])C2,1,2422,0.041288191577208914
C=C1C(C2C=CC(=O)OCC2)CCC2C1CC(=O)OC2c1ccoc1,[1*]C1(C2CCC3([5*])C(c4ccoc4)OC(=O)CC3([6*])C2=C)C=CC(=O)OC([2*])([3*])C1[4*],1,2422,0.041288191577208914
C=C1CC2OCC34C(CC5C=CC(OC6CCCCO6)CC5C23)OC(=O)CC14,[1*]C1C(=C)C2CC(=O)OC3CC4C([3*])=CC(OC5OC([4*])C([5*])C([6*])C5[7*])C([8*])C4([9*])C4C1([2*])OCC324,1,2422,0.041288191577208914
C=C1CC2OCC34C(CC5C=CC(=O)CC5C23)OC(=O)CC14,[1*]C1C(=C)C2CC(=O)OC3C([3*])C4C([4*])=CC(=O)C([5*])C4([6*])C4C1([2*])OCC234,1,2422,0.041288191577208914
C=C1CC23CCC4C(C(=O)OC5CCCCO5)CCCC4C2CCC1(OC1CCCC(COC(=O)/C=C/c2ccccc2)O1)C3,[1*]C1(C(=O)OC2OC([2*])C([3*])C([4*])C2[5*])CCCC2([6*])C3CCC4(OC5OC(COC(=O)/C=C/c6ccc([7*])cc6)C([8*])C([9*])C5[10*])CC3(CCC12)CC4=C,1,2422,0.041288191577208914
C=C1CC23CCC4C(C(=O)OC5CCCC(COC(=O)/C=C/c6ccccc6)O5)CCCC4C2CCC1(OC1CCCCO1)C3,[1*]C1(C(=O)OC2OC(COC(=O)/C=C/c3ccc([2*])c([3*])c3)C([4*])C([5*])C2[6*])CCCC2([7*])C3CCC4(OC5OC([8*])C([9*])C([10*])C5[11*])CC3(CCC12)CC4=C,1,2422,0.041288191577208914
C=C1CCCC=CC2OC(=O)C(=C)C2CC1,[1*]C1=CC2OC(=O)C(=C)C2CCC(=C)C([3*])CC1[2*],1,2422,0.041288191577208914
C=C1CCC2CCCCC2C1CC=C1C=COC1=O,[1*]C1([2*])C([3*])CCC2([4*])C(CC=C3C=COC3=O)C(=C)CCC12,1,2422,0.041288191577208914
C=C1CCC2C3CCCC24C(OC3=O)OC(c2ccoc2)CC14,[1*]C12CCCC34C(OC1=O)OC(c1ccoc1)CC3C(=C)CCC24,1,2422,0.041288191577208914
C=C1CCC=CCCC2CCC12,[1*]C1=CCCC(=C)C2CC([2*])([3*])C2CC1,1,2422,0.041288191577208914
C=C1CC[C@@H]2CCCCC2[C@@H]1CCC1=CCOC1=O,[1*][C@@]1([2*])CCC[C@@]2([3*])[C@H](CCC3=CCOC3=O)C(=C)CC[C@@H]21,1,2422,0.041288191577208914
C=C1CC[C@@H]2C(CO[C@H]3CCCCO3)CCCC2[C@@H]1CCC1=CCOC1=O,[1*][C@@]1(CO[C@@H]2O[C@H]([2*])[C@@H]([3*])[C@H]([4*])[C@H]2[5*])CCC[C@@]2([6*])[C@H](CCC3=CCOC3=O)C(=C)CC[C@H]12,1,2422,0.041288191577208914
C=C1CCc2cccc3cc(=O)oc-3c21,[1*]c1ccc2c([2*])c(=O)oc-2c2c1CCC2=C,1,2422,0.041288191577208914
C=C1C[C@]23CC[C@H]1C[C@H]2[C@@]12CCCC(CN4CCOC41)[C@H]2CC3,[1*][C@]12CCC[C@]3(C4OCCN4C1)[C@@H]2CC[C@@]12CC[C@@H](C[C@H]13)C(=C)[C@H]2[2*],1,2422,0.041288191577208914
C=C1C(=O)CC2CC3C(=C)c4ccccc4C=C3C(=O)C2C1=O,[1*]c1cccc2c1C([2*])=C1C(=O)C3([3*])C(=O)C(=C([4*])[5*])C(=O)C([6*])C3C([7*])C1C2=C,1,2422,0.041288191577208914
C1CCC2CCCCC2C1,[1*]C1C([2*])([3*])CCC2C([4*])([5*])CCCC12[6*],1,2422,0.041288191577208914
O=C1Nc2ccccc2C12C1CC3C(CO1)C1NCC3C12,[1*]C12CN([2*])C3C4COC(CC41)C1(C(=O)Nc4ccccc41)C32,1,2422,0.041288191577208914
C=C1C(=O)OC2C1CCC1COC(=O)CC12,[1*]C12COC(=O)C([2*])C1C1OC(=O)C(=C)C1C([3*])C2,1,2422,0.041288191577208914
O=C(/C=C\c1ccccc1)OC1CCC(OC2CC3CCOC(=O)C3=CO2)OC1,[1*]C1C(OC2OC([2*])C(OC(=O)/C=C\c3ccc([3*])c([4*])c3)C([5*])C2[6*])OC=C2C(=O)OCCC21[7*],1,2422,0.041288191577208914
O=C1OCCC2CC(OC3CCC(OC(=O)c4cccc(OC5CCCCO5)c4)CO3)OC=C12,[1*]C1C(OC2OC([2*])C(OC(=O)c3cccc(OC4OC([3*])C([4*])C([5*])C4[6*])c3[7*])C([8*])C2[9*])OC=C2C(=O)OCCC21[10*],1,2422,0.041288191577208914
O=C1OCCC2CC(OCC3CCCC(OC(=O)c4ccc(-c5ccccc5)cc4)O3)OC=C12,[1*]C1C(OCC2OC(OC(=O)c3cc([2*])c(-c4cccc([3*])c4)c([4*])c3)C([5*])C([6*])C2[7*])OC=C2C(=O)OCCC21,1,2422,0.041288191577208914
O=C1OCCC2CC(O[C@H]3OCCC[C@@H]3OC(=O)c3ccccc3-c3ccccc3)OC=C12,[1*]C1C(O[C@H]2O[C@@H]([2*])[C@@H]([3*])[C@H]([4*])[C@@H]2OC(=O)c2c([5*])cccc2-c2cccc([6*])c2)OC=C2C(=O)OCCC21,1,2422,0.041288191577208914
c1ccc2[nH]c(C3CC4CCN3CC4)cc2c1,[1*]C1CN2CCC1CC2c1[nH]c2ccccc2c1[2*],1,2422,0.041288191577208914
O=C1CCCC2C3CNCC(C3)CN12,[1*]C1NCC2CC1CN1C(=O)CCCC21,1,2422,0.041288191577208914
c1ccc2c(C[C@@H]3C[C@H]4CC[N@@H+]3CC4)ccnc2c1,[1*][C@H]1C[N@@H+]2CC[C@H]1C[C@H]2[C@H]([2*])c1ccnc2ccc([3*])cc12,1,2422,0.041288191577208914
O=C1OCC[C@H]2C[C@H](O[C@H]3CCCCO3)OC=C12,[1*][C@H]1[C@H](O[C@@H]2O[C@H]([2*])[C@@H]([3*])[C@H]([4*])[C@H]2[5*])OC=C2C(=O)OCC[C@H]21,1,2422,0.041288191577208914
O=C1OCCC2C[C@H](O[C@H]3CCCCO3)OC=C12,[1*][C@H]1[C@H](O[C@@H]2O[C@H]([2*])[C@@H]([3*])[C@H]([4*])[C@H]2[5*])OC=C2C(=O)OCC[C@]21[6*],1,2422,0.041288191577208914
O=C1OCCC2C[C@H](O[C@@H]3OCCC[C@H]3OC(=O)c3ccccc3-c3ccccc3)OC=C12,[1*][C@H]1[C@H](O[C@@H]2O[C@H]([2*])[C@@H]([3*])[C@H]([4*])[C@H]2OC(=O)c2c([5*])cc([6*])cc2-c2cccc([7*])c2)OC=C2C(=O)OCC[C@]21[8*],1,2422,0.041288191577208914
O=C1CC2C(CCCC=CCOC3OCCCC3OC3CCCCO3)CCC2C2CC=C3CC(OC4CCCCO4)CCC3C12,[1*]C(=CCCC([2*])C1CCC2([3*])C3CC=C4C(CCC(OC5OC([4*])C([5*])C([6*])C5[7*])C4([8*])[9*])C3([10*])C(=O)CC12[11*])COC1OC([12*])C([13*])C([14*])C1OC1OC([15*])C([16*])C([17*])C1[18*],1,2422,0.041288191577208914
O=C(Cc1ccccc1)OC1CCOCC1,[1*]C1OC([2*])C([3*])C(OC(=O)Cc2ccc([4*])c([5*])c2)C1[6*],1,2422,0.041288191577208914
O=C(Cc1ccccc1)OC1CCOCC1OC(=O)Cc1ccccc1,[1*]C1OC([2*])C([3*])C(OC(=O)Cc2ccccc2)C1OC(=O)Cc1ccc([4*])c([5*])c1,1,2422,0.041288191577208914
O=C1C=C2C(=O)OC3C(OC(=O)c4ccccc4)OC4COC(=O)c5ccccc5-c5ccccc5C(=O)OC3C4OC(=O)c3cccc4c3C2C(C1)O4,[1*]C1([2*])C(=O)C=C2C(=O)OC3C(OC(=O)c4cc([3*])c([4*])c([5*])c4)OC4COC(=O)c5cc([6*])c([7*])c([8*])c5-c5c(cc([9*])c([10*])c5[11*])C(=O)OC3C4OC(=O)c3cc([12*])c([13*])c4c3C2C1([14*])O4,1,2422,0.041288191577208914
O=C1CC2OCC3CC(=O)C4C(CCC5C(c6ccoc6)OC(=O)C6OC654)C32CO1,[1*]C1C(=O)C2([2*])C(CCC3([3*])C(c4ccoc4)OC(=O)C4OC432)C23COC(=O)CC2OC([4*])([5*])C13,1,2422,0.041288191577208914
O=C(/C=C/c1ccccc1)OC1CC2CCCC2C2CCC3CC(OC4CCC(OC5CCC(OC6CCC(OC7CCC(OC8CCCCO8)CO7)CO6)CO5)CO4)CCC3C12,[1*]C1C(OC(=O)/C=C/c2ccccc2)C2C(CCC3CC(OC4OC([2*])C(OC5OC([3*])C(OC6OC([4*])C(OC7OC([5*])C(OC8OC([6*])C([7*])C([8*])C8[9*])C([10*])C7[11*])C([12*])C6[13*])C([14*])C5[15*])C([16*])C4[17*])CCC32[18*])C2([19*])CCC([20*])C12[21*],1,2422,0.041288191577208914
O=C1CC(C(=O)C2CCC3C4C(=O)CCCC4CC4OC(=O)CC2C43)CO1,[1*]C1CC([2*])(C(=O)C2COC(=O)C2)C2CC(=O)OC3CC4C([3*])CC([4*])C(=O)C4([5*])C1C32[6*],1,2422,0.041288191577208914
O=C1CC2CCC=C3C=CCC3C2O1,[1*]C1CC([2*])=C2C=CC([3*])([4*])C2C2OC(=O)C([5*])C12,1,2422,0.041288191577208914
O=C1C=C(C2CCC3C2CCC2C4CC5OC6CCCOC6OC5CC4CCC23)CO1,[1*]C1CC([2*])OC2OC3CC4CCC5C(CCC6([3*])C(C7=CC(=O)OC7)CCC56[4*])C4([5*])CC3OC12[6*],1,2422,0.041288191577208914
O=C1CC2C(c3ccoc3)CC3OC32C2CCC3C4CCCC3(COC4)C12,[1*]C1CC([2*])C23COC([3*])C1([4*])C2CC([5*])C1([6*])C3C(=O)C([7*])C2([8*])C(c3ccoc3)CC3OC312,1,2422,0.041288191577208914
O=C1C=C(C2CCC3C2CCC2C4CCC(OC5CCC(OC6CCC(OC7CCC(OC8CCCCO8)CO7)CO6)CO5)CC4CCC23)CO1,[1*]C1CC(OC2C([2*])CC(OC3C([3*])CC(OC4CCC5([4*])C(CCC6C5CC([5*])C5([6*])C(C7=CC(=O)OC7)CCC65[7*])C4)OC3[8*])OC2[9*])OC([10*])C1OC1OC([11*])C([12*])C([13*])C1[14*],1,2422,0.041288191577208914
C1=CC2CCCCC2CC1,[1*]C1CC2([2*])C([3*])=CCCC2C([4*])([5*])C1[6*],1,2422,0.041288191577208914
C1=C2C(=CCC3CC(OC4CCCCO4)CCC23)C2CCC(C3COC4CCOC43)C2C1,[1*]C1CC2C3=CCC4CC(OC5OC([2*])C([3*])C([4*])C5[5*])CCC4([6*])C3=CCC2([7*])C1C1C([8*])OC2C1OC([9*])C2([10*])[11*],1,2422,0.041288191577208914
C1CCC2C(C1)CCC1C2CCC2C3CCCC3CCC21,[1*]C1CCC2([2*])C1CCC1([3*])C2CCC2C3([4*])CCCC([5*])([6*])C3CCC21[7*],1,2422,0.041288191577208914
C1=CC2CCCC2CO1,[1*]C1([2*])C([3*])CC2C([4*])=COC([5*])C21,1,2422,0.041288191577208914
C1=C(COC2CCCCO2)C2CCCC2CO1,[1*]C1([2*])C([3*])CC2C(COC3OC([4*])C([5*])C([6*])C3[7*])=COC([8*])C21,1,2422,0.041288191577208914
O=C(OCC1(OC2OCCC(OC3CCCCO3)C2OC2CCCCO2)OCC(OC(=O)c2ccccc2)C1OC(=O)c1ccccc1)c1ccccc1,[1*]C1OC(OC2C(OC3(COC(=O)c4ccccc4)OC([2*])C(OC(=O)c4ccccc4)C3OC(=O)c3ccccc3)OC([3*])C([4*])C2OC2OC([5*])C([6*])C([7*])C2[8*])C([9*])C([10*])C1[11*],1,2422,0.041288191577208914
O=C1OCCC2C1=COC(OC1CCC(OC(=O)c3cccc(OC4CCCCO4)c3)CO1)C2C1CO1,[1*]C1OC(OC2OC=C3C(=O)OCCC3([2*])C2C2CO2)C([3*])C([4*])C1OC(=O)c1cccc(OC2OC([5*])C([6*])C([7*])C2[8*])c1[9*],1,2422,0.041288191577208914
O=C1C=CC2[C@@H](CCC3[C@@H]2CCC2[C@H](c4ccoc4)C(=O)[C@H]4O[C@@]324)C1,[1*][C@@H]1C[C@H]2C([2*])([3*])C(=O)C=C[C@]2([4*])[C@H]2CC[C@@]3([5*])[C@H](c4ccoc4)C(=O)[C@H]4O[C@]43[C@]12[6*],1,2422,0.041288191577208914
O=C(CCc1ccccc1)O[C@H]1CCC2CC1=CCC1CCC=C(CC2=O)C1,[1*][C@H]1CC2[C@@H]([2*])C=C3C[C@]([3*])(C(=O)[C@H]([4*])C(=C1[5*])C2([6*])[7*])[C@@H]([8*])C[C@@H]3OC(=O)[C@H]([9*])[C@@H]([10*])c1ccccc1,1,2422,0.041288191577208914
O=C(CCCOC1CCCCO1)CC1CCC2C1CC(=O)C1C3CC(OC4CCCCO4)C(=O)CC3=CCC21,[1*]C([2*])(CCC(=O)C([3*])([4*])C1CCC2([5*])C3CC=C4C(CC(OC5OC([6*])C([7*])C([8*])C5[9*])C(=O)C4([10*])[11*])C3([12*])C(=O)CC12[13*])OC1OC([14*])C([15*])C([16*])C1[17*],1,2422,0.041288191577208914
O=C1CC2CCCC2C2CC=C3CCC(OC4CCCCO4)CC3C12,[1*]C1C([2*])CC2([3*])C3CC=C4C(CC(OC5OC([4*])C([5*])C([6*])C5[7*])C([8*])C4([9*])[10*])C3([11*])C(=O)CC12[12*],1,2422,0.041288191577208914
O=c1ccc2ccc3c(c2o1)C[C@@H](CO[C@H]1CCCCO1)O3,[1*]C([2*])(O[C@@H]1O[C@H]([3*])[C@@H]([4*])[C@H]([5*])[C@H]1[6*])[C@H]1Oc2ccc3ccc(=O)oc3c2[C@H]1[7*],1,2422,0.041288191577208914
C1=CCC=C1,[1*]C1=C([2*])C([3*])=C([4*])C1[5*],1,2422,0.041288191577208914
O=C1OCC2=C1C1CCC3C4CCC(OC5CCCC(COC6CCCCO6)O5)CC4CCC3C1C(=O)OC2,[1*]C1OC(=O)C2=C1COC(=O)C1([2*])C2CCC2C3([3*])CCC(OC4OC(COC5OC([4*])C([5*])C([6*])C5[7*])C([8*])C([9*])C4[10*])C([11*])([12*])C3CCC21[13*],1,2422,0.041288191577208914
O=C1OCC2OC(=O)C3C4CCC5CC(OC6CCCC(COC7CCCCO7)O6)CCC5C4CCC3C12,[1*]C1OC(=O)C2C3CCC4C5([2*])CCC(OC6OC(COC7OC([3*])C([4*])C([5*])C7[6*])C([7*])C([8*])C6[9*])C([10*])([11*])C5CCC4([12*])C3([13*])C(=O)OC12[14*],1,2422,0.041288191577208914
O=C1OCC2OC(OC3CCCCO3)C3C4CCC5CC(OC6CCCC(COC7CCCCO7)O6)CCC5C4CCC3C12,[1*]C1OC(=O)C2C3CCC4C5([2*])CCC(OC6OC(COC7OC([3*])C([4*])C([5*])C7[6*])C([7*])C([8*])C6[9*])C([10*])([11*])C5CCC4([12*])C3([13*])C(OC3OC([14*])C([15*])C([16*])C3[17*])OC12[18*],1,2422,0.041288191577208914
C1CCC(OC2C(OC3CCCO3)CCOC2OC2CCCOC2OC2CCC3C(CCC4C3CCC3C5CCOC5CC34)C2)OC1,[1*]C1OC2([2*])C(C3CCC4C5([3*])CCC(OC6OCC([4*])C([5*])C6OC6OC([6*])C([7*])C(OC7OCC([8*])([9*])C7[10*])C6OC6OC([11*])C([12*])C([13*])C6[14*])C([15*])([16*])C5CCC4([17*])C3([18*])C2[19*])C1([20*])[21*],1,2422,0.041288191577208914
O=c1cc(-c2ccccc2)c2ccccc2o1,[1*]c1c([2*])c([3*])c([4*])c2c(-c3ccccc3)cc(=O)oc12,1,2422,0.041288191577208914
O=C1OCC=C1C1CCC2C3=CCC4CCCCC4C3=CCC12,[1*]C1C=C(C2C([2*])CC3C4=CCC5CC([3*])CCC5([4*])C4=CCC32[5*])C(=O)O1,1,2422,0.041288191577208914
O=C1OCC=C1C1CCC2C3=CCC4CC(OC5CCCCO5)CCC4C3=CCC12,[1*]C1C=C(C2C([2*])CC3C4=CCC5CC(OC6OC([3*])C([4*])C([5*])C6[6*])CCC5([7*])C4=CCC32[8*])C(=O)O1,1,2422,0.041288191577208914
C=C1OC(=O)c2ccccc21,[1*]/C=C1\OC(=O)c2ccccc21,1,2422,0.041288191577208914
O=C1OC(C2CO2)CC1C1C(=O)CC2C3=CCC4CC(OC5CCCCO5)CCC4C3=CCC21,[1*]C1(C2CC(C3C(=O)CC4C5=CCC6CC(OC7OC([2*])C([3*])C([4*])C7[5*])CCC6([6*])C5=CCC43[7*])C(=O)O2)OC1[8*],1,2422,0.041288191577208914
O=C1OC(C2CO2)CC1C1CCC2C3=CCC4CC(OC5CCCCO5)CCC4C3=CCC21,[1*]C1(C2CC(C3C([2*])CC4C5=CCC6CC(OC7OC([3*])C([4*])C([5*])C7[6*])CCC6([7*])C5=CCC43[8*])C(=O)O2)OC1[9*],1,2422,0.041288191577208914
O=C1OC2CCOC2C1C1CCC2C3=CCC4CC(OC5CCCCO5)CCC4C3=CCC21,[1*]C1([2*])C2OC(=O)C(C3CCC4C5=CCC6CC(OC7OC([3*])C([4*])C([5*])C7[6*])CCC6([7*])C5=CCC43[8*])C2OC1([9*])[10*],1,2422,0.041288191577208914
O=C1C=COC1C1CCC2C1CC(=O)C1C3CCC(OC4OCCCC4OC4CCCCO4)CC3=CCC21,[1*]C1=CC(=O)C([2*])(C2C([3*])CC3([4*])C4CC=C5C(CCC(OC6OCC([5*])C([6*])C6OC6OC([7*])C([8*])C([9*])C6[10*])C5([11*])[12*])C4([13*])C(=O)CC23[14*])O1,1,2422,0.041288191577208914
C1=CC2=CCC3CCCCC3C2CC1,[1*]C1=CC2=CCC3C([2*])([3*])CCCC3([4*])C2CC1,1,2422,0.041288191577208914
c1cc(C2CCCO2)co1,[1*]C1([2*])CCC(c2ccoc2)O1,1,2422,0.041288191577208914
O=c1ccc2ccc3c(c2o1)CCO3,[1*]C1c2c(ccc3ccc(=O)oc23)OC1[2*],1,2422,0.041288191577208914
C1CCC(COC2CCCO2)OC1,[1*]C1OC(COC2OCC([2*])([3*])C2[4*])C([5*])C([6*])C1[7*],1,2422,0.041288191577208914
O=C(NC1OC2[C@@H]3CCCN3C(=O)CN2C1=O)[C@@H]1C=C2c3cccc4[nH]cc(c34)C[C@H]2NC1,[1*][C@@]1(NC(=O)[C@@H]2C=C3c4cccc5[nH]cc(c45)C[C@H]3N([2*])C2)O[C@@]2([3*])[C@@H]3CCCN3C(=O)CN2C1=O,1,2422,0.041288191577208914
O=C1CCC[C@@]2(CCC(=O)C2)C1,[1*][C@H]1C(=O)C[C@H]([2*])[C@@]12CC[C@@H]([3*])C(=O)C2,1,2422,0.041288191577208914
O=C1CC2C[C@@H]2C1,[1*][C@]12CC(=O)[C@@H]([2*])[C@H]1C2,1,2422,0.041288191577208914
O=C1O[C@H]2C[C@H]3CCCC[C@@]13c1ccccc12,[1*]c1cc2c(c([2*])c1[3*])[C@@]13CCCC([4*])([5*])[C@@H]1C[C@@H]2OC3=O,1,2422,0.041288191577208914
C(=CC=CC=CC=CC=CC1C=CCCC1)C=CC=CC=CC=CC1=CCCCC1,[1*]C(C=CC=C([2*])C=CC1=C([3*])CC([4*])CC1([5*])[6*])=CC=CC=C([7*])C=CC=C([8*])C=CC1C([9*])=CC([10*])CC1([11*])[12*],1,2422,0.041288191577208914
O=C1CC2C(CCCCCOC3CCCC(COC4CCCCO4)O3)CCC2C2CC=C3CC(OC4CCCCO4)CCC3C12,[1*]C(CCC([2*])C([3*])([4*])OC1OC(COC2OC([5*])C([6*])C([7*])C2[8*])C([9*])C([10*])C1[11*])C1CCC2([12*])C3CC=C4C(CCC(OC5OC([13*])C([14*])C([15*])C5[16*])C4([17*])[18*])C3([19*])C(=O)CC12[20*],1,2422,0.041288191577208914
O=C1CC2C(CCCCOC3CCCCO3)CCC2C2CC=C3CC(OC4CCCCO4)CCC3C12,[1*]C(CCC([2*])OC1OC([3*])C([4*])C([5*])C1[6*])C1CCC2([7*])C3CC=C4C(CCC(OC5OC([8*])C([9*])C([10*])C5[11*])C4([12*])[13*])C3([14*])C(=O)CC12[15*],1,2422,0.041288191577208914
C1=C2CC(OC3CCCCO3)CCC2C2CCC3C(CCCCOC4CCCC(COC5CCCCO5)O4)CCC3C2C1,[1*]C(CCC([2*])OC1OC(COC2OC([3*])C([4*])C([5*])C2[6*])C([7*])C([8*])C1[9*])C1CCC2([10*])C3CC=C4C(CCC(OC5OC([11*])C([12*])C([13*])C5[14*])C4([15*])[16*])C3([17*])C([18*])CC12[19*],1,2422,0.041288191577208914
C1=C2CC(OC3CCCC(COC4CCCC(COC5CCCCO5)O4)O3)CCC2C2CCC3C(CCCCOC4OC(COC5CCCCO5)CCC4OC4CCCCO4)CCC3C2C1,[1*]C(CCC([2*])OC1OC(COC2OC([3*])C([4*])C([5*])C2[6*])C([7*])C([8*])C1OC1OC([9*])C([10*])C([11*])C1[12*])C1CCC2([13*])C3CC=C4C(CCC(OC5OC(COC6OC(COC7OC([14*])C([15*])C([16*])C7[17*])C([18*])C([19*])C6[20*])C([21*])C([22*])C5[23*])C4([24*])[25*])C3([26*])C([27*])CC12[28*],1,2422,0.041288191577208914
C1=C2CC(OC3CC(OC4CCCCO4)CCO3)CCC2C2CCC3C4CC(CCCCOC5CCCCO5)OC4CC3C2C1,[1*]C(CCC1([2*])OC2CC3C4CC=C5CC(OC6OC([3*])C([4*])C(OC7OC([5*])C([6*])C([7*])C7[8*])C6[9*])CCC5([10*])C4CCC3([11*])C2C1[12*])COC1OC([13*])C([14*])C([15*])C1[16*],1,2422,0.041288191577208914
O=C1C=C2C3C4OC4CC4C(=O)OC(C43)C3OC23CO1,[1*]C1OC(=O)C=C2C3([2*])C4OC4C([3*])C4([4*])C(=O)OC(C34)C3OC213,1,2422,0.041288191577208914
O=C(OC1CCCCO1)c1ccccc1-c1ccccc1,[1*][C@H]1OC(OC(=O)c2c([2*])cc([3*])cc2-c2cccc([4*])c2)C([5*])C([6*])C1[7*],1,2422,0.041288191577208914
C1CCC(OC23CCC4C5CCCCC5CCC4(CC2)C3)OC1,[1*]C1([2*])CCCC2([3*])C1CCC13CC([8*])([9*])C(OC4OC([4*])C([5*])C([6*])C4[7*])(CCC12)C3,1,2422,0.041288191577208914
O=C(OC1CCCCO1)C1CCCC2C1CCC13CC4COC(CC4(OC4CCCCO4)C1)C23,[1*]C1(C(=O)OC2OC([2*])C([3*])C([4*])C2[5*])CCCC2([6*])C3C4CC5(OC6OC([7*])C([8*])C([9*])C6[10*])CC3(CCC12)CC5([11*])CO4,1,2422,0.041288191577208914
O=C(OC1CCCCO1)C1CCCC2C1CCC13CC(OC4CCCCO4)(C=CO1)CCC23,[1*]C1(C(=O)OC2OC([2*])C([3*])C([4*])C2[5*])CCCC2([6*])C3CCC4(OC5OC([7*])C([8*])C([9*])C5[10*])CC3(CCC12)OC=C4[11*],1,2422,0.041288191577208914
C1=C2CCC3CC(OC4CCCCO4)CCC3C2CCC1,[1*]C1([2*])C=C2CCC3C([3*])([4*])C(OC4OC([5*])C([6*])C([7*])C4[8*])CCC3([9*])C2CC1,1,2422,0.041288191577208914
O=C1CCC2[C@H](CC[C@@]34CC(CO[C@@H]5CCCCO5)[C@@H](CC[C@H]23)C4)C1,[1*]C1([2*])C(=O)CC[C@]2([3*])[C@@H]1CC[C@]13C[C@H](CC[C@@H]12)[C@@]([4*])(CO[C@H]1O[C@@H]([5*])[C@H]([6*])[C@@H]([7*])[C@@H]1[8*])C3,1,2422,0.041288191577208914
O=C1C=CC(C2CCOC23C=C2C(CCC45CC24C(=O)OC5c2ccoc2)OO3)O1,[1*]C1([2*])CC(C2([3*])C=CC(=O)O2)C2(C=C3C(CCC45CC34C(=O)OC5c3ccoc3)OO2)O1,1,2422,0.041288191577208914
O=C1C=C2CCCCC2O1,[1*]C1([2*])CC([3*])CC2([4*])OC(=O)C=C12,1,2422,0.041288191577208914
O=C(OC1CC(OC2CCCCO2)CCO1)C12CCCCC1C1=CCC3C(CCC4C(COC5CCCCO5)C(OC5CCCCO5)CCC43)C1CC2,[1*]C1([2*])CCC2(C(=O)OC3OCC([3*])C(OC4OC([4*])C([5*])C([6*])C4[7*])C3[8*])CCC3([9*])C(=CCC4C5([10*])CCC(OC6OC([11*])C([12*])C([13*])C6[14*])C([15*])(COC6OC([16*])C([17*])C([18*])C6[19*])C5CCC43[20*])C2C1,1,2422,0.041288191577208914
C1=C2C(CCC3CCCC[C@H]23)C2CCC3C[C@@H](O[C@@H]4OCCC[C@H]4O[C@@H]4CCCCO4)CCC3[C@H]2C1,[1*]C1([2*])CC[C@]2([3*])CC[C@]3([4*])C(=CC[C@@H]4[C@@]5([5*])CC[C@H](O[C@@H]6OC[C@H]([6*])[C@H]([7*])[C@H]6O[C@H]6O[C@H]([8*])[C@@H]([9*])[C@H]([10*])[C@H]6[11*])C([12*])([13*])C5CC[C@]43[14*])[C@H]2C1,1,2422,0.041288191577208914
O=C(O[C@H]1CCCCO1)[C@]12CCCC[C@H]1C1=CC[C@H]3C(CC[C@H]4CCCCC43)C1CC2,[1*]C1([2*])CC[C@]2(C(=O)O[C@@H]3O[C@H]([3*])[C@@H]([4*])[C@H]([5*])[C@H]3[6*])CC[C@]3([7*])C(=CC[C@@H]4[C@@]5([8*])C[C@@H]([9*])[C@H]([10*])C([11*])([12*])[C@@H]5CC[C@]43[13*])[C@@H]2[C@@H]1[14*],1,2422,0.041288191577208914
C1=C2C(CC[C@H]3C2CC[C@H]2CCCCC23)[C@@H]2CCCCC2C1,[1*]C1([2*])CC[C@]2([3*])CC=C3[C@]4([4*])CC[C@H]5C([5*])([6*])[C@@H]([7*])CC[C@]5([8*])[C@H]4CC[C@@]3([9*])[C@@H]2C1,1,2422,0.041288191577208914
O=C1C=CC2C(CCC3C4=CCC(C5COC(=O)C5)C4CCC32)CO1,[1*]C1([2*])OC(=O)C=CC2([3*])C1CC([4*])C1([5*])C3=CCC(C4COC(=O)C4)C3([6*])CCC21,1,2422,0.041288191577208914
O=C1CCC2C(CC=C3C2CCC2C3CCC2C2COC(C3CO3)C2)C1,[1*]C1([2*])OC1C1CC(C2CCC3([3*])C4=CCC5C([4*])([5*])C(=O)CCC5([6*])C4CCC23[7*])C([8*])O1,1,2422,0.041288191577208914
O=c1ccc2c(OCC3CO3)c3ccoc3cc2o1,[1*]C1([2*])OC1COc1c2ccoc2cc2oc(=O)ccc12,1,2422,0.041288191577208914
O=C1OC(c2ccoc2)C23CCC4OC5(CC(C6C=CCO6)CO5)CC4C12C3,[1*]C1([2*])OC2(CC1C1([3*])C=CC([4*])O1)CC1C([5*])(CCC34CC13C(=O)OC4c1ccoc1)O2,1,2422,0.041288191577208914
O=C(CC1=CCCC23CC12C(=O)OC3c1ccoc1)CC1COC2CC(=O)OC12,[1*]C1([2*])OC2CC(=O)OC2([3*])C1CC(=O)CC1=CCCC23CC12C(=O)OC3c1ccoc1,1,2422,0.041288191577208914
O=C(CC1COC2CC(=O)OC12)CC1C(=O)CCC23CC12C(=O)OC3c1ccoc1,[1*]C1([2*])OC2CC(=O)OC2([3*])C1CC(=O)CC1C(=O)CCC23CC12C(=O)OC3c1ccoc1,1,2422,0.041288191577208914
O=C1CC2OCC(Cc3cc4c(o3)CCC35CC43COC5c3ccoc3)C2O1,[1*]C1([2*])OC2CC(=O)OC2([3*])C1Cc1cc2c(o1)CCC13CC21C([4*])OC3c1ccoc1,1,2422,0.041288191577208914
O=C1CC2OCC3=CC(=O)C4C(CCC5C(c6ccoc6)OC(=O)C6OC654)C32CO1,[1*]C1([2*])OC2CC(=O)OCC23C1=C([3*])C(=O)C1([4*])C3CCC2([5*])C(c3ccoc3)OC(=O)C3OC321,1,2422,0.041288191577208914
O=C1CC2OCC3C(=O)CC4C(CCC5C(c6ccoc6)OC(=O)C6OC654)C23CO1,[1*]C1([2*])OC2CC(=O)OCC23C1C(=O)C([3*])C1([4*])C3CCC2([5*])C(c3ccoc3)OC(=O)C3OC321,1,2422,0.041288191577208914
O=C1C=C(C2OC(=O)C3OC34C2CCC2C4C(=O)CC3COC4CC(=O)OCC342)CO1,[1*]C1([2*])OC2CC(=O)OCC23C1CC(=O)C1([3*])C3CCC2([4*])C(C3=CC(=O)OC3[5*])OC(=O)C3OC321,1,2422,0.041288191577208914
C1CCC(OCC2CC34CCC5CCCCC5C3CCC2C4)OC1,[1*]C1([2*])CCCC2([3*])C1CCC13CC(CCC12)C([4*])(COC1OC([5*])C([6*])C([7*])C1[8*])C3,1,2422,0.041288191577208914
C1CCC(OCC2CO2)OC1,[1*]C1(COC2OC([2*])C([3*])C([4*])C2[5*])OC1[6*],1,2422,0.041288191577208914
O=C1CC(CCC2=CC(=O)OC2)C2CCC=C3C(=O)OCC32C1,[1*]C1([2*])C(=O)CC23COC(=O)C2=CCCC3C1([3*])CCC1=CC(=O)OC1,1,2422,0.041288191577208914
O=C1OC2CC3C1COC14OC5(C(CCC6C7C(=O)C=CCC7=CCC61)C(=O)OC25)C3C4=O,[1*]C12C(=O)C=CCC1=CCC1C2CCC2([2*])C(=O)OC3([3*])C4CC5([4*])C(COC16OC23C5C6=O)C(=O)O4,1,2422,0.041288191577208914
O=C1CC2C(CCC34CCC(CC(OC5CCCCO5)C23)C4)c2ccoc21,[1*]C12CC(=O)c3occc3C1CCC13CC(CC(OC4OC([2*])C([3*])C([4*])C4[5*])C12)C([6*])([7*])C3,1,2422,0.041288191577208914
O=C1OC2CC1C1=C(OC3CCCCO3)CC3C(=O)OC(c4ccoc4)CC3C1C2,[1*]C12CC(c3ccoc3)OC(=O)C1CC(OC1OC([2*])C([3*])C([4*])C1[5*])=C1C3CC(CC12)OC3=O,1,2422,0.041288191577208914
O=C1OC(c2ccoc2)CC2C1CC1OC(=O)C3CCCC2C13,[1*]C12CC(c3ccoc3)OC(=O)C1CC1OC(=O)C3([2*])C([3*])CCC2C13[4*],1,2422,0.041288191577208914
O=C1OC2CC1C1C3CC4(OC(c5ccoc5)CC4C1C2)C(=O)O3,[1*]C12CC(c3ccoc3)OC13CC(OC3=O)C1C3CC(CC12)OC3=O,1,2422,0.041288191577208914
C1=C(CCc2ccoc2)C2CCC(OC3OCCCC3OC3CCCCO3)CC2CC1,[1*]C1=C(CCc2ccoc2)C2([2*])CCC(OC3OC([3*])C([4*])C([5*])C3OC3OC([6*])C([7*])C([8*])C3[9*])C([10*])([11*])C2CC1,1,2422,0.041288191577208914
O=C1CC2C=CC(=O)C3C4CCCCC4CC(O1)C23,[1*]C1=C([2*])C(=O)C2C3([3*])C(CC4C([4*])CC([5*])C([6*])C42[7*])OC(=O)CC13,1,2422,0.041288191577208914
O=C(Cc1ccccc1)OC1CC=C2C(=O)C=CC2C2OC(=O)CC12,[1*]C1=C2C(=O)C=C([2*])C2C2OC(=O)C([3*])C2C(OC(=O)Cc2ccc([4*])cc2)C1,1,2422,0.041288191577208914
O=C1CC2CCC=C3C(=O)C=C(COC4CCCCO4)C3C2O1,[1*]C1=C2C(=O)C=C(COC3OC([2*])C([3*])C([4*])C3[5*])C2C2OC(=O)C([6*])C2C([7*])C1,1,2422,0.041288191577208914
O=C1CC2OCC3CC4OC(=O)CC5=CCCC(C54)C32CO1,[1*]C1=C2C([2*])C(=O)OC3CC4C([3*])([4*])OC5CC(=O)OCC54C(CC1)C23[5*],1,2422,0.041288191577208914
O=C1C=C2CC3CC(=O)OC3CCC2C1,[1*]C1=C2C([2*])C3C(CC([3*])C2CC1=O)OC(=O)C3[4*],1,2422,0.041288191577208914
O=C1CC2CCC3C(=O)CCC=C3C2O1,[1*]C1=C2C3OC(=O)C([2*])C3CCC2([3*])C(=O)CC1,1,2422,0.041288191577208914
O=C1CC2CCC3(OC4CCCCO4)OCC24C(CC2=CCCCC2C34)O1,[1*]C1=C2CC3OC(=O)CC4C([2*])C([3*])C5(OC6OC([4*])C([5*])C([6*])C6[7*])OCC34C5C2([8*])C([9*])C([10*])C1,1,2422,0.041288191577208914
O=C1C=CC2CC3OC(=O)CC4CCCC(C2C1)C43,[1*]C1=CC(=O)C([2*])C2([3*])C1CC1OC(=O)CC3C([4*])C([5*])C([6*])C2C13[7*],1,2422,0.041288191577208914
O=C1C=CC2CC3OC(=O)CC4CC5C(=O)OCC43C5C2C1,[1*]C1=CC(=O)C([2*])C2([3*])C1CC1OC(=O)CC3C([4*])C4([5*])C(=O)OCC13C42,1,2422,0.041288191577208914
O=C1C=CC2CC3OC(=O)CC4CCC5OCC43C5C2C1,[1*]C1=CC(=O)C([2*])C2([3*])C1CC1OC(=O)CC3C([4*])([5*])C([6*])C4([7*])OCC13C42,1,2422,0.041288191577208914
O=C1CC2CC(=O)C3=C4C2C(CC2C=CC(=O)C(O3)C42)O1,[1*]C1=CC(=O)C2([2*])OC3=C4C5([3*])C(CC1C42[4*])OC(=O)CC5C([5*])C3=O,1,2422,0.041288191577208914
O=C1C=C2C=C3C=CC(=O)C3=CCC2O1,[1*]C1=CC(=O)C2=C([2*])CC3OC(=O)C([3*])=C3C=C12,1,2422,0.041288191577208914
O=C1CC2CCCC3C(=O)C=CC3C2O1,[1*]C1=CC(=O)C2C([2*])CCC3C([3*])C(=O)OC3C12,1,2422,0.041288191577208914
O=C1C=C2C(C3C=CC(=O)O3)CC3OC(=O)CC(C1)C23,[1*]C1=CC(=O)OC1C1([2*])CC2OC(=O)CC3C([3*])C(=O)C([4*])=C1C23[5*],1,2422,0.041288191577208914
O=C1C=CCC2(CC3CCC2CN3)O1,[1*]C1=CC(=O)OC2(C1)CC1CCC2CN1[2*],1,2422,0.041288191577208914
O=C1CC2C3CCC4C5CCC=CC5CC(O1)C24CO3,[1*]C1=CC([2*])C([3*])C2([4*])C1CC1OC(=O)C([5*])C3([6*])C4([7*])OCC13C2C([8*])C4[9*],1,2422,0.041288191577208914
O=C1CC2CCC(C(=O)OC3CCOCC3)=CCCC=CC2O1,[1*]C1=CC2OC(=O)C([2*])C2CCC(C(=O)OC2C([3*])C([4*])OC([5*])C2[6*])=CCC1,1,2422,0.041288191577208914
O=C1CC2CCC=CCCCCC2O1,[1*]C1=CCC([2*])C([3*])CC2OC(=O)C([4*])C2CC1,1,2422,0.041288191577208914
C1=[NH+]COC1,[1*]C1=[NH+][C@@H]([2*])O[C@H]1[3*],1,2422,0.041288191577208914
O=C1CC2CCCC3=C(CCC3=O)C2O1,[1*]C1C(=O)OC2C3=C(C(=O)CC3([2*])[3*])C([4*])([5*])CCC12,1,2422,0.041288191577208914
O=C1CC2CCCC3=C(CCC3)C2O1,[1*]C1C(=O)OC2C3=C(C([2*])CC3([3*])[4*])C([5*])([6*])CCC12,1,2422,0.041288191577208914
O=C1CCCC(=O)OC2CCN3CC=C(CO1)C23,[1*]C1C(=O)OC2CCN3CC=C(COC(=O)C([2*])([3*])C1([4*])[5*])C23,1,2422,0.041288191577208914
C1=C2CCCCC2C2CCC34CNCC3CCC4C2C1,[1*]C1C2CCC3C4CC=C5CC([2*])CCC5([3*])C4CCC32CN1[4*],1,2422,0.041288191577208914
O=C1CC2CC(=O)OC3CC4CCCC(=O)C4C(C1)C23,[1*]C1CC([2*])C(=O)C2([3*])C1CC1OC(=O)CC3C([4*])C(=O)C([5*])C2C13[6*],1,2422,0.041288191577208914
O=C1CC2CCC3OCC24C(CC2CCCCC2C34)O1,[1*]C1CC([2*])C([3*])C2([4*])C1CC1OC(=O)CC3C([5*])C([6*])C4([7*])OCC13C42,1,2422,0.041288191577208914
O=C(Cc1ccccc1)OC1CCCCC1,[1*]C1CC(OC(=O)C([2*])c2ccccc2)CC([3*])([4*])C1,1,2422,0.041288191577208914
O=C1CC(OC2CCCCO2)CCO1,[1*]C1CC(OC2OC([2*])C([3*])C([4*])C2[5*])CC(=O)O1,1,2422,0.041288191577208914
O=C1CC(OC2OCCCC2OC(=O)Cc2ccccc2)CCO1,[1*]C1CC(OC2OC([2*])C([3*])C([4*])C2OC(=O)Cc2ccc([5*])c([6*])c2)CC(=O)O1,1,2422,0.041288191577208914
O=C1CC(OC2OCCC(OC(=O)Cc3ccccc3)C2OC(=O)Cc2ccccc2)CCO1,[1*]C1CC(OC2OC([2*])C([3*])C(OC(=O)Cc3ccc([4*])cc3)C2OC(=O)Cc2ccc([5*])cc2)CC(=O)O1,1,2422,0.041288191577208914
O=C(OC1CCCCO1)C12CCCCC1C1=CCC3C4CCCCC4CCC3C1CC2,[1*]C1CCC2(C(=O)OC3OC([2*])C([3*])C([4*])C3[5*])CCC3([6*])C(=CCC4C5([7*])CC([8*])C([9*])C([10*])([11*])C5CCC43[12*])C2C1([13*])[14*],1,2422,0.041288191577208914
C1=C2CCCCC2C2CCC3C4CC5(CCCCN5)OC4CC3C2C1,[1*]C1CCC2(NC1)OC1CC3C4CC=C5CC([2*])CCC5([3*])C4CCC3([4*])C1C2[5*],1,2422,0.041288191577208914
C1=C2CC(OC3CCC(OC4OCCCC4OC4CCCCO4)CO3)CCC2C2CCC3C4CC5(CCCCO5)OC4CC3C2C1,[1*]C1CCC2(OC1)OC1CC3C4CC=C5CC(OC6OC([2*])C(OC7OC([3*])C([4*])C([5*])C7OC7OC([6*])C([7*])C([8*])C7[9*])C([10*])C6[11*])CCC5([12*])C4CCC3([13*])C1C2[14*],1,2422,0.041288191577208914
O=C1CC2CCCC3CCC4OOC32C(O1)O4,[1*]C1CCC2C([2*])C(=O)OC3OC4([3*])CCC1C32OO4,1,2422,0.041288191577208914
C1=C2CC(OC3CCC(OC4CCCCO4)CO3)CCC2C2CCC3C(CC4C3CC3CCCCN34)C2C1,[1*]C1CCC2C([2*])C3C(CC4C5CC=C6CC(OC7OC([3*])C(OC8OC([4*])C([5*])C([6*])C8[7*])C([8*])C7[9*])CCC6([10*])C5CCC43[11*])N2C1,1,2422,0.041288191577208914
c1cc(C2CCCC3CCCC[NH+]32)co1,[1*]C1CCC2C([2*])CCC(c3ccoc3)[N+]2([3*-])C1,1,2422,0.041288191577208914
O=C1CC2C(CC3C4CN5CCCCC5CC4CCC32)C2CCCCC12,[1*]C1CCC2N(C1)CC1C3CC4C(CC(=O)C5CC([2*])CCC54[3*])C3CCC1C2([4*])[5*],1,2422,0.041288191577208914
O=C1C[C@H](OC2CCCCO2)CCO1,[1*]C1C[C@@H](OC2OC([2*])C([3*])C([4*])C2[5*])CC(=O)O1,1,2422,0.041288191577208914
O=C1CC(c2ccccc2)Oc2cccc(OC3OCCCC3OC3CCCCO3)c21,[1*]C1OC(OC2C(Oc3cc([2*])cc4c3C(=O)CC(c3ccc([3*])cc3)O4)OC([4*])C([5*])C2[6*])C([7*])C([8*])C1[9*],1,2422,0.041288191577208914
O=C(OCCc1ccc2c(c1)OCO2)C1CO1,[1*]C(c1cc([2*])c2c(c1)OCO2)C([3*])OC(=O)C1([4*])OC1[5*],1,2422,0.041288191577208914
O=C1CCC2CCC=CCC12,[1*]C1C=C([2*])CCC2([3*])C([4*])CC(=O)C12[5*],1,2422,0.041288191577208914
C=C1COC=CC1CC(=O)OCCc1ccccc1,[1*]C=C1C([2*])OC=C([3*])C1CC(=O)OCCc1ccc([4*])c([5*])c1,1,2422,0.041288191577208914
C=C1C(CC(=O)OCC2CCCC(OCCc3ccccc3)O2)C=COC1OC1CCCCO1,[1*]C=C1C(OC2OC([2*])C([3*])C([4*])C2[5*])OC=C([6*])C1CC(=O)OCC1OC(OCCc2ccc([7*])cc2)C([8*])C([9*])C1[10*],1,2422,0.041288191577208914
C=C1C2C=CCC1c1ccc(=O)[nH]c1C2,[1*]C=C1C2C=C([2*])CC1([3*])c1ccc(=O)[nH]c1C2,1,2422,0.041288191577208914
C=C1CCCC(=O)OCC2=CCN3CCC(OC1=O)C23,[1*]C=C1CC([2*])C([3*])([4*])C(=O)OCC2=CCN3CCC(OC1=O)C23,1,2422,0.041288191577208914
C=C1C[NH+]2CCC34CC1CCC23Nc1ccccc14,[1*]C=C1C[N+]2([2*])CCC34c5ccccc5NC32C([3*])CC1C4([4*])[5*],1,2422,0.041288191577208914
C1=CC(C2CC3C=COC3O2)C2CCCC3(CO3)C2C1,[1*]C1C([2*])CC2C([3*])(C3CC4C=COC4O3)C([4*])=CC([5*])C2([6*])C12CO2,1,2422,0.041288191577208914
C1=CC2CC(C3CCCC4C3CCCC43CO3)OC2O1,[1*]C1C([2*])CC2C([3*])(C3CC4C=COC4O3)C([4*])CC([5*])C2([6*])C12CO2,1,2422,0.041288191577208914
c1ccc2c(c1)NC1CCC3CCCN4CCC21C34,[1*]C12CCCN3CCC4(c5cccc([2*])c5N([3*])C4CC1)C32,1,2422,0.041288191577208914
c1ccc2c(c1)c1c3n2CCC2CCCN(CC1)C32,[1*]C12CCCN3CCc4c(n(c5ccccc45)C([2*])([3*])C1)C32,1,2422,0.041288191577208914
O=C1CC2C(CCC3CC(=O)OC32)CO1,[1*]C12COC(=O)C([2*])C1C1OC(=O)C([3*])C1C([4*])C2,1,2422,0.041288191577208914
O=C1C=CC2(CC3C(CCCN4C(C5CCC(=O)O5)CCC34)O2)O1,[1*]C1C2C(CCCN3C(C4CC([2*])C(=O)O4)CCC23)OC12C=C([3*])C(=O)O2,1,2422,0.041288191577208914
c1ccc2c(c1)NC1C3CC4CCN3C3CC21CC43,[1*]C1C2CC3C4N([2*])c5ccccc5C45CC(C2C5[3*])N3C1[4*],1,2422,0.041288191577208914
C1CC2CCC(C1)[NH2+]2,[1*]C1CC2CCC(C1)[N+]2([2*])[3*],1,2422,0.041288191577208914
C1=C2CCCCC2[C@H]2CCC3CCC[C@H]3[C@@H]2C1,[1*][C@H]1CC[C@H]2[C@@H]3CC=C4C[C@@H]([2*])CC[C@]4([3*])[C@H]3CC[C@]12[4*],1,2422,0.041288191577208914
O=C(CC1CCCC(CCc2ccccc2)N1)c1ccccc1,[1*]N1C(CC(=O)c2ccccc2)CCCC1CC([2*])c1ccccc1,1,2422,0.041288191577208914
O=C(Cc1ccccc1)OC1CC2CCC(C1)N2,[1*]N1C2CC(OC(=O)C([2*])c3ccccc3)CC1C([3*])C2,1,2422,0.041288191577208914
O=C(OC1CC2CCC(C1)N2)[C@H]1CC[C@](C(=O)OC2CC3CCC(C2)N3)(c2ccccc2)c2ccccc21,[1*]N1C2CCC1CC(OC(=O)[C@H]1CC[C@](C(=O)OC3CC4CCC(C3)N4[2*])(c3ccccc3)c3ccccc31)C2,1,2422,0.041288191577208914
O=C(NC1OC2[C@@H]3CCCN3C(=O)[C@H](Cc3ccccc3)N2C1=O)[C@@H]1C=C2c3cccc4[nH]cc(c34)C[C@H]2NC1,[1*]N1C[C@H](C(=O)N[C@]2([2*])O[C@@]3([3*])[C@@H]4CCCN4C(=O)[C@H](Cc4ccccc4)N3C2=O)C=C2c3cccc4[nH]cc(c34)C[C@H]21,1,2422,0.041288191577208914
c1c2c(cc3c1OCO3)C1NCc3c(ccc4c3OCO4)C1CC2,[1*]N1Cc2c(ccc3c2OCO3)C2C([2*])Cc3cc4c(cc3C21)OCO4,1,2422,0.041288191577208914
O=C(Cc1ccccc1)O[C@H]1C[C@H]2CC[C@@H](C1)N2.O=C(Cc1ccccc1)O[C@H]1C[C@H]2CC[C@@H](C1)N2,[1*]N1[C@@H]2CC[C@H]1C[C@@H](OC(=O)C([2*])c1ccccc1)C2.[3*]N1[C@@H]2CC[C@H]1C[C@@H](OC(=O)C([4*])c1ccccc1)C2,1,2422,0.041288191577208914
c1ccc2c(c1)NC1NCCC21,[1*]c1ccc2c(c1)C1([2*])CCN([3*])C1N2[4*],1,2422,0.041288191577208914
O=C1C=CC2CCC3C(=O)OC(c4ccoc4)CC3C2C1,[1*]C1=CC(=O)CC2C1([2*])CCC1C(=O)OC(c3ccoc3)CC12[3*],1,2422,0.041288191577208914
O=C1OC(c2ccoc2)CC2C1CCC1C=CCCC12,[1*]C1=CC([2*])CC2C3([3*])CC(c4ccoc4)OC(=O)C3CC([4*])C12[5*],1,2422,0.041288191577208914
C1=CC2C=COC(OC3CCCCO3)C2C1,[1*]C1=COC(OC2OC([2*])C([3*])C([4*])C2[5*])C2C1C=CC2([6*])[7*],1,2422,0.041288191577208914
O=C1C=CC2(C=CC3C=COC(OC4CCCCO4)C32)O1,[1*]C1=COC(OC2OC([2*])C([3*])C([4*])C2[5*])C2C1C=CC21C=C([6*])C(=O)O1,1,2422,0.041288191577208914
C1=C[C@H]2C[C@H]3c4[nH]c5ccccc5c4CCN3C[C@@H]2CO1,[1*]C1=CO[C@@H]([2*])[C@H]2CN3CCc4c([nH]c5ccccc45)[C@@H]3C[C@H]12,1,2422,0.041288191577208914
O=C1C=C[C@@]2(C=C[C@@H]3C=CO[C@@H](O[C@H]4CCCCO4)[C@@H]32)O1,[1*]C1=CO[C@@H](O[C@@H]2O[C@H]([2*])[C@@H]([3*])[C@H]([4*])[C@H]2[5*])[C@H]2[C@@H]1C=C[C@@]21C=C([6*])C(=O)O1,1,2422,0.041288191577208914
O=C(OC1CC2CCC(C1)N2)C1C(c2ccccc2)C(C(=O)OC2CC3CCC(C2)N3)C1c1ccccc1,[1*]C1C(OC(=O)C2C(c3ccccc3)C(C(=O)OC3CC4CCC(C3[2*])N4[3*])C2c2ccccc2)CC2CCC1N2[4*],1,2422,0.041288191577208914
O=C(OC1CCC2CC3c4[nH]c5ccccc5c4CCN3CC2C1)c1ccccc1,[1*]C1C([6*])C(OC(=O)c2cc([3*])c([4*])c([5*])c2)CC2CN3CCc4c([nH]c5cc([2*])ccc45)C3CC21,1,2422,0.041288191577208914
O=C1OC(c2ccoc2)CC2C1CC(OC1CCCCO1)=C1CCCCC12,[1*]C1CC([2*])CC2C1=C(OC1OC([3*])C([4*])C([5*])C1[6*])CC1C(=O)OC(c3ccoc3)CC12[7*],1,2422,0.041288191577208914
O=C1OC2CC13OC(c1ccoc1)CC3C1CCCCC21,[1*]C1CC([2*])CC2C1C1CC3(OC(c4ccoc4)CC23[3*])C(=O)O1,1,2422,0.041288191577208914
O=C1C=C(C2C=C3C(C2)OC2CC4CC=CC(=O)C4CC32)CO1,[1*]C1C2([2*])C3=C([3*])C(C4=CC(=O)OC4[4*])CC3OC2C([5*])C2C([6*])([7*])C=CC(=O)C21[8*],1,2422,0.041288191577208914
O=C1OCC=C1C1C=C2C(C1)OC1CC3CC=CC(=O)C3CC21,[1*]C1C2([2*])C3=C([3*])C(C4=CC([4*])OC4=O)CC3OC2C([5*])C2C([6*])([7*])C=CC(=O)C21[8*],1,2422,0.041288191577208914
O=C1C=C(C2C=C3C(C2)OC2C3CC3C=CC(=O)C4COC2C34)CO1,[1*]C1C2([2*])C=CC(=O)C3([3*])COC(C32)C2OC3CC(C4=CC(=O)OC4[4*])C([5*])=C3C21[6*],1,2422,0.041288191577208914
O=C1OCC=C1C1C=C2C(C1)OC1C2CC2C=CC(=O)C3COC1C23,[1*]C1C2([2*])C=CC(=O)C3([3*])COC(C32)C2OC3CC(C4=CC([4*])OC4=O)C([5*])=C3C21[6*],1,2422,0.041288191577208914
O=C1C=CC[C@@H]2C[C@H]3O[C@@H]4C[C@@H](c5ccoc5)C=C4C3CC12,[1*][C@H]1[C@]2([2*])C3=C([3*])[C@H](c4ccoc4)C[C@H]3O[C@@H]2[C@H]([4*])[C@@H]2[C@]1([5*])C(=O)C=C[C@@]2([6*])[7*],1,2422,0.041288191577208914
O=C1C=C(C2CCOC2CC23OC2CCC24CC23C(=O)OC4c2ccoc2)CO1,[1*]C1(CC23OC2CCC24CC23C(=O)OC4c2ccoc2)OC([2*])([3*])CC1C1=CC(=O)OC1[4*],1,2422,0.041288191577208914
C1=C2CC(OC3OCC(OC4CCCCO4)CC3OC3CCCCO3)CCC2C2CCC3C4CC(CCCCOC5CCCCO5)OC4CC3C2C1,[1*]C1(CCC([2*])COC2OC([3*])C([4*])C([5*])C2[6*])OC2CC3C4CC=C5CC(OC6OC([7*])C(OC7OC([8*])C([9*])C([10*])C7[11*])C([12*])C6OC6OC([13*])C([14*])C([15*])C6[16*])CCC5([17*])C4CCC3([18*])C2C1[19*],1,2422,0.041288191577208914
O=C1CC2C=CC(=O)C3C4C(=O)CCCC4CC(O1)C23,[1*]C1=C([2*])C2CC(=O)OC3CC4C([3*])CC([4*])C(=O)C4([5*])C(C1=O)C32[6*],1,2422,0.041288191577208914
O=C1CC(C(=O)C2CCC3C4C(=O)C=CCC4CC4OC(=O)CC2C43)CO1,[1*]C1=CC([2*])C2CC3OC(=O)CC4C([3*])(C(=O)C5COC(=O)C5)CC([4*])C(C2([5*])C1=O)C34[6*],1,2422,0.041288191577208914
O=C1CC2C=CC(=O)C3C4C(=O)C=CCC4CC(O1)C23,[1*]C1=CC([2*])C2CC3OC(=O)CC4C([3*])=C([4*])C(=O)C(C2([5*])C1=O)C34[6*],1,2422,0.041288191577208914
O=C1C=CCC2CC3OCCC4CCCC(C12)C43,[1*]C1=CC([2*])C2CC3OC([3*])CC4C([4*])C([5*])C([6*])C(C2([7*])C1=O)C34[8*],1,2422,0.041288191577208914
C1=C[C@@H]2Oc3cccc4c3[C@@]23CCN[C@H](C4)C3=C1,[1*]C1=CC=C2[C@H]3Cc4ccc([2*])c5c4[C@@]2(CCN3[3*])[C@H]1O5,1,2422,0.041288191577208914
C1=C2CC(OC3OCC(OC4CCCCO4)CC3OC3CCCCO3)CCC2C2CCC3C4CC5(CCCCO5)OC4CC3C2C1,[1*]C1C([2*])OC(OC2C(OC3CCC4([3*])C(=CCC5C4CCC4([4*])C5CC5OC6(CCC([5*])CO6)C([6*])C54)C3)OC([7*])C(OC3OC([8*])C([9*])C([10*])C3[11*])C2[12*])C([13*])C1[14*],1,2422,0.041288191577208914
O=C1C=C(C2CCC3C2CCC2C4CCC(OC5CCC(OC6CCCC(COC7CCCCO7)O6)CO5)CC4CCC23)CO1,[1*]C1C([2*])C(OC2CCC3([3*])C(CCC4C3CCC3([4*])C(C5=CC(=O)OC5)CCC43[5*])C2)OC([6*])C1OC1OC(COC2OC([7*])C([8*])C([9*])C2[10*])C([11*])C([12*])C1[13*],1,2422,0.041288191577208914
O=C1CC2=C(CCN3CC=C4C=CCCC423)CO1,[1*]C1C=CC2=CCN3CCC4=C(CC(=O)OC4)C23C1,1,2422,0.041288191577208914
C1=C2CC(OC3CCC(OC4CCC(OC5CCCCO5)CO4)CO3)CCC2C2CCC3CC(OC4CCCC(COC5CCCCO5)O4)CC3C2C1,[1*]C1CC(OC2C([16*])CC(OC3C([3*])OC(OC4CCC5([4*])C(=CCC6C5CCC5([5*])C([13*])C(OC7OC(COC8OC([6*])C([7*])C([8*])C8[9*])C([10*])C([11*])C7[12*])CC65)C4)C([14*])C3[15*])OC2[2*])OC([17*])C1[18*],1,2422,0.041288191577208914
C1=C2CC(OC3CCC(OC4CCC(OC5CCCCO5)CO4)CO3)CCC2C2CCC3CC(OC4CCCC(COC5OCCCC5OC5CCCCO5)O4)CC3C2C1,[1*]C1CC(OC2C([19*])CC(OC3C([3*])OC(OC4CCC5([4*])C(=CCC6C5CCC5([5*])C([16*])C(OC7OC(COC8OC([6*])C([7*])C([8*])C8OC8OC([9*])C([10*])C([11*])C8[12*])C([13*])C([14*])C7[15*])CC65)C4)C([17*])C3[18*])OC2[2*])OC([20*])C1[21*],1,2422,0.041288191577208914
O=C1C=C(C2CCC3C2CCC2C4CCC(OC5CCC(OC6CCCCO6)CO5)CC4CCC23)CO1,[1*]C1CC(OC2CCC3([2*])C4CCC5([3*])C(C6=CC(=O)OC6)CCC5([4*])C4CCC3([5*])C2)OC([6*])C1OC1OC([7*])C([8*])C([9*])C1[10*],1,2422,0.041288191577208914
O=C1C=C([C@H]2CCC3C2CC[C@@H]2C4CC[C@H](O[C@H]5CCCCO5)C[C@H]4CC[C@@H]32)CO1,[1*][C@H]1C[C@H](O[C@H]2CC[C@@]3([2*])[C@H](CC[C@@H]4[C@@H]3CC[C@]3([3*])[C@@H](C5=CC(=O)OC5)[C@@H]([4*])C[C@]43[5*])C2)O[C@@H]([6*])[C@@H]1[7*],1,2422,0.041288191577208914
O=C1C=C([C@H]2CCC3C2CC[C@@H]2C4CC[C@H](O[C@H]5CC[C@@H](O[C@H]6CCCCO6)CO5)C[C@H]4CC[C@@H]32)CO1,[1*][C@@H]1[C@@H]([2*])[C@H](O[C@H]2CC[C@@]3([3*])[C@H](CC[C@@H]4[C@@H]3CC[C@]3([4*])[C@@H](C5=CC(=O)OC5)[C@@H]([5*])C[C@]43[6*])C2)O[C@H]([7*])[C@@H]1O[C@@H]1O[C@H]([8*])[C@@H]([9*])[C@H]([10*])[C@H]1[11*],1,2422,0.041288191577208914
O=C1O[C@@H]2CCCO[C@H]2c2ccccc21,[1*]c1c([2*])cc2c(c1[3*])[C@@H]1O[C@H]([4*])[C@@H]([5*])[C@H]([6*])[C@H]1OC2=O,1,2422,0.041288191577208914
O=c1ccoc2cc3c(cc12)CCO3,[1*]c1c2c(cc3oc([2*])cc(=O)c13)OC([3*])C2,1,2422,0.041288191577208914
O=C(/C=C/c1ccccc1)NCCc1c[nH]c2ccccc12,[1*]c1cc(/C=C/C(=O)NCCc2c[nH]c3ccc([2*])cc23)ccc1[3*],1,2422,0.041288191577208914
O=C(OC1C2C=COC(O[C@H]3CCCCO3)C2C2OC12)c1ccccc1,[1*]c1cc(C(=O)OC2C3C=COC(O[C@@H]4O[C@H]([2*])[C@@H]([3*])[C@H]([4*])[C@H]4[5*])C3C3([6*])OC23)ccc1[7*],1,2422,0.041288191577208914
O=C(OCC12OC1CC1C=COC(OC3CCCCO3)C12)c1ccccc1,[1*]c1cc(C(=O)OCC23OC2C([2*])C2C=COC(OC4OC([3*])C([4*])C([5*])C4[6*])C23)ccc1[7*],1,2422,0.041288191577208914
c1ccc(C2CCCc3ccccc32)cc1,[1*]c1cc(C2c3c(cc([2*])c([3*])c3[4*])CC([5*])C2[6*])cc([7*])c1[8*],1,2422,0.041288191577208914
O=C(C=Cc1ccccc1)CC(=O)C=Cc1ccccc1,[1*]c1cc(C=CC(=O)CC(=O)C=Cc2ccc([2*])c([3*])c2)ccc1[4*],1,2422,0.041288191577208914
c1ccc(CCC(COC2CCCCO2)Cc2ccccc2)cc1,[1*]c1cc(CC([2*])C(COC2OCC([3*])C([4*])C2[5*])Cc2cc([6*])c([7*])c([8*])c2)cc([9*])c1[10*],1,2422,0.041288191577208914
c1ccc2c(c1)ccc1ccccc12,[1*]c1cc([2*])c2ccc3ccccc3c2c1[3*],1,2422,0.041288191577208914
c1ccc2[nH+]c(CCc3ccc4c(c3)OCO4)ccc2c1,[1*]c1cc(CCc2ccc3c(c2)OCO3)[nH+]c2ccccc12,1,2422,0.041288191577208914
O=C1OC[C@H](Cc2ccc(O[C@H]3CCCCO3)cc2)[C@H]1Cc1ccccc1,[1*]c1cc(C[C@H]2C(=O)OC[C@@H]2Cc2ccc(O[C@@H]3O[C@H]([2*])[C@@H]([3*])[C@H]([4*])[C@H]3[5*])c([6*])c2)ccc1[7*],1,2422,0.041288191577208914
c1ccc2c(c1)CC1c3ccccc3CC[NH+]1C2,[1*]c1cc2c(cc1[2*])CC1c3cc([3*])c([4*])cc3CC[N+]1([5*])C2,1,2422,0.041288191577208914
c1ccc2c(c1)C[C@@H]1NCCc3cccc-2c31,[1*]c1cc2c(cc1[2*])C[C@H]1c3c(cc([3*])c([4*])c3-2)CCN1[5*],1,2422,0.041288191577208914
O=C1Cc2ccc3c(c2CNCCc2ccccc21)OCO3,[1*]c1cc2c(cc1[2*])C(=O)Cc1ccc3c(c1CN([3*])CC2)OCO3,1,2422,0.041288191577208914
O=C1c2ccccc2C[C@@H]1CC1CC[NH+](Cc2ccccc2)CC1,[1*]c1cc2c(cc1[2*])C(=O)[C@@H](CC1CC[NH+](Cc3ccccc3)CC1)C2,1,2422,0.041288191577208914
c1ccc(CC2NCCc3ccc(Oc4cccc(CC5NCCc6ccccc65)c4)cc32)cc1,[1*]c1cc2c(cc1[2*])C(Cc1ccc([3*])c(Oc3cc4c(cc3[4*])CCN([5*])C4Cc3ccc([6*])cc3)c1)N([7*])CC2,1,2422,0.041288191577208914
O=C1Cc2ccccc2CNCCc2cc3c(cc21)OCO3,[1*]c1cc2c(cc1[2*])CN([3*])CCc1cc3c(cc1C(=O)C2)OCO3,1,2422,0.041288191577208914
c1cc2cc(c1)Oc1ccc(cc1)CC1NCCc3ccc(cc31)Oc1cccc3c1C(C2)NCC3,[1*]c1cc2c3cc1Oc1c([2*])c([3*])cc4c1C(Cc1ccc([4*])c(c1)Oc1ccc(cc1)CC3N([5*])CC2)N([6*])CC4,1,2422,0.041288191577208914
c1cc2cc(c1)-c1cccc(c1)CC1NCCc3cccc(c31)Oc1ccc3c(c1)C(C2)NCC3,[1*]c1cc2c3cc1Oc1c([2*])c([3*])cc4c1C(Cc1ccc([4*])c(c1)-c1cc(ccc1[5*])CC3N([6*])CC2)N([7*])CC4,1,2422,0.041288191577208914
c1cc2cc(c1)Oc1ccc3c(c1)C(Cc1ccc(cc1)Oc1cccc4c1C(C2)NCC4)NCC3,[1*]c1cc2c3cc1Oc1cc(ccc1[2*])CC1c4c(cc([3*])c([4*])c4Oc4ccc(cc4)CC3N([5*])CC2)CCN1[6*],1,2422,0.041288191577208914
c1cc2cc(c1)Oc1ccc3c(c1)C(Cc1ccc(cc1)Oc1cccc4c1C(C2)[NH2+]CC4)NCC3,[1*]c1cc2c3cc1Oc1cc(ccc1[2*])CC1c4c(cc([3*])c([4*])c4Oc4ccc(cc4)CC3N([5*])CC2)CC[N+]1([6*])[7*],1,2422,0.041288191577208914
c1cc2cc(c1)Oc1ccc3c(c1)C(Cc1ccc(cc1)Oc1cccc4c1C(C2)[NH2+]CC4)[NH2+]CC3,[1*]c1cc2c3cc1Oc1cc(ccc1[2*])CC1c4c(cc([3*])c([4*])c4Oc4ccc(cc4)CC3[N+]([5*])([6*])CC2)CC[N+]1([7*])[8*],1,2422,0.041288191577208914
O=c1ccc2ccc(OC3CCCC(COC4CCCO4)O3)cc2o1,[1*]c1cc2ccc(=O)oc2cc1OC1OC(COC2OCC([2*])([3*])C2[4*])C([5*])C([6*])C1[7*],1,2422,0.041288191577208914
O=c1c(-c2ccccc2)coc2cc(OC3CCCC(COC4CCCO4)O3)ccc12,[1*]c1ccc(-c2coc3cc(OC4OC(COC5OCC([2*])([3*])C5[4*])C([5*])C([6*])C4[7*])cc([8*])c3c2=O)cc1,1,2422,0.041288191577208914
O=C(CCc1ccccc1)OCCCc1ccccc1,[1*]c1ccc(CCCOC(=O)CCc2ccc([2*])c([3*])c2)cc1[4*],1,2422,0.041288191577208914
O=C(C=Cc1ccc2c(c1)OCO2)NCCc1ccccc1,[1*]c1ccc(CCN([2*])C(=O)C=Cc2ccc3c(c2)OCO3)cc1[3*],1,2422,0.041288191577208914
O=C(/C=C/c1ccc2c(c1)OCO2)NCCc1ccccc1,[1*]c1ccc(CCNC(=O)/C=C/c2ccc3c(c2)OCO3)cc1[2*],1,2422,0.041288191577208914
c1ccc2c(c1)C[C@H]1NCC[C@@]23CCCC[C@H]13,[1*]c1ccc2c(c1)[C@@]13CCCC[C@@H]1[C@@H](C2)N([2*])CC3,1,2422,0.041288191577208914
O=C1OC(C2NCCc3cc4c(cc32)OCO4)c2ccccc21,[1*]c1ccc2c(c1[2*])C(=O)OC2C1c2cc3c(cc2CCN1[3*])OCO3,1,2422,0.041288191577208914
c1ccc2c(c1)c[nH+]c1c3cc4c(cc3ccc21)OCO4,[1*]c1ccc2c(c[n+]([2*])c3c4cc5c(cc4ccc23)OCO5)c1[3*],1,2422,0.041288191577208914
c1cc2cc(c1)Oc1ccc(cc1)C[C@@H]1NCCc3ccc(cc31)Oc1cccc3c1[C@H](C2)NCC3,[1*]c1ccc2cc1Oc1ccc(cc1)C[C@H]1c3cc(c([2*])cc3CCN1[3*])Oc1c([4*])c([5*])cc3c1[C@H](C2)N([6*])CC3,1,2422,0.041288191577208914
O=C1C[C@@H]2CCCC3=C(C4C(=O)[C@H]3C3C5=C(CCC[C@H]6CC(=O)O[C@H]56)C[C@@H]43)[C@H]2O1,[1*][C@@H]1C(=O)O[C@@H]2C3=C([C@H]4C(=O)[C@]3([2*])[C@@H]3[C@H]([3*])C5=C([C@H]6OC(=O)[C@@H]([4*])[C@@H]6CC[C@]5([5*])[6*])[C@@]43[7*])[C@@]([8*])([9*])CC[C@@H]12,1,2422,0.041288191577208914
O=C1C=C([C@H]2CCC3C2CC[C@@H]2C4C[C@H]5OC6CCCO[C@H]6O[C@@H]5C[C@@H]4CC[C@@H]32)CO1,[1*][C@@H]1C[C@H]([2*])[C@]2([3*])O[C@@H]3C[C@@]4([4*])[C@@H](CC[C@@H]5[C@@H]4CC[C@]4([5*])[C@@H](C6=CC(=O)OC6)CC[C@]54[6*])C[C@H]3O[C@@H]2O1,1,2422,0.041288191577208914
O=C1CCCCCCC[C@@H]2CC[C@@H](CN2)OC(=O)CCCCCCC[C@@H]2CC[C@@H](CN2)O1,[1*][C@@H]1N[C@@H]2CCCCCCCC(=O)O[C@H]3CC[C@@H](CCCCCCCC(=O)O[C@H]1CC2)N[C@H]3[2*],1,2422,0.041288191577208914
O=c1c(O[C@H]2CCC[C@@H](CO[C@H]3CCCCO3)O2)c(-c2ccccc2)oc2ccccc12,[1*][C@@H]1O[C@@H](OC[C@H]2O[C@@H](Oc3c(-c4ccc([2*])c([3*])c4)oc4cc([4*])cc([5*])c4c3=O)[C@H]([6*])[C@@H]([7*])[C@@H]2[8*])[C@H]([9*])[C@H]([10*])[C@H]1[11*],1,2422,0.041288191577208914
C1=C2C[C@@H](O[C@@H]3OCC[C@H](O[C@H]4CCCCO4)[C@H]3O[C@H]3CCCCO3)CCC2[C@H]2CCC3[C@@H](C[C@@H]4O[C@]5(CCCCN5)C[C@H]34)[C@@H]2C1,[1*][C@H]1CC[C@@]2(NC1)O[C@H]1C[C@H]3[C@@H]4CC=C5C[C@@H](O[C@@H]6O[C@H]([2*])[C@H]([3*])[C@H](O[C@@H]7O[C@H]([4*])[C@@H]([5*])[C@H]([6*])[C@H]7[7*])[C@H]6O[C@@H]6O[C@@H]([8*])[C@H]([9*])[C@@H]([10*])[C@H]6[11*])CC[C@]5([12*])[C@H]4CC[C@]3([13*])[C@H]1[C@@H]2[14*],1,2422,0.041288191577208914
C1CC[C@H](O[C@H]2CCO[C@@H](O[C@H]3[C@H](O[C@@H]4CC[C@H](O[C@H]5CCC6[C@@H](CC[C@@H]7[C@@H]6CCC6[C@H]7C[C@@H]7O[C@]8(CCCCO8)C[C@H]67)C5)OC4)OCC[C@@H]3O[C@H]3CCCCO3)C2)OC1,[1*][C@@H]1CC[C@@]2(OC1)O[C@H]1[C@@H]([2*])[C@H]3[C@@H]4CC[C@H]5C[C@@H](O[C@@H]6O[C@H]([3*])[C@H](O[C@@H]7O[C@H]([4*])C([5*])[C@H](O[C@@H]8OC[C@@H]([6*])[C@H]([7*])[C@H]8[8*])[C@H]7O[C@@H]7O[C@H]([9*])[C@H]([10*])[C@H](O[C@@H]8O[C@H]([11*])[C@@H]([12*])[C@H]([13*])[C@H]8[14*])[C@H]7[15*])[C@H]([16*])[C@H]6[17*])[C@H]([18*])C[C@]5([19*])[C@H]4CC[C@]3([20*])[C@H]1[C@@H]2[21*],1,2422,0.041288191577208914
O=C1C=C([C@H]2CC[C@H]3C2CC[C@@H]2C4CCCCC4CC[C@H]23)CO1,[1*][C@]12CC[C@H]3[C@@H](CCC4CCCC[C@@]43[2*])[C@H]1CC[C@@H]2C1=CC(=O)OC1,1,2422,0.041288191577208914
C1CC[NH2+]C1,[1*][N+]1([2*])CCCC1[3*],1,2422,0.041288191577208914
O=C1CC2CCCC2C2C=Cc3ccc(OC4OCCCC4OC4CCCCO4)cc3C12,[1*]c1c([2*])c(OC2OC([3*])C([4*])C([5*])C2OC2OC([6*])C([7*])C([8*])C2[9*])cc2c1C=CC1C2([10*])C(=O)CC2([11*])C([12*])C([13*])CC12[14*],1,2422,0.041288191577208914
c1cc2c(o1)CCCC2,[1*]c1coc2c1CCC([2*])C2,1,2422,0.041288191577208914
O=c1nc(Cc2ccccc2)[nH]c2ccccc12,[1*]n1c(Cc2ccccc2)nc(=O)c2ccccc21,1,2422,0.041288191577208914
c1ccc(CO[C@H]2CCCCO2)cc1,[1*][C@H](O[C@@H]1O[C@H]([2*])[C@@H]([3*])[C@H]([4*])[C@H]1[5*])c1ccccc1,1,2422,0.041288191577208914
O=C(CCc1ccccc1)Nc1ccc2ccccc2c1,[1*]C(Cc1ccccc1)C(=O)Nc1ccc2ccccc2c1,1,2422,0.041288191577208914
C1CCC(OC2CCCC(OC3CCCCO3)C2)OC1,[1*]C1CCC([2*])C(OC2C([3*])CC([4*])C(OC3OC([5*])C([6*])C([7*])C3[8*])C2[9*])O1,1,2422,0.041288191577208914
O=C(CCc1c[nH]c2ccccc12)NCCc1ccccc1,[1*][C@@H](Cc1c[nH]c2ccccc12)C(=O)N[C@H]([2*])Cc1ccccc1,1,2422,0.041288191577208914
O=C(/C=C/c1ccccc1)OC1CC2CC(OC2=O)C1OC(=O)/C=C/c1ccccc1,[1*]c1ccc(/C=C/C(=O)OC2CC3([3*])CC(OC3=O)C2OC(=O)/C=C/c2ccc([4*])c([5*])c2)cc1[2*],1,2422,0.041288191577208914
O=C(/C=C/c1ccc2c(c1)OCO2)NCCc1ccc2c(c1)OCO2,O=C(/C=C/c1ccc2c(c1)OCO2)NCCc1ccc2c(c1)OCO2,1,2422,0.041288191577208914
O=C(/C=C/c1ccccc1)OC[C@]12O[C@H]1C[C@@H]1C=CO[C@@H](O[C@H]3CCCCO3)[C@@H]12,[1*][C@H]1[C@@H]2C=CO[C@@H](O[C@@H]3O[C@H]([2*])[C@@H]([3*])[C@H]([4*])[C@H]3[5*])[C@@H]2[C@@]2(COC(=O)/C=C/c3ccccc3)O[C@@H]12,1,2422,0.041288191577208914
O=C(/C=C\c1ccc2c(c1)OCO2)N1CCCCC1,O=C(/C=C\c1ccc2c(c1)OCO2)N1CCCCC1,1,2422,0.041288191577208914
O=C(C=CC=CCCc1ccc2c(c1)OCO2)N1CCCCC1,O=C(C=CC=CCCc1ccc2c(c1)OCO2)N1CCCCC1,1,2422,0.041288191577208914
O=C(C=Cc1ccccc1)OCCc1ccccc1,[1*]c1ccc(C=CC(=O)OC([3*])Cc2ccc([4*])c([5*])c2)cc1[2*],1,2422,0.041288191577208914
O=C(C=Cc1ccccc1)OC1CCC(OC(=O)C=Cc2ccccc2)CC1,[1*]c1ccc(C=CC(=O)OC2C([3*])CC([4*])(OC(=O)C=Cc3ccc([5*])c([6*])c3)CC2[7*])cc1[2*],1,2422,0.041288191577208914
O=C(C=Cc1ccccc1)OCC1CCCC(OC2OC=CC3CC4OC4C32)O1,[1*]C1C2C=COC(OC3OC(COC(=O)C=Cc4ccccc4)C([5*])C([4*])C3[3*])C2C2([2*])OC12,1,2422,0.041288191577208914
O=C(Cc1ccccc1)OCC1OCCC(OC(=O)Cc2ccccc2)C1OC(=O)Cc1ccccc1,[1*]c1ccc(CC(=O)OCC2OC([3*])C([4*])C(OC(=O)Cc3ccc([5*])c([6*])c3)C2OC(=O)Cc2ccc([7*])c([8*])c2)cc1[2*],1,2422,0.041288191577208914
O=C(Cc1ccccc1)OCC1CC(OC(=O)Cc2ccccc2)C(OC(=O)Cc2ccccc2)CO1,[1*]c1ccc(CC(=O)OCC2OC([3*])C(OC(=O)Cc3ccc([4*])c([5*])c3)C(OC(=O)Cc3ccc([6*])c([7*])c3)C2[8*])cc1[2*],1,2422,0.041288191577208914
O=C(OC1Cc2ccccc2OC1C1CCC(=O)c2cccc(C3CCc4ccccc4O3)c2C1)c1ccccc1,[1*]c1cc([2*])cc2c1CC(OC(=O)c1cc([8*])c([9*])c([10*])c1)C(C1CCC(=O)c3c([3*])c([4*])cc(C4Oc5cc([5*])cc([6*])c5CC4[7*])c3C1)O2,1,2422,0.041288191577208914
O=C(OC1Cc2ccccc2OC1c1cc(=O)cc2cccc(C3CCc4ccccc4O3)c2c1)c1ccccc1,[1*]c1cc([2*])cc2c1CC(OC(=O)c1cc([9*])c([10*])c([11*])c1)C(c1cc(=O)c([3*])c3c([4*])c([5*])cc(C4Oc5cc([6*])cc([7*])c5CC4[8*])c3c1)O2,1,2422,0.041288191577208914
O=C(OC1Cc2ccccc2OC1c1cc(=O)cc2cccc(C3Oc4ccccc4CC3OC(=O)c3ccccc3)c2c1)c1ccccc1,[1*]c1cc([2*])cc2c1CC(OC(=O)c1cc([11*])c([12*])c([13*])c1)C(c1cc(=O)c([3*])c3c([4*])c([5*])cc(C4Oc5cc([6*])cc([7*])c5CC4OC(=O)c4cc([8*])c([9*])c([10*])c4)c3c1)O2,1,2422,0.041288191577208914
O=C1/C(=C/c2ccccc2)Oc2ccccc21,[1*]c1ccc(/C=C2\Oc3cc([3*])ccc3C2=O)cc1[2*],1,2422,0.041288191577208914
O=C1C=C2C=CC3CC2(O1)C1CCCCN31,O=C1C=C2C=CC3CC2(O1)C1CCCCN31,1,2422,0.041288191577208914
O=C1C=CC(=O)c2ccccc21,[1*]c1cccc2c1C(=O)C=CC2=O,1,2422,0.041288191577208914
O=C1CCCc2cccc(c2)-c2cccc(c2)CCC1,[1*]C1CC(=O)C([5*])C([4*])Cc2ccc([3*])c(c2)-c2cc(ccc2[2*])C1,1,2422,0.041288191577208914
O=C1CC2C(CCC34CC(CCC23)C(COC2CCCCO2)C4)c2ccoc21,[1*]C12CC(=O)c3occc3C1CCC13CC(CCC12)C([2*])(COC1OC([3*])C([4*])C([5*])C1[6*])C3,1,2422,0.041288191577208914
O=C1CCCC2C3CC(CN12)C1CCCCN1C3,O=C1CCCC2C3CC(CN12)C1CCCCN1C3,1,2422,0.041288191577208914
O=C1CCCC2C3CCC[NH+]4CCCC(CN12)C34,[1*-][N+]12CCCC3CN4C(=O)CCCC4C(CCC1)C32,1,2422,0.041288191577208914
O=C1CCN(c2ccccc2)CC1,[1*]c1cccc(N2CCC(=O)CC2)c1,1,2422,0.041288191577208914
O=C1OC2COC3COC(=O)c4ccccc4-c4ccc5oc(=O)c6c(ccc7oc(=O)c4c5c76)-c4ccccc4C(=O)OC3C2OC(=O)c2ccccc2-c2ccccc21,[1*]C1OC2COC(=O)c3cc([2*])c([3*])c([4*])c3-c3c([5*])c([6*])c4oc(=O)c5c(c([7*])c([8*])c6oc(=O)c3c4c65)-c3c(cc([9*])c([10*])c3[11*])C(=O)OC2C2OC(=O)c3cc([12*])c([13*])c([14*])c3-c3c(cc([15*])c([16*])c3[17*])C(=O)OC12,1,2422,0.041288191577208914
O=C1OCC2OC(=O)c3ccccc3-c3cccc4c3C(=O)OC(C2OC(=O)c2ccccc2-c2ccccc21)C1OC(=O)c2c-4cccc2C1C1CCCO1,[1*]c1cc2c(c([3*])c1[2*])-c1c([4*])c([5*])c([6*])c3c1C(=O)OC(C1OC(=O)c4cc([7*])c([8*])c([9*])c4-c4c(cc([10*])c([11*])c4[12*])C(=O)OCC1OC2=O)C1OC(=O)c2c-3c([13*])c([14*])c([15*])c2C1C1([16*])OC([17*])C([18*])C1[19*],1,2422,0.041288191577208914
O=C1OCC2OC(=O)c3ccccc3-c3cccc4c3C(=O)OC(C2OC(=O)c2ccccc2-c2ccccc21)C1OC(=O)c2c-4cccc2C1C1CCCCO1,[1*]c1cc2c(c([3*])c1[2*])-c1c([4*])c([5*])c([6*])c3c1C(=O)OC(C1OC(=O)c4cc([7*])c([8*])c([9*])c4-c4c(cc([10*])c([11*])c4[12*])C(=O)OCC1OC2=O)C1OC(=O)c2c-3c([13*])c([14*])c([15*])c2C1C1([16*])OCC([17*])C([18*])C1[19*],1,2422,0.041288191577208914
O=C1OCC2OC(=O)c3ccccc3-c3cccc4c3C(=O)OC(C2OC(=O)c2ccccc2-c2ccccc21)C1OC(=O)c2c-4cccc2C1c1cccc2c1C(=O)OCC1OC(=O)c3ccccc3-c3cccc4c3C(=O)OC(C1OC(=O)c1ccccc1-2)C1OC(=O)c2c-4cccc2C1C1CCCCO1,[1*]c1cc2c(c([3*])c1[2*])-c1c([4*])c([5*])c([6*])c3c1C(=O)OC(C1OC(=O)c4cc([7*])c([8*])c([9*])c4-c4c(cc([10*])c([11*])c4[12*])C(=O)OCC1OC2=O)C1OC(=O)c2c-3c([13*])c([14*])c([15*])c2C1c1c([16*])c([17*])c([18*])c2c1C(=O)OCC1OC(=O)c3cc([19*])c([20*])c([21*])c3-c3c([22*])c([23*])c([24*])c4c3C(=O)OC(C1OC(=O)c1cc([25*])c([26*])c([27*])c1-2)C1OC(=O)c2c-4c([28*])c([29*])c([30*])c2C1C1([31*])OCC([32*])C([33*])C1[34*],1,2422,0.041288191577208914
O=C1OCC2OC(=O)c3ccccc3-c3cccc4c3C(=O)OC(C2OC(=O)c2ccccc2-c2ccccc21)C1OC(=O)c2c-4cccc2C1c1cccc2c1C(=O)OCC1OC(=O)c3ccccc3-c3cccc4c3C(=O)OC(C3Cc5cccc-4c5C(=O)O3)C1OC(=O)c1ccccc1-2,[1*]c1cc2c(c([3*])c1[2*])-c1c([4*])c([5*])c([6*])c3c1C(=O)OC(C1OC(=O)c4cc([7*])c([8*])c([9*])c4-c4c(cc([10*])c([11*])c4[12*])C(=O)OCC1OC2=O)C1OC(=O)c2c-3c([13*])c([14*])c([15*])c2C1c1c([16*])c([17*])c([18*])c2c1C(=O)OCC1OC(=O)c3cc([19*])c([20*])c([21*])c3-c3c([22*])c([23*])c([24*])c4c3C(=O)OC(C1OC(=O)c1cc([25*])c([26*])c([27*])c1-2)C1OC(=O)c2c-4c([28*])c([29*])c([30*])c2C1[31*],1,2422,0.041288191577208914
O=c1c(-c2ccccc2)coc2c(C3CCCCO3)cccc12,[1*]c1ccc(-c2coc3c(C4OC([2*])C([3*])C([4*])C4[5*])c([6*])cc([7*])c3c2=O)cc1,1,2422,0.041288191577208914
O=c1c2ccccc2oc2c(C3CCCCO3)cccc12,[1*]c1cc2c(=O)c3c([8*])cc([7*])c(C4OC([3*])C([4*])C([5*])C4[6*])c3oc2cc1[2*],1,2422,0.041288191577208914
O=c1cc(-c2ccccc2)oc2ccc(C3CCCCO3)cc12,[1*]c1ccc(-c2cc(=O)c3c([7*])c(C4OC([3*])C([4*])C([5*])C4[6*])c([2*])cc3o2)cc1,1,2422,0.041288191577208914
O=c1cc2c3c4c(cc[n+]3CCC2)c2ccccc2n14,O=c1cc2c3c4c(cc[n+]3CCC2)c2ccccc2n14,1,2422,0.041288191577208914
O=c1cccc2n1CC1CNCC2C1,O=c1cccc2n1CC1CNCC2C1,1,2422,0.041288191577208914
O=c1oc2cccc3c(=O)oc4cccc1c4c23,[1*]c1c([2*])cc2c(=O)oc3c([3*])c([4*])cc4c(=O)oc1c2c34,1,2422,0.041288191577208914
c1ccc2c(c1)CN1CCCC1=N2,[1*]C1CCN2Cc3ccccc3N=C12,1,2422,0.041288191577208914
c1cc2c(cc1CC1COCC1Cc1ccc3c(c1)OCO3)OCO2,[1*]C1OCC(Cc2ccc3c(c2)OCO3)C1Cc1ccc2c(c1)OCO2,1,2422,0.041288191577208914
C1=C[C@H]2[C@H](O[C@H]3CCCCO3)OC=C[C@H]2C1,[1*]C1=C[C@@H]([2*])[C@@H]2C=CO[C@@H](O[C@@H]3O[C@H]([3*])[C@@H]([4*])[C@H]([5*])[C@H]3[6*])[C@H]12,1,2422,0.041288191577208914
c1ccc2c(OC3CCCCO3)c[nH]c2c1,[1*]C1OC(Oc2c[nH]c3ccccc23)C([2*])C([3*])C1[4*],1,2422,0.041288191577208914
C1CC[C@H](OC[C@@H]2CCC[C@@H](OC3CCCO3)O2)OC1,[1*][C@H]1O[C@@]([2*])(O[C@H]2O[C@H](CO[C@@H]3O[C@H]([3*])[C@@H]([4*])[C@H]([5*])[C@H]3[6*])[C@@H]([7*])[C@H]([8*])[C@H]2[9*])[C@@H]([10*])[C@@H]1[11*],1,2422,0.041288191577208914
c1ccc2c(O[C@H]3CCCCO3)c[nH]c2c1,[1*][C@H]1O[C@@H](Oc2c[nH]c3ccccc23)[C@H]([2*])[C@@H]([3*])[C@@H]1[4*],1,2422,0.041288191577208914
c1cc2c(cc1C[C@H]1COC[C@@H]1Cc1ccc3c(c1)OCO3)OCO2,[1*][C@H]1OC[C@H](Cc2ccc3c(c2)OCO3)[C@H]1Cc1ccc2c(c1)OCO2,1,2422,0.041288191577208914
c1ccc(C2CC(c3cccc4c3OC(c3ccccc3)CC4c3cccc4c3OC(c3ccccc3)CC4c3cccc4c3OC(c3ccccc3)CC4)c3ccccc3O2)cc1,[1*]c1cc([2*])c2c(c1)OC(c1ccc([3*])c([4*])c1)C([5*])C2c1c([6*])cc([7*])c2c1OC(c1ccc([8*])c([9*])c1)C([10*])C2c1c([11*])cc([12*])c2c1OC(c1ccc([13*])c([14*])c1)C([15*])C2c1c([16*])cc([17*])c2c1OC(c1ccc([18*])c([19*])c1)C([20*])C2,1,2422,0.041288191577208914
c1ccc(C2CC(c3cccc4c3OC(c3ccccc3)CC4c3cccc4c3OC(c3ccccc3)CC4c3cccc4c3OC(c3ccccc3)CC4c3cccc4c3OC(c3ccccc3)CC4)c3ccccc3O2)cc1,[1*]c1cc([2*])c2c(c1)OC(c1ccc([3*])c([4*])c1)C([5*])C2c1c([6*])cc([7*])c2c1OC(c1ccc([8*])c([9*])c1)C([10*])C2c1c([11*])cc([12*])c2c1OC(c1ccc([13*])c([14*])c1)C([15*])C2c1c([16*])cc([17*])c2c1OC(c1ccc([18*])c([19*])c1)C([20*])C2c1c([21*])cc([22*])c2c1OC(c1ccc([23*])c([24*])c1)C([25*])C2,1,2422,0.041288191577208914
c1ccc(C2CCc3cc(C4CC(c5ccccc5)Oc5ccccc54)ccc3O2)cc1,[1*]c1cc([2*])c2c(c1)OC(c1ccc([3*])c([4*])c1)C([5*])C2c1c([6*])cc2c(c1[7*])CC([8*])C(c1ccc([9*])c([10*])c1)O2,1,2422,0.041288191577208914
c1ccc(C2Oc3ccccc3CC2OC2(c3ccccc3)CCc3ccccc3O2)cc1,[1*]c1cc([2*])c2c(c1)OC(c1ccc([3*])c([4*])c1)C(OC1(c3ccc([5*])c([6*])c3)Oc3cc([7*])cc([8*])c3C([9*])C1[10*])C2,1,2422,0.041288191577208914
c1c2c(cc3c1OCO3)-c1cc3ccc4c(c3c[n+]1CC2)OCO4,c1c2c(cc3c1OCO3)-c1cc3ccc4c(c3c[n+]1CC2)OCO4,1,2422,0.041288191577208914
C1CCC2C(C1)CCC1C3CCCC3CCC21,[1*]C1CCC2C3C([2*])CC4CC([3*])CCC4([4*])C3CC([5*])C12[6*],1,2422,0.041288191577208914
C=C1CC2CCC1C2,[1*]C1([2*])C(=C)C2CCC1C2,1,2422,0.041288191577208914
C=C1CCC2CCCCC2C1CCC1=CCOC1=O,[1*]C1([2*])C([3*])CCC2([4*])C(CCC3=CCOC3=O)C(=C)CCC12,1,2422,0.041288191577208914
O=c1c2cccc(OC3CCCCO3)c2nc2n1CCc1c-2[nH]c2ccccc12,[1*]C1OC(Oc2cccc3c(=O)n4c(nc23)-c2[nH]c3ccccc3c2CC4)C([4*])C([3*])C1[2*],1,2422,0.041288191577208914
C=C1C(=O)OC2C1CCCC1C=CC(=O)C12,[1*]C1CCC2C(=C)C(=O)OC2C2([2*])C(=O)C=CC12,1,2422,0.041288191577208914
c1ccc2c(c1)CC1NCCc3cccc-2c31,[1*]N1CCc2cccc3c2C1Cc1ccc([2*])c([3*])c1-3,1,2422,0.041288191577208914
c1ccc2c(c1)CC1c3cc4c(cc3CCN1C2)OCO4,[1*]c1ccc2c(c1[2*])CN1CCc3cc4c(cc3C1C2)OCO4,1,2422,0.041288191577208914
O=c1c(OC2CCCC(COC3CCCCO3)O2)c(-c2ccccc2)oc2ccccc12,[1*]c1cc([2*])c2c(=O)c(OC3OC(COC4OC([3*])C([4*])C([5*])C4[6*])C([7*])C([8*])C3[9*])c(-c3ccccc3)oc2c1,1,2422,0.041288191577208914
O=C1c2ccccc2C(C2CCCCO2)c2ccccc21,[1*]c1cc([2*])c2c(c1)C([3*])(C1OC([4*])C([5*])C([6*])C1[7*])c1cccc([8*])c1C2=O,1,2422,0.041288191577208914
O=C1NCCc2ccccc21,[1*]c1cc2c(cc1[2*])C(=O)NCC2,1,2422,0.041288191577208914
O=C(C=CC=CC=CC=CC=CC=CC=CC(=O)OC1CCCC(COC2CCCCO2)O1)OC1CCCC(COC2CCCCO2)O1,[1*]C(C=CC=C([2*])C(=O)OC1OC(COC2OC([3*])C([4*])C([5*])C2[6*])C([7*])C([8*])C1[9*])=CC=CC=C([10*])C=CC=C([11*])C(=O)OC1OC(COC2OC([12*])C([13*])C([14*])C2[15*])C([16*])C([17*])C1[18*],1,2422,0.041288191577208914
N=C(CCc1ccccc1)SC1CCCCO1,[1*]N=C(CCc1ccccc1)SC1OC([2*])C([3*])C([4*])C1[5*],1,2422,0.041288191577208914
O=c1ccc2c3ccc(=O)c4cc5cccc6c7cccc8cc1c2c(c87)c(c56)c43,[1*]c1cc(=O)c2c([2*])c3c([3*])cc([4*])c4c5c([5*])cc([6*])c6c([7*])c7c(=O)cc([8*])c8c1c2c(c34)c(c65)c78,1,2422,0.041288191577208914
O=C1OCC=C1C1CC2C(CCC3CCCCC32)O1,[1*]C12CCC3C([2*])([3*])C([4*])CCC3([5*])C1CC(C1=CCOC1=O)O2,1,2422,0.041288191577208914
O=c1cc(-c2ccccc2)oc2c(C3CCCCO3)cc(C3CCCCO3)cc12,[1*]c1ccc(-c2cc(=O)c3c([10*])c(C4OCC([7*])C([8*])C4[9*])c([6*])c(C4OC([2*])C([3*])C([4*])C4[5*])c3o2)cc1,1,2422,0.041288191577208914
O=c1c(OC2OCCCC2OC2CCCCO2)c(-c2ccccc2)oc2ccccc12,[1*]C1OC(OC2C(Oc3c(-c4ccc([2*])cc4)oc4cc([3*])cc([4*])c4c3=O)OC([5*])C([6*])C2[7*])C([8*])C([9*])C1[10*],1,2422,0.041288191577208914
O=c1cc(-c2ccccc2)oc2c1ccc1occc12,[1*]c1c(-c2ccccc2)oc2c(ccc3occc32)c1=O,1,2422,0.041288191577208914
O=C1C=C2CCCC3C4C(=O)C=CCC4CC(O1)C23,[1*]C1=CC([2*])C2CC3OC(=O)C=C4C([3*])([4*])C([5*])C([6*])C(C43[7*])C2([8*])C1=O,1,2422,0.041288191577208914
C1=CCC(OC2CCCCO2)CC1,[1*]C1=C([2*])C([3*])([4*])CC(OC2OC([5*])C([6*])C([7*])C2[8*])C1,1,2422,0.041288191577208914
O=C1OCC2Cc3cc4c(cc3C(c3ccccc3)C12)OCO4,[1*]c1cc(C2c3cc4c(cc3C([2*])C3COC(=O)C23)OCO4)cc([3*])c1[4*],1,2422,0.041288191577208914
C1=C2CCC3CCCCC3C2CCC1,[1*]C1([2*])C=C2CCC3C([3*])([4*])CCCC3([5*])C2CC1,1,2422,0.041288191577208914
C=C1CCCC(=O)OCC2CCN3CCC(OC1=O)C23,[1*]C=C1CC([2*])C([3*])([4*])C(=O)OCC2CCN3CCC(OC1=O)C23,1,2422,0.041288191577208914
C1CCN2CC3C(CCC4C3CC35OC6CCCC3C6CCC45)CC2C1,[1*]C1CCC2([2*])C3CC([3*])C4C5([4*])C([5*])C([6*])C6C(CN7CC([7*])CCC7C6([8*])[9*])C5CC42OC13[10*],1,2422,0.041288191577208914
O=c1cc(-c2ccc3c(c2)OCO3)[nH]c2ccccc12,[1*]c1ccc2c(=O)cc(-c3ccc4c(c3)OCO4)n([2*])c2c1,1,2422,0.041288191577208914
O=c1c2ccccc2nc2n1CCc1c-2[nH]c2ccccc12,O=c1c2ccccc2nc2n1CCc1c-2[nH]c2ccccc12,1,2422,0.041288191577208914
c1ccc(C2OCCO2)cc1,[1*]C1COC(c2ccccc2)O1,1,2422,0.041288191577208914
O=C1CC2C[C@H]2C1,[1*][C@@]12CC(=O)[C@@H]([2*])[C@@H]1C2,1,2422,0.041288191577208914
c1ccc([C@@H]2CCc3ccc(O[C@H]4CCCO4)cc3O2)cc1,[1*][C@@]1([2*])CO[C@@H](Oc2cc([3*])c3c(c2)O[C@H](c2ccc([4*])cc2)[C@@H]([5*])C3)[C@@H]1[6*],1,2422,0.041288191577208914
C=C1CC[C@@H]2CCCCC2C1,[1*]C1([2*])C([3*])CC[C@@]2([4*])[C@H]([5*])C(=C)CC[C@H]12,1,2422,0.041288191577208914
O=c1cc(-c2cccc(O[C@@H]3CCCCO3)c2)oc2ccccc12,[1*]c1c([2*])cc2oc(-c3ccc([3*])c(O[C@H]4O[C@@H]([4*])C([5*])[C@@H]([6*])C4[7*])c3)c([8*])c(=O)c2c1[9*],1,2422,0.041288191577208914
c1ccc2c(c1)CC[n+]1cc3c4c(ccc3cc1-2)OCO4,[1*]c1cc2c(cc1[2*])CC[n+]1cc3c4c(ccc3cc1-2)OCO4,1,2422,0.041288191577208914
c1ccc2c(c1)CC1[NH2+]CCc3cccc-2c31,[1*]c1ccc2c(c1[2*])-c1c([3*])c([4*])cc3c1C(C2)[N+]([5*])([6*])CC3,1,2422,0.041288191577208914
C=C1OC(=O)C2=C1CCC=C2,[1*]/C=C1\OC(=O)C2=C1CCC=C2,1,2422,0.041288191577208914
O=C1N(Cc2ccccc2)C2C[S+]3CCCC3C2N1Cc1ccccc1,O=C1N(Cc2ccccc2)C2C[S+]3CCCC3C2N1Cc1ccccc1,1,2422,0.041288191577208914
O=C(CNC(=O)C1CCCCC1)SCCC(=O)N1CCCC1,[1*]C(CSC(=O)C([2*])NC(=O)C1CCCCC1)C(=O)N1CCCC1[3*],1,2422,0.041288191577208914
O=C1NC(=O)C(c2ccccc2)(c2ccccc2)N1,O=C1NC(=O)C(c2ccccc2)(c2ccccc2)N1,1,2422,0.041288191577208914
O=C1N=CC(C2=CCCCC2)C(=O)N1,[1*]C1(C2=CCCCC2)C(=O)NC(=O)N=C1[2*],1,2422,0.041288191577208914
O=C(NCC(=O)C1CCCN1)C1CCCCC1,[1*]N1CCC[C@@]1([2*])C(=O)[C@@H]([3*])NC(=O)C1CCCCC1,1,2422,0.041288191577208914
