id,smiles,taste,taste_orosensation,,,,,,,,,,,,
PMTDB00001,C[C@H]1[C@@H]2C[C@@]2(CC1=O)C(C)C,bitter; pungent,"bitter[1](1) Meyerhof W et al, 2010. The molecular receptive ranges of human TAS2R bitter taste receptors. Chem Senses 35: 157–170[2](2) Arctander, S., 1969. Perfume and Flavor Chemicals (Aroma Chemicals) Vol.1. Allured Publishing Corporation[3](3) Wiener A et al, 2012. BitterDB: a database of bitter compounds. Nucleic Acids Res 2012, 40 (Database issue): D413-419[4](4) Behrens, M., Meyerhof, W., 2017. The vertebrate gustatory system, in: Guichard, E., Salles, C., Morzel, M., Le Bon, A.-M. (Eds.), Flavour From Food to Perception. John Wiley & Sons, Ltd, Chichester, West Sussex Hoboken, NJ, pp. 57–78.[5](5) Behrens, M. et al, 2014. Tuning properties of avian and frog bitter taste receptors dynamically fit gene repertoire sizes. Mol. Biol. Evol. 31, 3216–3227[6](6) Behrens, M.et al, 2004. The human taste receptor hTAS2R14 responds to a variety of different bitter compounds. Biochem. Biophys. Res. Commun. 319, 479–485; pungent[2](2) Arctander, S., 1969. Perfume and Flavor Chemicals (Aroma Chemicals) Vol.1. Allured Publishing Corporation",,,,,,,,,,,,
PMTDB00002,C1[C@H]([C@H](OC2=CC(=CC(=C21)O)O)C3=CC(=C(C=C3)O)O)O,bitter; astringent; non-astringent; sweet (aftertaste) (insufficient evidence);,"bitter[1](1) Nakagawa, M., 1970. Relation of catechias with the qualities of green and black tea. Bull. Tea Div. Tokai-Kinki Agric. Exp. Stn. 65–166[2](2) Narukawa, M. et al, 2011. Evaluation of the bitterness of green tea catechins by a cell-based assay with the human bitter taste receptor hTAS2R39. Biochem. Biophys. Res. Commun. 405, 620–625[3](3) Kallithraka, S. et al, 1997. Evaluation of bitternes and astringency of (+)-catechin and (-)-epicatechin in red wine and in model solution. J. Sens. Stud. 12, 25–37[4](4) Wiener, A., Shudler, M., Levit, A., Niv, M.Y., 2012. BitterDB: a database of bitter compounds. Nucleic Acids Res. 40, D413–D419[5](5) Soares, S. et al, 2013. Different Phenolic Compounds Activate Distinct Human Bitter Taste Receptors. J. Agric. Food Chem. 61, 1525–1533[6](6) Roland WSU et al, 2013. Bitter Taste Receptor Activation by Flavonoids and Isoflavonoids: Modeled Structural Requirements for Activation of hTAS2R14 and hTAS2R39. J Agric Food Chem 61: 10454–10466.[7](7) Lossow, K. et al, 2016. Comprehensive Analysis of Mouse Bitter Taste Receptors Reveals Different Molecular Receptive Ranges for Orthologous Receptors in Mice and Humans. J. Biol. Chem. 291, 15358–15377[8](8) Rossetti, D. et al, 2009. Astringency of tea catechins: More than an oral lubrication tactile percept. Food Hydrocoll. 23, 1984–1992[9](9) Thorngate III, J.H., Noble, A.C., 1995. Sensory evaluation of bitterness and astringency of 3R (−)-epicatechin and 3S (+)-catechin. J. Sci. Food Agric. 67, 531–535[10](10) Scharbert, S. et al, 2004. Identification of the Astringent Taste Compounds in Black Tea Infusions by Combining Instrumental Analysis and Human Bioresponse. J. Agric. Food Chem. 52, 3498–3508[11](11) Stark, T., Bareuther, S., Hofmann, T., 2005. Sensory-Guided Decomposition of Roasted Cocoa Nibs (Theobroma cacao) and Structure Determination of Taste-Active Polyphenols. J. Agric. Food Chem. 53, 5407–5418; astringent[3](3) Kallithraka, S. et al, 1997. Evaluation of bitternes and astringency of (+)-catechin and (-)-epicatechin in red wine and in model solution. J. Sens. Stud. 12, 25–37[8](8) Rossetti, D. et al, 2009. Astringency of tea catechins: More than an oral lubrication tactile percept. Food Hydrocoll. 23, 1984–1992[9](9) Thorngate III, J.H., Noble, A.C., 1995. Sensory evaluation of bitterness and astringency of 3R (−)-epicatechin and 3S (+)-catechin. J. Sci. Food Agric. 67, 531–535[10](10) Scharbert, S. et al, 2004. Identification of the Astringent Taste Compounds in Black Tea Infusions by Combining Instrumental Analysis and Human Bioresponse. J. Agric. Food Chem. 52, 3498–3508[11](11) Stark, T., Bareuther, S., Hofmann, T., 2005. Sensory-Guided Decomposition of Roasted Cocoa Nibs (Theobroma cacao) and Structure Determination of Taste-Active Polyphenols. J. Agric. Food Chem. 53, 5407–5418[12](12) Scharbert, S., Hofmann, T., 2005. Molecular definition of black tea taste by means of quantitative studies, taste reconstitution, and omission experiments. J. Agric. Food Chem. 53, 5377–5384; non-astringent[13](13) Sanderson, G.W., Ranadive, A.S., Eisenberg, L.S., Farrell, F.J., Simons, R., Manley, C.H., Coggon, P., 1976. Contribution of polyphenolic compounds to the taste of tea, in: ACS Symposium Series, vol.26, Amer Chem Soc. pp. 14–46; sweet (aftertaste) (insufficient evidence)[1](1) Nakagawa, M., 1970. Relation of catechias with the qualities of green and black tea. Bull. Tea Div. Tokai-Kinki Agric. Exp. Stn. 65–166;",,,,,,,,,,,,
PMTDB00003,OC[C@@]1(O)CO[C@@H](OC2=CC(O)=C3C[C@H](O)[C@H](OC3=C2)C2=CC=C(O)C=C2)[C@@H]1O,bitter,"bitter[1](1) Kim, J., Kinghorn, A.D., 1987. Use of the selective inept NMR technique in the structure elucidation of (+)-afzelechin-7-O-β-D-apioside, a bitter principle of Polypodium glycyrrhiza. Tetrahedron Lett. 28, 3655–3658[2](2) Kim, J., Kinghorn, A. D., 1989. Further steroidal and flavonoid constituents of the sweet plant, Polypodium glycyrrhiza. Phytochemistry, 28 (4), 1225–1228",,,,,,,,,,,,
PMTDB00004,[H][C@]1(C[C@@H](O)C(C)=CC1=O)[C@@](C)(O)CCC=C(C)C,sweet,"sweet[1](1) Kaneda, N.et al, 1992. (+)-4β-Hydroxyhernandulcin, a new sweet sesquiterpene from the leaves and flowers of Lippia dulcis. J. Nat. Prod. 55, 1136–1141",,,,,,,,,,,,
PMTDB00005,COC1=C(O)C=C2OC(C(OC(C)=O)C(=O)C2=C1O)C1=CC=C(O)C=C1,sweet,"sweet[1](1) Ҫiçek SS, 2020. Structure-Dependent Activity of Plant-Derived Sweeteners. Molecules 25, 1946.",,,,,,,,,,,,
PMTDB00006,COC1=C(O)C=C2OC(C(O)C(=O)C2=C1O)C1=CC(O)=C(O)C=C1,sweet,"sweet[1](1) Ҫiçek SS, 2020. Structure-Dependent Activity of Plant-Derived Sweeteners. Molecules 25, 1946.",,,,,,,,,,,,
PMTDB00007,COC1=C(O)C=C2OC(C(OC(C)=O)C(=O)C2=C1O)C1=CC(O)=C(O)C=C1,sweet,"sweet[1](1) Ҫiçek SS, 2020. Structure-Dependent Activity of Plant-Derived Sweeteners. Molecules 25, 1946.",,,,,,,,,,,,
PMTDB00008,C1C2=CC(=C(C=C2[C@@H]3[C@]1(COC4=C3C=CC(=C4O)O)O)O)O,sweet;,"sweet[1](1) Arnoldi, A.et al, 1995. Synthesis and sweet taste of optically active (–)-haematoxylin and of some (±)-haematoxylin derivatives. J. Chem. Soc. Perkin Trans. 1 2447–2453[2](2) Masuda, H. et al, 1991. Chemical study on Haematoxylon campechianum: a sweet principle and new dibenz [b, d;",,,,,,,,,,,,
PMTDB00009,CC1=C2C[C@@H]3[C@]([C@@H]2[C@@H]4[C@@H](CC1)C(=C)C(=O)O4)(O3)C,pungent (insufficient evidence),"pungent (insufficient evidence)[1](1) Giorgi, A. et al, 2017. Extracts and compounds active on TRP ion channels from Waldheimia glabra, a ritual medicinal plant from Himalaya. Phytomedicine 32, 80–87[2](2) Borgonovo, G. et al, A., 2019. Isothiocyanates and Glucosinolates from Sisymbrium officinale (L.) Scop. (“the Singers’’ Plant""): Isolation and in Vitro Assays on the Somatosensory and Pain Receptor TRPA1 Channel.” Molecules 24",,,,,,,,,,,,
PMTDB00010,C1=CC(=C(C=C1[C@@H]2[C@H](C(=O)C3=C(C=C(C=C3O2)O)O)O)O)O,bitter,"bitter[1](1) Roland WSU et al, 2013. Bitter Taste Receptor Activation by Flavonoids and Isoflavonoids: Modeled Structural Requirements for Activation of hTAS2R14 and hTAS2R39. J Agric Food Chem 61: 10454–10466[2](2) Behrens, M., Meyerhof, W., 2017. The vertebrate gustatory system, in: Guichard, E., Salles, C., Morzel, M., Le Bon, A.-M. (Eds.), Flavour From Food to Perception. John Wiley & Sons, Ltd, Chichester, West Sussex Hoboken, NJ, pp. 57–78.[3](3) Ley, J.P., 2008. Masking Bitter Taste by Molecules. Chemosens. Percept.1 (1): 58-77[4](4) Wiener A et al, 2012. BitterDB: a database of bitter compounds. Nucleic Acids Res 2012, 40 (Database issue): D413-419",,,,,,,,,,,,
PMTDB00011,C1C[C@H]2C=CC=C([C@@H]2C1)C=O,pungent,"pungent[1](1) Starkenmann, C.et al, 2007. Structure Elucidation of a Pungent Compound in Black Cardamom: Amomum tsao-ko Crevost et Lemarié (Zingiberaceae). J. Agric. Food Chem. 55, 10902–10907",,,,,,,,,,,,
PMTDB00012,CCCCCCCCCCCCC\C=C\C=C\C(=O)NCC(C)C,pungent,"pungent[1](1) Dawid, C.et al, 2012. Structural and Sensory Characterization of Key Pungent and Tingling Compounds from Black Pepper (Piper nigrum L.). J. Agric. Food Chem. 60, 2884–2895",,,,,,,,,,,,
PMTDB00013,CCCCCCCCCC=CC=CC(=O)NCC(C)C,"pungent (hot, cool, tingling)","pungent (hot, cool, tingling)[1](1) Obst K et al, 2017. Sensory active piperine analogues from Macropiper excelsum and their effects on intestinal nutrient uptake in Caco-2 cells. Phytochemistry, 135, 181–190.",,,,,,,,,,,,
PMTDB00014,CCCCC\C=C/CCCCCC\C=C\C=C\C(=O)NCC(C)C,pungent; tingling,"pungent[1](1) Dawid, C.et al, 2012. Structural and Sensory Characterization of Key Pungent and Tingling Compounds from Black Pepper (Piper nigrum L.). J. Agric. Food Chem. 60, 2884–2895; tingling[1](1) Dawid, C.et al, 2012. Structural and Sensory Characterization of Key Pungent and Tingling Compounds from Black Pepper (Piper nigrum L.). J. Agric. Food Chem. 60, 2884–2895",,,,,,,,,,,,
PMTDB00015,CCCC\C=C/CCCCCCC\C=C\C=C\C(=O)NCC(C)C,pungent; tingling,"pungent[1](1) Dawid, C.et al, 2012. Structural and Sensory Characterization of Key Pungent and Tingling Compounds from Black Pepper (Piper nigrum L.). J. Agric. Food Chem. 60, 2884–2895; tingling[1](1) Dawid, C.et al, 2012. Structural and Sensory Characterization of Key Pungent and Tingling Compounds from Black Pepper (Piper nigrum L.). J. Agric. Food Chem. 60, 2884–2895",,,,,,,,,,,,
PMTDB00016,CCCCC\C=C/CCCCCCCC\C=C\C=C\C(=O)NCC(C)C,pungent; tingling;,"pungent[1](1) Dawid, C.et al, 2012. Structural and Sensory Characterization of Key Pungent and Tingling Compounds from Black Pepper (Piper nigrum L.). J. Agric. Food Chem. 60, 2884–2895; tingling[2];",,,,,,,,,,,,
PMTDB00017,CCCC\C=C/CCCCCCCCC\C=C\C=C\C(=O)NCC(C)C,pungent; tingling;,"pungent[1](1) Dawid, C.et al, 2012. Structural and Sensory Characterization of Key Pungent and Tingling Compounds from Black Pepper (Piper nigrum L.). J. Agric. Food Chem. 60, 2884–2895; tingling[2];",,,,,,,,,,,,
PMTDB00018,CC(C)CNC(=O)C=CCCCC=CCC#CC#C,pungent,"pungent[1](1) Nakatani, N., Nagashima, M., 1992. Pungent Alkamides from Spilanthes acmella L. var. oleracea Clarke. Biosci. Biotechnol. Biochem. 56, 759–762",,,,,,,,,,,,
PMTDB00019,COC1=C(O)C=C2OC(C(OC(C)=O)C(=O)C2=C1O)C1=CC=C(O)C(O)=C1,sweet,"sweet[1](1) Gao, F. Et al., 1990. Dihydroflavonol sweeteners and other constituents from Hymenoxys turneri. Phytochemistry 29, 2865–2869[2](2) Kinghorn, A.D., Fullas, F., Hussain, R.A., 1995. Structure-activity relationship of highly sweet natural products, in: Atta-ur-Rahman, B.T.-S. in N.P.C. (Ed.), Structure and Chemistry (Part C). Elsevier, pp. 3–41",,,,,,,,,,,,
PMTDB00020,COC1=C(O)C=C2OC(C(O)C(=O)C2=C1O)C1=CC=C(O)C(O)=C1,sweet,"sweet[1](1) Gao, F. Et al., 1990. Dihydroflavonol sweeteners and other constituents from Hymenoxys turneri. Phytochemistry 29, 2865–2869[2](2) Kinghorn, A.D., Fullas, F., Hussain, R.A., 1995. Structure-activity relationship of highly sweet natural products, in: Atta-ur-Rahman, B.T.-S. in N.P.C. (Ed.), Structure and Chemistry (Part C). Elsevier, pp. 3–41",,,,,,,,,,,,
PMTDB00021,COC1=C(O)C=C2OC(C(OC(C)=O)C(=O)C2=C1O)C1=CC=C(O)C=C1,sweet,"sweet[1](1) Gao, F. Et al., 1990. Dihydroflavonol sweeteners and other constituents from Hymenoxys turneri. Phytochemistry 29, 2865–2869[2](2) Kinghorn, A.D., Fullas, F., Hussain, R.A., 1995. Structure-activity relationship of highly sweet natural products, in: Atta-ur-Rahman, B.T.-S. in N.P.C. (Ed.), Structure and Chemistry (Part C). Elsevier, pp. 3–41",,,,,,,,,,,,
PMTDB00022,OC(CCCCCCCC(O)=O)\C=C\C(O)=O,bitter; pungent (scratchy),"bitter[1](1) Lainer J et al, 2019. Characterization of Bitter-Tasting Oxylipins in Poppy Seeds (Papaver somniferum L.). J. Agric. Food Chem.; pungent (scratchy)[1](1) Lainer J et al, 2019. Characterization of Bitter-Tasting Oxylipins in Poppy Seeds (Papaver somniferum L.). J. Agric. Food Chem.",,,,,,,,,,,,
PMTDB00023,CCCCCC(C=CC(=O)O)O,bitter: pungent (scratchy),"bitter[1](1) Lainer J et al, 2019. Characterization of Bitter-Tasting Oxylipins in Poppy Seeds (Papaver somniferum L.). J. Agric. Food Chem.: pungent (scratchy)[1](1) Lainer J et al, 2019. Characterization of Bitter-Tasting Oxylipins in Poppy Seeds (Papaver somniferum L.). J. Agric. Food Chem.",,,,,,,,,,,,
PMTDB00024,C1=CC(=C(C=C1C=CC(=O)OC(C(C(=O)O)O)C(=O)O)O)O,astringent; bitter,"astringent[1](1) Hufnagel, J.C., Hofmann, T., 2008. Quantitative reconstruction of the nonvolatile sensometabolome of a red wine. J. Agric. Food Chem. 56, 9190–9199[2](2) Hufnagel JC, Hofmann T, 2008. Orosensory-directed identification of astringent mouthfeel and bitter-tasting compounds in red wine. J Agric Food Chem 56: 1376–1386[3](3) Wollmann N, Hufnagel J-C, Hoffman T, 2013. Decoding the taste of wine using a sensomic approach. In: Ferreira V, López R (eds) Flavour Sci. Proc. from XIII Weurman Flavour Res. Symp. Elsevier Science, pp 525–532[4](4) Okamura, S., and Watanabe, M. 1981. Determination of phenolic cinnamates in white wine and their effect on wine quality. Agricultural and Biological Chemistry 45:2063-2070.; bitter[4](4) Okamura, S., and Watanabe, M. 1981. Determination of phenolic cinnamates in white wine and their effect on wine quality. Agricultural and Biological Chemistry 45:2063-2070.",,,,,,,,,,,,
PMTDB00025,C1=CC(=CC=C1C=CC(=O)O)OC2C(C(C(C(O2)CO)O)O)O,astringent;,"astringent[1](1) Schwarz, B., Hofmann, T., 2007. Sensory-guided decomposition of red currant juice (Ribes rubrum) and structure determination of key astringent compounds. J. Agric. Food Chem. 55, 1394–1404;",,,,,,,,,,,,
PMTDB00026,C1=CC(=CC=C1C=CC(=O)O)OC2C(C(C(C(O2)CO)O)O)O,astringent;,"astringent[1](1) Schwarz, B., Hofmann, T., 2007. Sensory-guided decomposition of red currant juice (Ribes rubrum) and structure determination of key astringent compounds. J. Agric. Food Chem. 55, 1394–1404;",,,,,,,,,,,,
PMTDB00027,OCC(O)COC(=O)CCCCCCCC1OC(=O)C=C1,bitter; pungent (scratchy),"bitter[1](1) Lainer J et al, 2019. Characterization of Bitter-Tasting Oxylipins in Poppy Seeds (Papaver somniferum L.). J. Agric. Food Chem.; pungent (scratchy)[1](1) Lainer J et al, 2019. Characterization of Bitter-Tasting Oxylipins in Poppy Seeds (Papaver somniferum L.). J. Agric. Food Chem.",,,,,,,,,,,,
PMTDB00028,CCCCC\C=C/CCCCCCCC\C=C\C=C\C(=O)N1CCCCC1,pungent; tingling,"pungent[1](1) Dawid, C.et al, 2012. Structural and Sensory Characterization of Key Pungent and Tingling Compounds from Black Pepper (Piper nigrum L.). J. Agric. Food Chem. 60, 2884–2895; tingling[1](1) Dawid, C.et al, 2012. Structural and Sensory Characterization of Key Pungent and Tingling Compounds from Black Pepper (Piper nigrum L.). J. Agric. Food Chem. 60, 2884–2895",,,,,,,,,,,,
PMTDB00029,CCCCC\C=C/CCCCCCCC\C=C\C=C\C(=O)N1CCCC1,pungent; tingling,"pungent[1](1) Dawid, C.et al, 2012. Structural and Sensory Characterization of Key Pungent and Tingling Compounds from Black Pepper (Piper nigrum L.). J. Agric. Food Chem. 60, 2884–2895; tingling[1](1) Dawid, C.et al, 2012. Structural and Sensory Characterization of Key Pungent and Tingling Compounds from Black Pepper (Piper nigrum L.). J. Agric. Food Chem. 60, 2884–2895",,,,,,,,,,,,
PMTDB00030,CCCC\C=C/CCCCCCCCC\C=C\C=C\C(=O)N1CCCCC1,pungent; tingling,"pungent[1](1) Dawid, C.et al, 2012. Structural and Sensory Characterization of Key Pungent and Tingling Compounds from Black Pepper (Piper nigrum L.). J. Agric. Food Chem. 60, 2884–2895; tingling[1](1) Dawid, C.et al, 2012. Structural and Sensory Characterization of Key Pungent and Tingling Compounds from Black Pepper (Piper nigrum L.). J. Agric. Food Chem. 60, 2884–2895",,,,,,,,,,,,
PMTDB00031,CCCC\C=C/CCCCCCCCC\C=C\C=C\C(=O)N1CCCC1,pungent; tingling,"pungent[1](1) Dawid, C.et al, 2012. Structural and Sensory Characterization of Key Pungent and Tingling Compounds from Black Pepper (Piper nigrum L.). J. Agric. Food Chem. 60, 2884–2895; tingling[1](1) Dawid, C.et al, 2012. Structural and Sensory Characterization of Key Pungent and Tingling Compounds from Black Pepper (Piper nigrum L.). J. Agric. Food Chem. 60, 2884–2895",,,,,,,,,,,,
PMTDB00032,CCC12COC(=O)C(=C)C1C1OC(=O)C(C)C1[C@H](C2)OC(=O)C(C)CO,bitter,"bitter[1](1) Koshimizu, K.et al, 1994. Use of Vernonia amygdalina by wild chimpanzee: Possible roles of its bitter and related constituents. Physiology and Behavior, 56 (6), 1209–1216[2](2) Jisaka, M.et al, 1993. Antitumoral and antimicrobial activities of bitter sesquiterpene lactones of Vernonia amygdalina, a possible medicinal plant used by wild chimpanzees. Bioscience, Biotechnology, and Biochemistry, 57 (5), 833–834",,,,,,,,,,,,
PMTDB00033,CCC12COC(=O)C(=C)C1C1OC(=O)C(=C)C1C(C2)OC(=O)C(C)CO,bitter,"bitter[1](1) Koshimizu, K.et al, 1994. Use of Vernonia amygdalina by wild chimpanzee: Possible roles of its bitter and related constituents. Physiology and Behavior, 56 (6), 1209–1216[2](2) Jisaka, M.et al, 1993. Antitumoral and antimicrobial activities of bitter sesquiterpene lactones of Vernonia amygdalina, a possible medicinal plant used by wild chimpanzees. Bioscience, Biotechnology, and Biochemistry, 57 (5), 833–834",,,,,,,,,,,,
PMTDB00034,C1=C(C=C(C(=C1O)O)O)C(=O)OCC2C(C(C(C(O2)OC(=O)C3=CC(=C(C(=C3)O)O)O)OC(=O)C4=CC(=C(C(=C4)O)O)O)OC(=O)C5=CC(=C(C(=C5)O)O)O)OC(=O)C6=CC(=C(C(=C6)O)O)O,astringent,"astringent[1](1) Hofman, T.et al, 2006. Protein binding & astringent taste of a polymeric procyanidin, 1,2,3,6-penta-O-galloyl-β-D-glycopyranose, castalagin, and grandinin. J Agric Food Chem 54, 9503–9509",,,,,,,,,,,,
PMTDB00035,C=CCCCCCCCCCCCC(CC(CO)O)O,bitter,"bitter[1](1) Degenhardt, A.G., Hofmann, T., 2010. Bitter-Tasting and Kokumi-Enhancing Molecules in Thermally Processed Avocado (Persea americana Mill.). J. Agric. Food Chem. 58, 12906–12915[2](2) Khan, I.A., Abourashed, E.A., 2010. Leung’s Encyclopedia of Common Natural Ingredients Used in Food, Drugs, and Cosmetics, 3rd ed. John Wiley & Sons, Inc., Hoboken, New Jersey[3](3) Johnson, R.L., 1988. Bitterness in Fruit Juices: Assay of Bitter Principles in Citrus Juices BT - Analysis of Nonalcoholic Beverages, in: Linskens, H.-F., Jackson, J.F. (Eds.), Analysis of Nonalcoholic Beverage. Springer Berlin Heidelberg, Berlin, Heidelberg, pp. 80–103[4](4) Wiener A et al, 2012. BitterDB: a database of bitter compounds. Nucleic Acids Res 2012, 40 (Database issue): D413-419",,,,,,,,,,,,
PMTDB00036,CC1(C2CCC(O1)(CC2)C)C,pungent; sweet,"pungent[1](1) Hedin, P.A. et al, 1968. Constituents of cotton bud. Formulation of boll weevil feeding stimulant mixtures. J Agric Food Chem 16: 505–513[2](2) Nishimura, H., Noma, Y., 1996. Microbial Transformation of Monoterpenes: Flavor and Biological Activity, in: Biotechnology for Improved Foods and Flavors, ACS Symposium Series. American Chemical Society, pp. 16–173[3](3) Kim, S. et al., 2016. PubChem Substance and Compound databases. Nucleic Acids Res. 44, D1202–D1213, citing National Toxicology Program, Institute of Environmental Health Sciences, National Institutes of Health (NTP). 1992. National Toxicology Program Chemical Repository Database. Research Triangle Park, North Carolina; sweet[1](1) Hedin, P.A. et al, 1968. Constituents of cotton bud. Formulation of boll weevil feeding stimulant mixtures. J Agric Food Chem 16: 505–513[4](4) Arctander, S., 1969. Perfume and Flavor Chemicals (Aroma Chemicals) Vol.1. Allured Publishing Corporation",,,,,,,,,,,,
PMTDB00037,CC1(CCC2=C(C(=C(C=C2O1)OC)C(=O)C=CC3=CC=C(C=C3)OC)O)C,bitter,"bitter[1](1) Dresel, M. et al, 2015. Sensomics Analysis of Key Bitter Compounds in the Hard Resin of Hops (Humulus lupulus L.) and Their Contribution to the Bitter Profile of Pilsner-Type Beer. J. Agric. Food Chem. 63, 3402–3418[2](2) Wiener A et al, 2012. BitterDB: a database of bitter compounds. Nucleic Acids Res 2012, 40 (Database issue): D413-419",,,,,,,,,,,,
PMTDB00038,CC(=CCC1=C(C(=C2C(=C1O)CCC(O2)(C)C)C(=O)C=CC3=CC=C(C=C3)O)OC)C,bitter,"bitter[1](1) Dresel, M. et al, 2015. Sensomics Analysis of Key Bitter Compounds in the Hard Resin of Hops (Humulus lupulus L.) and Their Contribution to the Bitter Profile of Pilsner-Type Beer. J. Agric. Food Chem. 63, 3402–3418",,,,,,,,,,,,
PMTDB00039,CC1(CCC2=C(O1)C(=C(C=C2O)OC)C(=O)C=CC3=CC=C(C=C3)O)C,bitter,"bitter[1](1) Dresel, M. et al, 2015. Sensomics Analysis of Key Bitter Compounds in the Hard Resin of Hops (Humulus lupulus L.) and Their Contribution to the Bitter Profile of Pilsner-Type Beer. J. Agric. Food Chem. 63, 3402–3418[2](2) Wiener A et al, 2012. BitterDB: a database of bitter compounds. Nucleic Acids Res 2012, 40 (Database issue): D413-419",,,,,,,,,,,,
PMTDB00040,CC(=O)OC1=CC=C(C=C1)C(C=C)OC(=O)C,pungent,"pungent[1](1) Gautschit M et al, 1999. Flavor chemicals with pungent properties. In: Teranishi R, Wick EL, Homstein I (eds) Flavor Chemistry. Thirty Years of Progress. Springer Science & Business Media, pp 199–210[2](2) Pancharoen O et al, 2000. Phytochemistry of the zingiberaceae. Stud Nat Prod Chem 23: 797–865[3](3) Yang X, Eilerman RG (1999) Pungent Principal of Alpinia galangal (L.) Swartz and Its Applications. J Agric Food Chem 47: 1657–1662",,,,,,,,,,,,
PMTDB00041,CC(=O)OCC=C1C(C(=COC1OC2C(C(C(C(O2)CO)O)O)O)C(=O)OC)CC(=O)OCCC3=CC=C(C=C3)O,bitter,"bitter[1](1) Inouye, Hiroyuki, et al, 1975. ""Two new iridoid glucosides from Osmanthus fragrans."" Phytochemistry 14.9 (1975): 2029-2032.:",,,,,,,,,,,,
PMTDB00042,CC(=O)OCC=C1C(C(=COC1OC2C(C(C(C(O2)CO)O)O)O)C(=O)OC)CC(=O)OCCC3=CC(=C(C=C3)O)O,bitter,"bitter[1](1) Inouye, Hiroyuki, et al. ""Two new iridoid glucosides from Osmanthus fragrans."" Phytochemistry 14.9 (1975): 2029-2032.",,,,,,,,,,,,
PMTDB00043,CCCCCCCCCC(CC(=O)CCC1=CC(=C(C=C1)O)OC)O,pungent,"pungent[1](1) Narasimhan S, Govindarajan VS, 1978. Evaluation of spices and oleoresin-VI-pungency of ginger components, gingerols and shogoals and quality. Int J Food Sci Technol 13: 31–36[2](2) Prescott, J., Stevenson, R.J., 1995. Pungency in food perception and preference. Food Rev. Int. 11, 665–698[3](3) Govindarajan, V.S., Connell, D.W., 1983. Ginger—chemistry, technology, and quality evaluation: part 2. Crit. Rev. Food Sci. Nutr. 17, 189–258[4](4) Matsuda, H., Nakamura, S., Yoshikawa, M. 2017, The Chemical Constituents and Pharmacological / Biofunctional Effects of Ginger. J. Acad. Soc. Qual. Life 3, 1–12[5](5) Tang W, Eisenbrang G, 1992. Chinese Drugs of Plant Origin. Chemistry, Pharmacology, and Use in Traditional and Modem Medicine. Springer[6](6) Chen, C.C. et al, 1986. Pungent compounds of ginger (Zingiber officinale roscoe) extracted by liquid carbon dioxide. J. Agric. Food Chem. 34, 477–480",,,,,,,,,,,,
PMTDB00044,CCCCCCCCCCCC(=O)CCC1=CC(=C(C=C1)O)OC,pungent,"pungent[1](1) Connell, D.W., 1970. Natural pungent compounds. III. The paradols and associated compounds. Aust. J. Chem. 23, 369–376[2](2) Locksley, H.D.et al, 1972. Pungent compounds. Part I. An improved synthesis of the paradols (alkyl 4-hydroxy-3-methoxyphenethyl ketones) and an assessment of their pungency. J. Chem. Soc. Perkin Trans. 1 3001–3006",,,,,,,,,,,,
PMTDB00045,CC1C2CCC(=C3C(C2OC1=O)C(=CC3=O)CO)C,bitter,"bitter[1](1) Van Beek, T.A. et al., 1990. Bitter sesquiterpene lactones from chicory roots. J. Agric. Food Chem. 38, 1035–1038",,,,,,,,,,,,
PMTDB00046,CC1C2CCC(=C3C(C2OC1=O)C(=CC3=O)CO)C,bitter,"bitter[1](1) Van Beek TA, et al. Bitter sesquiterpene lactones from chicory roots, J Agric Food Chem 1990 38 (4), 1035-1037",,,,,,,,,,,,
PMTDB00047,CC1C2C(CC(=C3C(C2OC1=O)C(=CC3=O)CO)C)OC(=O)CC4=CC=C(C=C4)O,bitter,"bitter[1](1) Van Beek, T.A. et al., 1990. Bitter sesquiterpene lactones from chicory roots. J. Agric. Food Chem. 38, 1035–1038[2](2) Leclercq, E., 1992. Sesquiterpene lactones and inulin from chicory roots: extraction, identification, enzymatic release and sensory analysis (PhD thesis) Agricultural University, Wageningen",,,,,,,,,,,,
PMTDB00048,CC1C2CCC(=CCCC(=CC2OC1=O)C)C(=O)OC3C(C(OC(C3O)O)CO)O,bitter,"bitter[1](1) Hänsel R. et al., 1980. Sesquiterpenlacton-β-D-glucopyranoside sowie ein neues Eudesmanolid aus Taraxacum officinale., Phytochemistry, Vol.19 (5): 857-861[2](2) Kuusi T, Pyysalo H, Autio K, 1985. The bitterness properties of dandelion. II. Chemical investigations. Leb Technol 18: 347–349.",,,,,,,,,,,,
PMTDB00049,CC1C2C(CC(=C3C(C2OC1=O)C(=CC3=O)CO)C)O,bitter,"bitter[1](1) Holzer K, Zinke A ,1953. Über die Bitterstoffe der Zichorie (Cichorium intybus L). Monatshefte für Chemie und verwandte Teile anderer Wissenschaften 84: 901–909.[2](2) Wesolowska, A., Nikiforuk, A., Michalska, K., Kisiel, W., Chojnacka-Wojcik, E., 2006. Analgesic and sedative activities of lactucin and some lactucin-like guaianolides in mice. J. Ethnopharmacol. 107, 254–258[3](3) Wiener, A. et al, 2012. BitterDB: a database of bitter compounds. Nucleic Acids Res. 40, D413–D419",,,,,,,,,,,,
PMTDB00050,CC1(C2CCC3(C(C2(CCC1OC4C(C(C(C(O4)C(=O)O)O)O)OC5C(C(C(C(O5)C(=O)O)O)O)O)C)CC=C6C3(CCC7(C6CC(CC7)(C)C(=O)O)C)C)C)C,bitter; non-sweet,"bitter[1](1) Kitagawa, I., 2002. Licorice root. A natural sweetener and an important ingredient in Chinese medicine. Pure Appl. Chem. 74, 1189–1198[2](2) Kitagawa, I.et al., 1993. Saponin and sapogenol. XLIX. On the constitutents of the roots of glycyrrhiza inflata BATALIN from Xinjiang, China. Characterization of two sweet oleanane-type triterpene oligoglycosides, apioglycyrrhizin and araboglycyrrhizin. Chem. Pharm. Bull. 41, 1350–1357; non-sweet[1](1) Kitagawa, I., 2002. Licorice root. A natural sweetener and an important ingredient in Chinese medicine. Pure Appl. Chem. 74, 1189–1198[2](2) Kitagawa, I.et al., 1993. Saponin and sapogenol. XLIX. On the constitutents of the roots of glycyrrhiza inflata BATALIN from Xinjiang, China. Characterization of two sweet oleanane-type triterpene oligoglycosides, apioglycyrrhizin and araboglycyrrhizin. Chem. Pharm. Bull. 41, 1350–1357",,,,,,,,,,,,
PMTDB00051,CC(CCC(C(C)(C)O)OC1C(C(C(C(O1)CO)O)O)O)C2CCC3(C2(CC(=O)C4(C3CC=C5C4CCC(C5(C)C)OC6C(C(C(C(O6)CO)O)O)O)C)C)C,bitter,"bitter[1](1) Li, D., Ikeda, T., et al., 2006. Cucurbitane glycosides from unripe fruits of Lo Han Kuo (Siraitia grosvenori). Chemical and pharmaceutical bulletin, 54 (10), 1425-1428.",,,,,,,,,,,,
PMTDB00052,CC(CCC(C(C)(C)O)OC1C(C(C(C(O1)COC2C(C(C(C(O2)CO)O)O)O)O)O)OC3C(C(C(C(O3)CO)O)O)O)C4CCC5(C4(CC(=O)C6(C5CC=C7C6CCC(C7(C)C)OC8C(C(C(C(O8)COC9C(C(C(C(O9)CO)O)O)O)O)O)O)C)C)C,sweet,"sweet[1](1) Kim N-C, Kinghorn AD (2002) Sweet-tasting and sweetness-modifying constituents of plants. In: Atta-ur-Rahman BT-S in NPC (ed) Bioact. Nat. Prod. (Part H). Elsevier, pp 3–57[2](2) Matsumoto, K. et al, 1990. Minor cucurbitane-glycosides from fruits of Siraitia grosvenori (Cucurbitaceae). Chem. Pharm. Bull. 38, 2030–2032",,,,,,,,,,,,
PMTDB00053,CC1C2C(OC1=O)C1C(CO)=CC(=O)C1=C(C)CC2OS(O)(=O)=O,bitter,"bitter[1](1) Mai F, Glomb MA, 2016. Structural and Sensory Characterization of Novel Sesquiterpene Lactones from Iceberg Lettuce. J. Agric. Food Chem. 64, 295–301",,,,,,,,,,,,
PMTDB00054,CCCCCC(O)C(O)C=CC(=O)CCCCCCCC(O)=O,bitter; pungent (scratchy),"bitter[1](1) Lainer J et al, 2019. Characterization of Bitter-Tasting Oxylipins in Poppy Seeds (Papaver somniferum L.). J. Agric. Food Chem.; pungent (scratchy)[1](1) Lainer J et al, 2019. Characterization of Bitter-Tasting Oxylipins in Poppy Seeds (Papaver somniferum L.). J. Agric. Food Chem.",,,,,,,,,,,,
PMTDB00055,[H]C(O)(CCCCC)C([H])(O)C=CC(=O)CCCCCCCC(O)=O,bitter; pungent (scratchy),"bitter[1](1) Lainer J et al, 2019. Characterization of Bitter-Tasting Oxylipins in Poppy Seeds (Papaver somniferum L.). J. Agric. Food Chem.; pungent (scratchy)[1](1) Lainer J et al, 2019. Characterization of Bitter-Tasting Oxylipins in Poppy Seeds (Papaver somniferum L.). J. Agric. Food Chem.",,,,,,,,,,,,
PMTDB00056,[H]C(O)(CCCCC)C([H])(O)C=CC(=O)CCCCCCCC(O)=O,bitter; pungent (scratchy),"bitter[1](1) Lainer J et al, 2019. Characterization of Bitter-Tasting Oxylipins in Poppy Seeds (Papaver somniferum L.). J. Agric. Food Chem.; pungent (scratchy)[1](1) Lainer J et al, 2019. Characterization of Bitter-Tasting Oxylipins in Poppy Seeds (Papaver somniferum L.). J. Agric. Food Chem.",,,,,,,,,,,,
PMTDB00057,[H]C(O)(CCCCC)C([H])(O)C=CC(=O)CCCCCCCC(O)=O,bitter; pungent (scratchy),"bitter[1](1) Lainer J et al, 2019. Characterization of Bitter-Tasting Oxylipins in Poppy Seeds (Papaver somniferum L.). J. Agric. Food Chem.; pungent (scratchy)[1](1) Lainer J et al, 2019. Characterization of Bitter-Tasting Oxylipins in Poppy Seeds (Papaver somniferum L.). J. Agric. Food Chem.",,,,,,,,,,,,
PMTDB00058,CCCCCC(C=CC=CCCCCCCCC(=O)O)OO,"Bitter (contradictory evidence): bitter, non bitter; pungent (scratchy, burning)","Bitter (contradictory evidence): bitter[1](1) Lainer J et al, 2019. Characterization of Bitter-Tasting Oxylipins in Poppy Seeds (Papaver somniferum L.). J. Agric. Food Chem., non bitter[2](2) Biermann, U.; Grosch, W. Bitter-tasting monoglycerides from stored oat flour. Z. Lebensm. Unters. Forsch. 1979, 169 (1), 22-26; pungent (scratchy, burning)[1](1) Lainer J et al, 2019. Characterization of Bitter-Tasting Oxylipins in Poppy Seeds (Papaver somniferum L.). J. Agric. Food Chem.",,,,,,,,,,,,
PMTDB00059,CCCCCC(C=CC=CCCCCCCCC(=O)O)O,bitter: pungent (scratchy),"bitter[1](1) Lainer J et al, 2019. Characterization of Bitter-Tasting Oxylipins in Poppy Seeds (Papaver somniferum L.). J. Agric. Food Chem.: pungent (scratchy)[1](1) Lainer J et al, 2019. Characterization of Bitter-Tasting Oxylipins in Poppy Seeds (Papaver somniferum L.). J. Agric. Food Chem.",,,,,,,,,,,,
PMTDB00060,CCCCCC(C=CC=CCCCCCCCC(=O)O)O,bitter; pungent (scratchy),"bitter[1](1) Lainer J et al, 2019. Characterization of Bitter-Tasting Oxylipins in Poppy Seeds (Papaver somniferum L.). J. Agric. Food Chem.; pungent (scratchy)[1](1) Lainer J et al, 2019. Characterization of Bitter-Tasting Oxylipins in Poppy Seeds (Papaver somniferum L.). J. Agric. Food Chem.",,,,,,,,,,,,
PMTDB00061,CC12CCC(C(C1CCC(=C)C2CCC3=CCOC3=O)(C)CO)O,bitter (electronic tongue),"bitter (electronic tongue)[1](1) Zhang X et al, 2018. Determination of Bitterness of Andrographis Herba Based on Electronic Tongue Technology and Discovery of the Key Compounds of Bitter Substances. Molecules 23, 3362",,,,,,,,,,,,
PMTDB00062,C1CN2C(C3=C1C4=CC=CC=C4N3)N(C5=CC=CC=C5C2=O)C=O,bitter ( electronic tongue),"bitter ( electronic tongue)[1](1) Liang, X.et al, 2017. Bitterness and antibacterial activities of constituents from Evodia rutaecarpa. BMC Complement. Altern. Med. 17, 180",,,,,,,,,,,,
PMTDB00063,CC1C=C(C(=O)C2(C1CC3C4(C2C(=O)C(=C(C4CC(=O)O3)C)CO)C)C)OC,bitter,"bitter[1](1) Nestler, T.et al, 1980. Quantitative Bestimmung der Bitter-Quassinoide von Quassia amara und Picrasma excelsa. Planta Med. 38, 204–213[2](2) Khan, I.A., Abourashed, E.A., 2010. Leung’s Encyclopedia of Common Natural Ingredients Used in Food, Drugs, and Cosmetics, 3rd ed. John Wiley & Sons, Inc., Hoboken, New Jersey[3](3) Chialva F, Dada G, 1990. Bitterness in alcoholic beverages. In: Rouseff RL (ed) Bitternes in foods and beverages. Developments in Food Science vol. 25. Elsevier Science Publishers B.V., pp 103–122[4](4) Casinovi, CG: Ceccherelli, P, Grandolini, G, 1966. 18-oxyquassin, 2, New amaroid isolated form Quassia amara: Ist Super Sanit Ann 2: 414 ( LAB CHIM BIOL IST SUPER SANIT ROME ITALY)",,,,,,,,,,,,
PMTDB00064,OCC(O)COC(=O)CCCCCCCC(O)=O,bitter; pungent (scratchy),"bitter[1](1) Lainer J et al, 2019. Characterization of Bitter-Tasting Oxylipins in Poppy Seeds (Papaver somniferum L.). J. Agric. Food Chem.; pungent (scratchy)[1](1) Lainer J et al, 2019. Characterization of Bitter-Tasting Oxylipins in Poppy Seeds (Papaver somniferum L.). J. Agric. Food Chem.",,,,,,,,,,,,
PMTDB00065,CCCCCC=CCC=CCCCCCCCC(=O)OCC(CO)O,bitter; pungent (scratchy),"bitter[1](1) Lainer J et al, 2019. Characterization of Bitter-Tasting Oxylipins in Poppy Seeds (Papaver somniferum L.). J. Agric. Food Chem.; pungent (scratchy)[1](1) Lainer J et al, 2019. Characterization of Bitter-Tasting Oxylipins in Poppy Seeds (Papaver somniferum L.). J. Agric. Food Chem.",,,,,,,,,,,,
PMTDB00066,OCC1OC(OC2=C3N=C4N(CCC5=C4NC4=CC=CC=C54)C(=O)C3=CC=C2)C(O)C(O)C1O,bitter (Etongue),"bitter (Etongue)[1](1) Liang, X.et al, 2017. Bitterness and antibacterial activities of constituents from Evodia rutaecarpa. BMC Complement. Altern. Med. 17, 180",,,,,,,,,,,,
PMTDB00067,CCCCCCCCC=CCCCCCCCC(=O)OCC(CO)O,bitter: pungent (scratchy),"bitter[1](1) Lainer J et al, 2019. Characterization of Bitter-Tasting Oxylipins in Poppy Seeds (Papaver somniferum L.). J. Agric. Food Chem.: pungent (scratchy)[1](1) Lainer J et al, 2019. Characterization of Bitter-Tasting Oxylipins in Poppy Seeds (Papaver somniferum L.). J. Agric. Food Chem.",,,,,,,,,,,,
PMTDB00068,COC1=CC(=CC(=C1O)OC)C=CC(=O)OC2C(C(C(C(O2)CO)O)O)O,bitter,"bitter[1](1) Wiener A et al, 2012. BitterDB: a database of bitter compounds. Nucleic Acids Res 2012, 40 (Database issue): D413-419[2](2) Forero DP, Masatani C, Fujimoto Y, Coy-Barrera E, Peterson DG, et al. (2016). Spermidine Derivatives in Lulo (Solanum quitoense Lam.) Fruit: Sensory (Taste) versus Biofunctional (ACE-Inhibition) Properties. J Agric Food Chem 64 (26): 5375-83.",,,,,,,,,,,,
PMTDB00069,CCCCCCCCCCCCCCCC(=O)OCC(CO)O,bitter: pungent (scratchy),"bitter[1](1) Lainer J et al, 2019. Characterization of Bitter-Tasting Oxylipins in Poppy Seeds (Papaver somniferum L.). J. Agric. Food Chem.: pungent (scratchy)[1](1) Lainer J et al, 2019. Characterization of Bitter-Tasting Oxylipins in Poppy Seeds (Papaver somniferum L.). J. Agric. Food Chem.",,,,,,,,,,,,
PMTDB00070,C1=CC=C(C=C1)C=CC(=O)C2=C(C=C(C=C2)O)O,bitter,"bitter[1](1) Roland WSU et al, 2013. Bitter Taste Receptor Activation by Flavonoids and Isoflavonoids: Modeled Structural Requirements for Activation of hTAS2R14 and hTAS2R39. J. Agric. Food Chem. 61, 10454–10466. doi: 10.1021/jf403387p lnk_{https://pubs.acs.org/doi/full/10.1021/jf403387p?src=recs",,,,,,,,,,,,
PMTDB00071,CC(C)(C(CC1=C(C(=C(C=C1O)OC)C(=O)C=CC2=CC=C(C=C2)O)O)O)OC,bitter,"bitter[1](1) Dresel, M. et al, 2015. Sensomics Analysis of Key Bitter Compounds in the Hard Resin of Hops (Humulus lupulus L.) and Their Contribution to the Bitter Profile of Pilsner-Type Beer. J. Agric. Food Chem. 63, 3402–3418[2](2) Wiener A et al, 2012. BitterDB: a database of bitter compounds. Nucleic Acids Res 2012, 40 (Database issue): D413-419",,,,,,,,,,,,
PMTDB00072,COC1=C(O)C=C(\C=C/C(=O)OC2C(CO)OC(OC3OC=C4C(=O)OCCC4(O)C3C=C)C(OC(C)=O)C2O)C=C1,bitter,"bitter[1](1) Kikuzaki, H.et al, 1996. Secoiridoid glucosides from Swertia mileensis. Planta Med. 62, 35–38",,,,,,,,,,,,
PMTDB00073,CC(=O)OC1C(O)C(OC(=O)\C=C/C2=CC=C(O)C=C2)C(CO)OC1OC1OC=C2C(=O)OCCC2(O)C1C=C,bitter,"bitter[1](1) Kikuzaki, H.et al, 1996. Secoiridoid glucosides from Swertia mileensis. Planta Med. 62, 35–38",,,,,,,,,,,,
PMTDB00074,COC1=C(O)C=CC(\C=C\C(=O)OC2C(CO)OC(OC3OC=C4C(=O)OCCC4(O)C3C=C)C(OC(C)=O)C2O)=C1,bitter,"bitter[1](1) Kikuzaki, H.et al, 1996. Secoiridoid glucosides from Swertia mileensis. Planta Med. 62, 35–38",,,,,,,,,,,,
PMTDB00075,CC(=O)OC1C(O)C(OC(=O)\C=C\C2=CC=C(O)C=C2)C(CO)OC1OC1OC=C2C(=O)OCCC2(O)C1C=C,bitter,"bitter[1](1) Kikuzaki, H.et al, 1996. Secoiridoid glucosides from Swertia mileensis. Planta Med. 62, 35–38",,,,,,,,,,,,
PMTDB00076,CC(=O)OC1C(O)C(O)C(CO)OC1OC1OC=C2C(=O)OCCC2(O)C1C=C,bitter (insufficient evidence),"bitter (insufficient evidence)[1](1) Tang W., Eisenbrand G. 1992, Swertia mileensis T.N. Ho et W.L. Shih. In: Chinese Drugs of Plant Origin. Springer, Berlin, Heidelberg",,,,,,,,,,,,
PMTDB00077,[H]C12CC(OC3OC(CO)C(O)C(O)C3O)C(O)C(C)(C)C1=CCC1C3(C)CC(O)C(C(C)(O)C(=O)CCC(C)(C)O)C3(C)CC(=O)C21C,bitter,"bitter[1](1) Kasai R et al, 1988. Glycosides from Chinese medicinal plant, Hemsleya panacis-scandens, and structure-taste relationship of cucurbitane glycosides. Chemical and pharmaceutical bulletin, 36 (1), 234-243",,,,,,,,,,,,
PMTDB00078,CC(=O)OC(C)(C)C=CC(=O)C(C)(C1C(CC2(C1(CCC3(C2CC=C4C3CC(C(C4(C)C)O)OC5C(C(C(C(O5)CO)O)O)O)C)C)C)O)O,bitter,"bitter[1](1) Laurie, William A., et al., 1985. ""A cucurbitacin glycoside from Picrorhiza kurrooa."" Phytochemistry 24.11 (1985): 2659-2661.",,,,,,,,,,,,
PMTDB00079,CC(=O)OC(C)(C)CCC(=O)C(C)(O)C1C(O)CC2(C)C3CC=C4C(C=C(OC5OC(CO)C(O)C(O)C5O)C(=O)C4(C)C)C3(C)C(=O)CC12C,bitter,"bitter[1](1) Ripperger, H., 1976. Isoleirung und struktur der cucurbitacine aus Bryonia dioica. Tetrahedron 32, 1567–1569. https://doi.org/https://doi.org/10.1016/0040-4020 (76)85214-3",,,,,,,,,,,,
PMTDB00080,[H]C(C)(CCC1(O)OC2CC3C4CC=C5CC(CCC5(C)C4CCC3(C)C2C1C)OC1OC(CO)C(OC2OC(C)C(O)C(O)C2O)C(O)C1O)COC1OC(CO)C(O)C(O)C1O,bitter,"bitter[1](1) Dawid, C., Hofmann, T., 2014. Quantitation and bitter taste contribution of saponins in fresh and cooked white asparagus (Asparagus officinalis L.). Food Chem. 145, 427–436",,,,,,,,,,,,
PMTDB00081,CC1C2C(CC3C2(CCC4C3CC=C5C4(CCC(C5)OC6C(C(C(C(O6)CO)OC7C(C(C(C(O7)C)O)O)O)O)O)C)C)OC1(CCC(C)COC8C(C(C(C(O8)CO)O)O)O)O,bitter,"bitter[1](1) Dawid, C., Hofmann, T., 2014. Quantitation and bitter taste contribution of saponins in fresh and cooked white asparagus (Asparagus officinalis L.). Food Chem. 145, 427–436",,,,,,,,,,,,
PMTDB00082,CC(C)=CCC(O)C(C)(O)C1C(O)CC2(C)C3CC=C4C(CC(OC5OC(CO)C(O)C(O)C5O)C(O)C4(C)C)C3(C)CCC12C,bitter,"bitter[1](1) Wang, Da-Qi, et al. ""Chemical constituents from Picrorhiza scrophulariiflora."" Acta Botanica Yunnanica 15.1 (1993): 83-88.",,,,,,,,,,,,
PMTDB00083,CCC(C)N=C=S,pungent; bitter (low evidence),"pungent[1](1) Terada, Y.et al, 2015. Structure–activity relationship study on isothiocyanates: Comparison of TRPA1-activating ability between allyl isothiocyanate and specific flavor components of Wasabi, Horseradish, and White Mustard. J. Nat. Prod. 78, 1937–1941.[2](2) Borgonovo, G. et al, 2019. Isothiocyanates and Glucosinolates from Sisymbrium officinale (L.) Scop. (“the Singers’’ Plant): Isolation and in Vitro Assays on the Somatosensory and Pain Receptor TRPA1 Channel. Molecules 24. doi: 10.3390/molecules24050949[3](3) Fujinari, E., 1997. Pungent Flavor Profiles and Components of Spices by Chromatography and Chemiluminescent Nitrogen Detection, in: Spices. Flavor Chemistry & Antioxidant Properities. American Chemical Society, pp. 99–112; bitter (low evidence)[4](4) Fenwick GR, Curl CL, Griffiths NM, et al, 1990. Bitter principles in food plants. In: Rouseff RL (ed) Bitternes in foods and beverages. Developments in Food Science vol. 25. Elsevier Science Publishers B.V., Amsterdam, pp 205–250",,,,,,,,,,,,
PMTDB00084,CCC(C)CNC(=O)C=CCCCCC#CC#C,bitter; astringent,"bitter[1](1) Nakatani, N., Nagashima, M., 1992. Pungent Alkamides from Spilanthes acmella L. var. oleracea Clarke. Biosci. Biotechnol. Biochem. 56, 759–762; astringent[1](1) Nakatani, N., Nagashima, M., 1992. Pungent Alkamides from Spilanthes acmella L. var. oleracea Clarke. Biosci. Biotechnol. Biochem. 56, 759–762",,,,,,,,,,,,
PMTDB00085,CC=C(C)C(=O)OC(C)C(C1=CC2=C(C(=C1)OC)OCO2)OC(=O)C(=CC)C,bitter,"bitter[1](1) Schmiech L et al, 2008. Reinvestigation of the bitter compounds In carrots (Daucus carota l.) by using a molecular sensory science approach. J Agric Food Chem. 56, 21, 10252–10260",,,,,,,,,,,,
PMTDB00086,CC=C(C)C(=O)OC(C1=CC2=C(C(=C1)OC)OCO2)C(C)OC(=O)C3(C(O3)C)C,bitter,"bitter[1](1) Schmiech L et al, 2008. Reinvestigation of the bitter compounds In carrots (Daucus carota l.) by using a molecular sensory science approach. J Agric Food Chem. 56, 21, 10252–10260",,,,,,,,,,,,
PMTDB00087,CC(=O)OC1C(OC2=CC(O)=CC(O)=C2C1=O)C1=CC=C(O)C=C1,sweet,"sweet[1](1) Tsopmo, A. et al., 1996. 3-Acetoxy-5, 7-Dihydroxy-4-Methoxyflavanone, A New Cytotoxic Dihydroflavonol from Aframomum Hanburyi K. Schum. Nat. Prod. Lett. 9, 33–37",,,,,,,,,,,,
PMTDB00088,CC1OC(OC2C(O)C(O)C(CO)OC2OC2=C3C(=O)CC(OC3=CC(O)=C2)C2=CC=C(O)C=C2)C(O)C(O)C1O,bitter,"bitter[1](1) Danton O et al, 2018. Bitter Taste Impact and Thermal Conversion of a Naringenin Glycoside from Cyclopia genistoides. Journal of Natural Products",,,,,,,,,,,,
PMTDB00089,C(C(=O)O)(C(=O)O)O,sour,"sour[1](1) Moskowitz HR, 1971. Ratio scales of acid sourness. Percept. Psychophys. 9, 371–374",,,,,,,,,,,,
PMTDB00090,C1=CNC(=S)NC1=O,bitter,"bitter[1](1) Smith A, Heckelman P E, Obenchain JR, Gallipeau JAR, D’Arecca M A, Budavari S, 2001. The Merck Index, Thirteenth Edition. (CD-ROM), Merck & Co., Inc., Whitehouse Station, New Jersey, USA.[2](2) Wiener A et al, 2012. BitterDB: a database of bitter compounds. Nucleic Acids Res 2012, 40 (Database issue): D413-419",,,,,,,,,,,,
PMTDB00091,C1=CC=C(C(=C1)C(=O)C=CC2=CC(=CC=C2)O)O,bitter,"bitter[1](1) Roland WSU et al, 2013. Bitter Taste Receptor Activation by Flavonoids and Isoflavonoids: Modeled Structural Requirements for Activation of hTAS2R14 and hTAS2R39. J. Agric. Food Chem. 61, 10454–10466. doi: 10.1021/jf403387p lnk_{https://pubs.acs.org/doi/full/10.1021/jf403387p?src=recs[2](2) Wiener A et al, 2012. BitterDB: a database of bitter compounds. Nucleic Acids Res 2012, 40 (Database issue): D413-419",,,,,,,,,,,,
PMTDB00092,OC1=C(O)C=C(\C=C\C(=O)OC2CC3(O)CC(OC3=O)C2OC(=O)\C=C\C2=CC(O)=C(O)C=C2)C=C1,bitter,"bitter[1](1) Frank, O. et al, 2006. Bioresponse-guided decomposition of roast coffee beverage and identification of key bitter taste compounds. Eur. Food Res. Technol. 222, 492–508",,,,,,,,,,,,
PMTDB00093,CCOC1(O)C(C)C(OC(=O)C2=CC(OC)=C(O)C(OC)=C2)C(O)C1OCC1OC(O)C(O)C(O)C1O,bitter,"bitter[1](1) Brieskorn CH, Volker Beck, 1971, Über die bitterstoffe der angosturarinde Phytochemistry, Volume 10, Issue 12December 1971Pages 3205-3211;",,,,,,,,,,,,
PMTDB00094,CCOC1(O)C(C)C(OC(=O)C2=CC=C(O)C(OC)=C2)C(O)C1OCC1OC(O)C(O)C(O)C1O,bitter,"bitter[1](1) Brieskorn CH, Volker Beck, 1971. Über die bitterstoffe der angosturarinde PhytochemistryVolume 10, Issue 12December 1971Pages 3205-3211",,,,,,,,,,,,
PMTDB00095,C1=C(C=C(C=C1O)O)C(=O)O,bitter,"bitter[1](1) Belitz HD, Chen, W., Jugel, H., Treleano, R., Wieser, H., Gasteiger, J., Marsili, M., 1979. Sweet and Bitter Compounds: Structure and Taste Relationship, in: Food Taste Chemistry, ACS Symposium Series. AMERICAN CHEMICAL SOCIETY, pp. 93–131. doi: 10.1021/bk-1979-0115.ch004",,,,,,,,,,,,
PMTDB00096,COC1=CC(\C=C\C(=O)OCC2OC(OC3(CO)OC(CO)C(O)C3OC(=O)\C=C\C3=CC=C(O)C(OC)=C3)C(O)C(O)C2O)=CC=C1O,bitter,"bitter[1](1) Shimomura, Hiroko, Yutaka Sashida, et al., 1986. ""Bitter phenylpropanoid glycosides from Lilium speciosum var. rubrum."" Phytochemistry 25.12 (1986): 2897-2899.",,,,,,,,,,,,
PMTDB00097,COC1=C(OC)C(OC)=C2C(=O)C(O)C(OC2=C1)C1=CC=CC=C1,bitter,"bitter[1](1) Batenburg, A.M.et al, 2016. Characterization and Modulation of the Bitterness of Polymethoxyflavones Using Sensory and Receptor-Based Methods. J. Agric. Food Chem. 64, 2619–2626",,,,,,,,,,,,
PMTDB00098,OC(=O)C1C2OC(=O)C3=C(C(O)=C(O)C(O)=C13)C1=C(O)C(O)=C(O)C3=C1C(=O)OC2C1OC(=O)C2=CC(O)=C(O)C(O)=C2C2=C(O)C(O)=C(O)C=C2C(=O)OCC1OC(=O)C1=CC(O)=C(O)C(O)=C31,astringent; bitter,"astringent[1](1) Glabasnia A, Hofmann T, 2006. Sensory-Directed Identification of Taste-Active Ellagitannins in American (Quercus alba L.) and European Oak Wood (Quercus robur L.) and Quantitative Analysis in Bourbon Whiskey and Oak-Matured Red Wines. Journal of Agricultural and Food Chemistry, 54 (9), 3380–3390. https://doi.org/10.1021/jf052617b; bitter[1](1) Glabasnia A, Hofmann T, 2006. Sensory-Directed Identification of Taste-Active Ellagitannins in American (Quercus alba L.) and European Oak Wood (Quercus robur L.) and Quantitative Analysis in Bourbon Whiskey and Oak-Matured Red Wines. Journal of Agricultural and Food Chemistry, 54 (9), 3380–3390. https://doi.org/10.1021/jf052617b",,,,,,,,,,,,
PMTDB00099,CC(=O)OC1C(OC2=CC(=CC(=C2C1=O)O)O)C3=CC=C(C=C3)OC,sweet,"sweet[1](1) Tsopmo, A. et al., 1996. 3-Acetoxy-5, 7-Dihydroxy-4-Methoxyflavanone, A New Cytotoxic Dihydroflavonol from Aframomum Hanburyi K. Schum. Nat. Prod. Lett. 9, 33–37",,,,,,,,,,,,
PMTDB00100,C=C1CC[C@@H]2C(C)(C)C(OC(C)=O)CC[C@@]2(C)[C@@H]1CC/C(C)=C/C(=O)O,bitter masking;,"bitter masking[1](1) Li J et al, 2014. In Vitro Evaluation of Potential Bitterness-Masking Terpenoids from the Canada Goldenrod (Solidago canadensis). Journal of Natural Products, 77 (7), 1739–1743. doi: 10.1021/np5001413 lnk_{https://pubs.acs.org/doi/10.1021/np50014;",,,,,,,,,,,,
PMTDB00101,OCC1OC(OC2=CNC3=CC=CC=C23)C(O)C(O)C1O,astringent,"astringent[1](1) Schwarz, B., Hofmann, T., 2007. Isolation, structure determination, and sensory activity of mouth-drying and astringent nitrogen-containing phytochemicals isolated from red currants (Ribes rubrum). J. Agric. Food Chem. 55, 1405–1410",,,,,,,,,,,,
PMTDB00102,CC1C2CC\C(C)=C\CC(O)\C(C)=C\C2OC1=O,bitter,"bitter[1](1) Brockhoff A et al, 2007. Broad tuning of the human bitter taste receptor hTAS2R46 to various sesquiterpene lactones, clerodane and labdane diterpenoids, strychnine, and denatonium. J Agric Food Chem 55: 6236–6243[2](2) Brockhoff, A.et al, 2011. Receptor Agonism and Antagonism of Dietary Bitter Compounds. J. Neurosci. 31, 14775 LP – 14782",,,,,,,,,,,,
PMTDB00103,CC1CC2C(CCC(=CCC1O)C)C(C(=O)O2)C,bitter,"bitter[1](1) Brockhoff A et al, 2007. Broad tuning of the human bitter taste receptor hTAS2R46 to various sesquiterpene lactones, clerodane and labdane diterpenoids, strychnine, and denatonium. J Agric Food Chem 55: 6236–6243",,,,,,,,,,,,
PMTDB00104,C=CCC#N,pungent,"pungent[1](1) Fujinari, E., 1997. Pungent Flavor Profiles and Components of Spices by Chromatography and Chemiluminescent Nitrogen Detection. In Spices. Flavor chemistry & antioxidant properities (pp. 99–112). American Chemical Society",,,,,,,,,,,,
PMTDB00105,OCC1OC(C(O)C(O)C1O)N1C=C(CC(O)=O)C2=CC=CC=C12,astringent;,"astringent[1](1) Schwarz, B., Hofmann, T., 2007. Sensory-guided decomposition of red currant juice (Ribes rubrum) and structure determination of key astringent compounds. J. Agric. Food Chem. 55, 1394–1404[2](2) Schwarz, B., Hofmann, T., 2007. Isolation, structure determination, and sensory activity of mouth-drying and astringent nitrogen-containing phytochemicals isolated from red currants (Ribes rubrum). J. Agric. Food Chem. 55, 1405–1410;",,,,,,,,,,,,
PMTDB00106,CC(C)C\C=C1/OC(=O)c2ccccc12,bitter; pungent,"bitter[1](1) Arctander, S., 1969. Perfume and Flavor Chemicals (Aroma Chemicals) Vol.1. Allured Publishing Corporation; pungent[1](1) Arctander, S., 1969. Perfume and Flavor Chemicals (Aroma Chemicals) Vol.1. Allured Publishing Corporation",,,,,,,,,,,,
PMTDB00107,CC1CCCC(=O)C1,bitter; pungent;,"bitter[1](1) Arctander, S., 1969. Perfume and Flavor Chemicals (Aroma Chemicals) Vol.1. Allured Publishing Corporation; pungent[1](1) Arctander, S., 1969. Perfume and Flavor Chemicals (Aroma Chemicals) Vol.1. Allured Publishing Corporation;",,,,,,,,,,,,
PMTDB00108,CC1CC2=C(C(=CC(=C2)OC)O)C(=O)O1,bitter,"bitter[1](1) Sondheimer, E., 1957. The Isolation and Identification of 3-Methyl-6-methoxy-8-hydroxy-3,4-dihydroisocoumarin from Carrots. J. Am. Chenz. SOC. 79, 5036[2](2) Kulka, K., 1967. Aspects of functional groups and flavor. J. Agric. Food Chem. 15, 48–57",,,,,,,,,,,,
PMTDB00109,COC(=O)CC1=CN(C2OC(CO)C(O)C(O)C2O)C2=CC=CC=C12,astringent;,"astringent[1](1) Schwarz, B., Hofmann, T., 2007. Sensory-guided decomposition of red currant juice (Ribes rubrum) and structure determination of key astringent compounds. J. Agric. Food Chem. 55, 1394–1404[2](2) Schwarz, B., Hofmann, T., 2007. Isolation, structure determination, and sensory activity of mouth-drying and astringent nitrogen-containing phytochemicals isolated from red currants (Ribes rubrum). J. Agric. Food Chem. 55, 1405–1410;",,,,,,,,,,,,
PMTDB00110,[H]C12CC(C)(C)CCC1(CCC1(C)C2=CCC2([H])C3(C)CCC(OC4OC(C(O)C(OC5OCC(O)C(O)C5O)C4O)C(O)=O)C(C)(C)C3([H])CCC12C)C(=O)OC1OC(CO)C(O)C(O)C1O,bitter,"bitter[1](1) Ma W-W et al, 1989. Additional Toxic, Bitter Saponins from the Seeds of Chenopodium quinoa. Journal of Natural Products, 52 (5), 1132–1135. doi: 10.1021/np50065a036",,,,,,,,,,,,
PMTDB00111,[H]C1(C)CCC2(OC3CC4C5CC=C6CC(CCC6(C)C5CCC4(C)C3C2C)OC2OC(CO)C(OC3OC(C)C(O)C(O)C3O)C(O)C2OC2OC(C)C(OC)C(O)C2O)OC1,bitter,"bitter[1](1) Dawid, C., Hofmann, T., 2014. Quantitation and bitter taste contribution of saponins in fresh and cooked white asparagus (Asparagus officinalis L.). Food Chem. 145, 427–436[2](2) Dawid, C., Hofmann, T., 2012. Identification of sensory-active phytochemicals in asparagus (Asparagus officinalis L.). J. Agric. Food Chem. 60, 11877–11888",,,,,,,,,,,,
PMTDB00112,CC1(CCC2(CCC3(C(=CCC4C3(CCC5C4(CCC(C5(C)C)OC6C(C(C(C(O6)C(=O)O)O)O)O)C)C)C2C1)C)C(=O)O)C,bitter,"bitter[1](1) Ma W-W et al, 1989. Additional Toxic, Bitter Saponins from the Seeds of Chenopodium quinoa. Journal of Natural Products, 52 (5), 1132–1135. doi: 10.1021/np50065a035",,,,,,,,,,,,
PMTDB00113,COC1=C(OC2=CC(=CC(=C2C1=O)O)O)C3=CC(=C(C=C3)O)O,bitter,"bitter[1](1) Abegaz BM, Alemayehu G, Kebede T, Mahajan D, Nindi MM, 1996. Quinones and other phenolic compounds from marketed African plants, in: HOSTETTMANN K, CHINYANGANYA F, MAILLARD M, Wolfender J-L (Eds.), CHEMISTRY, BIOLOGICAL AND PHARMACOLOGICAL PROPERTIES OF AFRICAN MEDICINAL PLANTS Proceedings of the First International IOCD-Symposium Victoria Falls, Zimbabwe. February 25-28, 1996. University of Zimbabwe (UZ) Publications, pp. 159–170.",,,,,,,,,,,,
PMTDB00114,CC1C[C@H](CC(=O)O1)OC1OC(CO)C(O)C(O)C1O,bitter; acrid; pungent,"bitter[1](1) Toyota, M.et al, 2002. New glycosides from the Japanese fern Hymenophyllum barbatum. Chem. Pharm. Bull. 50, 508–514.; acrid[1](1) Toyota, M.et al, 2002. New glycosides from the Japanese fern Hymenophyllum barbatum. Chem. Pharm. Bull. 50, 508–514.; pungent[1](1) Toyota, M.et al, 2002. New glycosides from the Japanese fern Hymenophyllum barbatum. Chem. Pharm. Bull. 50, 508–514.",,,,,,,,,,,,
PMTDB00115,CC1C2C3OC(=O)C(=C)C3C(CC2(COC1=O)C=C)OC(=O)C(=C)CO,bitter,"bitter[1](1) Koshimizu, K.et al, 1994. Use of Vernonia amygdalina by wild chimpanzee: Possible roles of its bitter and related constituents. Physiology and Behavior, 56 (6), 1209–1216",,,,,,,,,,,,
PMTDB00116,C1=CC=C(C(=C1)C(=O)C=CC2=CC=C(C=C2)O)O,bitter (insufficient evidence),"bitter (insufficient evidence)[1](1) Roland WSU et al, 2013. Bitter Taste Receptor Activation by Flavonoids and Isoflavonoids: Modeled Structural Requirements for Activation of hTAS2R14 and hTAS2R39. J. Agric. Food Chem. 61, 10454–10466. doi: 10.1021/jf403387p lnk_{https://pubs.acs.org/doi/full/10.1021/jf403387p?src=recs",,,,,,,,,,,,
PMTDB00117,CC(C)CNC(=O)C=CCCC1=CC2=C(C=C1)OCO2,bitter; umami,"bitter[1](1) Obst K et al, 2017. Sensory active piperine analogues from Macropiper excelsum and their effects on intestinal nutrient uptake in Caco-2 cells. Phytochemistry, 135, 181–190.; umami[1](1) Obst K et al, 2017. Sensory active piperine analogues from Macropiper excelsum and their effects on intestinal nutrient uptake in Caco-2 cells. Phytochemistry, 135, 181–190.",,,,,,,,,,,,
PMTDB00118,COC1=CC(\C=C\C(=O)OCC2OC(OC3(CO)OC(COC(C)=O)C(OC(C)=O)C3OC(=O)\C=C\C3=CC=C(O)C(OC)=C3)C(O)C(OC(C)=O)C2O)=CC=C1O,bitter,"bitter[1](1) Shimomura, Hiroko, Yutaka Sashida, et al., 1986. ""Bitter phenylpropanoid glycosides from Lilium speciosum var. rubrum."" Phytochemistry 25.12 (1986): 2897-2899.",,,,,,,,,,,,
PMTDB00119,COC1=CC(\C=C\C(=O)OCC2OC(OC3(CO)OC(COC(C)=O)C(OC(C)=O)C3OC(=O)\C=C\C3=CC=C(O)C(OC)=C3)C(O)C(O)C2O)=CC=C1O,bitter,"bitter[1](1) Shimomura, Hiroko, Yutaka Sashida, et al., 1986. ""Bitter phenylpropanoid glycosides from Lilium speciosum var. rubrum."" Phytochemistry 25.12 (1986): 2897-2899.",,,,,,,,,,,,
PMTDB00120,COC1=CC2=C(C=C1)OC(=CC2=O)C3=CC=C(C=C3)O,bitter,"bitter[1](1) Roland WSU et al, 2013. Bitter Taste Receptor Activation by Flavonoids and Isoflavonoids: Modeled Structural Requirements for Activation of hTAS2R14 and hTAS2R39. J Agric Food Chem 61: 10454–10466[2](2) Wiener A et al, 2012. BitterDB: a database of bitter compounds. Nucleic Acids Res 2012, 40 (Database issue): D413-419[3](3) Behrens, M., Meyerhof, W., 2017. The vertebrate gustatory system, in: Guichard, E., Salles, C., Morzel, M., Le Bon, A.-M. (Eds.), Flavour From Food to Perception. John Wiley & Sons, Ltd, Chichester, West Sussex Hoboken, NJ, pp. 57–78.",,,,,,,,,,,,
PMTDB00121,COC1=CC2=C(C=C1)C(=O)C=C(O2)C3=CC=C(C=C3)O,bitter,"bitter[1](1) Roland WSU et al, 2013. Bitter Taste Receptor Activation by Flavonoids and Isoflavonoids: Modeled Structural Requirements for Activation of hTAS2R14 and hTAS2R39. J Agric Food Chem 61: 10454–10466[2](2) Wiener A et al, 2012. BitterDB: a database of bitter compounds. Nucleic Acids Res 2012, 40 (Database issue): D413-419[3](3) Behrens, M., Meyerhof, W., 2017. The vertebrate gustatory system, in: Guichard, E., Salles, C., Morzel, M., Le Bon, A.-M. (Eds.), Flavour From Food to Perception. John Wiley & Sons, Ltd, Chichester, West Sussex Hoboken, NJ, pp. 57–78.",,,,,,,,,,,,
PMTDB00122,COC1=CC(\C=C\C(=O)OCC2OC(OC3(CO)OC(CO)C(O)C3OC(=O)\C=C\C3=CC=C(O)C(OC)=C3)C(O)C(O)C2OC(C)=O)=CC=C1O,bitter,"bitter[1](1) Shimomura, Hiroko, Yutaka Sashida, et al., 1986. ""Bitter phenylpropanoid glycosides from Lilium speciosum var. rubrum."" Phytochemistry 25.12 (1986): 2897-2899.",,,,,,,,,,,,
PMTDB00123,COC1=CC(\C=C\C(=O)OCC2OC(OC3(CO)OC(CO)C(OC(C)=O)C3OC(=O)\C=C\C3=CC=C(O)C(OC)=C3)C(O)C(O)C2O)=CC=C1O,bitter,"bitter[1](1) Shimomura, Hiroko, Yutaka Sashida, et al., 1986. ""Bitter phenylpropanoid glycosides from Lilium speciosum var. rubrum."" Phytochemistry 25.12 (1986): 2897-2899.",,,,,,,,,,,,
PMTDB00124,COC1=CC=C(C=C1)O,bitter; phenolic,"bitter[1](1) Meyerhof W et al, 2010. The molecular receptive ranges of human TAS2R bitter taste receptors. Chem Senses 35: 157–170[2](2) Behrens, M., Meyerhof, W., 2017. The vertebrate gustatory system, in: Guichard, E., Salles, C., Morzel, M., Le Bon, A.-M. (Eds.), Flavour From Food to Perception. John Wiley & Sons, Ltd, Chichester, West Sussex Hoboken, NJ, pp. 57–78.[3](3) Wiener A et al, 2012. BitterDB: a database of bitter compounds. Nucleic Acids Res 2012, 40 (Database issue): D413-419; phenolic[4](4) Wishart, D. S.et al, 2009. HMDB: a knowledgebase for the human metabolome. Nucleic Acids Research, 37 (Database issue), D603-10[5](5) FooDB (WWW Document), n.d. URL http: //foodb.ca/",,,,,,,,,,,,
PMTDB00125,CC(=CCC1=C(C2=CC=CC=C2NC1=O)OC)C,bitter ( electronic tongue),"bitter ( electronic tongue)[1](1) Liang, X.et al, 2017. Bitterness and antibacterial activities of constituents from Evodia rutaecarpa. BMC Complement. Altern. Med. 17, 180",,,,,,,,,,,,
PMTDB00126,CSC=CCCN=C=S,pungent (radish-like),"pungent (radish-like)[1](1) FRIIS, P., 1966. 4-Methylthio-3-butenyl isothiocyanate, the pungent principle of radish root. Acta Chem. Scand 20, 698–705.[2](2) Wills, R.B.H., Coogan, R.C., 2003. Cultural differences in degree of liking of Asian white radish (Raphanus Sativus L.). J. Sens. Stud. 18, 83–87.",,,,,,,,,,,,
PMTDB00127,CC1=CC(=O)OC2=C1C=CC(=C2)O,bitter,"bitter[1](1) Winstel, D.et al., 2020. Role of Oak Coumarins in the Taste of Wines and Spirits: Identification, Quantitation, and Sensory Contribution through Perceptive Interactions. J. Agric. Food Chem. 68, 7434–7443",,,,,,,,,,,,
PMTDB00128,CC1=CCC(CC1)(C(C)C)O,bitter; pungent; sweet;,"bitter[1](1) Arctander, S., 1969. Perfume and Flavor Chemicals (Aroma Chemicals) Vol.1. Allured Publishing Corporation; pungent[1](1) Arctander, S., 1969. Perfume and Flavor Chemicals (Aroma Chemicals) Vol.1. Allured Publishing Corporation; sweet[2](2) Burdock GA, 2010. Fenaroli’s Handbook of Flavor Ingredients, Sixth. CRC Press, Taylor and Francis Group, Boca Raton London New York[3](3) Kim, S. et al, 2016. PubChem Substance and Compound databases. Nucleic Acids Res. 44, D1202–D1213;",,,,,,,,,,,,
PMTDB00129,C1=CC=C(C(=C1)C2=CC(=O)C3=C(C=CC=C3O2)O)O,bitter,"bitter[1](1) Roland WSU et al, 2013. Bitter Taste Receptor Activation by Flavonoids and Isoflavonoids: Modeled Structural Requirements for Activation of hTAS2R14 and hTAS2R39. J Agric Food Chem 61: 10454–10466.[2](2) Wiener, A., Shudler, M., Levit, A., Niv, M.Y., 2012. BitterDB: a database of bitter compounds. Nucleic Acids Res. 40, D413–D419",,,,,,,,,,,,
PMTDB00130,C1=CC(=C2C(=C1)OC(=CC2=O)C3=CC=C(C=C3)O)O,bitter,"bitter[1](1) Roland WSU et al, 2013. Bitter Taste Receptor Activation by Flavonoids and Isoflavonoids: Modeled Structural Requirements for Activation of hTAS2R14 and hTAS2R39. J Agric Food Chem 61: 10454–10466.[2](2) Wiener, A., Shudler, M., Levit, A., Niv, M.Y., 2012. BitterDB: a database of bitter compounds. Nucleic Acids Res. 40, D413–D419",,,,,,,,,,,,
PMTDB00131,COC1=CC=C(C=C1)C2=CC(=O)C3=C(O2)C=C(C=C3OC)OC,bitter,"bitter[1](1) Behrens, M., Meyerhof, W., 2017. The vertebrate gustatory system, in: Guichard, E., Salles, C., Morzel, M., Le Bon, A.-M. (Eds.), Flavour From Food to Perception. John Wiley & Sons, Ltd, Chichester, West Sussex Hoboken, NJ, pp. 57–78.[2](2) Roland WSU et al, 2013. Bitter Taste Receptor Activation by Flavonoids and Isoflavonoids: Modeled Structural Requirements for Activation of hTAS2R14 and hTAS2R39. J Agric Food Chem 61: 10454–10466[3](3) Wiener A et al, 2012. BitterDB: a database of bitter compounds. Nucleic Acids Res 2012, 40 (Database issue): D413-419",,,,,,,,,,,,
PMTDB00132,COC1=CC=CC(=C1)C1=CC(=O)C2=C(O)C(OC)=C(O)C(OC)=C2O1,bitter,"bitter[1](1) Batenburg, A.M.et al, 2016. Characterization and Modulation of the Bitterness of Polymethoxyflavones Using Sensory and Receptor-Based Methods. J. Agric. Food Chem. 64, 2619–2626",,,,,,,,,,,,
PMTDB00133,CC(=CCC1=C(C(=C(C(=C1O)C(=O)C=CC2=CC=C(C=C2)O)OC)CC=C(C)C)O)C,bitter,"bitter[1](1) Dresel, M. et al, 2015. Sensomics Analysis of Key Bitter Compounds in the Hard Resin of Hops (Humulus lupulus L.) and Their Contribution to the Bitter Profile of Pilsner-Type Beer. J. Agric. Food Chem. 63, 3402–3418[2](2) Wiener A et al, 2012. BitterDB: a database of bitter compounds. Nucleic Acids Res 2012, 40 (Database issue): D413-419",,,,,,,,,,,,
PMTDB00134,C1=CC2=C(C=C1O)C(=CN2)CC(=O)O,astringent,"astringent[1](1) Schwarz, B., Hofmann, T., 2007. Isolation, structure determination, and sensory activity of mouth-drying and astringent nitrogen-containing phytochemicals isolated from red currants (Ribes rubrum). J. Agric. Food Chem. 55, 1405–1410",,,,,,,,,,,,
PMTDB00135,C1C(C(C(CC1(C(=O)O)O)OC(=O)C=CC2=CC(=C(C=C2)O)O)O)O,bitter,"bitter[1](1) Wiener A et al, 2012. BitterDB: a database of bitter compounds. Nucleic Acids Res 2012, 40 (Database issue): D413-419[2](2) Forero DP, Masatani C, Fujimoto Y, Coy-Barrera E, Peterson DG, et al. (2016). Spermidine Derivatives in Lulo (Solanum quitoense Lam.) Fruit: Sensory (Taste) versus Biofunctional (ACE-Inhibition) Properties. J Agric Food Chem 64 (26): 5375-83",,,,,,,,,,,,
PMTDB00136,COC1=CC(\C=C\C(=O)OCC2OC(OC3(CO)OC(COC(C)=O)C(O)C3OC(=O)\C=C\C3=CC=C(O)C(OC)=C3)C(O)C(OC(C)=O)C2O)=CC=C1O,bitter,"bitter[1](1) Shimomura, Hiroko, Yutaka Sashida, et al., 1986. ""Bitter phenylpropanoid glycosides from Lilium speciosum var. rubrum."" Phytochemistry 25.12 (1986): 2897-2899.",,,,,,,,,,,,
PMTDB00137,C1=CC(=CC=C1C2=CC(=O)C3=C(O2)C=CC(=C3)O)O,bitter,"bitter[1](1) Roland WSU et al, 2013. Bitter Taste Receptor Activation by Flavonoids and Isoflavonoids: Modeled Structural Requirements for Activation of hTAS2R14 and hTAS2R39. J Agric Food Chem 61: 10454–10466.[2](2) Wiener, A., Shudler, M., Levit, A., Niv, M.Y., 2012. BitterDB: a database of bitter compounds. Nucleic Acids Res. 40, D413–D419",,,,,,,,,,,,
PMTDB00138,C1=CC(=CC=C1C2=COC3=CC(=C(C=C3C2=O)O)O)O,bitter,"bitter[1](1) Roland WSU et al, 2011. Soy Isoflavones and Other Isoflavonoids Activate the Human Bitter Taste Receptors hTAS2R14 and hTAS2R39. J Agric Food Chem 59, 11764–11771.",,,,,,,,,,,,
PMTDB00139,COC1=CC(\C=C\C(=O)OCC2OC(OC3(CO)OC(COC(C)=O)C(O)C3OC(=O)\C=C\C3=CC=C(O)C(OC)=C3)C(O)C(O)C2O)=CC=C1O,bitter,"bitter[1](1) Shimomura, Hiroko, Yutaka Sashida, et al., 1986. ""Bitter phenylpropanoid glycosides from Lilium speciosum var. rubrum."" Phytochemistry 25.12 (1986): 2897-2899.",,,,,,,,,,,,
PMTDB00140,CCCCCC(=O)C=C(C=CC1=CC(=C(C=C1)O)OC)O,pungent (insufficient evidence),"pungent (insufficient evidence)[1](1) Matsuda H et al, 2017, The Chemical Constituents and Pharmacological / Biofunctional Effects of Ginger. J. Acad. Soc. Qual. Life 3, 1–12[2](2) Tsopmo, A. et al, 2009. Chemical constituents from the bark of Anisopus mannii. Can. J. Chem. 87, 397–400",,,,,,,,,,,,
PMTDB00141,CCCCCC(CC(CCC1=CC(=C(C=C1)O)OC)O)O,pungent,"pungent[1](1) Zachariah TJ, 2008. Ginger. In: Parthasarathy VA, Chempakam B, Zachariah TJ (eds) Chemistry of spices. CABI, Cambridge, pp 70–96[2](2) He X. et al, 1998. High-performance liquid chromatography–electrospray mass spectrometric analysis of pungent constituents of ginger. J Chromatogr A 796: 327–334[3](3) Matsuda, H., Nakamura, S., Yoshikawa, M. (2017) The Chemical Constituents and Pharmacological / Biofunctional Effects of Ginger. J. Acad. Soc. Qual. Life 3, 1–12",,,,,,,,,,,,
PMTDB00142,CCCCCC(=O)CC(=O)CCC1=CC(=C(C=C1)O)OC,pungent,"pungent[1](1) Yoshikawa M et al, 1994. Stomachic principles in ginger. III. An anti-ulcer principle, 6-gingesulfonic acid, and three monoacyldigalactosylglycerols, gingerglycolipids A, B, and C, from Zingiberis Rhizoma originating in Taiwan. Chem. Pharm. Bull. 42, 1226–1230.[2](2) Matsuda H et al, 2017. The Chemical Constituents and Pharmacological / Biofunctional Effects of Ginger. J. Acad. Soc. Qual. Life 3, 1–12.",,,,,,,,,,,,
PMTDB00143,CCCCCC(CC(=O)CCC1=CC(=C(C=C1)O)OC)O,pungent,"pungent[1](1) Narasimhan S, Govindarajan VS, 1978. Evaluation of spices and oleoresin-VI-pungency of ginger components, gingerols and shogoals and quality. Int J Food Sci Technol 13: 31–36[2](2) Prescott, J., Stevenson, R.J., 1995. Pungency in food perception and preference. Food Rev. Int. 11, 665–698[3](3) Yoshikawa, M. et al, 1994. Stomachic principles in ginger. III. An anti-ulcer principle, 6-gingesulfonic acid, and three monoacyldigalactosylglycerols, gingerglycolipids A, B, and C, from Zingiberis Rhizoma originating in Taiwan. Chem. Pharm. Bull. 42, 1226–1230[4](4) Matsuda, H., Nakamura, S., Yoshikawa, M. 2017, The Chemical Constituents and Pharmacological / Biofunctional Effects of Ginger. J. Acad. Soc. Qual. Life 3, 1–12[5](5) Tang W, Eisenbrang G, 1992. Chinese Drugs of Plant Origin. Chemistry, Pharmacology, and Use in Traditional and Modem Medicine. Springer[6](6) Govindarajan, V.S., Connell, D.W., 1983. Ginger—chemistry, technology, and quality evaluation: part 2. Crit. Rev. Food Sci. Nutr. 17, 189–258[7](7) Belitz, H.D., Grosch, W., Schieberle, P., 2009. Chapter 22: Spices, Salt and Vinegar, pag.971-985, in: Food chemistry, 4th ed, Food Chemistry. Springer Berlin Heidelberg. doi: 10.1007/978-3-540-69934-7",,,,,,,,,,,,
PMTDB00144,CCCCCC(CC(=O)CCC1=CC(=C(C=C1)O)OC)S(=O)(=O)O,pungent,"pungent[1](1) Zachariah TJ, 2008. Ginger. In: Parthasarathy VA, Chempakam B, Zachariah TJ (eds) Chemistry of spices. CABI, Cambridge, pp 70–96[2](2) He X. et al, 1998. High-performance liquid chromatography–electrospray mass spectrometric analysis of pungent constituents of ginger. J Chromatogr A 796: 327–334[3](3) Yoshikawa, M. et al, 1994. Stomachic principles in ginger. III. An anti-ulcer principle, 6-gingesulfonic acid, and three monoacyldigalactosylglycerols, gingerglycolipids A, B, and C, from Zingiberis Rhizoma originating in Taiwan. Chem. Pharm. Bull. 42, 1226–1230[4](4) Matsuda, H. et al, 2017. The Chemical Constituents and Pharmacological / Biofunctional Effects of Ginger. J. Acad. Soc. Qual. Life 3, 1–12",,,,,,,,,,,,
PMTDB00145,CC(=O)OC1C(OC2=C(C1=O)C(=C(C(=C2)O)OC)O)C3=CC=C(C=C3)O,sweet,"sweet[1](1) Polya G, 2003. Biochemical Targets of Plant Bioactive Compounds: A Pharmacological Reference Guide to Sites of Action and Biological Effects. CRC Press",,,,,,,,,,,,
PMTDB00146,COC1=C(C2=C(C=C1O)OC(=CC2=O)C3=CC(=C(C=C3)O)O)O,bitter,"bitter[1](1) Roland WSU et al, 2013. Bitter Taste Receptor Activation by Flavonoids and Isoflavonoids: Modeled Structural Requirements for Activation of hTAS2R14 and hTAS2R39. J Agric Food Chem 61: 10454–10466[2](2) Wiener A et al, 2012. BitterDB: a database of bitter compounds. Nucleic Acids Res 2012, 40 (Database issue): D413-419[3](3) Behrens, M., Meyerhof, W., 2017. The vertebrate gustatory system, in: Guichard, E., Salles, C., Morzel, M., Le Bon, A.-M. (Eds.), Flavour From Food to Perception. John Wiley & Sons, Ltd, Chichester, West Sussex Hoboken, NJ, pp. 57–78.",,,,,,,,,,,,
PMTDB00147,CC1CC2=C(C(=CC(=C2)OC)O)C(=O)O1,bitter,"bitter[1](1) Sondheimer, E., 1957. The isolation and identification of 3-methyl-6-methoxy-8-hydroxy-3, 4-dihydroisocoumarin from Carrots1. J. Am. Chem. Soc. 79, 5036–5039[2](2) Sondheimer, E., 1957. Bitter flavor in carrots. III. The isolation of a compound with spectral characteristics similar to hydrocarbon extracts of bitter carrots. J. Food Sci. 22, 296–299. https://doi.org/10.1111/j.1365-2621.1957.tb17013.x[3](3) Kreutzmann S, Christensen LP, Edelenbos M, 2008. Investigation of bitterness in carrots (Daucus carota L.) based on quantitative chemical and sensory analyses. LWT - Food Sci Technol 41: 193–205[4](4) Czepa, A., Hofmann, T., 2003. Structural and sensory characterization of compounds contributing to the bitter off-taste of carrots (Daucus carota L.) and carrot puree. J. Agric. Food Chem. 51, 3865–3873[5](5) Yoshino, N. et al., 1993. 6-Methoxymellein levels in fresh carrots in relation to the sensory quality. Nippon Shokuhin Kogyo Gakkaishi 40, 17–21.[6](6) Wiener A et al, 2012. BitterDB: a database of bitter compounds. Nucleic Acids Res 2012, 40 (Database issue): D413-419",,,,,,,,,,,,
PMTDB00148,COC1=C(O)C2=C(OC(=C(O)C2=O)C2=CC=C(O)C(O[C@H]3O[C@@H](CO)C(O)[C@@H](O)C3O)=C2)C=C1O,bitter,"bitter[1](1) Reichelt, K. V et al, 2012. Phytochemical characterization of South African bush tea (Athrixia phylicoides DC.). South African J. Bot. 83, 1–8",,,,,,,,,,,,
PMTDB00149,COC1=C(C(=C2C(=O)CC(OC2=C1)C3=CC=C(C=C3)O)O)OC,bitter-masking,"bitter-masking[1](1) Fletcher JN et al, 2011. In Vitro Evaluation of Flavonoids from Eriodictyon californicum for Antagonist Activity against the Bitterness Receptor hTAS2R31. J. Agric. Food Chem. 59, 13117–13121.",,,,,,,,,,,,
PMTDB00150,COC1=C(C2=C(C=C1O)OC(C(C2=O)O)C3=CC(=C(C=C3)O)O)O,sweet,"sweet[1](1) Polya G, 2003. Biochemical Targets of Plant Bioactive Compounds: A Pharmacological Reference Guide to Sites of Action and Biological Effects. CRC Press",,,,,,,,,,,,
PMTDB00151,CCCCCCCC(=O)CCC1=CC(=C(C=C1)O)OC,pungent,"pungent[1](1) Connell, D.W., 1970. Natural pungent compounds. III. The paradols and associated compounds. Aust. J. Chem. 23, 369–376[2](2) Locksley, H.D.et al, 1972. Pungent compounds. Part I. An improved synthesis of the paradols (alkyl 4-hydroxy-3-methoxyphenethyl ketones) and an assessment of their pungency. J. Chem. Soc. Perkin Trans. 1 3001–3006[3](3) Govindarajan, V.S., Connell, D.W., 1983. Ginger—chemistry, technology, and quality evaluation: part 2. Crit. Rev. Food Sci. Nutr. 17, 189–258[4](4) Zachariah TJ (2008) Ginger. In: Parthasarathy VA, Chempakam B, Zachariah TJ (eds) Chem. spices. CABI, Cambridge, pp 70–96[5](5) Obst, K., 2014. Phytochemical Characterization and Sensory Evaluation of Macropiper excelsum. Fakultät Wissenschaftszentrum Weihenstephan. Dissertation[6](6) Jakribettu RP, Boloor R, Bhat HP, et al, 2016. Ginger (Zingiber officinale Rosc.) Oils. In: Preedy VR (ed) Essent. Oils Food Preserv. Flavor Saf. Academic Press, Elsevier, pp 447–454[7](7)Matsuda, H et al, 2017. The Chemical Constituents and Pharmacological / Biofunctional Effects of Ginger. J. Acad. Soc. Qual. Life 3, 1–12[8](8) Matsuda, H., Nakamura, S., Yoshikawa, M., 2017. The Chemical Constituents and Pharmacological / Biofunctional Effects of Ginger. J. Acad. Soc. Qual. Life 3, 1–12",,,,,,,,,,,,
PMTDB00152,CC(=CCC1=C(C2=C(C=C1O)OC(CC2=O)C3=CC=C(C=C3)O)O)C,bitter,"bitter[1](1) Dresel, M. et al, 2015. Sensomics Analysis of Key Bitter Compounds in the Hard Resin of Hops (Humulus lupulus L.) and Their Contribution to the Bitter Profile of Pilsner-Type Beer. J. Agric. Food Chem. 63, 3402–3418",,,,,,,,,,,,
PMTDB00153,CCCCCC=CC(=O)CCC1=CC(=C(C=C1)O)OC,pungent,"pungent[1](1) Govindarajan VS, 1979, Pungency: The Stimuli and Their Evaluation. In: Boudreau JC (ed) Food Tast. Chem. American Chemical Society, pp 3–53[2](2) Govindarajan, V.S., Connell, D.W., 1983. Ginger—chemistry, technology, and quality evaluation: part 2. Crit. Rev. Food Sci. Nutr. 17, 189–258[3](3)Narasimhan S, Govindarajan VS, 1978. Evaluation of spices and oleoresin-VI-pungency of ginger components, gingerols and shogoals and quality. Int J Food Sci Technol 13: 31–36.[4](4) Suekawa M et al, 1984. Pharmacological studies on ginger. I. Pharmacological actions of pungent constitutents, (6)-gingerol and (6)-shogaol. J Pharmacobiodyn 7: 836–848[5](5) Yoshikawa, M. et al, 1994. Stomachic principles in ginger. III. An anti-ulcer principle, 6-gingesulfonic acid, and three monoacyldigalactosylglycerols, gingerglycolipids A, B, and C, from Zingiberis Rhizoma originating in Taiwan. Chem. Pharm. Bull. 42, 1226–1230[6](6) Yamahara, J.et al, 1992. (Stomachic principles in ginger. II. Pungent and anti-ulcer effects of low polar constituents isolated from ginger, the dried rhizoma of Zingiber officinale Roscoe cultivated in Taiwan. The absolute stereostructure of a new diarylheptanoid). Yakugaku Zasshi 112, 645–655[7](7)Matsuda, H et al, 2017. The Chemical Constituents and Pharmacological / Biofunctional Effects of Ginger. J. Acad. Soc. Qual. Life 3, 1–12[8](8) Belitz, H.D., Grosch, W., Schieberle, P., 2009. Food chemistry, 4th ed, Food Chemistry. Springer Berlin Heidelberg. doi: 10.1007/978-3-540-69934-7",,,,,,,,,,,,
PMTDB00154,C1=CC(=C(C=C1C2=CC(=O)C3=C(O2)C=C(C=C3)O)O)O,bitter,"bitter[1](1) Roland WSU et al, 2013. Bitter Taste Receptor Activation by Flavonoids and Isoflavonoids: Modeled Structural Requirements for Activation of hTAS2R14 and hTAS2R39. J Agric Food Chem 61: 10454–10466.[2](2) Wiener, A.et al, 2012. BitterDB: a database of bitter compounds. Nucleic Acids Res. 40, D413–D419",,,,,,,,,,,,
PMTDB00155,C1=CC(=CC=C1C2=CC(=O)C3=C(O2)C=C(C=C3)O)O,bitter,"bitter[1](1) Roland WSU et al, 2013. Bitter Taste Receptor Activation by Flavonoids and Isoflavonoids: Modeled Structural Requirements for Activation of hTAS2R14 and hTAS2R39. J Agric Food Chem 61: 10454–10466.[2](2) Wiener, A., Shudler, M., Levit, A., Niv, M.Y., 2012. BitterDB: a database of bitter compounds. Nucleic Acids Res. 40, D413–D419",,,,,,,,,,,,
PMTDB00156,C1=CC(=CC=C1C2=COC3=C(C2=O)C=CC(=C3O)O)O,bitter,"bitter[1](1) Roland WSU et al, 2013. Bitter Taste Receptor Activation by Flavonoids and Isoflavonoids: Modeled Structural Requirements for Activation of hTAS2R14 and hTAS2R39. J Agric Food Chem 61: 10454–10466",,,,,,,,,,,,
PMTDB00157,C1=CC=C(C=C1)C2=COC3=C(C2=O)C=CC(=C3)O,bitter,"bitter[1](1) Roland WSU et al, 2011. Soy Isoflavones and Other Isoflavonoids Activate the Human Bitter Taste Receptors hTAS2R14 and hTAS2R39. J Agric Food Chem 59: 11764–11771.",,,,,,,,,,,,
PMTDB00158,COC1=CC2=C(C=C1)C=CC(=O)O2,bitter,"bitter[1](1) Ke, J., Cheng, J., et al., 2020. Identification of two bitter components in Zanthoxylum bungeanum Maxim. and exploration of their bitter taste mechanism through receptor hTAS2R14. Food Chemistry, 338, 127816.",,,,,,,,,,,,
PMTDB00159,COC1=CC(=C2C(C(C(OC2=C1)C3=CC=C(C=C3)O)OC4C(C(C(O4)C(CO)O)O)O)O)O,astringent,"astringent[1](1) Anonymous, 2009. The Wealth of India – Raw materials, Vol.X: Sp-W. National Institute of Science Communication and Information Resources, Council of scientific and industrial research, New Delhi, pp. 90–91[2](2) Bharathi K et al, 2014. Clinical evaluation of herbal compound drugs in the management of leiomyoma induced menorrhagia. Ayushdhara 1: 38–42",,,,,,,,,,,,
PMTDB00160,CCCCCCCCC(=O)CCC1=CC(=C(C=C1)O)OC,pungent,"pungent[1](1) Locksley, H.D.et al, 1972. Pungent compounds. Part I. An improved synthesis of the paradols (alkyl 4-hydroxy-3-methoxyphenethyl ketones) and an assessment of their pungency. J. Chem. Soc. Perkin Trans. 1 3001–3006",,,,,,,,,,,,
PMTDB00161,OC(=O)CCCCCCCC1OC(=O)C=C1,bitter; pungent (scratchy),"bitter[1](1) Lainer J et al, 2019. Characterization of Bitter-Tasting Oxylipins in Poppy Seeds (Papaver somniferum L.). J. Agric. Food Chem.; pungent (scratchy)[1](1) Lainer J et al, 2019. Characterization of Bitter-Tasting Oxylipins in Poppy Seeds (Papaver somniferum L.). J. Agric. Food Chem.",,,,,,,,,,,,
PMTDB00162,CC1C2C(OC1=O)C1C(C)=CC(=O)C1=C(C)CC2OS(O)(=O)=O,bitter,"bitter[1](1) Mai F, Glomb MA, 2016. Structural and Sensory Characterization of Novel Sesquiterpene Lactones from Iceberg Lettuce. J. Agric. Food Chem. 64, 295–301",,,,,,,,,,,,
PMTDB00163,CC1=C2C(C3C(CC1)C(=C)C(=O)O3)C(=CC2=O)CO,bitter,"bitter[1](1) Van Beek, T.A. et al., 1990. Bitter sesquiterpene lactones from chicory roots. J. Agric. Food Chem. 38, 1035–1038[2](2) Rees, S.B., Harborne, J.B., 1985. The role of sesquiterpene lactones and phenolics in the chemical defence of the chicory plant. Phytochemistry 24, 2225–2231",,,,,,,,,,,,
PMTDB00164,CC1=C2C(C3OC(=O)C(=C)C3CC1)C(COS([O-])(=O)=O)=CC2=O,bitter,"bitter[1](1) Chadwick M, et al, 2016. Perception of bitterness, sweetness and liking of different genotypes of lettuce. Food Chem 197 (Pt A): 66-74.",,,,,,,,,,,,
PMTDB00165,CCCCCCCC(CC(=O)CCC1=CC(=C(C=C1)O)OC)O,pungent,"pungent[1](1) Narasimhan S, Govindarajan VS, 1978. Evaluation of spices and oleoresin-VI-pungency of ginger components, gingerols and shogoals and quality. Int J Food Sci Technol 13: 31–36[2](2) Prescott, J., Stevenson, R.J., 1995. Pungency in food perception and preference. Food Rev. Int. 11, 665–698[3](3) Matsuda, H., Nakamura, S., Yoshikawa, M. 2017, The Chemical Constituents and Pharmacological / Biofunctional Effects of Ginger. J. Acad. Soc. Qual. Life 3, 1–12[4](4) Tang W, Eisenbrang G, 1992. Chinese Drugs of Plant Origin. Chemistry, Pharmacology, and Use in Traditional and Modem Medicine. Springer[5](5) Govindarajan, V.S., Connell, D.W., 1983. Ginger—chemistry, technology, and quality evaluation: part 2. Crit. Rev. Food Sci. Nutr. 17, 189–258[6](6) Chen, C.C. et al, 1986. Pungent compounds of ginger (Zingiber officinale roscoe) extracted by liquid carbon dioxide. J. Agric. Food Chem. 34, 477–480",,,,,,,,,,,,
PMTDB00166,C\C=C(\C)C(=O)OC1CC(C)=CCC\C(C)=C\C(O)C1C(C)C,bitter,"bitter[1](1) Schmiech L et al, 2008. Reinvestigation of the bitter compounds In carrots (Daucus carota l.) by using a molecular sensory science approach. J Agric Food Chem",,,,,,,,,,,,
PMTDB00167,CCCCCCCCCC(=O)CCC1=CC(=C(C=C1)O)OC,pungent,"pungent[1](1) Connell, D.W., 1970. Natural pungent compounds. III. The paradols and associated compounds. Aust. J. Chem. 23, 369–376[2](2) Locksley, H.D.et al, 1972. Pungent compounds. Part I. An improved synthesis of the paradols (alkyl 4-hydroxy-3-methoxyphenethyl ketones) and an assessment of their pungency. J. Chem. Soc. Perkin Trans. 1 3001–3006[3](3) Govindarajan, V.S., Connell, D.W., 1983. Ginger—chemistry, technology, and quality evaluation: part 2. Crit. Rev. Food Sci. Nutr. 17, 189–258",,,,,,,,,,,,
PMTDB00168,CC(=CCC1=C2C(=C(C=C1O)O)C(=O)C(=C(O2)C3=CC=C(C=C3)O)O)C,bitter,"bitter[1](1) Ke, J., Cheng, J., et al., 2020. Identification of two bitter components in Zanthoxylum bungeanum Maxim. and exploration of their bitter taste mechanism through receptor hTAS2R14. Food Chemistry, 338, 127816.",,,,,,,,,,,,
PMTDB00169,CC(=CCC1=C2C(=C(C=C1O)O)C(=O)CC(O2)C3=CC=C(C=C3)O)C,bitter,"bitter[1](1) Intelmann, D. et al, 2009, Three TAS2R Bitter Taste Receptors Mediate the Psychophysical Responses to Bitter Compounds of Hops (Humulus lupulus L.) and Beer. Chemosensory Perception 2, 118-132[2](2) Dresel, M. et al, 2015. Sensomics Analysis of Key Bitter Compounds in the Hard Resin of Hops (Humulus lupulus L.) and Their Contribution to the Bitter Profile of Pilsner-Type Beer. J. Agric. Food Chem. 63, 3402–3418[3](3) Wiener A et al, 2012. BitterDB: a database of bitter compounds. Nucleic Acids Res 2012, 40 (Database issue): D413-419[4](4) Behrens, M., Meyerhof, W., 2017. The vertebrate gustatory system, in: Guichard, E., Salles, C., Morzel, M., Le Bon, A.-M. (Eds.), Flavour From Food to Perception. John Wiley & Sons, Ltd, Chichester, West Sussex Hoboken, NJ, pp. 57–78.",,,,,,,,,,,,
PMTDB00170,CCCCCCCC=CC(=O)CCC1=CC(=C(C=C1)O)OC,pungent,"pungent[1](1) Chen, C.C., Kuo, M.C., Wu, C.M., Ho, C.T., 1986. Pungent compounds of ginger (Zingiber officinale roscoe) extracted by liquid carbon dioxide. J. Agric. Food Chem. 34, 477–480[2](4) Suekawa M et al, 1984. Pharmacological studies on ginger. I. Pharmacological actions of pungent constitutents, (6)-gingerol and (6)-shogaol. J Pharmacobiodyn 7: 836–848[3](3)Narasimhan S, Govindarajan VS, 1978. Evaluation of spices and oleoresin-VI-pungency of ginger components, gingerols and shogoals and quality. Int J Food Sci Technol 13: 31–36.[4](4)Matsuda, H et al, 2017. The Chemical Constituents and Pharmacological / Biofunctional Effects of Ginger. J. Acad. Soc. Qual. Life 3, 1–12[5](5) Yamahara, J.et al, 1992. [Stomachic principles in ginger. II. Pungent and anti-ulcer effects of low polar constituents isolated from ginger, the dried rhizoma of Zingiber officinale Roscoe cultivated in Taiwan. The absolute stereostructure of a new diarylheptanoid",,,,,,,,,,,,
PMTDB00171,CCCCCC(C=CC(C(CCCCCCCC(=O)O)O)O)O,bitter; pungent (scratchy),"bitter[1](1) Lainer J et al, 2019. Characterization of Bitter-Tasting Oxylipins in Poppy Seeds (Papaver somniferum L.). J. Agric. Food Chem.; pungent (scratchy)[1](1) Lainer J et al, 2019. Characterization of Bitter-Tasting Oxylipins in Poppy Seeds (Papaver somniferum L.). J. Agric. Food Chem.",,,,,,,,,,,,
PMTDB00172,CC1=CCCC2(C(O2)C3C(CC1O)C(=C)C(=O)O3)C,pungent (insufficient evidence),"pungent (insufficient evidence)[1](1) Giorgi, A. et al, 2017. Extracts and compounds active on TRP ion channels from Waldheimia glabra, a ritual medicinal plant from Himalaya. Phytomedicine 32, 80–87[2](2) Borgonovo, G. et al, A., 2019. Isothiocyanates and Glucosinolates from Sisymbrium officinale (L.) Scop. (“the Singers’’ Plant""): Isolation and in Vitro Assays on the Somatosensory and Pain Receptor TRPA1 Channel.” Molecules 24",,,,,,,,,,,,
PMTDB00173,CCCCCC=CC=CC(CCCCCCCC(=O)O)O,bitter; pungent (scratchy),"bitter[1](1) Lainer J et al, 2019. Characterization of Bitter-Tasting Oxylipins in Poppy Seeds (Papaver somniferum L.). J. Agric. Food Chem.; pungent (scratchy)[1](1) Lainer J et al, 2019. Characterization of Bitter-Tasting Oxylipins in Poppy Seeds (Papaver somniferum L.). J. Agric. Food Chem.",,,,,,,,,,,,
PMTDB00174,[H]C(O)(CCCCCCCC(O)=O)C([H])(O)\C=C\C(=O)CCCCC,bitter; pungent (scratchy),"bitter[1](1) Lainer J et al, 2019. Characterization of Bitter-Tasting Oxylipins in Poppy Seeds (Papaver somniferum L.). J. Agric. Food Chem.; pungent (scratchy)[1](1) Lainer J et al, 2019. Characterization of Bitter-Tasting Oxylipins in Poppy Seeds (Papaver somniferum L.). J. Agric. Food Chem.",,,,,,,,,,,,
PMTDB00175,CCCCCC(=O)\C=C\C(O)C(O)CCCCCCCC(O)=O,bitter; pungent (scratchy) r{1],"bitter[1](1) Lainer J et al, 2019. Characterization of Bitter-Tasting Oxylipins in Poppy Seeds (Papaver somniferum L.). J. Agric. Food Chem.; pungent (scratchy) r{1]",,,,,,,,,,,,
PMTDB00176,CCCCCC(=O)\C=C\C(O)C(O)CCCCCCCC(O)=O,bitter; pungent (scratchy) r{1],"bitter[1](1) Lainer J et al, 2019. Characterization of Bitter-Tasting Oxylipins in Poppy Seeds (Papaver somniferum L.). J. Agric. Food Chem.; pungent (scratchy) r{1]",,,,,,,,,,,,
PMTDB00177,[H]C(O)(CCCCCCCC(O)=O)C([H])(O)\C=C\C(=O)CCCCC,bitter; pungent (scratchy),"bitter[1](1) Lainer J et al, 2019. Characterization of Bitter-Tasting Oxylipins in Poppy Seeds (Papaver somniferum L.). J. Agric. Food Chem.; pungent (scratchy)[1](1) Lainer J et al, 2019. Characterization of Bitter-Tasting Oxylipins in Poppy Seeds (Papaver somniferum L.). J. Agric. Food Chem.",,,,,,,,,,,,
PMTDB00178,CC(C)C1=CC2=CCC3C(C2CC1)(CCCC3(C)C(=O)O)C,bitter,"bitter[1](1) Arctander S, 1969. Perfume and Flavor Chemicals (Aroma Chemicals) Vol.1. Allured Publishing Corporation",,,,,,,,,,,,
PMTDB00179,CC1=CCC(OC1=O)C(C)C2CCC3(C2(CCC45C3CCC6C4(C5)CCC(C6(C)C(=O)O)OC7C(C(C(C(O7)CO)O)O)O)C)C,sweet,"sweet[1](1) Choi, Y.H.et al., 1989. Abrusosides A-D, four novel sweet-tasting triterpene glycosides from the leaves of Abrus precatorius. J. Nat. Prod. 52, 1118–1127[2](2) Kinghorn, A.D., Fullas, F., Hussain, R.A., 1995. Structure-activity relationship of highly sweet natural products, in: Atta-ur-Rahman, B.T.-S. in N.P.C. (Ed.), Structure and Chemistry (Part C). Elsevier, pp. 3–41[3](3) Choi, Y.H. et al., 1989. Abrusoside A: a new type of highly sweet triterpene glycoside. J. Chem. Soc. Chem. Commun. 887–888",,,,,,,,,,,,
PMTDB00180,COC(=O)C1OC(OC2C(O)C(O)C(CO)OC2OC2CCC34CC33CCC5(C)C(CCC5(C)C3CCC4C2(C)C(O)=O)C(C)C2CC=C(C)C(=O)O2)C(O)C(O)C1O,sweet,"sweet[1](1) Choi, Y.H.et al., 1989. Abrusosides A-D, four novel sweet-tasting triterpene glycosides from the leaves of Abrus precatorius. J. Nat. Prod. 52, 1118–1127[2](2) Kinghorn, A.D., Fullas, F., Hussain, R.A., 1995. Structure-activity relationship of highly sweet natural products, in: Atta-ur-Rahman, B.T.-S. in N.P.C. (Ed.), Structure and Chemistry (Part C). Elsevier, pp. 3–41[3](3) Fullas, F.et al., 1990. Sweet-Tasting Triterpene Glycoside Constituents of Abrus fruticulosus1. Planta Med. 56, 332–333",,,,,,,,,,,,
PMTDB00181,CC1=CCC(OC1=O)C(C)C2CCC3(C2(CCC45C3CCC6C4(C5)CCC(C6(C)C(=O)O)OC7C(C(C(C(O7)CO)O)O)OC8C(C(C(C(O8)CO)O)O)O)C)C,sweet,"sweet[1](1) Choi, Y.H.et al., 1989. Abrusosides A-D, four novel sweet-tasting triterpene glycosides from the leaves of Abrus precatorius. J. Nat. Prod. 52, 1118–1127[2](2) Kinghorn, A.D., Fullas, F., Hussain, R.A., 1995. Structure-activity relationship of highly sweet natural products, in: Atta-ur-Rahman, B.T.-S. in N.P.C. (Ed.), Structure and Chemistry (Part C). Elsevier, pp. 3–41[3](3) Fullas, F.et al., 1990. Sweet-Tasting Triterpene Glycoside Constituents of Abrus fruticulosus1. Planta Med. 56, 332–333",,,,,,,,,,,,
PMTDB00182,CC1=CCC(OC1=O)C(C)C2CCC3(C2(CCC45C3CCC6C4(C5)CCC(C6(C)C(=O)O)OC7C(C(C(C(O7)CO)O)O)OC8C(C(C(C(O8)C(=O)O)O)O)O)C)C,sweet,"sweet[1](1) Choi YH et al: Abrusosides A-D, four novel sweet-tasting triterpene glycosides from the leaves of Abrus precatorius. J Nat Prod. 1989 Sep-Oct;52 (5): 1118-27[2](2) Kinghorn AD, Choi YH, 1993. Natural intense sweeteners.[3](3) Kinghorn, A.D., Fullas, F., Hussain, R.A. 1995. Structure-activity relationship of highly sweet natural products, in: Atta-ur-Rahman, B.T.-S. in N.P.C. (Ed.), Structure and Chemistry (Part C). Elsevier, pp. 3–41[4](4) Polya G, 2003. Biochemical Targets of Plant Bioactive Compounds: A Pharmacological Reference Guide to Sites of Action and Biological Effects. CRC Press",,,,,,,,,,,,
PMTDB00183,CC1=CCC(OC1=O)C(C)C2CCC3(C2(CCC45C3CCC6C4(C5)CCC(C6(C)C(=O)O)OC7C(C(C(C(O7)C(=O)O)O)O)OC8C(C(C(C(O8)CO)O)O)O)C)C,sweet,"sweet[1](1) Kennelly, E.J.et al., 1996. Abrusoside e, a further sweet-tasting cycloartane glycoside from the leaves of Abrus precatorius. Phytochemistry 41, 1381–1383",,,,,,,,,,,,
PMTDB00184,CC1C2CCC(C3C4C5C=C(C6(C4C(=C3C2OC1=O)C)C5C(CCC7C6OC(=O)C7C)(C)O)C)(C)O,bitter,"bitter[1](1) Belitz H, Wieser H, 1985. Bitter compounds: Occurrence and structure‐activity relationships. Food Rev Int 1: 271–354.[2](2) Rouseff RL, 1990. Bitternes in food products: an overview. In: Rouseff RL (ed) Bitternes in foods and beverages. Dev. Food Sci. vol. 25. Elsevier Science Publishers B.V., Amsterdam, pp 1–14[3](3) Mander LN et al, 2010. Comprehensive natural products II : chemistry and biology, Volume I, Natural Products Structural Diversity. Secondary Metabolites. Organization and Biosynthesis, First.[4](4) Meyerhof, W. et al, 2010. The molecular receptive ranges of human TAS2R bitter taste receptors. Chem. Senses 35, 157–170[5](5) Cowart, B.J. et al, 1994. Bitter taste in aging: compound-specific decline in sensitivity. Physiol. Behav. 56, 1237–1241[6](6) Wiener A et al, 2012. BitterDB: a database of bitter compounds. Nucleic Acids Res 2012, 40 (Database issue): D413-419.",,,,,,,,,,,,
PMTDB00185,CC1C2CCC(C3=C(C2OC1=O)C4(C(C3O)C5(C6=C(C4C5=O)C(CCC7C6OC(=O)C7C)(C)O)C)C)(C)O,bitter,"bitter[1](1) Khan, I.A., Abourashed, E.A., 2010. Leung’s Encyclopedia of Common Natural Ingredients Used in Food, Drugs, and Cosmetics, 3rd ed. John Wiley & Sons, Inc., Hoboken, New Jersey[2](2) Beigh YA, Ganai AM (2017) Potential of Wormwood (Artemisia absinthium Linn.) herb for use as additive in livestock feeding: A review. Pharma Innov 6: 176.",,,,,,,,,,,,
PMTDB00186,CC(=O)NC1C(C(C(OC1OC2C(OC(C(C2OC(=O)C)O)OC3C(OC(C(C3OC(=O)C)O)OC4C(OC(C(C4OC(=O)C)O)OC)CO)CO)CO)CO)OC5C(C(C(C(O5)CO)OC6C(C(C(C(O6)C(=O)[O-])OC7C(C(C(C(O7)CO)OC8C(C(C(C(O8)CO)OC)OC(=O)C)O)OC(=O)C)O)OC(=O)C)O)OC(=O)C)O)O,sweet,"sweet[1](1) GoŁąb K et al, 2016. Acemannan–properties and medical utility. Postępy Fitoter.",,,,,,,,,,,,
PMTDB00187,CC(=O)O,sour; pungent,"sour[1](1) Wollmann N et al, 2013. Decoding the taste of wine using a sensomic approach. In: Ferreira V, López R (eds) Flavour Sci. Proc. from XIII Weurman Flavour Res. Symp. Elsevier Science, pp 525–532[2](2) Neta ERDC et al, 2007. The Chemistry and Physiology of Sour Taste—A Review. J Food Sci 72: R33-8.[3](3) Polya G, 2003. Biochemical Targets of Plant Bioactive Compounds: A Pharmacological Reference Guide to Sites of Action and Biological Effects. CRC Press[4](4) Garg, N., et al, 2018. FlavorDB: a database of flavor molecules. Nucleic Acids Res. 46, D1210–D1216; pungent[4](4) Garg, N., et al, 2018. FlavorDB: a database of flavor molecules. Nucleic Acids Res. 46, D1210–D1216[5](5) Wang, Y.Y. et al, 2011. A TRPA1-dependent mechanism for the pungent sensation of weak acids. J. Gen. Physiol. 137, 493–505",,,,,,,,,,,,
PMTDB00188,CC(=O)OC1=C(C=C(C=C1)C(C=C)OC(=O)C)OC,pungent,"pungent[1](1) Pancharoen O et al, 2000. Phytochemistry of the zingiberaceae. Stud. Nat. Prod. Chem. 23, 797–865. doi: 10.1016/S1572-5995 (00)80142-8[2](2) Yang X, Eilerman RG, 1999. Pungent Principal of Alpinia galangal (L.) Swartz and Its Applications. J Agric Food Chem 47, 1657–1662. doi: 10.1021/jf9808224[3](3) Gautschit M et al, 1999. Flavor chemicals with pungent properties. In: Teranishi R, Wick EL, Homstein I (eds) Flavor Chemistry. Thirty Years of Progress. Springer Science & Business Media, pp 199–210",,,,,,,,,,,,
PMTDB00189,CC(=O)C1=C(C(=O)C2=C(C=C(C=C2O1)OC3C(C(C(C(O3)CO)O)O)O)O)C4=CC=C(C=C4)O,bitter,"bitter[1](1) Roland WSU et al, 2011. Soy Isoflavones and Other Isoflavonoids Activate the Human Bitter Taste Receptors hTAS2R14 and hTAS2R39. J Agric Food Chem 59, 11764–11771.",,,,,,,,,,,,
PMTDB00190,CCCCCC=CC=CC(=O)N1CCCCC1,"pungent (irritating, hot, tingling), bitter","pungent (irritating, hot, tingling)[1](1) Obst K et al, 2017. Sensory active piperine analogues from Macropiper excelsum and their effects on intestinal nutrient uptake in Caco-2 cells. Phytochemistry, 135, 181–190., bitter[1](1) Obst K et al, 2017. Sensory active piperine analogues from Macropiper excelsum and their effects on intestinal nutrient uptake in Caco-2 cells. Phytochemistry, 135, 181–190.",,,,,,,,,,,,
PMTDB00191,CCN1CC2(C(CC(C34C2C(C(C31)C5(C6C4CC(C6O)(C(C5O)OC)O)O)OC)OC)O)COC,bitter,"bitter[1](1) Wiener A et al, 2012. BitterDB: a database of bitter compounds. Nucleic Acids Res 2012, 40 (Database issue): D413-419[2](2) Smith, A. et al, 2001. The Merck Index, Thirteenth Edition. (CD-ROM), Merck Co., Inc., Whitehouse Station. New Jersey, USA.",,,,,,,,,,,,
PMTDB00192,CCN1CC2(C(CC(C34C2C(C(C31)C5(C6C4CC(C6OC(=O)C7=CC=CC=C7)(C(C5O)OC)O)OC(=O)C)OC)OC)O)COC,pungent (tingling); bitter,"pungent (tingling)[1](1) Sohn C.E., 1894. Dictionary of the active principles of plants : alkaloids, bitter principles, glucosides, their sources, nature, and chemical characteristics, with tabular summary, classification of reactions, and full botanical and general indexes. Baillière, Tindall and Cox, London[2](2) Seigler D.S., 1998. Alkaloids of Terpenoid Origin (excepting indole alkaloids and ergot alkaloids). In: Plant Secondary Metabolism. Springer, Boston, MA. https://doi.org/10.1007/978-1-4615-4913-0_36[3](3) Fiddes, F.S., 1958. Poisoning by Aconitine. Br. Med. J. 2, 779[4](4) Cash, J.T., Dunstan, W.R., 1898. IV. The pharmacology of aconitine, diacetyl-aconitine, benzaconine, and aconine, considered in relation to their chemical constitution. Philos. Trans. R. Soc. London. Ser. B, Contain. Pap. a Biol. Character 239–393[5](5) Kunz, A.et al, 2010. Mixed intoxication with aconitum nappellans (monkshood) and digitalis grandiflora (large yellow foxglove). Med. Sci. Monit. 16, CS103–CS105; bitter[1](1) Sohn C.E., 1894. Dictionary of the active principles of plants : alkaloids, bitter principles, glucosides, their sources, nature, and chemical characteristics, with tabular summary, classification of reactions, and full botanical and general indexes. Baillière, Tindall and Cox, London[2](2) Seigler D.S., 1998. Alkaloids of Terpenoid Origin (excepting indole alkaloids and ergot alkaloids). In: Plant Secondary Metabolism. Springer, Boston, MA. https://doi.org/10.1007/978-1-4615-4913-0_36[3](3) Fiddes, F.S., 1958. Poisoning by Aconitine. Br. Med. J. 2, 779",,,,,,,,,,,,
PMTDB00193,CC1CCC2(CC1=O)C(CC(=O)C2C(C)C)C,bitter,"bitter[1](1) Stahl E, Keller K, 1983. Extraktion labiler Naturstoffe mit überkritischen Gasen. Planta Med 47: 75–78.[2](2) Singh AS (2011) Herbalism , Phytochemistry and Ethnopharmacology. Science Publishers, CRC Press Taylor & Francis Group, Enfield USA[3](3) Sharma, V. et al, 2014. Acorus calamus (The Healing Plant): a review on its medicinal potential, micropropagation and conservation. Nat. Prod. Res. 28, 1454–1466",,,,,,,,,,,,
PMTDB00194,C1C(C(OC12CN3C(=CC=C3C=O)CO2)CO)O,bitter,"bitter[1](1) Wiener A et al, 2012. BitterDB: a database of bitter compounds. Nucleic Acids Res 2012, 40 (Database issue): D413-419[2](2) Wakamatsu J, Stark TD, Hofmann T (2016). Taste-Active Maillard Reaction Products in Roasted Garlic (Allium sativum). J Agric Food Chem 64 (29): 5845-54.",,,,,,,,,,,,
PMTDB00195,C1C(C(OC2=C1C(=CC(=C2C3C4C5C6C(COC(=O)C7=CC(=C(C(=C7C8=C(C(=C(C=C8C(=O)O6)O)O)O)O)O)O)OC(=O)C9=CC(=C(C(=C9C1=C(C(=C(C(=C1O)O)O)C1=C(C3=C(C(=C1O)O)O)C(=O)O4)C(=O)O5)O)O)O)O)O)C1=CC(=C(C=C1)O)O)O,astringent,"astringent[1](1) Stark T et al, 2010. Matrix-Calibrated LC-MS/MS Quantitation and Sensory Evaluation of Oak Ellagitannins and Their Transformation Products in Red Wines. Journal of Agricultural and Food Chemistry, 58 (10), 6360–6369",,,,,,,,,,,,
PMTDB00196,C1C(C(OC2=C1C(=C(C(=C2)O)C3C4C5C6C(COC(=O)C7=CC(=C(C(=C7C8=C(C(=C(C=C8C(=O)O6)O)O)O)O)O)O)OC(=O)C9=CC(=C(C(=C9C1=C(C(=C(C(=C1O)O)O)C1=C(C3=C(C(=C1O)O)O)C(=O)O4)C(=O)O5)O)O)O)O)C1=CC(=C(C=C1)O)O)O,astringent,"astringent[1](1) Stark T et al, 2010. Matrix-Calibrated LC-MS/MS Quantitation and Sensory Evaluation of Oak Ellagitannins and Their Transformation Products in Red Wines. Journal of Agricultural and Food Chemistry, 58 (10), 6360–6369",,,,,,,,,,,,
PMTDB00197,CCC(C)C(=O)C1C(=O)C(=O)C(C1=O)(CC=C(C)C)CC=C(C)C,bitter,"bitter[1](1) Wiener A et al, 2012. BitterDB: a database of bitter compounds. Nucleic Acids Res 2012, 40 (Database issue): D413-419[2](2) Spetsig L, Steninger M, 1960. HULUPONES, A NEW GROUP OF HOP BITTER SUBSTANCES. J of The Institute of Brewing, 66 (5): 413-7",,,,,,,,,,,,
PMTDB00198,CCC(C)C(=O)C1=C(C(=C(C(C1=O)(CC=C(C)C)O)O)CC=C(C)C)O,bitter,"bitter[1](1) Wiener A et al, 2012. BitterDB: a database of bitter compounds. Nucleic Acids Res 2012, 40 (Database issue): D413-419[2](2) Intelmann, D. et al, 2009, Three TAS2R Bitter Taste Receptors Mediate the Psychophysical Responses to Bitter Compounds of Hops (Humulus lupulus L.) and Beer. Chemosensory Perception 2, 118-132",,,,,,,,,,,,
PMTDB00199,C(CCC(=O)O)CC(=O)O,sour; astringent; tart;,"sour[1](1) Arctander, S., 1969. Perfume and Flavor Chemicals (Aroma Chemicals) Vol.1. Allured Publishing Corporation[2](2) Rubico, S.M., McDaniel, M.R., 1992. Sensory evaluation of acids by free-choice profiling. Chem. Senses 17, 273–289[3](3) Taylor, N.W. et al, 1930. Quantitative measurements on the acid taste and their bearing on the nature of the nerve receptor. Protoplasma 10, 84–97; astringent[2](2) Rubico, S.M., McDaniel, M.R., 1992. Sensory evaluation of acids by free-choice profiling. Chem. Senses 17, 273–289; tart[4](4) Neta ERDC et al, 2007. The Chemistry and Physiology of Sour Taste—A Review. J Food Sci 72: R33-8.[5](5) Wishart DS et al, 2009. HMDB: a knowledgebase for the human metabolome. Nucleic Acids Res 37: D603-10;",,,,,,,,,,,,
PMTDB00200,CCC(C)C(=O)C1=C(C(=C(C(C1=O)(CC=C(C)C)CC=C(C)C)O)CC=C(C)C)O,bitter,"bitter[1](1) Intelmann, D. et al, 2009, Three TAS2R Bitter Taste Receptors Mediate the Psychophysical Responses to Bitter Compounds of Hops (Humulus lupulus L.) and Beer. Chemosensory Perception 2, 118-132[2](2) Dresel, M. et al, 2015. Sensomics Analysis of Key Bitter Compounds in the Hard Resin of Hops (Humulus lupulus L.) and Their Contribution to the Bitter Profile of Pilsner-Type Beer. J. Agric. Food Chem. 63, 3402–3418[3](3) Wiener A et al, 2012. BitterDB: a database of bitter compounds. Nucleic Acids Res 2012, 40 (Database issue): D413-419",,,,,,,,,,,,
PMTDB00201,OC1CC2=C(O)C=C3OC4(OC5=C(C6C(O)C(OC7=CC(O)=CC(O)=C67)C6=CC(O)=C(O)C=C6)C(O)=CC(O)=C5C(C4O)C3=C2OC1C1=CC(O)=C(O)C=C1)C1=CC(O)=C(O)C=C1,astringent,"astringent[1](1) Morimoto, S. et al, 1987. Tannins and Related Compounds. LIX. Aesculitannins, Novel Proanthocyanidins with Doubly-Bonded Structures from Aesculus hippocastanum L. Chem. Pharm. Bull. 35, 4717–4729",,,,,,,,,,,,
PMTDB00202,C1C(C(OC2=C1C(=CC(=C2C3C(C(OC4=C3C(=CC5=C4C6C(C(O5)(OC7=CC(=CC(=C67)O)O)C8=CC(=C(C=C8)O)O)O)O)C9=CC(=C(C=C9)O)O)O)O)O)C1=CC(=C(C=C1)O)O)O,sweet,"sweet[1](1) Morimoto, S. et al, 1987. Tannins and Related Compounds. LIX. Aesculitannins, Novel Proanthocyanidins with Doubly-Bonded Structures from Aesculus hippocastanum L. Chem. Pharm. Bull. 35, 4717–4729",,,,,,,,,,,,
PMTDB00203,C1C(C(OC2=CC(=CC(=C21)O)O)C3=CC=C(C=C3)O)O,bitter (insufficient evidence); astringent (insufficient evidence),"bitter (insufficient evidence)[1](1) Zhu, M. et al, 2017. Metabolomic profiling delineate taste qualities of tea leaf pubescence. Food Res. Int. 94, 36–44; astringent (insufficient evidence)[1](1) Zhu, M. et al, 2017. Metabolomic profiling delineate taste qualities of tea leaf pubescence. Food Res. Int. 94, 36–44",,,,,,,,,,,,
PMTDB00204,CC1=CC(=O)C(C2(C1CC3C45C2C(C(C(=C)C4CC(=O)O3)O)(OC5)O)C)O,bitter,"bitter[1](1) Casinovi, C.G. et al, 1964. On the structure of Ailanthone. Tetrahedron Lett. 5, 3991–3997[2](2) Chang CWJ, et al, 1979. Fortschritte der Chemie Organischer Naturstoffe (Progress in the chemistry of organic natural products) vol.36. Springer Science & Business Media, Vienna[3](3) Naora, H. et al, 1982. On the structure of ailanthone, a bitter principle from Ailanthus altissima. Chem. Lett. 11, 661–662[4](4) Singh AS (2011) Herbalism , Phytochemistry and Ethnopharmacology. Science Publishers, CRC Press Taylor & Francis Group, Enfield USA",,,,,,,,,,,,
PMTDB00205,CCC1C2CC3C4C5(CC(C2C5O)N3C1O)C6=CC=CC=C6N4C,bitter,"bitter[1](1) The Japanese pharmacopoeia, 15th ed, 2006. . The Minister of Health, Labour and Welfare, Japan.",,,,,,,,,,,,
PMTDB00206,C=CCSSC=CCS(=O)CC=C,"pungent . Comment: volatile secondary flavor compound, derived from pungent allicin; more probably pungency enhancer via TRPA1 activation enhancer","pungent[1](1) Hashizume, Y., et al, 2013. Dose-dependent effects of diallyl disulfide on plasma glucose and free fatty acid levels in rats. J. Toxicol. Sci. 38, 879–884. Comment: volatile secondary flavor compound, derived from pungent allicin[2](2) Keusgen, M., 2011. Volatile compounds of the genus Allium L. (Onions). ACS Symp. Ser. 1068, 183–214; more probably pungency enhancer via TRPA1 activation enhancer[3](3) Yassaka, R.T. et al, 2010. Enhanced activation of the transient receptor potential channel TRPA1 by ajoene, an allicin derivative. Neurosci. Res. 66, 99–105",,,,,,,,,,,,
PMTDB00207,CC1CCCC2(C1=CC3C(C2)OC(=O)C3=C)C,bitter,"bitter[1](1) Korte, F., Barkemeyer, H., Korte, I., 1959. Neuere Ergebnisse der Chemie pflanzlicher Bitterstoffe, in: Abelson, P.H., Barkemeyer, H., Bernauer, K., Dimond, A.E., Inhoffen, H.H., Irmscher, K., Korte, F., Korte, I., Kuhn, H., Schroeder, W.A., Stowe, B.B., Venkataraman, K., Zechmeister, L. (Eds.), Fortschritte Der Chemie Organischer Naturstoffe / Progress in the Chemistry of Organic Natural Products / Progrès Dans La Chimie Des Substances Organiques Naturelles. Springer Vienna, Vienna, pp. 124–182. doi: 10.1007/978-3-7091-8052-5_3[2](2) Arctander, S., 1969. Perfume and Flavor Chemicals (Aroma Chemicals) Vol.1. Allured Publishing Corporation",,,,,,,,,,,,
PMTDB00208,CC1(CC2C3=CCC4C5(CCC(C(C5CCC4(C3(CC(C26CC1OC6=O)O)C)C)(C)C)OC7C(C(C(C(O7)COC8C(C(C(CO8)O)O)OC9C(C(C(CO9)O)O)O)O)O)O)C)C,sweet,"sweet[1](1) Yoshikawa, M.et al., 2002. Characterization of new sweet triterpene saponins from Albizia myriophylla. J. Nat. Prod. 65, 1638–1642.",,,,,,,,,,,,
PMTDB00209,CC1(CC2C3=CCC4C5(CCC(C(C5CCC4(C3(CC(C26CC1OC6=O)O)C)C)(C)C)OC7C(C(C(C(O7)COC8C(C(C(CO8)O)O)O)O)O)OC9C(C(C(C(O9)CO)O)O)O)C)C,sweet,"sweet[1](1) Yoshikawa, M.et al., 2002. Characterization of new sweet triterpene saponins from Albizia myriophylla. J. Nat. Prod. 65, 1638–1642.",,,,,,,,,,,,
PMTDB00210,C=CCSS(=O)CC=C,"pungent; allicin is a secondary flavor compound, which is synthesised from aliin, following injury, by enzyme allinase","pungent[1](1) Cavallito, C.J., Bailey, J.H., 1944. Allicin, the Antibacterial Principle of Allium sativum. I. Isolation, Physical Properties and Antibacterial Action. J. Am. Chem. Soc. 66, 1950–1951[2](2) Kim, M.R.et al, 1994. Correlation between Pungency and Allicin Content of Pickled Garlic during Aging. J. Korean Soc. Food Sci. Nutr. 23, 805–810; allicin is a secondary flavor compound, which is synthesised from aliin, following injury, by enzyme allinase[1](1) Cavallito, C.J., Bailey, J.H., 1944. Allicin, the Antibacterial Principle of Allium sativum. I. Isolation, Physical Properties and Antibacterial Action. J. Am. Chem. Soc. 66, 1950–1951",,,,,,,,,,,,
PMTDB00211,C=CCS(=O)CC(C(=O)O)N,pungent (insufficient evidence),"pungent (insufficient evidence)[1](1) Tang W, Eisenbrang G, 1992. Chinese Drugs of Plant Origin. Chemistry, Pharmacology, and Use in Traditional and Modem Medicine. Springer",,,,,,,,,,,,
PMTDB00212,C(C1C(C(C(C(O1)O)O)O)O)O,sweet,"sweet[1](1) Ahmed J et al, 2011. SuperSweet-A resource on natural and artificial sweetening agents. Nucleic Acids[2](2) Chen, Z. et al, 2018. Recent research on the physiological functions, applications, and biotechnological production of D-allose. Appl. Microbiol. Biotechnol. 102, 4269–4278",,,,,,,,,,,,
PMTDB00213,C=CCN=C=S,"pungent, bitter","pungent[1](1) Fujinari, E., 1997. Pungent Flavor Profiles and Components of Spices by Chromatography and Chemiluminescent Nitrogen Detection, in: Spices. Flavor Chemistry & Antioxidant Properities. American Chemical Society, pp. 99–112[5](5) Wieczorek MN, Walczak M, Skrzypczak-Zielinska M, Jelen HH (2017) Bitter taste of Brassica vegetables: The role of genetic factors, receptors, isothiocyanates, glucosinolates, and flavor context. Crit Rev Food Sci Nutr 1–11[6](6) Bell, L. et al, 2018. Taste and flavor perceptions of glucosinolates, isothiocyanates, and related compounds. Mol. Nutr. Food Res. 62, 1700990, bitter[2](2) Meyerhof Wet al, 2010. The molecular receptive ranges of human TAS2R bitter taste receptors. Chem Senses 35: 157–170[3](3) Lossow, K. et al, 2016. Comprehensive Analysis of Mouse Bitter Taste Receptors Reveals Different Molecular Receptive Ranges for Orthologous Receptors in Mice and Humans. J. Biol. Chem. 291, 15358–15377[4](4) Wiener A et al, 2012. BitterDB: a database of bitter compounds. Nucleic Acids Res 2012, 40 (Database issue): D413-419[6](6) Bell, L. et al, 2018. Taste and flavor perceptions of glucosinolates, isothiocyanates, and related compounds. Mol. Nutr. Food Res. 62, 1700990",,,,,,,,,,,,
PMTDB00214,C=CCSC#N,pungent (aromatic);,"pungent (aromatic)[1](1) Fujinari, E., 1997. Pungent Flavor Profiles and Components of Spices by Chromatography and Chemiluminescent Nitrogen Detection, in: Spices. Flavor Chemistry & Antioxidant Properities. American Chemical Society, pp. 99–112[2](2) Kim, I.-S., Kimlee, M.-S., 1985. Volatile Compounds Characterizing the Flavor of Korean Horseradish Roots. J. Nutr. Heal. 18, 293–300;",,,,,,,,,,,,
PMTDB00215,C1=CC2=C(C(=C1)O)C(=O)C3=C(C2=O)C=C(C=C3O)CO,bitter (insufficient evidence),"bitter (insufficient evidence)[1](1) Joseph B, Raj Sj, 2010. Pharmacognostic and phytochemical properties of Aloe vera Linn- an overview. Int J Pharm Sci Rev Res 4: 17 (insufficient evidence)[2](2) Singh AS, 2011. Herbalism , Phytochemistry and Ethnopharmacology. Science Publishers, CRC Press Taylor & Francis Group, Enfield USA (insufficient evidence)",,,,,,,,,,,,
PMTDB00216,C1=CC2=C(C(=C1)O)C(=O)C3=C(C2C4C(C(C(C(O4)CO)O)O)O)C=C(C=C3O)CO,bitter,"bitter[1](1) Wiener A et al, 2012. BitterDB: a database of bitter compounds. Nucleic Acids Res 2012, 40 (Database issue): D413-419[2](2) Sohn CE, 1894. Dictionary of the active principles of plants : alkaloids, bitter principles, glucosides, their sources, nature, and chemical characteristics, with tabular summary, classification of reactions, and full botanical and general indexes. Baillière, Tindall and Cox, London[3](3) Chialva F, Dada G, 1990. Bitterness in alcoholic beverages. In: Rouseff RL (ed) Bitternes in foods and beverages. Developments in Food Science vol. 25. Elsevier Science Publishers B.V., pp 103–122",,,,,,,,,,,,
PMTDB00217,C1CCN2CC3CC(C2C1)C=C4C3NCCC4,bitter,"bitter[1](1) Lin, W.-C., Lin, J.-Y., 2011. Five Bitter Compounds Display Different Anti-inflammatory Effects through Modulating Cytokine Secretion Using Mouse Primary Splenocytes in Vitro. J. Agric. Food Chem. 59, 184–192 (vitro)",,,,,,,,,,,,
PMTDB00218,COC1=CC(=CC2=C1OCO2)C(=O)C(C)OC(=O)C(\C)=C/C,bitter,"bitter[1](1) Schmiech, L.et al, 2008. Reinvestigation of the bitter compounds in carrots (Daucus carota L.) by using a molecular sensory science approach. J. Agric. Food Chem. 56, 10252–10260",,,,,,,,,,,,
PMTDB00219,CC1=CCC(CC1)C(=CCC=C(C)C)C,bitter; earthy,"bitter[1](1) Varming, C. et al, L., 2004. Eating quality of raw carrots - Correlations between flavour compounds, sensory profiling analysis and consumer liking test. Food Qual. Prefer. 15, 531–540; earthy[1](1) Varming, C. et al, L., 2004. Eating quality of raw carrots - Correlations between flavour compounds, sensory profiling analysis and consumer liking test. Food Qual. Prefer. 15, 531–540",,,,,,,,,,,,
PMTDB00220,CC(=O)OC1C2C(CC3=C(C2(C)O)C=CO3)C4(C(=O)CCC(C4(C1OC(=O)C)O)(C)C)C,bitter,"bitter[1](1) Ali, M.E. et al, 1960. Bitter constituents from Caesalpinia bonducella Flem. Chem. Ind. 463–464[2](2) Canonica, L. et al, 1963. Bitter principles of caesalpinia bonducella. Tetrahedron Lett. 4, 2079–2086[3](3) Singh AS, 2011. Herbalism , Phytochemistry and Ethnopharmacology. Science Publishers, CRC Press Taylor & Francis Group, Enfield USA (insufficient evidence)[4](4) Cocker W, 1966. Some aspects of the chemistry of diterpene bitter principles. Planta Med 14: 78–85",,,,,,,,,,,,
PMTDB00221,CC1CCC2C(C3C(N2C1)CC4C3(CCC5C4CC=C6C5(CCC(C6)OC7C(C(C(C(O7)CO)OC8C(C(C(C(O8)C)O)O)O)O)OC9C(C(C(C(O9)C)O)O)O)C)C)C,"bitter, pungent (burning)","bitter[1](1) Bassoli A, Borgonovo G, Busnelli G, 2007. Alkaloids and the Bitter Taste. In: Fattorusso E, Taglialatela-Scafati O (eds) Modern Alkaloids: Structure, Isolation, Synthesis and Biology. Wiley-VCH Verlag GmbH & Co. KGaA, Weinheim, Germany, pp 53–72[2](2) Belitz HD, Grosch W, Schieberle P, 2009. Food chemistry, 4th ed, Food Chemistry. Springer Berlin Heidelberg. doi: 10.1007/978-3-540-69934-7[3](3) Wiener A et al, 2012. BitterDB: a database of bitter compounds. Nucleic Acids Res 2012, 40 (Database issue): D413-419, pungent (burning)[2](2) Belitz HD, Grosch W, Schieberle P, 2009. Food chemistry, 4th ed, Food Chemistry. Springer Berlin Heidelberg. doi: 10.1007/978-3-540-69934-7",,,,,,,,,,,,
PMTDB00222,CC1C(C(C(C(O1)OC2C(C(COC2OC3CCC4(C(C3(C)CO)CCC5(C4CC=C6C5(CCC7(C6CC(CC7)(C)C)C(=O)O)C)C)C)O)O)O)O)O,bitter,"bitter[1](1) Moore B et al, 1913. The chemical and pharmacological properties of hederin, a sapo-glucoside contained in the leaves of common ivy (Hedera helix). J. Pharmacol. Exp. Ther. 4, 263–275.[2](2) Sohn CE, 1894. Dictionary of the active principles of plants : alkaloids, bitter principles, glucosides, their sources, nature, and chemical characteristics, with tabular summary, classification of reactions, and full botanical and general indexes. Baillière, Tindall and Cox, London",,,,,,,,,,,,
PMTDB00223,CCC=CCC=CCC=CCCCCCCCC(=O)O,"bitter, pungent","bitter[1](1) Wieser, H. et al, 1984. Untersuchungen über den Bittergeschmack von Emulsionen höherer Fettsäuren. Zeitschrift für Leb. Und-forsch. 179, 447–449[2](2) Belitz, H.D., Grosch, W., Schieberle, P., 2009. Food chemistry, 4th ed, Food Chemistry. Springer Berlin Heidelberg. doi: 10.1007/978-3-540-69934-7[3](3) Wiener A et al, 2012. BitterDB: a database of bitter compounds. Nucleic Acids Res 2012, 40 (Database issue): D413-419[4](4) Grosch, W., Laskawy, G., 1984. Contribution of linoleic acid to the bitter taste of poppy seeds (Papaver somniferum). Zeitschrift fur Leb. Und-forsch. 178, 257–259[5](5) Rodgers, S. et al, 2006. Characterizing bitterness: identification of key structural features and development of a classification model. J. Chem. Inf. Model. 46, 569–576[6](6) Lainer J et al, 2019. Characterization of Bitter-Tasting Oxylipins in Poppy Seeds (Papaver somniferum L.). J. Agric. Food Chem., pungent[1](1) Wieser, H. et al, 1984. Untersuchungen über den Bittergeschmack von Emulsionen höherer Fettsäuren. Zeitschrift für Leb. Und-forsch. 179, 447–449[2](2) Belitz, H.D., Grosch, W., Schieberle, P., 2009. Food chemistry, 4th ed, Food Chemistry. Springer Berlin Heidelberg. doi: 10.1007/978-3-540-69934-7[4](4) Grosch, W., Laskawy, G., 1984. Contribution of linoleic acid to the bitter taste of poppy seeds (Papaver somniferum). Zeitschrift fur Leb. Und-forsch. 178, 257–259[6](6) Lainer J et al, 2019. Characterization of Bitter-Tasting Oxylipins in Poppy Seeds (Papaver somniferum L.). J. Agric. Food Chem.[7](7) Stephan, A., Steinhart, H., 2000. Bitter taste of unsaturated free fatty acids in emulsions: contribution to the off-flavour of soybean lecithins. Eur. Food Res. Technol. 212, 17–25",,,,,,,,,,,,
PMTDB00224,CC(=CC1=CC=CC=C1)C=O,"pungent;, sweet; woody","pungent;[1](1) Burdock GA, 2010. Fenaroli’s Handbook of Flavor Ingredients, Sixth. CRC Press, Taylor and Francis Group, Boca Raton London New York, sweet[1](1) Burdock GA, 2010. Fenaroli’s Handbook of Flavor Ingredients, Sixth. CRC Press, Taylor and Francis Group, Boca Raton London New York; woody[1](1) Burdock GA, 2010. Fenaroli’s Handbook of Flavor Ingredients, Sixth. CRC Press, Taylor and Francis Group, Boca Raton London New York",,,,,,,,,,,,
PMTDB00225,CC1=CCC(C=C1)C(C)C,bitter; pungent; pungent (aromatic),"bitter[1](1) Piccaglia, R., Marotti, M., 2001. Characterization of Some Italian Types of Wild Fennel (Foeniculum vulgare Mill.). J. Agric. Food Chem. 49, 239–244. doi: 10.1021/jf000636+; pungent[2](2) Arctander, S., 1969. Perfume and Flavor Chemicals (Aroma Chemicals) Vol.1. Allured Publishing Corporation; pungent (aromatic)[2](2) Arctander, S., 1969. Perfume and Flavor Chemicals (Aroma Chemicals) Vol.1. Allured Publishing Corporation[3](3) Machmudah S et al, 2009. Extraction of pungent components from Japanese pepper (Xanthoxylum piperitum DC.) using supercritical CO2. Sep Purif Technol 68: 159–164[4](4) Burdock GA, 2010. Fenaroli’s Handbook of Flavor Ingredients, Sixth. CRC Press, Taylor and Francis Group, Boca Raton London New York[5](5) Garg, N.et al, 2018. FlavorDB: a database of flavor molecules. Nucleic Acids Res. 46, D1210–D1216",,,,,,,,,,,,
PMTDB00226,CC1=CCC2CC1C2(C)C,pungent; balsamic,"pungent[1](1) Burdock GA, 2010. Fenaroli’s Handbook of Flavor Ingredients, Sixth. CRC Press, Taylor and Francis Group, Boca Raton London New York; balsamic[2](2) Arctander S, 1969. Perfume and Flavor Chemicals (Aroma Chemicals) Vol.1. Allured Publishing Corporation",,,,,,,,,,,,
PMTDB00227,C1=C(C=C(C=C1O)O)C(=O)O,bitter (insufficient evidence),"bitter (insufficient evidence)[1](1) Belitz HD, Chen W, et al, 1979. Sweet and Bitter Compounds: Structure and Taste Relationship. In: Food Tast. Chem. AMERICAN CHEMICAL SOCIETY, pp 93–131",,,,,,,,,,,,
PMTDB00228,CC1C2CCC3(C=CC(=O)C(=C3C2OC1=O)C)C,bitter,"bitter[1](1) Steglich, W., Fugmann, B., Lang-Fugmann, S., 2000. Römpp encyclopedia natural products. Georg Thieme Verlag, Leverkusen, Ratingen, Munich, Germany. 784 pp[2](2) Wiener A et al, 2012. BitterDB: a database of bitter compounds. Nucleic Acids Res 2012, 40 (Database issue): D413-419[3](3) Born, S.et al, 2013. The human bitter taste receptor TAS2R10 is tailored to accommodate numerous diverse ligands. J. Neurosci. 33, 201–213[4](4) Lossow, K. et al, 2016. Comprehensive Analysis of Mouse Bitter Taste Receptors Reveals Different Molecular Receptive Ranges for Orthologous Receptors in Mice and Humans. J. Biol. Chem. 291, 15358–15377[5](5) The Merck Index, Thirteenth Edition, 2001. . Merck & Co., Inc., Whitehouse Station, New Jersey, USA, New Jersey, USA[6](6) Chopra, R.N., Chandler, A.C., 1924. Indian Santonin: Extracted from the Indian Species of Artemisia Maritima. Ind. Med. Gaz. 59, 537–540.[7](7) Nowak, S. et al, 2018. Reengineering the ligand sensitivity of the broadly tuned human bitter taste receptor TAS2R14. Biochim. Biophys. Acta - Gen. Subj. 1862, 2162–2173[8](8) Yang, D.-Z.et al, 2018. Santonin, in: Du, G.-H. (Ed.), Natural Small Molecule Drugs from Plants. Springer Singapore, Singapore, pp. 619–624. doi: 10.1007/978-981-10-8022-7_101[9](9) Sohn CE, 1894. Dictionary of the active principles of plants : alkaloids, bitter principles, glucosides, their sources, nature, and chemical characteristics, with tabular summary, classification of reactions, and full botanical and general indexes. Baillière, Tindall and Cox, London",,,,,,,,,,,,
PMTDB00229,CC1CCC2C(C3C(N2C1)CC4C3(CCC5C4CC=C6C5(CCC(C6)OC7C(C(C(C(O7)CO)O)OC8C(C(C(C(O8)CO)O)O)O)OC9C(C(C(C(O9)C)O)O)O)C)C)C,bitter; pungent (burning),"bitter[1](1) De Waal HL et al, 1960. Bitter principle of Solanum melongena (egg plant) fruits. J South African Chem Inst XIII: 45–47[2](2) Zitnak A, Filadelfi MA, 1985. Estimation of Taste Thresholds of Three Potato Glycoalkaloids. Can Inst Food Sci Technol J 18: 337–339[3](3) Glendinning, J.I., 1994. Is the bitter rejection response always adaptive? Physiol. Behav. 56, 1217–1227[4](4) Troszynska A, 2004. Non-Nutrient Bioactive Substances in Food of Plant Origin Causing Bitterness and Astringency. Polish J Food Nutr Sci 13/54: 65–73[5](5) Belitz, H.D., Grosch, W., Schieberle, P., 2009. Food chemistry, 4th ed, Food Chemistry. Springer Berlin Heidelberg. doi: 10.1007/978-3-540-69934-7[6](6) Wiener A et al, 2012. BitterDB: a database of bitter compounds. Nucleic Acids Res 2012, 40 (Database issue): D413-419; pungent (burning)[2](2) Zitnak A, Filadelfi MA, 1985. Estimation of Taste Thresholds of Three Potato Glycoalkaloids. Can Inst Food Sci Technol J 18: 337–339[5](5) Belitz, H.D., Grosch, W., Schieberle, P., 2009. Food chemistry, 4th ed, Food Chemistry. Springer Berlin Heidelberg. doi: 10.1007/978-3-540-69934-7",,,,,,,,,,,,
PMTDB00230,CC1=CC=C(CC1)C(C)C,bitter;,"bitter[1](1) Arctander, S., 1969. Perfume and Flavor Chemicals (Aroma Chemicals) Vol.1. Allured Publishing Corporation;",,,,,,,,,,,,
PMTDB00231,CC1=CCC(CC1)C(C)(C)OC(=O)CC(C)C,bitter;,"bitter[1](1) Burdock GA, 2010. Fenaroli’s Handbook of Flavor Ingredients, Sixth. CRC Press, Taylor and Francis Group, Boca Raton London New York[2](2) Wiener A et al, 2012. BitterDB: a database of bitter compounds. Nucleic Acids Res 2012, 40 (Database issue): D413-419;",,,,,,,,,,,,
PMTDB00232,CC1=C(C2=C(CCC(O2)(C)CCCC(C)CCCC(C)CCCC(C)C)C(=C1O)C)C,fatty; sweet (low evidence),"fatty[1](1) Schiffman, S.S., Dackis, C., 1975. Taste of nutrients: Amino acids, vitamins, and fatty acids. Percept. Psychophys. 17, 140–146; sweet (low evidence)[2](2) Hedin PA, Miles LR, etal, 1968. Constituents of cotton bud. Formulation of boll weevil feeding stimulant mixtures. J Agric Food Chem 16: 505–513",,,,,,,,,,,,
PMTDB00233,CC(=O)OCC1C(C(C(C(O1)OC2C(C(C(OC2OC3(C(C(C(O3)CO)OC(=O)C4=CC=CC=C4)OC(=O)C5=CC=CC=C5)COC(=O)C6=CC=CC=C6)COC(=O)C)OC(=O)C)OC7C(C(C(C(O7)CO)O)O)O)O)O)O,bitter,"bitter[1](1) Dubois M-A et al, 1989. Amarelloside, a bitter tri-O-acetyl tri-O-benzoyl tetrasaccharide from Polygala amarella. Phytochemistry 28, 3355–3359",,,,,,,,,,,,
PMTDB00234,C=CC1C2CCOC(=O)C2=COC1OCC3C(C(C(C(O3)OC(=O)C4=CC(=C(C(=C4)O)C5=CC(=CC=C5)O)O)O)O)O,bitter,"bitter[1](1) Belitz H, Wieser H, 1985. Bitter compounds: Occurrence and structure‐activity relationships. Food Rev Int 1: 271–354[2](2) Wiener A et al, 2012. BitterDB: a database of bitter compounds. Nucleic Acids Res 2012, 40 (Database issue): D413-419[3](3) Rouseff RL, 1990. Bitternes in food products: an overview. In: Rouseff RL (ed) Bitternes in foods and beverages. Developments in Food Science vol. 25. Elsevier Science Publishers B.V., Amsterdam, pp 1�[4](4) Korte, F., 1955. Amarogentin, ein neuer Bitterstoff aus Gentianaceen. Charakteristische Pflanzeninhaltsstoffe, IX. Mitteil.). Chem. Ber. 88, 704–707[5](5) Brieskorn, C.H., 1990. Physiological and therapeutical aspects of bitter compounds, in: Rouseff, R.L. (Ed.), Bitternes in Foods and Beverages. Developments in Food Science Vol. 25. Elsevier Science Publishers B.V., Amsterdam, pp. 15–33.[6](6) Glendinning, J.I., 1994. Is the bitter rejection response always adaptive? Physiol. Behav. 56, 1217–1227[7](7) Behrens M et al, 2009. The human bitter taste receptor hTAS2R50 is activated by the two natural bitter terpenoids andrographolide and amarogentin. J Agric Food Chem 57: 9860–9866[8](8) Meyerhof, W. et al, 2010. The molecular receptive ranges of human TAS2R bitter taste receptors. Chem. Senses 35, 157–170",,,,,,,,,,,,
PMTDB00235,CC1CC(C(=O)C2(C1CC3C4(C2C(C(=O)C(C4CC(=O)O3)C)O)C)C)O,bitter,"bitter[1](1) Mitchell, R.E. et al, 1971. Chaparrolide and castelanolide, new bitter principles from Castela nicholsoni. Phytochemistry 10, 411–417[2](2) Casinovi, C.G. et al, 1965. Occurrence of bitter substances related to quassin in Ailanthus glandulosa. Tetrahedron Lett. 6, 2273–2279",,,,,,,,,,,,
PMTDB00236,C=CC1C2CCOC(=O)C2=COC1OC3C(C(C(C(O3)CO)O)O)OC(=O)C4=C(C=CC=C4O)C5=CC(=CC=C5)O,bitter,"bitter[1](1) Wagner, H., Vasirian, K., 1974. Desoxyamarogentin ein neuer bitterstoff aus Gentiana pannonica, Scop. Phytochemistry 13, 615–617[2](2) Chialva F, Dada G, 1990. Bitterness in alcoholic beverages. In: Rouseff RL (ed) Bitternes in foods and beverages. Developments in Food Science, vol. 25. Elsevier Science Publishers B.V., pp 103–122[3](3) Hamburger, M. et al, 1990. A Novel Type of Dimeric Secoiridoid Glycoside from Lisianthius jefensis ROBYNSet ELIAS. Helv. Chim. Acta 73, 1845–1852[4](4) Wichtl, M., 1978. Drogenanalytik und Arzneibuch, kritisch betrachtet1. Planta Med. 34, 113–127",,,,,,,,,,,,
PMTDB00237,C=CC1C(OC=C2C1(CCOC2=O)O)OC3C(C(C(C(O3)CO)O)O)OC(=O)C4=C(C=C(C=C4O)O)C5=CC(=CC=C5)O,bitter,"bitter[1](1) Inouye, H., Nakamura, Y., 1968. Zwei stark bittere glucoside aus swertia japonica makino: Amarogentin und amaroswerin. Tetrahedron Lett. 9, 4919–4924[2](2) Inouye, H., Nakamura, Y., 1971. Über die monoterpenglucoside und verwandte naturstoffe—XIV: Die struktur der beiden stark bitter schmeckenden glucoside amarogentin und amaroswerin aus Swertia japonica. Tetrahedron 27, 1951–1966[3](3) Wichtl, M., 1978. Drogenanalytik und Arzneibuch, kritisch betrachtet1. Planta Med. 34, 113–127[4](4) Chialva F, Dada G, 1990. Bitterness in alcoholic beverages. In: Rouseff RL (ed) Bitternes in foods and beverages. Developments in Food Science vol. 25. Elsevier Science Publishers B.V., pp 103–122",,,,,,,,,,,,
PMTDB00238,CC1CCC2C(C3(C1C=CC3=O)C)OC(=O)C2=C,bitter (insufficient evidence),"bitter (insufficient evidence)[1](1) Suchý M et al,1962. Recent advances in the chemistry of the sesquiterpenes, 1962, Russian Chemical Reviews, Volume 31, Number 8",,,,,,,,,,,,
PMTDB00239,COC1=C(C=CC(=C1)C(=O)OC2C3C=COC(C3C4(C2O4)CO)OC5C(C(C(C(O5)CO)O)O)O)O,bitter,"bitter[1](1) Kapoor, S.K.et al, 1971. Amphicoside I. A new bitter glycoside from Amphicome emodi Lindl. Tetrahedron Lett. 12, 2839–2840",,,,,,,,,,,,
PMTDB00240,C1=CC=C(C=C1)C(C#N)OC2C(C(C(C(O2)COC3C(C(C(C(O3)CO)O)O)O)O)O)O,bitter,"bitter[1](1) Belitz H, Wieser H, 1985. Bitter compounds: Occurrence and structure‐activity relationships. Food Rev Int 1: 271–354.[2](2) Bufe, B. et al, 2002. The human TAS2R16 receptor mediates bitter taste in response to β-glucopyranosides. Nat. Genet. 32, 397–401[3](3) Meyerhof Wet al, 2010. The molecular receptive ranges of human TAS2R bitter taste receptors. Chem Senses 35: 157–170[4](4) Wiener A et al, 2012. BitterDB: a database of bitter compounds. Nucleic Acids Res 2012, 40 (Database issue): D413-419[5](5) Li X et al, 2008. Identification of bitter ligands that specifically activate human t2r receptors and related assays for identifying human bitter taste modulators[6](6) Dotson, C.D. et al, S.D., 2008. Bitter taste receptors influence glucose homeostasis. PLoS One 3, e3974",,,,,,,,,,,,
PMTDB00241,CC1C2CCC(C3C4C5C6C7(CCC8C(C(=O)OC8C6(C4C(=C3C2OC1=O)C)C(C5O)(O7)C)C)C)(C)O,bitter,"bitter[1](1) Kasymov, S.Z. et al, 1979. Anabsin—A new diguaianolide fromArtemisia absinthium. Chem. Nat. Compd. 15, 430–435[2](2) Chialva F, Dada G, 1990. Bitterness in alcoholic beverages. In: Rouseff RL (ed) Bitternes in foods and beverages. Developments in Food Science vol. 25. Elsevier Science Publishers B.V., pp 103–122",,,,,,,,,,,,
PMTDB00242,CC1C2CCC(C3C4C5CC6(C7(C4C(=C3C2OC1=O)C)C5C(O6)(CCC8C7OC(=O)C8C)C)C)(C)O,bitter,"bitter[1](1) Suchý M et al,1962. Recent advances in the chemistry of the sesquiterpenes, 1962, Russian Chemical Reviews, Volume 31, Number 8[2](2) Chialva F, Dada G, 1990. Bitterness in alcoholic beverages. In: Rouseff RL (ed) Bitternes in foods and beverages. Developments in Food Science vol. 25. Elsevier Science Publishers B.V., pp 103–122",,,,,,,,,,,,
PMTDB00243,CC12CCC(C(C1CCC(=C)C2CC=C3C(COC3=O)O)(C)CO)O,bitter,"bitter[1](1) Gorter, M.K., 1911. The bitter constituent of Andrographis paniculata Nees. Rec Trav Chim 30, 151–160[2](2) Chakravarti, D., Chakravarti, R.N., 1952. 314. Andrographolide. Part I. J. Chem. Soc. 1697–1700[3](3)Behrens M et al, 2009. The human bitter taste receptor hTAS2R50 is activated by the two natural bitter terpenoids andrographolide and amarogentin. J Agric Food Chem 57: 9860–9866.[4](4) Brockhoff A et al, 2011. Receptor Agonism and Antagonism of Dietary Bitter Compounds. J Neurosci 31: 14775 LP-14782[5](5) Meyerhof Wet al, 2010. The molecular receptive ranges of human TAS2R bitter taste receptors. Chem Senses 35: 157–170[6](6) Wiener A et al, 2012. BitterDB: a database of bitter compounds. Nucleic Acids Res 2012, 40 (Database issue): D413-419[7](7) Li X et al, 2008. Identification of bitter ligands that specifically activate human t2r receptors and related assays for identifying human bitter taste modulators[8](8) Slack, J.P. et al, 2010. Modulation of bitter taste perception by a small molecule hTAS2R antagonist. Curr. Biol. 20, 1104–1109.",,,,,,,,,,,,
PMTDB00244,CC=C(C)C(=O)O,pungent (biting); sour (acid),"pungent (biting)[1](1) Wishart, D. S.et al, 2009. HMDB: a knowledgebase for the human metabolome. Nucleic Acids Research, 37 (Database issue), D603-10; sour (acid)[1](1) Wishart, D. S.et al, 2009. HMDB: a knowledgebase for the human metabolome. Nucleic Acids Research, 37 (Database issue), D603-10",,,,,,,,,,,,
PMTDB00245,C1=CC2=C(C=CO2)C3=C1C=CC(=O)O3,bitter,"bitter[1](1) Jois, H.S., et al, 1933. Chemical examination of the seeds of Psoralea corylifolia. J Indian Chem Soc 10, 41–46[2](2) Seshadri, T.R., Venkatarao, C., 1937. A new separation of the components of Psoralea corylifolia, Linn. Proc. Indian Acad. Sci. - Sect. A 5, 351–356[3](3) Seshadri, T.R., 1953. An Investigation of Plant Drugs and Insectisides. IACS, Eka Press, Jadavpur, Calcutta[4](4) Rao, N.V.S et al, 1939. A note on the preparation and reactions of Karanjin. Proc. Indian Acad. Sci. - Sect. A 10, 65",,,,,,,,,,,,
PMTDB00246,C=CCC1C2CC(CN1)C3CCCC(=O)N3C2,bitter,"bitter[1](1) Bassoli A, Borgonovo G, Busnelli G, 2007. Alkaloids and the Bitter Taste. In: Fattorusso E, Taglialatela-Scafati O (eds) Modern Alkaloids: Structure, Isolation, Synthesis and Biology. Wiley-VCH Verlag GmbH & Co. KGaA, Weinheim, Germany, pp 53–72",,,,,,,,,,,,
PMTDB00247,C\C1=C/C2OC(=O)C(=C)C2CCC(=C)C(=O)CC1,pungent (insufficient evidence),"pungent (insufficient evidence)[1](1) Borgonovo G et al, 2019. Isothiocyanates and Glucosinolates from Sisymbrium officinale (L.) Scop. (“the Singers’’ Plant""""): Isolation and in Vitro Assays on the Somatosensory and Pain Receptor TRPA1 Channel.” Molecules 24.[2](2) Giorgi A et al, 2017. Extracts and compounds active on TRP ion channels from Waldheimia glabra, a ritual medicinal plant from Himalaya. Phytomedicine 32, 80–87.",,,,,,,,,,,,
PMTDB00248,CN1C2CC(CC1C(C2)O)OC(=O)C(CO)C3=CC=CC=C3,bitter,"bitter[1](1) Zhang H-F, Fang L-H, Du G-H, 2018. Anisodamine, in: Du G-H (Ed.), Natural Small Molecule Drugs from Plants. Springer Singapore, Singapore, pp. 13–18. doi: 10.1007/978-981-10-8022-7_2",,,,,,,,,,,,
PMTDB00249,CCCC(CCC)C(=O)OC1CC2CCC(C1)[N+]2(C)C.[Br-],bitter,"bitter[1](1) Bassoli A, Borgonovo G, Busnelli G, 2007. Alkaloids and the Bitter Taste. In: Fattorusso E, Taglialatela-Scafati O (eds) Modern Alkaloids: Structure, Isolation, Synthesis and Biology. Wiley-VCH Verlag GmbH & Co. KGaA, Weinheim, Germany, pp 53–72, doi.org/10.1002/9783527621071.ch3",,,,,,,,,,,,
PMTDB00250,C1=CC=C(C(=C1)C(=O)O)N,sweet; sour (insufficient evidence),"sweet[1](1) Cheron JB et al, 2017. Sweetness prediction of natural compounds. Food Chem 221: 1421–1425[2](2) Taylor, N.W., 1928. A physico-chemical theory of sweet and bitter taste excitation based on the properties of the plasma membrane. Protoplasma 4, 1–17[3](3) Kim, S. et al, 2016. PubChem Substance and Compound databases. Nucleic Acids Res. 44, D1202–D1213[4](4) Sheibley, F.E., 1943. Carl Julius Fritzsche and the discovery of anthranilic acid, 1841. J. Chem. Educ. 20, 115.[5](5) Belitz HD, Chen W, et al, 1979. Sweet and Bitter Compounds: Structure and Taste Relationship. In: Food Tast. Chem. AMERICAN CHEMICAL SOCIETY, pp 93–131; sour (insufficient evidence)[6](6) Hedin PA, Miles LR, etal, 1968. Constituents of cotton bud. Formulation of boll weevil feeding stimulant mixtures. J Agric Food Chem 16: 505–513",,,,,,,,,,,,
PMTDB00251,C1=CC(=CC=C1C2=CC(=O)C3=C(C=C(C=C3O2)O)O)O,bitter,"bitter[1](1) Roland WSU et al, 2013. Bitter Taste Receptor Activation by Flavonoids and Isoflavonoids: Modeled Structural Requirements for Activation of hTAS2R14 and hTAS2R39. J Agric Food Chem 61: 10454–10466[2](2) Behrens, M., Meyerhof, W., 2017. The vertebrate gustatory system, in: Guichard, E., Salles, C., Morzel, M., Le Bon, A.-M. (Eds.), Flavour From Food to Perception. John Wiley & Sons, Ltd, Chichester, West Sussex Hoboken, NJ, pp. 57–78.[3](3)Wiener A et al, 2012. BitterDB: a database of bitter compounds. Nucleic Acids Res 2012, 40 (Database issue): D413-419",,,,,,,,,,,,
PMTDB00252,CC1OC(OCC2OC(OC3=CC4=C(C(O)=C3)C(=O)C=C(O4)C3=CC=C(O)C=C3)C(O)C(O)C2O)C(O)C(O)C1O,astringent,"astringent[1](1) Scharbert, S. et al, 2004. Identification of the Astringent Taste Compounds in Black Tea Infusions by Combining Instrumental Analysis and Human Bioresponse. J. Agric. Food Chem. 52, 3498–3508[2](2) Scharbert, S., Hofmann, T., 2005. Molecular definition of black tea taste by means of quantitative studies, taste reconstitution, and omission experiments. J. Agric. Food Chem. 53, 5377–5384",,,,,,,,,,,,
PMTDB00253,CC1(C2CCC3(C(C2(CCC1OC4C(C(C(C(O4)C(=O)O)O)O)OC5C(C(CO5)(CO)O)O)C)C(=O)C=C6C3(CCC7(C6CC(CC7)(C)C(=O)O)C)C)C)C,sweet,"sweet[1](1) Kitagawa I, et al., 1989. Apioglycyrrhizin and araboglycyrrhizin, two new sweet oleanene-type triterpene oligoglycosides from the root of Glycyrrhiza inflata. Chern Pharm Bull (Tokyo) 37: 551-553;[3]",,,,,,,,,,,,
PMTDB00254,CN1CCC2=C3C1CC4=C(C3=CC=C2)C(=C(C=C4)O)O,bitter (insufficient evidence),"bitter (insufficient evidence)[1](1) Anderson, H.T., 1949. The plant alkaloids, 4th ed. J. & A. Churchill Ltd, The Blakiston Company. p.804",,,,,,,,,,,,
PMTDB00255,CC(C)(C1C(C2=C(O1)C=CC3=C2OC(=O)C=C3)O)OC4C(C(C(C(O4)CO)O)O)O,bitter,"bitter[1](1) Steck W, Wetter LR, 1974. Apterin, an unusual glucoside of Zizia aptera. Phytochemistry 13: 1925–1927",,,,,,,,,,,,
PMTDB00256,C(C1C(C(C(O1)OCC2C(C(C(O2)O)O)O)O)O)O,sweet,"sweet[1](1) Browne, C.A., 1912. A Handbook of Sugar Analysis: A Practical and Descriptive Treatise for Use in Research, Technical and Control Laboratories. John Wiley & Sons, Ltd, New York.",,,,,,,,,,,,
PMTDB00257,CC1C(C(C(C(O1)CO)O)OC2C(C(C(C(O2)COC3C(C(C(CO3)O)OC)O)O)OC)O)O,"sweet (insufficient evidence); sweet modifying compound: enhancer of sweetness potencies of saccharin, cyclamate, thaumatin and monellin","sweet (insufficient evidence)[1](1) Adams MF, Ettling BV, 2009. Monograph: Larch Arabinogalactan. Altern. Med. Rev. 5, 463–466.; sweet modifying compound: enhancer of sweetness potencies of saccharin, cyclamate, thaumatin and monellin[2](2) Kim N-C, Kinghorn AD, 2002. Sweet-tasting and sweetness-modifying constituents of plants. In: Atta-ur-Rahman (Ed.) Studies in Natural Products Chemistry, Vol 27 (ed) Bioact. Nat. Prod. (Part H). Elsevier, pp 3–57",,,,,,,,,,,,
PMTDB00258,CC1(C2CCC3(C(C2(CCC1OC4C(C(C(C(O4)C(=O)O)O)O)OC5C(C(C(CO5)O)O)O)C)C(=O)C=C6C3(CCC7(C6CC(CC7)(C)C(=O)O)C)C)C)C,sweet,"sweet[1](1) Kitagawa I, et al., 1989. Apioglycyrrhizin and araboglycyrrhizin, two new sweet oleanene-type triterpene oligoglycosides from the root of Glycyrrhiza inflata. Chern Pharm Bull (Tokyo) 37: 551-553;[2](2) Kitagawa, I. Et al., 1993. Saponin and sapogenol. XLIX. On the constitutents of the roots of glycyrrhiza inflata BATALIN from Xinjiang, China. Characterization of two sweet oleanane-type triterpene oligoglycosides, apioglycyrrhizin and araboglycyrrhizin. Chem. Pharm. Bull. 41, 1350–1357",,,,,,,,,,,,
PMTDB00259,CCCCCC=CCC=CCC=CCC=CCCCC(=O)O,bitter,"bitter[1](1) Belitz HD, Grosch W, Schieberle P, 2009. Food chemistry, 4th ed, Food Chemistry. Springer Berlin Heidelberg. doi: 10.1007/978-3-540-69934-7",,,,,,,,,,,,
PMTDB00260,CC1C2CCC3(C4(O3)CC=C(C4C2OC1=O)C)C,bitter,"bitter[1](1) Meyerhof W et al, 2010. The molecular receptive ranges of human TAS2R bitter taste receptors. Chem Senses 35: 157–170[2](2) Wiener A et al, 2012. BitterDB: a database of bitter compounds. Nucleic Acids Res 2012, 40 (Database issue): D413-419[3](3) Behrens M, Meyerhof W, 2017. The vertebrate gustatory system, in: Guichard E, Salles C, Morzel M, Le Bon A-M (Eds.), Flavour From Food to Perception. John Wiley & Sons, Ltd, Chichester, West Sussex Hoboken, NJ, pp. 57–78, DOI: 10.1002/9781118929384",,,,,,,,,,,,
PMTDB00261,CN1C2=CC=CC=C2C(=O)N=C1CC3=CC=CC=C3,bitter,"bitter[1](1) Chakravarti, D., R. N. Chakravarti, and S. C. Chakravarti. ""670. Alkaloids of Glycosmis Arborea. Part I. Isolation of arborine and arborinine: the structure of arborine."" Journal of the Chemical Society (Resumed) (1953): 3337-3340.",,,,,,,,,,,,
PMTDB00262,C1=CC(=CC=C1O)OC2C(C(C(C(O2)CO)O)O)O,bitter,"bitter[1](1) Claassen, E., 1885. On arbutin, the bitter principle of the cowberry (Vaccinium vitis-idaea, Lin.). Am. J. Pharm. 0_1[2](2) Meyerhof Wet al, 2010. The molecular receptive ranges of human TAS2R bitter taste receptors. Chem Senses 35: 157–170[3](3) Bufe B et al, 2002. The human TAS2R16 receptor mediates bitter taste in response to β-glucopyranosides. Nat Genet 32: 397–401[4](4) Sakurai, T. et al, 2010. Characterization of the beta-D-glucopyranoside binding site of the human bitter taste receptor hTAS2R16. J. Biol. Chem. 285, 28373–28378[5](5) Soranzo, N. et al, 2005. Positive selection on a high-sensitivity allele of the human bitter-taste receptor TAS2R16. Curr. Biol. 15, 1257–1265[6](6) Wiener A et al, 2012. BitterDB: a database of bitter compounds. Nucleic Acids Res 2012, 40 (Database issue): D413-419[7](7) Itoigawa, A. et al, 2019. A natural point mutation in the bitter taste receptor TAS2R16 causes inverse agonism of arbutin in lemur gustation. Proc. R. Soc. B Biol. Sci. 286, 20190884[8](8) Lossow, K. et al, 2016. Comprehensive Analysis of Mouse Bitter Taste Receptors Reveals Different Molecular Receptive Ranges for Orthologous Receptors in Mice and Humans. J. Biol. Chem. 291, 15358–15377",,,,,,,,,,,,
PMTDB00263,COC1=C(C=C(C=C1)CC2COC(=O)C2CC3=CC(=C(C=C3)O)OC)OC,"not bitter (arctigenin is the aglycon of a bitter compound, arctiin; arctigenin is not bitter)","not bitter[1](1) Matsuo, K. et al, 1972. Bitter constituents of Forsythia viridissima. Phytochemistry 11, 1522–1523(arctigenin is the aglycon of a bitter compound, arctiin; arctigenin is not bitter)",,,,,,,,,,,,
PMTDB00264,COC1=C(C=C(C=C1)CC2COC(=O)C2CC3=CC(=C(C=C3)OC4C(C(C(C(O4)CO)O)O)O)OC)OC,bitter,"bitter[1](1) Matsuo, K. et al, 1972. Bitter constituents of Forsythia viridissima. Phytochemistry 11, 1522–1523[2](2) Khan, I.A., Abourashed, E.A., 2010. Leung’s Encyclopedia of Common Natural Ingredients Used in Food, Drugs, and Cosmetics, 3rd ed. John Wiley & Sons, Inc., Hoboken, New Jersey",,,,,,,,,,,,
PMTDB00265,CC1=CCCC(=CC2C(C(C1)OC(=O)C(C)CO)C(=C)C(=O)O2)CO,bitter,"bitter[1](1) Suchý M et al,1962. Recent advances in the chemistry of the sesquiterpenes, 1962, Russian Chemical Reviews, Volume 31, Number 8",,,,,,,,,,,,
PMTDB00266,CC1=CCC23C1C4C(CCC2(O3)C)C(=C)C(=O)O4,bitter,"bitter[1](1) Wiener A et al, 2012. BitterDB: a database of bitter compounds. Nucleic Acids Res 2012, 40 (Database issue): D413-419[2](2) Behrens M, Meyerhof W, 2017. The vertebrate gustatory system, in: Guichard, E., Salles, C., Morzel, M., Le Bon, A.-M. (Eds.), Flavour From Food to Perception. John Wiley & Sons, Ltd, Chichester, West Sussex Hoboken, NJ, pp. 57–78, doi.org/10.1002/9781118929384.ch3[3](3) Meyerhof Wet al, 2010. The molecular receptive ranges of human TAS2R bitter taste receptors. Chem Senses 35: 157–170[4](4) Lossow, K. et al, 2016. Comprehensive Analysis of Mouse Bitter Taste Receptors Reveals Different Molecular Receptive Ranges for Orthologous Receptors in Mice and Humans. J. Biol. Chem. 291, 15358–15377[5](5) Brockhoff A et al, 2007. Broad tuning of the human bitter taste receptor hTAS2R46 to various sesquiterpene lactones, clerodane and labdane diterpenoids, strychnine, and denatonium. J Agric Food Chem 55: 6236–6243",,,,,,,,,,,,
PMTDB00267,COC1=CC=CC2=C3C(=C(C=C21)[N+](=O)[O-])C(=CC4=C3OCO4)C(=O)O,bitter,"bitter[1](1) Sohn CE, 1894. Dictionary of the active principles of plants: alkaloids, bitter principles, glucosides, their sources, nature, and chemical characteristics, with tabular summary, classification of reactions, and full botanical and general indexes. Baillière, Tindall and Cox, London[2](2) Meyerhof Wet al, 2010. The molecular receptive ranges of human TAS2R bitter taste receptors. Chem Senses 35: 157–170[3](3) Brockhoff A et al, 2011. Receptor Agonism and Antagonism of Dietary Bitter Compounds. J Neurosci 31: 14775 LP-14782[4](4) Wiener A et al, 2012. BitterDB: a database of bitter compounds. Nucleic Acids Res 2012, 40 (Database issue): D413-419[5](5) Yamazaki, T. et al, 2014. The human bitter taste receptor hTAS2R39 is the primary receptor for the bitterness of theaflavins. Biosci. Biotechnol. Biochem. 78, 1753–1756",,,,,,,,,,,,
PMTDB00268,COC1=CC=C(C=C1)CCNC(=O)C=CC2=CC3=C(C=C2)OCO3,pungent; sour; sweet;,"pungent[1](1) Backes M et al, 2015. Rubemamine and Rubescenamine, Two Naturally Occurring N-Cinnamoyl Phenethylamines with Umami-Taste-Modulating Properties. J Agric Food Chem 63: 8694–8704; sour[1](1) Backes M et al, 2015. Rubemamine and Rubescenamine, Two Naturally Occurring N-Cinnamoyl Phenethylamines with Umami-Taste-Modulating Properties. J Agric Food Chem 63: 8694–8704; sweet[1](1) Backes M et al, 2015. Rubemamine and Rubescenamine, Two Naturally Occurring N-Cinnamoyl Phenethylamines with Umami-Taste-Modulating Properties. J Agric Food Chem 63: 8694–8704;",,,,,,,,,,,,
PMTDB00269,CC1C2CCC(C3=CCC(=C3C2OC1=O)C)(C)O,bitter,"bitter[1](1) Suchý M et al,1962. Recent advances in the chemistry of the sesquiterpenes, 1962, Russian Chemical Reviews, Volume 31, Number 8[2](2) Brieskorn CH, 1990. Physiological and therapeutical aspects of bitter compounds, in: Rouseff, R.L. (Ed.), Bitternes in Foods and Beverages. Developments in Food Science Vol. 25. Elsevier Science Publishers B.V., Amsterdam, pp. 15–33.[3](3) Khan IA, Abourashed EA, 2010. Leung’s Encyclopedia of Common Natural Ingredients Used in Food, Drugs, and Cosmetics, 3rd ed. John Wiley & Sons, Inc., Hoboken, New Jersey[4](4) Wiener A et al, 2012. BitterDB: a database of bitter compounds. Nucleic Acids Res 2012, 40 (Database issue): D413-419",,,,,,,,,,,,
PMTDB00270,CC1C2CCC(C3=C(C2OC1=O)C(CC3=O)(C)O)(C)O,bitter,"bitter[1](1) Chialva F, Dada G, 1990. Bitterness in alcoholic beverages. In: Rouseff RL (ed) Bitternes in foods and beverages. Developments in Food Science vol. 25. Elsevier Science Publishers B.V., pp 103–122[2](2) Khan, I.A., Abourashed, E.A., 2010. Leung’s Encyclopedia of Common Natural Ingredients Used in Food, Drugs, and Cosmetics, 3rd ed. John Wiley & Sons, Inc., Hoboken, New Jersey",,,,,,,,,,,,
PMTDB00271,CC1C2CCC(C3=C(C2OC1=O)C(CC3=O)(C)O)(C)O,bitter,"bitter[1](1) Chialva F, Dada G, 1990. Bitterness in alcoholic beverages. In: Rouseff RL (ed) Bitternes in foods and beverages. Developments in Food Science vol. 25. Elsevier Science Publishers B.V., pp 103–122[2](2) Khan, I.A., Abourashed, E.A., 2010. Leung’s Encyclopedia of Common Natural Ingredients Used in Food, Drugs, and Cosmetics, 3rd ed. John Wiley & Sons, Inc., Hoboken, New Jersey",,,,,,,,,,,,
PMTDB00272,CC1C2CCC(C)(O)C3=C(C2OC1=O)C(C)(O)CC3O,bitter,"bitter[1](1) Chialva F, Dada G, 1990. Bitterness in alcoholic beverages. In: Rouseff RL (ed) Bitternes in foods and beverages. Developments in Food Science vol. 25. Elsevier Science Publishers B.V., pp 103–122[2](2) Khan, I.A., Abourashed, E.A., 2010. Leung’s Encyclopedia of Common Natural Ingredients Used in Food, Drugs, and Cosmetics, 3rd ed. John Wiley & Sons, Inc., Hoboken, New Jersey",,,,,,,,,,,,
PMTDB00273,CC1C2CCC(C3=C(C2OC1=O)C(CC3O)(C)O)(C)O,bitter,"bitter[1](1) Chialva F, Dada G, 1990. Bitterness in alcoholic beverages. In: Rouseff RL (ed) Bitternes in foods and beverages. Developments in Food Science vol. 25. Elsevier Science Publishers B.V., pp 103–122[2](2) Khan, I.A., Abourashed, E.A., 2010. Leung’s Encyclopedia of Common Natural Ingredients Used in Food, Drugs, and Cosmetics, 3rd ed. John Wiley & Sons, Inc., Hoboken, New Jersey",,,,,,,,,,,,
PMTDB00274,CC1C2C3C(CCC2(C(CC1=O)O)C)C(=C)C(=O)O3,bitter,"bitter[1](1) Wiener A et al, 2012. BitterDB: a database of bitter compounds. Nucleic Acids Res 2012, 40 (Database issue): D413-419[2](2) Park, H., Cho, J., Baek, Y. et al. Identification of bitter components from Artemisia princeps Pamp.. Food Sci Biotechnol 25, 27–32 (2016)",,,,,,,,,,,,
PMTDB00275,CC1=CCCC(=CC(C2C(C1)OC(=O)C2=C)O)CO,bitter (insufficient evidence),"bitter (insufficient evidence)[1](1) Horn G et al, 2015. Cnicus benedictus as a potential low input oil crop. Eur. J. Lipid Sci. Technol. 117, 561–566[2](2) Wagner H, Bladt S, 1996. Bitter Drugs. In: Plant Drug Anal. Springer Berlin Heidelberg, Berlin, Heidelberg, pp 73–97",,,,,,,,,,,,
PMTDB00276,CC1C2C(CC3(C=CC(=O)C(=C3C2OC1=O)C)C)O,bitter,"bitter[1](1) Wiener A et al, 2012. BitterDB: a database of bitter compounds. Nucleic Acids Res 2012, 40 (Database issue): D413-419[2](2) Smith, A. et al, 2001. The Merck Index, Thirteenth Edition. (CD-ROM), Merck Co., Inc., Whitehouse Station. New Jersey, USA.",,,,,,,,,,,,
PMTDB00277,CC1CCC2C(C(=O)OC3C24C1CCC(O3)(OO4)C)C,bitter,"bitter[1](1) Brockhoff A et al, 2007. Broad tuning of the human bitter taste receptor hTAS2R46 to various sesquiterpene lactones, clerodane and labdane diterpenoids, strychnine, and denatonium. J Agric Food Chem 55: 6236–6243[2](2) Liu, Y. et al., 2009. Solubility of Artemisinin in Seven Different Pure Solvents from (283.15 to 323.15) K. J. Chem. Eng. Data 54, 762–764",,,,,,,,,,,,
PMTDB00278,CC1=CC2C(CCC(=C)C(CC1)O)C(=C)C(=O)O2,bitter,"bitter[1](1) Wiener A et al, 2012. BitterDB: a database of bitter compounds. Nucleic Acids Res 2012, 40 (Database issue): D413-419[2](2) Chialva F, Dada G, 1990. Bitterness in alcoholic beverages. In: Rouseff RL (ed) Bitternes in foods and beverages. Developments in Food Science vol. 25. Elsevier Science Publishers B.V., pp 103–122[3](3) Meyerhof W, et al 2010. The molecular receptive ranges of human TAS2R bitter taste receptors. Chem Senses 35: 157–170[4](4) Behrens M, Meyerhof W, 2017. The vertebrate gustatory system, in: Guichard, E., Salles, C., Morzel, M., Le Bon, A.-M. (Eds.), Flavour From Food to Perception. John Wiley & Sons, Ltd, Chichester, West Sussex Hoboken, NJ, pp. 57–78, doi.org/10.1002/9781118929384.ch3",,,,,,,,,,,,
PMTDB00279,CC(=O)OC(C)(C)C=CC(=O)C(C)(C1C(CC2(C1(CC(=O)C3(C2CC=C4C3CC(C(=O)C4(C)C)OC5C(C(C(C(O5)CO)O)O)O)C)C)C)O)O,bitter,"bitter[1](1) Yamada, Y.et al, 1977. Structures of arvenin I and II, bitter principles from Anagallis arvensis L. (Primulaceae). New cucurbitacin glucosides. Tetrahedron Lett. 24, 2099[2](2) Yamada, Y. et al, 1978. Isolation and structures of arvenins from Anagallis arvensis L. (Primulaceae). New cucurbitacin glucosides. Chem. Pharm. Bull. (Tokyo). 26, 3107–3112[3](3) Chen, Z.-T. et al., 2006. Cucurbitacin B 2-sulfate and cucurbitacin glucosides from the root bark of Helicteres angustifolia. Chem. Pharm. Bull. (Tokyo). 54, 1605–1607",,,,,,,,,,,,
PMTDB00280,CC(=O)OC(C)(C)CCC(=O)C(C)(C1C(CC2(C1(CC(=O)C3(C2CC=C4C3CC(C(=O)C4(C)C)OC5C(C(C(C(O5)CO)O)O)O)C)C)C)O)O,bitter,"bitter[1](1) Yamada, Y.et al, 1977. Structures of arvenin I and II, bitter principles from Anagallis arvensis L. (Primulaceae). New cucurbitacin glucosides. Tetrahedron Lett. 24, 2099[2](2) Yamada, Y. et al, 1978. Isolation and structures of arvenins from Anagallis arvensis L. (Primulaceae). New cucurbitacin glucosides. Chem. Pharm. Bull. (Tokyo). 26, 3107–3112",,,,,,,,,,,,
PMTDB00281,CC1(C2=CCC3C4(CC(C(C4(CC(=O)C3(C2CC(C1=O)OC5C(C(C(C(O5)CO)O)O)O)C)C)C(C)(C(=O)C=CC(C)(C)O)O)O)C)C,bitter,"bitter[1](1) Yamada, Y. et al, 1978. Isolation and structures of arvenins from Anagallis arvensis L. (Primulaceae). New cucurbitacin glucosides. Chem. Pharm. Bull. (Tokyo). 26, 3107–3112[2](2) Chen, Z.-T. et al., 2006. Cucurbitacin B 2-sulfate and cucurbitacin glucosides from the root bark of Helicteres angustifolia. Chem. Pharm. Bull. (Tokyo). 54, 1605–1607",,,,,,,,,,,,
PMTDB00282,[H]OC([H])([H])C1([H])OC([H])(OC2([H])C(=O)C(C3=C([H])C([H])([H])C4([H])C5(C([H])([H])[H])C([H])([H])C([H])(O[H])C([H])(C(O[H])(C(=O)C([H])([H])C([H])([H])C(O[H])(C([H])([H])[H])C([H])([H])[H])C([H])([H])[H])C5(C([H])([H])[H])C([H])([H])C(=O)C4(C([H])([H])[H])C3([H])C2([H])[H])(C([H])([H])[H])C([H])([H])[H])C([H])(O[H])C([H])(O[H])C1([H])O[H],bitter,"bitter[1](1) Yamada, Y. et al, 1978. Isolation and structures of arvenins from Anagallis arvensis L. (Primulaceae). New cucurbitacin glucosides. Chem. Pharm. Bull. (Tokyo). 26, 3107–3112",,,,,,,,,,,,
PMTDB00283,OC1CC2=CC=C(O)C(=C2)C2=C(O)C=CC(CC(O)C(O)C(=O)C1)=C2,bitter,"bitter[1](1) Yu M et al, 2020. Sensory-guided identification of bitter compounds in Hangbaizhi (Angelica Dahurica). Food Res. Int. 129, 108880[2](2) Singldinger B et al, 2017. The cyclic diarylheptanoid asadanin as the main contributor to the bitter off-taste in hazelnuts (Corylus avellana L.). Journal of Agricultural and Food Chemistry, 65 (8), 1677–1683.",,,,,,,,,,,,
PMTDB00284,CC=CC1=CC(=C(C=C1OC)OC)OC,pungent (sharp tasting),pungent (sharp tasting),,,,,,,,,,,,
PMTDB00285,CC1CC(C2(C(O1)OC3CC4CCC5C(C4(CC3O2)C=O)CCC6(C5(CCC6C7=CC(=O)OC7)O)C)O)OC(=O)C,bitter,"bitter[1](1) Sohn CE, 1894. Dictionary of the active principles of plants : alkaloids, bitter principles, glucosides, their sources, nature, and chemical characteristics, with tabular summary, classification of reactions, and full botanical and general indexes. Baillière, Tindall and Cox, London",,,,,,,,,,,,
PMTDB00286,C(C(C1C(=C(C(=O)O1)O)O)O)O,sour; bitter,"sour[1](1) Scharbert, S., Hofmann, T., 2005. Molecular definition of black tea taste by means of quantitative studies, taste reconstitution, and omission experiments. J. Agric. Food Chem. 53, 5377–5384[2](2) Moskowitz, H.R., 1971. Ratio scales of acid sourness. Percept. Psychophys. 9, 371–374[3](3) PubMed[4](4) Marsh, K.B. et al, 2006. Perception of flavour in standardised fruit pulps with additions of acids or sugars. Food Qual. Prefer. 17, 376–386; bitter[4](4) Marsh, K.B. et al, 2006. Perception of flavour in standardised fruit pulps with additions of acids or sugars. Food Qual. Prefer. 17, 376–386",,,,,,,,,,,,
PMTDB00287,COC1=CC(=C(C(=C1)OC2C(C(C(C(O2)CO)O)O)O)C(=O)CCC3=CC=C(C=C3)O)O,bitter,"bitter[1](1) Sohn CE, 1894. Dictionary of the active principles of plants : alkaloids, bitter principles, glucosides, their sources, nature, and chemical characteristics, with tabular summary, classification of reactions, and full botanical and general indexes. Baillière, Tindall and Cox, London",,,,,,,,,,,,
PMTDB00288,CC1CCC2(CCC3(C(=CCC4C3(CCC5C4(CC(C(C5(C)CO)O)O)C)C)C2C1C)C)C(=O)O,umami (tasteSensor) (insufficient evidence),"umami (tasteSensor) (insufficient evidence)[1](1) Islam, A.K.M.S. et al., 2003. Taste Profiling of Centella Asiatica by a Taste Sensor. Sensors Mater. 15, 209–218",,,,,,,,,,,,
PMTDB00289,CC1CCC2(CCC3(C(=CCC4C3(CCC5C4(CC(C(C5(C)CO)O)O)C)C)C2C1C)C)C(=O)OC6C(C(C(C(O6)COC7C(C(C(C(O7)CO)OC8C(C(C(C(O8)C)O)O)O)O)O)O)O)O,umami (tasteSensor) (insufficient evidence),"umami (tasteSensor) (insufficient evidence)[1](1) Islam, A.K.M.S. et al., 2003. Taste Profiling of Centella Asiatica by a Taste Sensor. Sensors Mater. 15, 209–218",,,,,,,,,,,,
PMTDB00290,C1C(CSS1)C(=O)O,astringent,"astringent[1](1) Dawid, C., Hofmann, T., 2012. Identification of sensory-active phytochemicals in asparagus (Asparagus officinalis L.). J. Agric. Food Chem. 60, 11877–11888",,,,,,,,,,,,
PMTDB00291,CC1C2C(CC3C2(CCC4C3CC=C5C4(CCC(C5)OC6C(C(C(C(O6)CO)OC7C(C(C(C(O7)C)O)O)O)O)OC8C(C(C(C(O8)C)O)O)O)C)C)OC1(CCC(C)COC9C(C(C(C(O9)CO)O)O)O)O,bitter,"bitter[1](1) Dawid, C., Hofmann, T., 2012. Structural and sensory characterization of bitter tasting steroidal saponins from asparagus spears (Asparagus officinalis L.). J. Agric. Food Chem. 60, 11889–11900[2](2) Kawano, K., Sato, H., Sakamura, S., 1977. A bitter principle of asparagus. II. Isolation and structure of furostanol saponin in asparagus edible shoots. Agric. Biol. Chem. 41, 1–8.[3](3) Fenwick GR, Curl CL, Griffiths NM, Heaney R.K. Price K.R., 1990. Bitter principles in food plants. In: Rouseff RL (ed) Bitternes in foods and beverages. Developments in Food Science vol. 25. Elsevier Science Publishers B.V., Amsterdam, pp 205–250",,,,,,,,,,,,
PMTDB00292,CCC12CCCN3C1C4(CC3)C(CC2)N(C5=C4C=CC=C5OC)C(=O)C,bitter,"bitter[1](1) Sohn, C.E., 1894. Dictionary of the active principles of plants : alkaloids, bitter principles, glucosides, their sources, nature, and chemical characteristics, with tabular summary, classification of reactions, and full botanical and general indexes. Baillière, Tindall and Cox, London.",,,,,,,,,,,,
PMTDB00293,CC1C(C(C(C(O1)OC2C(OC3=CC(=CC(=C3C2=O)O)O)C4=CC(=C(C=C4)O)O)O)O)O,astringent; non bitter;,"astringent[1](1) Hufnagel JC, Hofmann T, 2008. Orosensory-directed identification of astringent mouthfeel and bitter-tasting compounds in red wine. J Agric Food Chem 56: 1376–1386[2](2) Hufnagel, J.C., Hofmann, T., 2008. Quantitative reconstruction of the nonvolatile sensometabolome of a red wine. J. Agric. Food Chem. 56, 9190–9199; non bitter[1](1) Hufnagel JC, Hofmann T, 2008. Orosensory-directed identification of astringent mouthfeel and bitter-tasting compounds in red wine. J Agric Food Chem 56: 1376–1386;",,,,,,,,,,,,
PMTDB00294,C1=CC(=CC=C1C2=C(C(=O)C3=C(C=C(C=C3O2)O)O)OC4C(C(C(C(O4)CO)O)O)O)O,astringent,"astringent[1](1) Scharbert S et al, 2004. Identification of the Astringent Taste Compounds in Black Tea Infusions by Combining Instrumental Analysis and Human Bioresponse. J. Agric. Food Chem. 52, 3498–3508[2](2) Belitz HD, Grosch W, Schieberle P, 2009. Food chemistry, 4th ed, Food Chemistry. Springer Berlin Heidelberg. doi: 10.1007/978-3-540-69934-7[3](3) Schwarz, B., Hofmann, T., 2007. Sensory-guided decomposition of red currant juice (Ribes rubrum) and structure determination of key astringent compounds. J. Agric. Food Chem. 55, 1394–1404",,,,,,,,,,,,
PMTDB00295,CC(C)CC(=O)OC1C(OC2=C1C3=C(C=C2)C=CC(=O)O3)C(C)(C)OC(=O)CC(C)C,bitter,"bitter[1](1) Sohn CE, 1894. Dictionary of the active principles of plants : alkaloids, bitter principles, glucosides, their sources, nature, and chemical characteristics, with tabular summary, classification of reactions, and full botanical and general indexes. Baillière, Tindall and Cox, London",,,,,,,,,,,,
PMTDB00296,CN(C)CCC1=CC(=C(C2=C1C=CC3=CC=CC=C32)OC)OC,bitter,"bitter[1](1) Sohn CE, 1894. Dictionary of the active principles of plants : alkaloids, bitter principles, glucosides, their sources, nature, and chemical characteristics, with tabular summary, classification of reactions, and full botanical and general indexes. Baillière, Tindall and Cox, London",,,,,,,,,,,,
PMTDB00297,CC12CCCC3(C1CCC45C3CC(CC4)C(=C)C5O)C6N(C2)CCO6,bitter,"bitter[1](1) Sohn CE, 1894. Dictionary of the active principles of plants : alkaloids, bitter principles, glucosides, their sources, nature, and chemical characteristics, with tabular summary, classification of reactions, and full botanical and general indexes. Baillière, Tindall and Cox, London[2](2) Ukani MD et al, 1996. Aconitum heterophyllum (ativisha) in ayurveda. Anc Sci Life 16: 166–171[3](3) Verma, R.K., Tewari, V.P., 2016. Some important medicinal plants of cold desert regions of district Kinnaur of Himachal Pradesh state in India: their uses and chemical ingredients. J. Plant Chem. Ecophysiol 1, 1009.",,,,,,,,,,,,
PMTDB00298,CC1=CC(=C(C(=C1C(=O)OC2=C(C(=C(C(=C2)C)C(=O)OC)O)C)O)C=O)O,bitter,"bitter[1](1) Wiener A et al, 2012. BitterDB: a database of bitter compounds. Nucleic Acids Res 2012, 40 (Database issue): D413-419[2](2) Smith, A. et al, 2001. The Merck Index, Thirteenth Edition. (CD-ROM), Merck Co., Inc., Whitehouse Station. New Jersey, USA.",,,,,,,,,,,,
PMTDB00299,CN1C2CCC1CC(C2)OC(=O)C(=C)C3=CC=CC=C3,bitter,"bitter[1](1) Sohn CE, 1894. Dictionary of the active principles of plants : alkaloids, bitter principles, glucosides, their sources, nature, and chemical characteristics, with tabular summary, classification of reactions, and full botanical and general indexes. Baillière, Tindall and Cox, London",,,,,,,,,,,,
PMTDB00300,CN1C2CCC1CC(C2)OC(=O)C(CO)C3=CC=CC=C3,bitter,"bitter[1](1) Sohn CE, 1894. Dictionary of the active principles of plants : alkaloids, bitter principles, glucosides, their sources, nature, and chemical characteristics, with tabular summary, classification of reactions, and full botanical and general indexes. Baillière, Tindall and Cox, London[2](2) Bassoli A, Borgonovo G, Busnelli G, 2007 Alkaloids and the Bitter Taste. In: Fattorusso E, Taglialatela-Scafati O (eds) Mod. Alkaloids Struct. Isol. Synth. Biol. Wiley-VCH Verlag GmbH & Co. KGaA, Weinheim, Germany, pp 53–72[3](3) Li X et al, 2008. Identification of bitter ligands that specifically activate human t2r receptors and related assays for identifying human bitter taste modulators[5](5) Lossow, K. et al, 2016. Comprehensive Analysis of Mouse Bitter Taste Receptors Reveals Different Molecular Receptive Ranges for Orthologous Receptors in Mice and Humans. J. Biol. Chem. 291, 15358–15377",,,,,,,,,,,,
PMTDB00301,C1=COC(C2C1C(C=C2CO)O)OC3C(C(C(C(O3)CO)O)O)O,bitter,"bitter[1](1) Thomas, R., 1961. A possible biosynthetic relationship between the cyclopentanoid monoterpenes and the indole alkaloids. Tetrahedron Lett. 2, 544–553[2](2) Wagner H, Bladt S (1996) Bitter Drugs. In: Plant Drug Anal. Springer Berlin Heidelberg, Berlin, Heidelberg, pp 73–97[3](3) Ntie-Kang, F., 2019. Mechanistic role of plant-based bitter principles and bitterness prediction for natural product studies II: prediction tools and case studies. Phys. Sci. Rev. 4, 1–16",,,,,,,,,,,,
PMTDB00302,COC1=CC=C(C=C1O)C1CC(=O)C2=C(O)C=C(OC3OC(COC4OC(C)C(O)C(O)C4O)C(O)C(O)C3O)C=C2O1,bitter,"bitter[1](1) Sohn CE, 1894. Dictionary of the active principles of plants : alkaloids, bitter principles, glucosides, their sources, nature, and chemical characteristics, with tabular summary, classification of reactions, and full botanical and general indexes. Baillière, Tindall and Cox, London[2](2) Ali, M., 1998. Textbook of pharmacognosy. CBS Publishers & Distributors. New Delhi, 2nd edition",,,,,,,,,,,,
PMTDB00303,CC1C2C(CC3C2(CCC4C3CC=C5C4(CCC(C5)OC6C(C(C(C(O6)CO)OC7C(C(C(C(O7)CO)O)O)O)O)OC8C(C(C(C(O8)C)O)O)O)C)C)OC19CCC(O9)(C)COC1C(C(C(C(O1)CO)O)O)O,bitter,"bitter[1](1) Wiener A et al, 2012. BitterDB: a database of bitter compounds. Nucleic Acids Res 2012, 40 (Database issue): D413-419[2](2) Günther-Jordanland K, Dawid C, Dietz M, Hofmann T (2016). Key Phytochemicals Contributing to the Bitter Off-Taste of Oat (Avena sativa L.). J Agric Food Chem 64 (51): 9639-9652.",,,,,,,,,,,,
PMTDB00304,CC1C2C(CC3C2(CCC4C3CC=C5C4(CCC(C5)OC6C(C(C(C(O6)CO)OC7C(C(C(C(O7)CO)O)OC8C(C(C(C(O8)CO)O)O)O)O)O)OC9C(C(C(C(O9)C)O)O)O)C)C)OC11CCC(O1)(C)COC1C(C(C(C(O1)CO)O)O)O,bitter,"bitter[1](1) Wiener A et al, 2012. BitterDB: a database of bitter compounds. Nucleic Acids Res 2012, 40 (Database issue): D413-419[2](2) Günther-Jordanland K, Dawid C, Dietz M, Hofmann T (2016). Key Phytochemicals Contributing to the Bitter Off-Taste of Oat (Avena sativa L.). J Agric Food Chem 64 (51): 9639-9652.",,,,,,,,,,,,
PMTDB00305,C1=CC=C(C(=C1)C(=O)O)NC(=O)C=CC2=CC(=C(C=C2)O)O,astringent; bitter;,"astringent[1](1) Günther-Jordanland, K. et al, 2016. Key Phytochemicals Contributing to the Bitter Off-Taste of Oat (Avena sativa L.). J. Agric. Food Chem. 64, 9639–9652; bitter[1](1) Günther-Jordanland, K. et al, 2016. Key Phytochemicals Contributing to the Bitter Off-Taste of Oat (Avena sativa L.). J. Agric. Food Chem. 64, 9639–9652[2](2) Günther-Jordanland, K. et al., 2020. Quantitation and Taste Contribution of Sensory Active Molecules in Oat (Avena sativa L.). J. Agric. Food Chem. 68, 10097–10108[3](3) Wiener A et al, 2012. BitterDB: a database of bitter compounds. Nucleic Acids Res 2012, 40 (Database issue): D413-419;",,,,,,,,,,,,
PMTDB00306,COC1=C(C=CC(=C1)C=CC(=O)NC2=CC=CC=C2C(=O)O)O,astringent; bitter;,"astringent[1](1) Günther-Jordanland, K. et al, 2016. Key Phytochemicals Contributing to the Bitter Off-Taste of Oat (Avena sativa L.). J. Agric. Food Chem. 64, 9639–9652; bitter[1](1) Günther-Jordanland, K. et al, 2016. Key Phytochemicals Contributing to the Bitter Off-Taste of Oat (Avena sativa L.). J. Agric. Food Chem. 64, 9639–9652[2](2) Günther-Jordanland, K. et al., 2020. Quantitation and Taste Contribution of Sensory Active Molecules in Oat (Avena sativa L.). J. Agric. Food Chem. 68, 10097–10108[3](3) Wiener A et al, 2012. BitterDB: a database of bitter compounds. Nucleic Acids Res 2012, 40 (Database issue): D413-419;",,,,,,,,,,,,
PMTDB00307,C1=CC=C(C(=C1)C(=O)O)NC(=O)C=CC2=CC=C(C=C2)O,astringent; bitter;,"astringent[1](1) Günther-Jordanland, K. et al, 2016. Key Phytochemicals Contributing to the Bitter Off-Taste of Oat (Avena sativa L.). J. Agric. Food Chem. 64, 9639–9652; bitter[1](1) Günther-Jordanland, K. et al, 2016. Key Phytochemicals Contributing to the Bitter Off-Taste of Oat (Avena sativa L.). J. Agric. Food Chem. 64, 9639–9652[2](2) Günther-Jordanland, K. et al., 2020. Quantitation and Taste Contribution of Sensory Active Molecules in Oat (Avena sativa L.). J. Agric. Food Chem. 68, 10097–10108[3](3) Wiener A et al, 2012. BitterDB: a database of bitter compounds. Nucleic Acids Res 2012, 40 (Database issue): D413-419;",,,,,,,,,,,,
PMTDB00308,COC1=CC(=CC(=C1O)OC)C=CC(=O)NC2=CC=CC=C2C(=O)O,astringent; bitter;,"astringent[1](1) Günther-Jordanland, K. et al, 2016. Key Phytochemicals Contributing to the Bitter Off-Taste of Oat (Avena sativa L.). J. Agric. Food Chem. 64, 9639–9652; bitter[1](1) Günther-Jordanland, K. et al, 2016. Key Phytochemicals Contributing to the Bitter Off-Taste of Oat (Avena sativa L.). J. Agric. Food Chem. 64, 9639–9652[2](2) Günther-Jordanland, K. et al., 2020. Quantitation and Taste Contribution of Sensory Active Molecules in Oat (Avena sativa L.). J. Agric. Food Chem. 68, 10097–10108[3](3) Wiener A et al, 2012. BitterDB: a database of bitter compounds. Nucleic Acids Res 2012, 40 (Database issue): D413-419;",,,,,,,,,,,,
PMTDB00309,C1=CC(=C(C=C1C=CC(=O)NC2=C(C=C(C=C2)O)C(=O)O)O)O,astringent; bitter;,"astringent[1](1) Günther-Jordanland, K. et al, 2016. Key Phytochemicals Contributing to the Bitter Off-Taste of Oat (Avena sativa L.). J. Agric. Food Chem. 64, 9639–9652; bitter[1](1) Günther-Jordanland, K. et al, 2016. Key Phytochemicals Contributing to the Bitter Off-Taste of Oat (Avena sativa L.). J. Agric. Food Chem. 64, 9639–9652[2](2) Günther-Jordanland, K. et al., 2020. Quantitation and Taste Contribution of Sensory Active Molecules in Oat (Avena sativa L.). J. Agric. Food Chem. 68, 10097–10108[3](3) Wiener A et al, 2012. BitterDB: a database of bitter compounds. Nucleic Acids Res 2012, 40 (Database issue): D413-419;",,,,,,,,,,,,
PMTDB00310,COC1=C(C=CC(=C1)C=CC(=O)NC2=C(C=C(C=C2)O)C(=O)O)O,astringent; bitter;,"astringent[1](1) Günther-Jordanland, K. et al, 2016. Key Phytochemicals Contributing to the Bitter Off-Taste of Oat (Avena sativa L.). J. Agric. Food Chem. 64, 9639–9652; bitter[1](1) Günther-Jordanland, K. et al, 2016. Key Phytochemicals Contributing to the Bitter Off-Taste of Oat (Avena sativa L.). J. Agric. Food Chem. 64, 9639–9652[2](2) Günther-Jordanland, K. et al., 2020. Quantitation and Taste Contribution of Sensory Active Molecules in Oat (Avena sativa L.). J. Agric. Food Chem. 68, 10097–10108[3](3) Wiener A et al, 2012. BitterDB: a database of bitter compounds. Nucleic Acids Res 2012, 40 (Database issue): D413-419;",,,,,,,,,,,,
PMTDB00311,C1=CC(=CC=C1C=CC(=O)NC2=C(C=C(C=C2)O)C(=O)O)O,astringent; bitter;,"astringent[1](1) Günther-Jordanland, K. et al, 2016. Key Phytochemicals Contributing to the Bitter Off-Taste of Oat (Avena sativa L.). J. Agric. Food Chem. 64, 9639–9652; bitter[1](1) Günther-Jordanland, K. et al, 2016. Key Phytochemicals Contributing to the Bitter Off-Taste of Oat (Avena sativa L.). J. Agric. Food Chem. 64, 9639–9652[2](2) Günther-Jordanland, K. et al., 2020. Quantitation and Taste Contribution of Sensory Active Molecules in Oat (Avena sativa L.). J. Agric. Food Chem. 68, 10097–10108[3](3) Wiener A et al, 2012. BitterDB: a database of bitter compounds. Nucleic Acids Res 2012, 40 (Database issue): D413-419;",,,,,,,,,,,,
PMTDB00312,COC1=CC(=CC(=C1O)OC)C=CC(=O)NC2=C(C=C(C=C2)O)C(=O)O,astringent; bitter;,"astringent[1](1) Günther-Jordanland, K. et al, 2016. Key Phytochemicals Contributing to the Bitter Off-Taste of Oat (Avena sativa L.). J. Agric. Food Chem. 64, 9639–9652; bitter[1](1) Günther-Jordanland, K. et al, 2016. Key Phytochemicals Contributing to the Bitter Off-Taste of Oat (Avena sativa L.). J. Agric. Food Chem. 64, 9639–9652[2](2) Günther-Jordanland, K. et al., 2020. Quantitation and Taste Contribution of Sensory Active Molecules in Oat (Avena sativa L.). J. Agric. Food Chem. 68, 10097–10108[3](3) Wiener A et al, 2012. BitterDB: a database of bitter compounds. Nucleic Acids Res 2012, 40 (Database issue): D413-419;",,,,,,,,,,,,
PMTDB00313,C=CCCCCCCCCCCCC(CC(CO)O)O,bitter,"bitter[1](1) Wiener A et al, 2012. BitterDB: a database of bitter compounds. Nucleic Acids Res 2012, 40 (Database issue): D413-419[2](2) Degenhardt AG, Hofmann T (2010). Bitter-tasting and kokumi-enhancing molecules in thermally processed avocado (Persea americana Mill.). J Agric Food Chem 58 (24): 12906-15",,,,,,,,,,,,
PMTDB00314,C#CCCCCCCCCCCCC(CC(CO)O)O,bitter,"bitter[1](1) Wiener A et al, 2012. BitterDB: a database of bitter compounds. Nucleic Acids Res 2012, 40 (Database issue): D413-419[2](2) Degenhardt AG, Hofmann T (2010). Bitter-tasting and kokumi-enhancing molecules in thermally processed avocado (Persea americana Mill.). J Agric Food Chem 58 (24): 12906-15",,,,,,,,,,,,
PMTDB00315,CC=C(C)C(=O)OC1CC(C2(COC3C2C14COC(C4C(C3O)(C)C56C7CC(C5(O6)C)C8(C=COC8O7)O)(C(=O)OC)O)C(=O)OC)OC(=O)C,bitter,"bitter[1](1) Baas WJ, 1985. Naturally occurring seco-ring-a-triterpenoids and their possible biological significance. Phytochemistry 24: 1875–1889[2](2) Morgan ED, Wilson ID, 1999. Insect Hormones and Insect Chemical Ecology. In: Otto M-C, Sir Derek B, Koji N (eds) Comprehensive Natural Products Chemistry. pp 263–375[3](3) Ntie-Kang, F., 2019. Mechanistic role of plant-based bitter principles and bitterness prediction for natural product studies II: prediction tools and case studies. Phys. Sci. Rev. 4, 1–16[4](4) Anuradha, A., Annadurai, R.S., 2008. Biochemical and molecular evidence of azadirachtin binding to insect actins. Curr. Sci. 95: 1588-1593[5](5) Weiss, L.A. et al, 2011. The Molecular and Cellular Basis of Bitter Taste in Drosophila. Neuron 69, 258–272",,,,,,,,,,,,
PMTDB00316,C(CCCC(=O)O)CCCC(=O)O,bitter; pungent (scratchy),"bitter[1](1) Lainer J et al, 2019. Characterization of Bitter-Tasting Oxylipins in Poppy Seeds (Papaver somniferum L.). J. Agric. Food Chem.; pungent (scratchy)[1](1) Lainer J et al, 2019. Characterization of Bitter-Tasting Oxylipins in Poppy Seeds (Papaver somniferum L.). J. Agric. Food Chem.",,,,,,,,,,,,
PMTDB00317,CC1(C2CCC=C3C2(CC(=O)C1(C)O)COC3=O)CCC4=CC(=O)OC4,bitter,"bitter[1](1) Akaike S et al, 2003. A new ent-clerodane diterpene from the aerial parts of Baccharis gaudichaudiana. Chem. Pharm. Bull. 51, 197–199.",,,,,,,,,,,,
PMTDB00318,C1=CC=C(C=C1)C2=CC(=O)C3=C(O2)C=C(C(=C3O)O)O,bitter,"bitter[1](1) Behrens M et al, 2018. Bitter substances from plants used in traditional Chinese medicine exert biased activation of human bitter taste receptors. Chem Biol Drug Des. 2018;91 (2): 422-433",,,,,,,,,,,,
PMTDB00319,C1=CC=C(C=C1)C2=CC(=O)C3=C(C(=C(C=C3O2)OC4C(C(C(C(O4)C(=O)O)O)O)O)O)O,bitter,"bitter[1](1) Behrens M et al, 2018. Bitter substances from plants used in traditional Chinese medicine exert biased activation of human bitter taste receptors. Chem Biol Drug Des. 2018;91 (2): 422-433",,,,,,,,,,,,
PMTDB00320,CC1=C(C2(CCC(C(C2CC1)(C)C)O)C)CCC3=COC=C3,sweet,"sweet[1](1) Tanaka T et al, 1985. Sweet and bitter principles of the Chinese plant drug, Bai-Yun-Shen: revision of the assignment of the source plant and isolation of two new diterpene glycosides. Chem. Pharm. Bull. 33, 4275–4280.",,,,,,,,,,,,
PMTDB00321,CC1=C(C2(CCC(C(C2CC1)(C)C)OC3C(C(C(C(O3)CO)O)O)OC4C(C(C(CO4)O)O)O)C)CCC5=COC=C5,sweet,"sweet[1](1) Tanaka T et al, 1985. Sweet and bitter principles of the Chinese plant drug, Bai-Yun-Shen: revision of the assignment of the source plant and isolation of two new diterpene glycosides. Chem. Pharm. Bull. 33, 4275–4280.[2](2) Ҫiçek, S.S., 2020. Structure-Dependent Activity of Plant-Derived Sweeteners. Molecules 25, 1946.",,,,,,,,,,,,
PMTDB00322,CC1=C(C2(CCC(C(C2CC1)(C)C)OC3C(C(C(C(O3)CO)O)O)OC4C(C(C(CO4)O)O)O)C)CCC5=COC=C5,sweet,"sweet[1](1) Tanaka T, et al, 1985. Sweet and Bitter Principles of the Chinese Plant Drug, Bai-Yun-Shen: Revision of the Assignment of the Source Plant and Isolation of Two New Diterpene Glycosides, J Chem Pharm. Bull 1985,33,4275-4280[2](2) Katagiri, M.et al., 1994. Diterpenoid glycosyl esters from Phlomis younghusbandii and P. medicinalis roots. Phytochemistry 35, 439–442",,,,,,,,,,,,
PMTDB00323,C=CC1C2CCNC(=O)C2=COC1OC3C(C(C(C(O3)CO)O)O)O,bitter;,"bitter[1](1) Wiener A et al, 2012. BitterDB: a database of bitter compounds. Nucleic Acids Res 2012, 40 (Database issue): D413-419[2](2) Smith, A. et al, 2001. The Merck Index, Thirteenth Edition. (CD-ROM), Merck Co., Inc., Whitehouse Station. New Jersey, USA.;",,,,,,,,,,,,
PMTDB00324,CN1CCC2=CC(=C3C=C2C1CC4=CC=C(C=C4)OC5=C6C(CC7=CC(=C(C=C7)O)O3)N(CCC6=CC(=C5O)OC)C)OC,bitter,"bitter[1](1) Sohn CE, 1894. Dictionary of the active principles of plants : alkaloids, bitter principles, glucosides, their sources, nature, and chemical characteristics, with tabular summary, classification of reactions, and full botanical and general indexes. Baillière, Tindall and Cox, London",,,,,,,,,,,,
PMTDB00325,CN1C2CCC1CC(C2)OC(=O)C3CCC(C4=CC=CC=C34)(C5=CC=CC=C5)C(=O)OC6CC7CCC(C6)N7C,Bitter(insufficient evidence); pungent (burning) (insufficient evidence),"Bitter(insufficient evidence)[1](1) Sohn C.E., 1894. Dictionary of the active principles of plants : alkaloids, bitter principles, glucosides, their sources, nature, and chemical characteristics, with tabular summary, classification of reactions, and full botanical and general indexes. Baillière, Tindall and Cox, London; pungent (burning) (insufficient evidence)[1](1) Sohn C.E., 1894. Dictionary of the active principles of plants : alkaloids, bitter principles, glucosides, their sources, nature, and chemical characteristics, with tabular summary, classification of reactions, and full botanical and general indexes. Baillière, Tindall and Cox, London",,,,,,,,,,,,
PMTDB00326,CCN1CC2(C(CC(C34C2C(C(C31)C5(C6C4CC(C6OC(=O)C7=CC=CC=C7)(C(C5O)OC)O)O)OC)OC)O)COC,bitter (insufficient evidence),"bitter (insufficient evidence)[1](1) Sohn CE, 1894. Dictionary of the active principles of plants : alkaloids, bitter principles, glucosides, their sources, nature, and chemical characteristics, with tabular summary, classification of reactions, and full botanical and general indexes. Baillière, Tindall and Cox, London",,,,,,,,,,,,
PMTDB00327,C1=CC=C(C=C1)C=O,bitter; pungent (burning); sweet;,"bitter[1](1) Hedin PA, Miles LR, etal, 1968. Constituents of cotton bud. Formulation of boll weevil feeding stimulant mixtures. J Agric Food Chem 16: 505–513[2](2) Kim, S. et al., 2016. PubChem Substance and Compound databases. Nucleic Acids Res. 44, D1202–D1213[3](3) Wiener A et al, 2012. BitterDB: a database of bitter compounds. Nucleic Acids Res 2012, 40 (Database issue): D413-419[4](4) Burdock GA, 2010. Fenaroli’s Handbook of Flavor Ingredients, Sixth. CRC Press, Taylor and Francis Group, Boca Raton London New York; pungent (burning)[1](1) Hedin PA, Miles LR, etal, 1968. Constituents of cotton bud. Formulation of boll weevil feeding stimulant mixtures. J Agric Food Chem 16: 505–513[2](2) Kim, S. et al., 2016. PubChem Substance and Compound databases. Nucleic Acids Res. 44, D1202–D1213[3](3) Wiener A et al, 2012. BitterDB: a database of bitter compounds. Nucleic Acids Res 2012, 40 (Database issue): D413-419[5](5) Smith, A. et al, 2001. The Merck Index, Thirteenth Edition. (CD-ROM), Merck Co., Inc., Whitehouse Station. New Jersey, USA.[6](6) Arctander, S., 1969. Perfume and Flavor Chemicals (Aroma Chemicals) Vol.1. Allured Publishing Corporation; sweet[6](6) Arctander, S., 1969. Perfume and Flavor Chemicals (Aroma Chemicals) Vol.1. Allured Publishing Corporation;",,,,,,,,,,,,
PMTDB00328,C1=CC=C(C=C1)C(=O)N,bitter,"bitter[1](1) Meyerhof W. et al, 2010. The molecular receptive ranges of human TAS2R bitter taste receptors. Chem Senses 35: 157–170[2](2) Behrens, M., Meyerhof, W., 2017. The vertebrate gustatory system, in: Guichard, E., Salles, C., Morzel, M., Le Bon, A.-M. (Eds.), Flavour From Food to Perception. John Wiley & Sons, Ltd, Chichester, West Sussex Hoboken, NJ, pp. 57–78.[3](3) Wiener A et al, 2012. BitterDB: a database of bitter compounds. Nucleic Acids Res 2012, 40 (Database issue): D413-419",,,,,,,,,,,,
PMTDB00329,C1=CC=C(C=C1)C(=O)O,pungent; sour; bitter (insufficient evidence) (counterevidence); sweet,"pungent[2](2) Otero-Losada, M. E., 1999. A kinetic study on benzoic acid pungency and sensory attributes of benzoic acid. Chemical Senses, 24 (3), 245–253[3](3) Peleg, H., Noble, A. C., 1995. Perceptual Properties of Benzoic Acid Derivatives. Chemical Senses, 20 (4), 393–400[4](4) Caballero, B., Trugo, L. C., & Finglas, P. M. (2003). Encyclopedia of food sciences and nutrition (2nd ed.; B. Caballero, L. C. Trugo, & P. M. Finglas, eds.). Academic Press.; sour[2](2) Otero-Losada, M. E., 1999. A kinetic study on benzoic acid pungency and sensory attributes of benzoic acid. Chemical Senses, 24 (3), 245–253[3](3) Peleg, H., Noble, A. C., 1995. Perceptual Properties of Benzoic Acid Derivatives. Chemical Senses, 20 (4), 393–400; bitter (insufficient evidence)[3](3) Peleg, H., Noble, A. C., 1995. Perceptual Properties of Benzoic Acid Derivatives. Chemical Senses, 20 (4), 393–400(counterevidence)[4](4) Caballero, B., Trugo, L. C., & Finglas, P. M. (2003). Encyclopedia of food sciences and nutrition (2nd ed.; B. Caballero, L. C. Trugo, & P. M. Finglas, eds.). Academic Press.; sweet[1](1) Belitz HD, Chen W, et al, 1979. Sweet and Bitter Compounds: Structure and Taste Relationship. In: Food Tast. Chem. American Chemical Society, pp 93–131[2](2) Otero-Losada, M. E., 1999. A kinetic study on benzoic acid pungency and sensory attributes of benzoic acid. Chemical Senses, 24 (3), 245–253[3](3) Peleg, H., Noble, A. C., 1995. Perceptual Properties of Benzoic Acid Derivatives. Chemical Senses, 20 (4), 393–400",,,,,,,,,,,,
PMTDB00330,C1=CC=C(C=C1)C(C(=O)C2=CC=CC=C2)O,bitter; pungent; acrid;,"bitter[1](1) Meyerhof Wet al, 2010. The molecular receptive ranges of human TAS2R bitter taste receptors. Chem Senses 35: 157–170[2](2) Smith, A. et al, 2001. The Merck Index, Thirteenth Edition. (CD-ROM), Merck Co., Inc., Whitehouse Station. New Jersey, USA.[3](3) Wiener A et al, 2012. BitterDB: a database of bitter compounds. Nucleic Acids Res 2012, 40 (Database issue): D413-419[4](4) Karaman, R. et al, 2016. Probing the binding pocket of the broadly tuned human bitter taste receptor TAS2R14 by chemical modification of cognate agonists. Chem. Biol. Drug Des. 88, 66–75.; pungent[6](6) Burdock GA, 2010. Fenaroli’s Handbook of Flavor Ingredients, Sixth. CRC Press, Taylor and Francis Group, Boca Raton London New York; acrid[5](5) Kim, S. et al., 2016. PubChem Substance and Compound databases. Nucleic Acids Res. 44, D1202–D1213;",,,,,,,,,,,,
PMTDB00331,CCCC(=O)OCC1=CC=CC=C1,sweet,"sweet[1](1) Burdock GA, 2010. Fenaroli’s Handbook of Flavor Ingredients, Sixth. CRC Press, Taylor and Francis Group, Boca Raton London New York",,,,,,,,,,,,
PMTDB00332,C1=CC=C(C=C1)COC(=O)C=CC2=CC=CC=C2,sweet,"sweet[1](1) Burdock GA, 2010. Fenaroli’s Handbook of Flavor Ingredients, Sixth. CRC Press, Taylor and Francis Group, Boca Raton London New York",,,,,,,,,,,,
PMTDB00333,C1=CC=C(C=C1)COC2C(C(C(C(O2)CO)O)O)O,bitter; astringent;,"bitter[1](1) Schwarz, B., Hofmann, T., 2007. Sensory-guided decomposition of red currant juice (Ribes rubrum) and structure determination of key astringent compounds. J. Agric. Food Chem. 55, 1394–1404[2](2) Birch G G, Lindley M G, 1973. Structural functions of taste in the sugar series. Effects of aglycons on the sensory properties of simple glycoside structures. J. Food Sci. 38, 665-667.; astringent[1](1) Schwarz, B., Hofmann, T., 2007. Sensory-guided decomposition of red currant juice (Ribes rubrum) and structure determination of key astringent compounds. J. Agric. Food Chem. 55, 1394–1404;",,,,,,,,,,,,
PMTDB00334,CN1CCC2=CC(=C3C=C2C1CC4=CC=C(C=C4)OC5=C(C=CC(=C5)CC6C7=C(O3)C(=C(C=C7CCN6C)OC)OC)O)OC,bitter,"bitter[1](1) Song, X.-Y., Kong, L.-L., Chen, N.-H., 2018. Berbamine, in: Du, G.-H. (Ed.), Natural Small Molecule Drugs from Plants. Springer Singapore, Singapore, pp. 485–489[2](2) Behrens M et al, 2018. Bitter substances from plants used in traditional Chinese medicine exert biased activation of human bitter taste receptors. Chem Biol Drug Des. 91 (2): 422-433",,,,,,,,,,,,
PMTDB00335,COC1=C(C2=C[N+]3=C(C=C2C=C1)C4=CC5=C(C=C4CC3)OCO5)OC,bitter,"bitter[1](1) Wang, Y. et al, 2007. [Establishment of bitterness appraisal method of Chinese drugs and preparation[2](2) Mander LN, Liu H, Townsend CA, Ebizuka Y, 2010. Comprehensive natural products II : chemistry and biology, Volume I, Natural Products Structural Diversity. Secondary Metabolites. Organization and Biosynthesis, First.[3](3) Wiener A et al, 2012. BitterDB: a database of bitter compounds. Nucleic Acids Res 2012, 40 (Database issue): D413-419[4](4) Sharma KM, Mukesh B (2013) Significance of Plant Bitters in the Field of Pharmacognosy. Asian J Pharmacutical Technol Innov 1: 3–12.[5](5) Yu, Y. et al, 2015. Berberine induces GLP-1 secretion through activation of bitter taste receptor pathways. Biochem. Pharmacol. 97, 173–177[6](6) Kataoka, M. et al, 2008. The taste sensory evaluation of medicinal plants and Chinese medicines. Int. J. Pharm. 351, 36–44[7](7) Wang, C. et al, 2016. Sweet Berberine. Cryst. Growth Des. 16, 933–939[8](8) Yue, X. et al, 2018. Berberine activates bitter taste responses of enteroendocrine STC-1 cells. Mol. Cell. Biochem. 447, 21–32[9](9) Wang, Y. et al, 2013. Sensory evaluation of the taste of berberine hydrochloride using an Electronic Tongue. Fitoterapia 86, 137–143[10](10) Behrens M et al, 2018. Bitter substances from plants used in traditional Chinese medicine exert biased activation of human bitter taste receptors. Chem Biol Drug Des. 91 (2): 422-433",,,,,,,,,,,,
PMTDB00336,COC1=C2C=CC(=O)OC2=CC3=C1C=CO3,"bitter, pungent (insufficient evidence)","bitter[1](1) Dreyer DL, 1966. Citrus bitter principles-v. Botanical distribution and chemotaxonomy in the Rutaceae. Phytochemistry 5: 367–378.[2](2) Steglich, W., Fugmann, B., Lang-Fugmann, S., 2000. Römpp encyclopedia natural products. Georg Thieme Verlag, Leverkusen, Ratingen, Munich, Germany. 784 pp[3](3) Mancuso, G. et al, 2015. Phytochemicals from Ruta graveolens Activate TAS2R Bitter Taste Receptors and TRP Channels Involved in Gustation and Nociception. Molecules 20, 18907–18922[4](4) Wiener A et al, 2012. BitterDB: a database of bitter compounds. Nucleic Acids Res 2012, 40 (Database issue): D413-419[5](5) Yu, M. et al, 2020. Sensory-guided identification of bitter compounds in Hangbaizhi (Angelica Dahurica). Food Res. Int. 129, 108880, pungent (insufficient evidence)[2](2) Steglich, W., Fugmann, B., Lang-Fugmann, S., 2000. Römpp encyclopedia natural products. Georg Thieme Verlag, Leverkusen, Ratingen, Munich, Germany. 784 pp",,,,,,,,,,,,
PMTDB00337,COC1=C(C=C2C(=C1O)C3C(C(C(C(O3)CO)O)O)OC2=O)O,bitter,"bitter[1](1) Sohn CE, 1894. Dictionary of the active principles of plants : alkaloids, bitter principles, glucosides, their sources, nature, and chemical characteristics, with tabular summary, classification of reactions, and full botanical and general indexes. Baillière, Tindall and Cox, London[2](2) Xu, L.-J., Liu, A.-L., Du, G.-H., 2018. Bergenin, in: Du, G.-H. (Ed.), Natural Small Molecule Drugs from Plants. Springer Singapore, Singapore, pp. 379–384. doi: 10.1007/978-981-10-8022-7_63[3](3) Arisawa, M., 1994. A review of the biological activity and chemistry of Mallotus japonicus (Euphorbiaceae). Phytomedicine 1, 261–269",,,,,,,,,,,,
PMTDB00338,CCOC1C2OC(=O)C3=C(C(O)=C(O)C(O)=C13)C1=C(O)C(O)=C(O)C3=C1C(=O)OC2C1OC(=O)C2=CC(O)=C(O)C(O)=C2C2=C(O)C(O)=C(O)C=C2C(=O)OCC1OC(=O)C1=CC(O)=C(O)C(O)=C31,astringent; bitter;,"astringent[1](1) Stark, T.et al., 2010. Matrix-calibrated LC-MS/MS quantitation and sensory evaluation of oak ellagitannins and their transformation products in red wines. J. Agric. Food Chem. 58, 6360–6369; bitter[1](1) Stark, T.et al., 2010. Matrix-calibrated LC-MS/MS quantitation and sensory evaluation of oak ellagitannins and their transformation products in red wines. J. Agric. Food Chem. 58, 6360–6369;",,,,,,,,,,,,
PMTDB00339,CC1CCC2C(C3C(N2C1)CC4C3(CCC5C4CC=C6C5(CCC(C6)OC7C(C(C(C(O7)CO)OC8C(C(C(C(O8)C)O)O)O)O)O)C)C)C,bitter,"bitter[1](1) Bassoli A, Borgonovo G, Busnelli G, 2007. Alkaloids and the Bitter Taste. In: Fattorusso E, Taglialatela-Scafati O (eds) Modern Alkaloids: Structure, Isolation, Synthesis and Biology. Wiley-VCH Verlag GmbH & Co. KGaA, Weinheim, Germany, pp 53–72",,,,,,,,,,,,
PMTDB00340,CC1(CCC(=O)C2(C1(C(C(C3C2CC4=C(C3(C)O)C=CO4)O)O)O)C)C,bitter,"bitter[1](1) Ali, M.E. et al, 1960. Bitter constituents from Caesalpinia bonducella Flem. Chem. Ind. 463–464[2](2) Canonica, L. et al, 1963. Bitter principles of caesalpinia bonducella. Tetrahedron Lett. 4, 2079–2086[3](3) Singh AS, 2011. Herbalism , Phytochemistry and Ethnopharmacology. Science Publishers, CRC Press Taylor & Francis Group, Enfield USA (insufficient evidence)[4](4) Cocker W, 1966. Some aspects of the chemistry of diterpene bitter principles. Planta Med 14: 78–85",,,,,,,,,,,,
PMTDB00341,C\C(\C=C\C=C(/C)\C=C\C1=C(C)CCCC1(C)C)=C/C=C/C=C(\C)/C=C/C=C(\C)/C=C/C1=C(C)CCCC1(C)C,bitter,"bitter[1](1) Wiener A et al, 2012. BitterDB: a database of bitter compounds. Nucleic Acids Res 2012, 40 (Database issue): D413-419[2](2) Lossow K et al, 2016. Comprehensive Analysis of Mouse Bitter Taste Receptors Reveals Different Molecular Receptive Ranges for Orthologous Receptors in Mice and Humans. J Biol Chem;291 (29): 15358-77.",,,,,,,,,,,,
PMTDB00342,CC1=CCCC(=C)C2CC(C2CC1)(C)C,bitter,"bitter[1](1) Arctander, S., 1969. Perfume and Flavor Chemicals (Aroma Chemicals) Vol.1. Allured Publishing Corporation",,,,,,,,,,,,
PMTDB00343,COC1CC23C4=C(CCN2CC=C3C=C1)COC(=O)C4,bitter,"bitter[1](1) Saroli A, 1986. Structure-activity relationship of bitter compounds related to denatonium chloride and dipeptide methyl esters. Zeitschrift für Leb und Forsch 182: 118–120",,,,,,,,,,,,
PMTDB00344,C1=C(C=C(C(=C1O)O)O)C(=O)OC2C(C(C(C(O2)CO)O)O)O,bitter,"bitter[1](1) Smith A, Heckelman P E, Obenchain JR, Gallipeau JAR, D’Arecca M A, Budavari S, 2001. The Merck Index, Thirteenth Edition. (CD-ROM), Merck & Co., Inc., Whitehouse Station, New Jersey, USA.[2](2) Wiener A et al, 2012. BitterDB: a database of bitter compounds. Nucleic Acids Res 2012, 40 (Database issue): D413-419",,,,,,,,,,,,
PMTDB00345,C[N+](C)(C)CC(=O)[O-],sweet; umami,"sweet[1](1) Taylor, N.W., 1928. A physico-chemical theory of sweet and bitter taste excitation based on the properties of the plasma membrane. Protoplasma 4, 1–17[2](2) Kim, S. et al., 2016. PubChem Substance and Compound databases. Nucleic Acids Res. 44, D1202–D1213[3](3) Smith, A. et al, 2001. The Merck Index, Thirteenth Edition. (CD-ROM), Merck Co., Inc., Whitehouse Station. New Jersey, USA.[4](4) Hayashi, T. et al., 1981. Sensory Analysis of Taste-Active Components in the Extract of Boiled Snow Crab Meat. J. Food Sci. 46, 479–483[5](5) Shirai, T. et al., 1996. Taste components of Japanese spiny and shovel-nosed lobsters. Fish. Sci. 62, 283–287[6](6) Michikawa, K. et al, 1995. Taste quality of glycine betaine and its contribution to the taste of a whelk. Nippon Shokuhin Kogyo Gakkai-Shi 42, 1019–1026.; umami[4](4) Hayashi, T. et al., 1981. Sensory Analysis of Taste-Active Components in the Extract of Boiled Snow Crab Meat. J. Food Sci. 46, 479–483",,,,,,,,,,,,
PMTDB00346,CC(C)C1CCC(=C)C=C1,pungent; pungent (aromatic),"pungent[1](1) Arctander, S., 1969. Perfume and Flavor Chemicals (Aroma Chemicals) Vol.1. Allured Publishing Corporation[2](2) Machmudah S et al, 2009. Extraction of pungent components from Japanese pepper (Xanthoxylum piperitum DC.) using supercritical CO2. Sep Purif Technol 68: 159–164; pungent (aromatic)[1](1) Arctander, S., 1969. Perfume and Flavor Chemicals (Aroma Chemicals) Vol.1. Allured Publishing Corporation[2](2) Machmudah S et al, 2009. Extraction of pungent components from Japanese pepper (Xanthoxylum piperitum DC.) using supercritical CO2. Sep Purif Technol 68: 159–164[3](3) Garg, N.et al, 2018. FlavorDB: a database of flavor molecules. Nucleic Acids Res. 46, D1210–D1216",,,,,,,,,,,,
PMTDB00347,CC1(C2CCC(=C)C1C2)C,pungent; woody;,"pungent[1](1) Burdock GA, 2010. Fenaroli’s Handbook of Flavor Ingredients, Sixth. CRC Press, Taylor and Francis Group, Boca Raton London New York; woody[1](1) Burdock GA, 2010. Fenaroli’s Handbook of Flavor Ingredients, Sixth. CRC Press, Taylor and Francis Group, Boca Raton London New York[2](2) Arctander S, 1969. Perfume and Flavor Chemicals (Aroma Chemicals) Vol.1. Allured Publishing Corporation;",,,,,,,,,,,,
PMTDB00348,CCC(CCC(C)C1CCC2C1(CCC3C2CC=C4C3(CCC(C4)O)C)C)C(C)C,bitter (insufficient evidence); sweet (insufficient evidence),"bitter (insufficient evidence)[1](2) Fenwick GR, Curl CL, Griffiths NM, et al, 1990. Bitter principles in food plants. In: Rouseff RL (ed) Bitternes in foods and beverages. Developments in Food Science vol. 25. Elsevier Science Publishers B.V., Amsterdam, pp 205–250[2](2) Hook IL., 1994. Taraxacum officinale Weber Dandelion In Vitro Culture Micropropagation and the Production of Volatile Metabolites. In: Bajaj YPS (ed) Med. Aromat. Plants- VI. Springer Science & Business Media, pp 356–369[3](3) Kuusi T, Pyysalo H, Autio K, 1985. The bitterness properties of dandelion. II. Chemical investigations. Leb Technol 18: 347–349; sweet (insufficient evidence)[4](4) Hedin PA, Miles LR, et al, 1968. Constituents of cotton bud. Formulation of boll weevil feeding stimulant mixtures. J Agric Food Chem 16: 505–513",,,,,,,,,,,,
PMTDB00349,C[N+]1(CC(CC1C(=O)[O-])O)C,sweet,"sweet[1](1) Marion, L., 1950. Chapter III The Pyrrolidine Alkaloids, in: Manske, R.H.F., Holmes, H.L.B.T.-T.A.C. and P. (Eds.), The Alkaloids: Chemistry and Physiology. Academic Press, pp. 91–106. https://doi.org/https://doi.org/10.1016/S1876-0813 (08)60186-4[2](2) Goodson, J.A., Clewer, H.W.B., 1919. LXXVIII.—Examination of the bark of Croton gubouga. Isolation of 4-hydroxyhygric acid. J. Chem. Soc. Trans. 115, 923–933[3](3) The Merck Index, 1960, 7th ed. Merck, New Jersey",,,,,,,,,,,,
PMTDB00350,COC1=CC=C(C=C1)C2=COC3=CC(=CC(=C3C2=O)O)O,bitter,"bitter[1](1) Roland WSU et al, 2013. Bitter Taste Receptor Activation by Flavonoids and Isoflavonoids: Modeled Structural Requirements for Activation of hTAS2R14 and hTAS2R39. J Agric Food Chem 61: 10454–10466[2](2) Roland, W.S.U. et al., 2011. Soy Isoflavones and Other Isoflavonoids Activate the Human Bitter Taste Receptors hTAS2R14 and hTAS2R39. J. Agric. Food Chem. 59, 11764–11771[3](3) Wiener A et al, 2012. BitterDB: a database of bitter compounds. Nucleic Acids Res 2012, 40 (Database issue): D413-419",,,,,,,,,,,,
PMTDB00351,COC1=CC=C(C=C1)C2=COC3=CC(=CC(=C3C2=O)O)OC4C(C(C(C(O4)CO)O)O)O,bitter; astringent;,"bitter[1](1) Belitz H, Wieser H, 1985. Bitter compounds: Occurrence and structure‐activity relationships. Food Rev Int 1: 271–354.; astringent[1](1) Belitz H, Wieser H, 1985. Bitter compounds: Occurrence and structure‐activity relationships. Food Rev Int 1: 271–354.;",,,,,,,,,,,,
PMTDB00352,CC(O)[C@H]1OC(OC(=O)C2=C(O)C=C(O)C=C2C2=CC(O)=CC=C2)C(O)C(O)C1O,bitter,"bitter[1](1) Ikeshiro Y et al, 1983. Two Bitter Biphenyl Glucosides from Swertia japonica1. Planta Med 47, 26–29",,,,,,,,,,,,
PMTDB00353,CC(O)[C@H]1OC(OC(=O)C2=C(O)C=C(O)C=C2C2=CC(O)=CC=C2)C(O)C(O)C1O,bitter,"bitter[1](1) Ikeshiro Y et al, 1983. Two Bitter Biphenyl Glucosides from Swertia japonica1. Planta Med 47, 26–29. doi: 10.1055/s-2007-969942",,,,,,,,,,,,
PMTDB00354,CN1CCC2=CC(=C(C3=C2C1CC4=CC(=C(C=C43)OC)O)OC)O,bitter,"bitter[1](1) Sohn CE, 1894. Dictionary of the active principles of plants : alkaloids, bitter principles, glucosides, their sources, nature, and chemical characteristics, with tabular summary, classification of reactions, and full botanical and general indexes. Baillière, Tindall and Cox, London[2](2) Saroli A (1984) Structure-activity relationship of a bitter compound: Denatonium chloride. Naturwissenschaften 71: 428–429[3](3) Saroli A, 1986. Structure-activity relationship of bitter compounds related to denatonium chloride and dipeptide methyl esters. Zeitschrift für Leb und Forsch 182: 118–120",,,,,,,,,,,,
PMTDB00355,CC12CC(OC(=O)C1CC3C4(C2CCC(C4(C(=O)O3)O)O)C)C5=COC=C5,bitter,"bitter[1](1) Fukuda, N. et al, 1985. Studies on the constituents of the stems of Tinospora tuberculata Beumee. II. New diterpenoids, borapetoside A and borapetol A. Chem. Pharm. Bull. 33, 4438–4444[2](2) Pathak AK et al, 1995. Chemistry and Biological Activities of the Genera Tinospora. Int. J. Pharmacogn. 33, 277–287.",,,,,,,,,,,,
PMTDB00356,CC12CC(OC(=O)C1CC(C3(C2CC(C=C3C(=O)OC)O)C)O)C4=COC=C4,bitter,"bitter[1](1) Fukuda, N. et al, 1986. Studies on the constituents of the stems of Tinospora tuberculata Beumee, III.: New diterpenoids, borapetoside B and borapetol B. Chem. Pharm. Bull. 34, 2868–2872[2](2) Pathak AK et al, 1995. Chemistry and Biological Activities of the Genera Tinospora. Int. J. Pharmacogn. 33, 277–287.",,,,,,,,,,,,
PMTDB00357,CC12CC(OC(=O)C1CC3C4(C2CCC(C4(C(=O)O3)O)OC5C(C(C(C(O5)CO)O)O)O)C)C6=COC=C6,bitter,"bitter[1](1) Fukuda, N. et al, 1985. Studies on the constituents of the stems of Tinospora tuberculata Beumee. II. New diterpenoids, borapetoside A and borapetol A. Chem. Pharm. Bull. 33, 4438–4444[2](2) Pathak AK et al, 1995. Chemistry and Biological Activities of the Genera Tinospora. Int. J. Pharmacogn. 33, 277–287",,,,,,,,,,,,
PMTDB00358,CC12CC(OC(=O)C1CC(C3(C2CC(C=C3C(=O)OC)O)C)OC4C(C(C(C(O4)CO)O)O)O)C5=COC=C5,bitter,"bitter[1](1) Fukuda, N. et al, 1986. Studies on the constituents of the stems of Tinospora tuberculata Beumee, III.: New diterpenoids, borapetoside B and borapetol B. Chem. Pharm. Bull. 34, 2868–2872[2](2) Pathak AK et al, 1995. Chemistry and Biological Activities of the Genera Tinospora. Int. J. Pharmacogn. 33, 277–287",,,,,,,,,,,,
PMTDB00359,CC1(C2CCC1(C(C2)O)C)C,pungent (burning),"pungent (burning)[1](1) Burdock GA, 2010. Fenaroli’s Handbook of Flavor Ingredients, Sixth. CRC Press, Taylor and Francis Group, Boca Raton London New York[2](2) Hirasa K, Takemasa M, 1998. Spice science and technology. CRC Press doi.org/10.1201/9780367800451",,,,,,,,,,,,
PMTDB00360,CC(=O)OC1CC2CCC1(C2(C)C)C,pungent,"pungent[1](1) Burdock GA, 2010. Fenaroli’s Handbook of Flavor Ingredients, Sixth. CRC Press, Taylor and Francis Group, Boca Raton London New York[2](2) Hirasa K, Takemasa M (1998) Spice science and technology. CRC Press",,,,,,,,,,,,
PMTDB00361,CC1CCC2(CCC3(C(=CCC4C3(CCC5C4(CCC(C5(C)C(=O)O)O)C)C)C2C1C)C)C,bitter,"bitter[1](1) Baron, A. D., Beeley, N. R. A., & Fineman, M. S. 2016. Chemosensory receptor ligand-based therapies. Retrieved from https://www.google.com/patents/US9463170",,,,,,,,,,,,
PMTDB00363,CC#CC#CC=C1C=CC2(O1)CCCCO2,pungent (insufficient evidence),"pungent (insufficient evidence)[1](1) Borgonovo G et al, 2019. Isothiocyanates and Glucosinolates from Sisymbrium officinale (L.) Scop. (“the Singers’’ Plant""): Isolation and in Vitro Assays on the Somatosensory and Pain Receptor TRPA1 Channel.” Molecules 24[2](2) Giorgi A et al, 2017. Extracts and compounds active on TRP ion channels from Waldheimia glabra, a ritual medicinal plant from Himalaya. Phytomedicine 32, 80–87.",,,,,,,,,,,,
PMTDB00364,CC1=CC(C(C2(C1CC3C45C2C(C(C(C4(C(C(=O)O3)O)O)(OC5)C)O)O)C)O)O,bitter,"bitter[1](1) Stöcklin, W., T. A. Geissman, 1968. ""A new bitter principle from brucea sumatrana roxb."" Tetrahedron Letters 9.57 (1968): 6007-6010.",,,,,,,,,,,,
PMTDB00365,CC1=CC(=O)CC2(C1C(C3C45C2C(C(C(C4C(C(=O)O3)O)(OC5)C)O)O)O)C,bitter,"bitter[1](1) Duncan, G.R., Henderson, D.B., 1968. Bruceines from Brucea sumatrana: The structure of bruceine G. Experientia 24, 768–769",,,,,,,,,,,,
PMTDB00366,[H]C12CC3([H])C(C)=CC(=O)C(O)C3(C)C3([H])C(O)C(O)C4(OCC13C4(O)C(OC(=O)C(O)C(O)C(O)C(O)C(C)CO)C(=O)O2)C(=O)OC,bitter,"bitter[1](1) Tang W, Eisenbrang G, 1992. Chinese Drugs of Plant Origin. Chemistry, Pharmacology, and Use in Traditional and Modem Medicine. Springer[2](2) Chiang HC, 1975. A new bitter principle from Brucea sumatrana. Proc Natl Sci Counc (Taiwan)",,,,,,,,,,,,
PMTDB00367,COC1=C(C=C2C(=C1)C34CCN5C3CC6C7C4N2C(=O)CC7OCC=C6C5)OC,bitter,"bitter[1](1) Metcalf, R.L. et al, 1980. Cucurbitacins as kairomones for diabroticite beetles. Proc. Natl. Acad. Sci. U. S. A. 77, 3769–3772[2](2) Rouseff RL, 1990. Bitternes in food products: an overview. In: Rouseff RL (ed) Bitternes in foods and beverages. Developments in Food Science vol. 25. Elsevier Science Publishers B.V., Amsterdam, pp 1–14[3](3) Brockhoff A et al, 2007. Broad tuning of the human bitter taste receptor hTAS2R46 to various sesquiterpene lactones, clerodane and labdane diterpenoids, strychnine, and denatonium. J Agric Food Chem 55: 6236–6243[4](4) Bassoli A, Borgonovo G, Busnelli G, 2007. Alkaloids and the Bitter Taste. In: Fattorusso E, Taglialatela-Scafati O (eds) Modern Alkaloids: Structure, Isolation, Synthesis and Biology. Wiley-VCH Verlag GmbH & Co. KGaA, Weinheim, Germany, pp 53–72[5](5) Meyerhof Wet al, 2010. The molecular receptive ranges of human TAS2R bitter taste receptors. Chem Senses 35: 157–170[6](6) Izawa, K., Amino, Y., Kohmura, M., Ueda, Y., Kuroda, M., 2010. 4.16 - Human–Environment Interactions – Taste, in: Liu, H.-W. (Ben), Mander, L.B.T.- Comprehensive Natural Products II, Chemistry and Biology vol.4 (Eds.), Elsevier, Oxford, pp. 631–671. doi: https://doi.org/10.1016/B978-008045382-8.00108-8[7](7) Wiener A et al, 2012. BitterDB: a database of bitter compounds. Nucleic Acids Res 2012, 40 (Database issue): D413-419[8](8) Li, W., Yang, C., Du, G.-H., 2018. Brucine, in: Du, G.-H. (Ed.), Natural Small Molecule Drugs from Plants. Springer Singapore, pp. 385–389[9](9) Glendinning, J.I., 1994. Is the bitter rejection response always adaptive? Physiol. Behav. 56, 1217–1227[10](10) Lossow, K. et al, 2016. Comprehensive Analysis of Mouse Bitter Taste Receptors Reveals Different Molecular Receptive Ranges for Orthologous Receptors in Mice and Humans. J. Biol. Chem. 291, 15358–15377",,,,,,,,,,,,
PMTDB00368,CC1(C2=CCC3C4(CCC(C4(CC(=O)C3(C2CC(C1=O)OC5C(C(C(C(O5)CO)O)O)O)C)C)C(C)(C(=O)CCC(C)(C)OC6C(C(C(C(O6)CO)O)O)O)O)C)C,bitter,"bitter[1](1) Oobayashi K et al, 1992. Structural revision of bryonoside and structure elucidation of minor saponins from Bryonia dioica. Phytochemistry, 31 (3), 943–946",,,,,,,,,,,,
PMTDB00369,CC(CCC(C(C)(C)OC1C(C(C(C(O1)CO)O)O)O)O)C2CCC3(C2(CC(=O)C4(C3CC=C5C4CCC(C5(C)C)OC6C(C(C(C(O6)CO)O)O)O)C)C)C,pungent,"pungent[1](1) Oobayashi K et al, 1992. Structural revision of bryonoside and structure elucidation of minor saponins from Bryonia dioica. Phytochemistry, 31 (3), 943–946",,,,,,,,,,,,
PMTDB00370,CC(CCC(C(C)(C)OC1C(C(C(C(O1)COC2C(C(C(C(O2)CO)O)O)O)O)O)O)O)C3CCC4(C3(CC(=O)C5(C4CC=C6C5CCC(C6(C)C)OC7C(C(C(C(O7)CO)O)O)O)C)C)C,bitter,"bitter[1](1) Oobayashi K et al, 1992. Structural revision of bryonoside and structure elucidation of minor saponins from Bryonia dioica. Phytochemistry, 31 (3), 943–946",,,,,,,,,,,,
PMTDB00371,CC1(C2=CCC3C4(CC(C(C4(CC(=O)C3(C2C=C(C1=O)OC5C(C(C(C(O5)CO)O)O)O)C)C)C(C)(C(=O)CCC(C)(C)O)O)O)C)C,bitter,"bitter[1](1) Isaev MI, 2000. Bryonia isoprenes. II. Cucurbitacin L and bryoamaride from Bryonia melanocarpa. Chem. Nat. Compd. 36, 292–294. doi: 10.1007/BF02238339[2](2) Ripperger, H., 1976. Isoleirung und struktur der cucurbitacine aus Bryonia dioica. Tetrahedron 32, 1567–1569. https://doi.org/https://doi.org/10.1016/0040-4020 (76)85214-3",,,,,,,,,,,,
PMTDB00372,CC1C(C(C(C(O1)OC2C(C(C(OC2OC3CCC4C(=CCC5C4(C(=O)CC6(C5(CCC6C(C)CCC(C(C)(C)OC7C(C(C(C(O7)CO)O)O)OC8C(C(C(C(O8)CO)O)O)O)O)C)C)C)C3(C)C)CO)O)O)O)O)O,sweet,"sweet[1](1) Oobayashi K et al, 1992. Structural revision of bryonoside and structure elucidation of minor saponins from Bryonia dioica. Phytochemistry, 31 (3), 943–946",,,,,,,,,,,,
PMTDB00373,CC1C(C(C(C(O1)OC2C(C(C(OC2OC3CCC4C(=CCC5C4(C(=O)CC6(C5(CCC6C(C)CCC(C(C)(C)OC7C(C(C(C(O7)CO)O)O)O)O)C)C)C)C3(C)C)CO)O)O)O)O)O,sweet,"sweet[1](1) Oobayashi K et al, 1992. Structural revision of bryonoside and structure elucidation of minor saponins from Bryonia dioica. Phytochemistry, 31 (3), 943–946",,,,,,,,,,,,
PMTDB00374,CCC=CCC=CCCC=CC=CC(=O)NCC(C)(C)O,pungent (tingling);,"pungent (tingling)[1](1) Bader, M. et al, 2014. All-trans-configuration in Zanthoxylum alkylamides swaps the tingling with a numbing sensation and diminishes salivation. J. Agric. Food Chem. 62, 2479–2488[2](2) Zhang, L.-L. et al, 2019. The relationship between alkylamide compound content and pungency intensity of Zanthoxylum bungeanum based on sensory evaluation and ultra-performance liquid chromatography-mass spectrometry/ mass spectrometry (UPLC-MS/MS) analysis. J. Sci. Food Agric. 99, 1475–1483. https://doi.org/10.1002/jsfa.9319;",,,,,,,,,,,,
PMTDB00375,C1=CC(=C(C=C1C=CC(=O)C2=C(C=C(C=C2)O)O)O)O,bitter,"bitter[1](1) Roland WSU et al, 2013. Bitter Taste Receptor Activation by Flavonoids and Isoflavonoids: Modeled Structural Requirements for Activation of hTAS2R14 and hTAS2R39. J Agric Food Chem 61: 10454–10466[2](2) Behrens, M., Meyerhof, W., 2017. The vertebrate gustatory system, in: Guichard, E., Salles, C., Morzel, M., Le Bon, A.-M. (Eds.), Flavour From Food to Perception. John Wiley & Sons, Ltd, Chichester, West Sussex Hoboken, NJ, pp. 57–78.[3](3) Wiener A et al, 2012. BitterDB: a database of bitter compounds. Nucleic Acids Res 2012, 40 (Database issue): D413-419",,,,,,,,,,,,
PMTDB00376,CCCC(=O)O,sour,"sour[1](1) Taylor, N.W., 1928. Acid penetration into living tissues. J. Gen. Physiol. 11, 207–219[2](2) Neta ERDC et al, 2007. The Chemistry and Physiology of Sour Taste—A Review. J Food Sci 72: R33-8.[3](3) Gardner, R.J., 1980. Lipid solubility and the sourness of acids: implications for models of the acid taste receptor. Chem. Senses 5, 185–194",,,,,,,,,,,,
PMTDB00377,CC1=C2C=CC3C4(CC(C(C4(CC(=O)C3(C2=CC(=C1O)OC5C(C(C(C(O5)CO)O)O)O)C)C)C(C)(C(C=CC(C)(C)O)O)O)O)C,bitter,"bitter[1](1) Ochi M et al, 2009. Sweet and bitter constituents of Wilbrandia species. Food chemistry, 115 (1), 61-65.",,,,,,,,,,,,
PMTDB00378,CC1=C2C=CC3C4(CC(C(C4(CC(=O)C3(C2=CC(=C1O)OC5C(C(C(C(O5)CO)O)O)OC6C(C(C(C(O6)CO)O)O)O)C)C)C(C)(C(C=CC(C)(C)O)O)O)O)C,bitter,"bitter[1](1) Ochi M et al, 2009. Sweet and bitter constituents of Wilbrandia species. Food chemistry, 115 (1), 61-65.",,,,,,,,,,,,
PMTDB00379,CC(CCC(=O)C(C)(C)OC1C(C(C(C(O1)CO)O)O)O)C2CCC3(C2(CC(C4(C3CC=C5C4CCC(C5(C)C)OC6C(C(C(C(O6)COC7C(C(C(C(O7)CO)O)O)O)O)O)O)C)O)C)C,sweet,"sweet[1](1) Ochi M et al, 2009. Sweet and bitter constituents of Wilbrandia species. Food chemistry, 115 (1), 61-65.",,,,,,,,,,,,
PMTDB00380,CC1CCC(C2C1C=CC(C2)C)C(C)C,pungent,"pungent[1](1) Burdock GA, 2010. Fenaroli’s Handbook of Flavor Ingredients, Sixth. CRC Press, Taylor and Francis Group, Boca Raton London New York[2](2) Hirasa K, Takemasa M, 1998. Spice science and technology. CRC Press (insufficient evidence)[3](3) Zhao C et al, 2009. Comparative analysis of essential oils from eight herbal medicines with pungent flavor and cool nature by GC–MS and chemometric resolution methods. J Sep Sci 32: 660–670 (insufficient evidence)[4](4) The Good Scents Company, 2009. http: //www.thegoodscentscompany.com/allprod-a.html [WWW Document",,,,,,,,,,,,
PMTDB00381,C1CC2C3(CCC4C2(CC(=O)C5=C4C=CO5)CO)CC1C(C3)(COC6C(C(C(C(O6)CO)O)O)O)O,bitter,"bitter[1](1) McCamey, D. A., Thorpe, T. M., & McCarthy, J. P., 1990. Coffe bitterness. In R. L. Rouseff (Ed.), Bitternes in foods and beverages. Developments in Food Science vol. 25 (pp. 171–182). Amsterdam: Elsevier Science Publishers B.V.[2](2) Chassevent, F., D’Ornano, M., & Pougneaud, S. 1967. Composition et caracteristiques chimiques de coffea sauvages de Madagascar; 4: Isolement et etude de la structure de la cafamarine, substance amere de C. buxifolia. Café, Cacao, Thé (Francia) v. 11 (4) p. 343-349[3](3) De Rostolan, J., & Poisson, J., 1970. Partial structure of cafamarine. Cafe-Cacao-The, 14, 47–49.[4](4) D’ornano, M., Chassevent, F., & Pougneaud, S., 1966. Chemical composition and characteristics of wild Coffeae spp. of Madagascar. 1. Preliminary research on their caffeine content and the isolation of cafamarine. Chemical Composition and Characteristics of Wild Coffeae Spp. of Madagascar. 1. Preliminary Research on Their Caffeine Content and the Isolation of Cafamarine.[5](5) Belitz H, Wieser H, 1985. Bitter compounds: Occurrence and structure‐activity relationships. Food Rev Int 1: 271–354.",,,,,,,,,,,,
PMTDB00382,C1=CC(=C(C=C1C=CC(=O)O)O)O,"bitter (contradictory evidence): bitter, non bitter; sour; astringent, sweet (insufficient evidence)","bitter (contradictory evidence): bitter[1](1) Skorikova, J. G. et al, 1985. Untersuchung der Bitterstoffe von Tomaten. Ernaehrung (Vienna), 9, 459–460[2](2) Fenwick GR, Curl CL, Griffiths NM, Heaney R.K. Price K.R., 1990. Bitter principles in food plants. In: Rouseff RL (ed) Bitternes in foods and beverages. Developments in Food Science vol. 25. Elsevier Science Publishers B.V., Amsterdam, pp 205–250[3](3) Variyar, P. S.et al, 2003. Flavoring components of raw monsooned arabica coffee and their changes during radiation processing. Journal of Agricultural and Food Chemistry, 51 (27), 7945–7950[4](4) Dadic, M., Belleau, G., 1973. Polyphenols and beer flavor, in: Proc. Am. Soc. Brew. Chem. pp. 107–114[5](5) Sainz, E.et al, 2007. Functional characterization of human bitter taste receptors. Biochem. J. 403, 537–543.[6](6) Wiener A et al, 2012. BitterDB: a database of bitter compounds. Nucleic Acids Res 2012, 40 (Database issue): D413-419, non bitter[9](9) Hufnagel, J.C., Hofmann, T., 2008. Quantitative reconstruction of the nonvolatile sensometabolome of a red wine. J. Agric. Food Chem. 56, 9190–9199. https://doi.org/10.1021/jf801742w; sour[7](7) Huang CJ, Zayas JF, 1991. Phenolic Acid Contributions to Taste Characteristics of Corn Germ Protein Flour Products. J Food Sci 56: 1308–1310[8](8) Maga, J.A., 1978. Simple phenol and phenolic compounds in food flavor. CRC Crit. Rev. Food Sci. Nutr. 10, 323–372; astringent[7](7) Huang CJ, Zayas JF, 1991. Phenolic Acid Contributions to Taste Characteristics of Corn Germ Protein Flour Products. J Food Sci 56: 1308–1310[8](8) Maga, J.A., 1978. Simple phenol and phenolic compounds in food flavor. CRC Crit. Rev. Food Sci. Nutr. 10, 323–372[9](9) Hufnagel, J.C., Hofmann, T., 2008. Quantitative reconstruction of the nonvolatile sensometabolome of a red wine. J. Agric. Food Chem. 56, 9190–9199. https://doi.org/10.1021/jf801742w[10](10) Gonzalo-Diago, A. et al, 2014. Contribution of low molecular weight phenols to bitter taste and mouthfeel properties in red wines. Food Chem. 154, 187–198[11](11) Wollmann N, Hufnagel J-C, Hoffman T, 2013. Decoding the taste of wine using a sensomic approach. In: Ferreira V, López R (eds) Flavour Sci. Proc. from XIII Weurman Flavour Res. Symp. Elsevier Science, pp 525–532, sweet (insufficient evidence)[5](5) Sainz, E.et al, 2007. Functional characterization of human bitter taste receptors. Biochem. J. 403, 537–543.",,,,,,,,,,,,
PMTDB00383,CCOC(=O)C=CC1=CC(=C(C=C1)O)O,astringent; bitter,"astringent[1](1) Hufnagel, J.C., Hofmann, T., 2008. Quantitative reconstruction of the nonvolatile sensometabolome of a red wine. J. Agric. Food Chem. 56, 9190–9199[2](2) Hufnagel JC, Hofmann T, 2008. Orosensory-directed identification of astringent mouthfeel and bitter-tasting compounds in red wine. J Agric Food Chem 56: 1376–1386[3](3) Wollmann N, Hufnagel J-C, Hoffman T, 2013. Decoding the taste of wine using a sensomic approach. In: Ferreira V, López R (eds) Flavour Sci. Proc. from XIII Weurman Flavour Res. Symp. Elsevier Science, pp 525–532; bitter[1](1) Hufnagel, J.C., Hofmann, T., 2008. Quantitative reconstruction of the nonvolatile sensometabolome of a red wine. J. Agric. Food Chem. 56, 9190–9199[2](2) Hufnagel JC, Hofmann T, 2008. Orosensory-directed identification of astringent mouthfeel and bitter-tasting compounds in red wine. J Agric Food Chem 56: 1376–1386[3](3) Wollmann N, Hufnagel J-C, Hoffman T, 2013. Decoding the taste of wine using a sensomic approach. In: Ferreira V, López R (eds) Flavour Sci. Proc. from XIII Weurman Flavour Res. Symp. Elsevier Science, pp 525–532",,,,,,,,,,,,
PMTDB00384,CN1C=NC2=C1C(=O)N(C(=O)N2C)C,bitter,"bitter[1](1) Sohn CE, 1894. Dictionary of the active principles of plants : alkaloids, bitter principles, glucosides, their sources, nature, and chemical characteristics, with tabular summary, classification of reactions, and full botanical and general indexes. Baillière, Tindall and Cox, London[2](2) Yaminishi T, 1990. Bitter compounds in tea. In: Rouseff RL (ed) Bitternes in foods and beverages. Developments in Food Science vol. 25. Elsevier Science Publishers B.V., Amsterdam, pp 159–167[3](3) Chialva F, Dada G, 1990. Bitterness in alcoholic beverages. In: Rouseff RL (ed) Bitternes in foods and beverages. Developments in Food Science vol. 25. Elsevier Science Publishers B.V., pp 103–122[4](4) Warmke, R., Belitz, H.D., 1993. Influence of glutamic acid on the bitter taste of various compounds. Z. Lebensm. Unters. Forsch. 197, 132–133[5](5) Mattes, R.D., 1994. Influences on acceptance of bitter foods and beverages. Physiol. Behav. 56, 1229–1236[6](6) Guinard, J.X., Hong, D.Y., Zoumas-Morse, C., Budwig, C., Russell, G.F., 1994. Chemoreception and perception of the bitterness of isohumulones. Physiol. Behav. 56, 1257–1263[7](7) Glendinning, J.I., 1994. Is the bitter rejection response always adaptive? Physiol. Behav. 56, 1217–1227[8](8) Behrens M et al, 2004. The human taste receptor hTAS2R14 responds to a variety of different bitter compounds. Biochem Biophys Res Commun 319: 479–485[9](9) Meyerhof Wet al, 2010. The molecular receptive ranges of human TAS2R bitter taste receptors. Chem Senses 35: 157–170[10](10) Wiener A et al, 2012. BitterDB: a database of bitter compounds. Nucleic Acids Res 2012, 40 (Database issue): D413-419[11](11) Lossow, K. et al, 2016. Comprehensive Analysis of Mouse Bitter Taste Receptors Reveals Different Molecular Receptive Ranges for Orthologous Receptors in Mice and Humans. J. Biol. Chem. 291, 15358–15377[12](12) Behrens, M., Meyerhof, W., 2017. The vertebrate gustatory system, in: Guichard, E., Salles, C., Morzel, M., Le Bon, A.-M. (Eds.), Flavour From Food to Perception. John Wiley & Sons, Ltd, Chichester, West Sussex Hoboken, NJ, pp. 57–78.[13](13) Poole, R.L., Tordoff, M.G., 2017. The Taste of Caffeine. J. Caffeine Res. 7, 39–52[14](14) Intelmann, D. et al, 2009, Three TAS2R Bitter Taste Receptors Mediate the Psychophysical Responses to Bitter Compounds of Hops (Humulus lupulus L.) and Beer. Chemosensory Perception 2, 118-132",,,,,,,,,,,,
PMTDB00385,CC1CC(C2(C(O1)OC3CC4CCC5C(C4(CC3O2)C=O)CCC6(C5(CCC6C7=CC(=O)OC7)O)C)O)O,bitter,"bitter[1](1) Adam SEI, 1978. Toxicity of Indigenous Plants and Agricultural Chemicals in Farm Animals. Clin Toxicol 13: 269–280[2](2) Singh AS, 2011. Herbalism , Phytochemistry and Ethnopharmacology. Science Publishers, CRC Press Taylor & Francis Group, Enfield USA[3](3) Palejkar Carol, J. et al, 2012. A comprehensive review on plant Calotropis gigantea. IJIPLS 2, 463–470",,,,,,,,,,,,
PMTDB00386,CC1(C2CCC1(C(=O)C2)C)C,bitter; pungent (camphoraceous),"bitter[1](1) Burdock GA, 2010. Fenaroli’s Handbook of Flavor Ingredients, Sixth. CRC Press, Taylor and Francis Group, Boca Raton London New York[2](2) Meyerhof Wet al, 2010. The molecular receptive ranges of human TAS2R bitter taste receptors. Chem Senses 35: 157–170[3](3) Lossow, K. et al, 2016. Comprehensive Analysis of Mouse Bitter Taste Receptors Reveals Different Molecular Receptive Ranges for Orthologous Receptors in Mice and Humans. J. Biol. Chem. 291, 15358–15377[4](4) Wiener A et al, 2012. BitterDB: a database of bitter compounds. Nucleic Acids Res 2012, 40 (Database issue): D413-419[5](5) FooDB. (n.d.). Retrieved from http: //foodb.ca/[6](6) Arctander, S., 1969. Perfume and Flavor Chemicals (Aroma Chemicals) Vol.1. Allured Publishing Corporation; pungent (camphoraceous)[1](1) Burdock GA, 2010. Fenaroli’s Handbook of Flavor Ingredients, Sixth. CRC Press, Taylor and Francis Group, Boca Raton London New York[5](5) FooDB. (n.d.). Retrieved from http: //foodb.ca/",,,,,,,,,,,,
PMTDB00387,COC1=C(C2=C(CC3C4=CC5=C(C=C4CCN3C2)OCO5)C=C1)OC,bitter (insufficient evidence),"bitter (insufficient evidence)[1](1) Anderson, H.T., 1949. The plant alkaloids, 4th ed. J. & A. Churchill Ltd, The Blakiston Company. p.804",,,,,,,,,,,,
PMTDB00388,CC1C(C(C(C(O1)OCC2C(C(C(C(O2)OC3=C(OC4=CC(=CC(=C4C3=O)O)OC)C5=CC=CC=C5)O)O)O)O)O)O,bitter (insufficient evidence); acrid (insufficient evidence),"bitter (insufficient evidence)[1](1) Phillips CDF, 1886. Materia Medica and Therapeutics: Vegetable Kingdom. Organic Compounds. Animal Kingdom. L & A. Churchill 11, New Burlington Street, London, UK[2](2) Poggiale, M., 1834. Experiments on the active principle of sarsaparilla. London, Edinburgh, Dublin Philos. Mag. J. Sci. 5, 463–465. https://doi.org/10.1080/14786443408648509; acrid (insufficient evidence)[1](1) Phillips CDF, 1886. Materia Medica and Therapeutics: Vegetable Kingdom. Organic Compounds. Animal Kingdom. L & A. Churchill 11, New Burlington Street, London, UK",,,,,,,,,,,,
PMTDB00389,CCCCCCCCCC(=O)O,sour,"sour[1](1) Güler, Z., 2005. Quantification of free fatty acids and flavor characteristics of Kasar cheeses. J. Food Lipids 12, 209–221",,,,,,,,,,,,
PMTDB00390,CCCCCC(=O)O,sour; pungent,"sour[1](1) Güler, Z., 2005. Quantification of free fatty acids and flavor characteristics of Kasar cheeses. J. Food Lipids 12, 209–221; pungent[1](1) Güler, Z., 2005. Quantification of free fatty acids and flavor characteristics of Kasar cheeses. J. Food Lipids 12, 209–221",,,,,,,,,,,,
PMTDB00391,CCCCCCCC(=O)O,sour (counterevidence); pungent; fatty,"sour[1](1) Burdock GA, 2010. Fenaroli’s Handbook of Flavor Ingredients, Sixth. CRC Press, Taylor and Francis Group, Boca Raton London New York(counterevidence)[2](2) Cheon, E., & Mattes, R. 2020. Fatty Acids Taste Intensity Ratings Before and After Sour Taste Adaptation. Current Developments in Nutrition, 4 (Supplement_2), 742.; pungent[1](1) Burdock GA, 2010. Fenaroli’s Handbook of Flavor Ingredients, Sixth. CRC Press, Taylor and Francis Group, Boca Raton London New York[3](3) Güler, Z., 2005. Quantification of free fatty acids and flavor characteristics of Kasar cheeses. J. Food Lipids 12, 209–221; fatty[2](2) Cheon, E., & Mattes, R. 2020. Fatty Acids Taste Intensity Ratings Before and After Sour Taste Adaptation. Current Developments in Nutrition, 4 (Supplement_2), 742.",,,,,,,,,,,,
PMTDB00392,CC(C)C=CCCCCC(=O)NCC1=CC(=C(C=C1)O)OC,pungent,"pungent[1](1) Nelson, E.K., 1919. The constitution of capsaicin, the pungent principle of Capsicum. J. Am. Chem. Soc. 41, 1115–1121[2](2) Kosuge S, Furuta M, 1970. Studies on the Pungent Principle of Capsicum. Part XIV Chemical Constitution of the Pungent Principle, Agric Biol Chem 34: 248–256[3](3) Masada Y et al, 1971. Analysis of the pungent principles of capsicum annuum by combined gas chromatography-mass spectrometry. J Food Sci 36: 858–860[4](4) Kiple KF, Ornelas KC (2000) The Cambridge world history of food. Vol.1. Cambridge University Press[5](5) Borges RM, 2001. Why are chillies pungent? J Biosci 26: 289–291[6](6) Bryant B, Mezine I, 2002. Pungency and Tingling : Sensations and Mechanisms of Trigeminal Chemical Sensitivity. In: Given P, Paredes D (eds) Chem. Tast. American Chemical Society, pp 202–212[7](7) Sarpras M et al, 2016. Comparative analysis of fruit metabolites and pungency candidate genes expression between Bhut jolokia and other Capsicum species. PLoS One 11: 1–19[8](8) Castillo, E. et al, 2007. Lipase-catalyzed synthesis of pungent capsaicin analogues. Food Chem. 100, 1202–1208[9](9) Sizer, F., Harris, N., 1985. The influence of common food additives and temperature on threshold perception of capsaicin. Chem. Senses 10, 279–286[10](1o) Todd Jr., P.H. et al, 1977. Determination of pungency due to capsicum by gas-liquid chromatography. J. Food Sci. 42, 660–665[11](11) Krajewska, A.M., Powers, J.J., 1988. Sensory properties of naturally occurring capsaicinoids. J. Food Sci. 53, 902–905.[12](12) Cliff M, Heymann H, 1992. Descriptive analysis of oral pungency. J Sens Stud 7: 279–290[13](13) Belitz, H.D., Grosch, W., Schieberle, P., 2009. Chapter 22: Spices, Salt and Vinegar, pag.971-985, in: Food chemistry, 4th ed, Food Chemistry. Springer Berlin Heidelberg. doi: 10.1007/978-3-540-69934-7[14](14) Schneider, D.J. et al, 2014. Comparison between chemical senses thresholds for capsaicin and dihydrocapsaicin in aqueous solutions and identification of the area of burning sensation. Adv. J. Food Sci. Technol. 6, 36–41",,,,,,,,,,,,
PMTDB00393,CC(CCC=C(C)COC1C(C(C(C(O1)CO)O)O)OC2C(C(C(C(O2)CO)O)O)O)C3CCC4(C3(CC(=O)C5(C4CC=C6C5CCC(C6(C)C)OC7C(C(C(C(O7)CO)O)O)O)C)C)C,bitter,"bitter[1](1) Kasai R et al, 1987. Sweet and bitter cucurbitane glycosides from Hemsleya carnosiflora. Phytochemistry, 26 (5), 1371–1376",,,,,,,,,,,,
PMTDB00394,CC(CCC=C(C)COC1C(C(C(C(O1)COC2C(C(C(C(O2)CO)O)O)O)O)O)O)C3CCC4(C3(CC(=O)C5(C4CC=C6C5CCC(C6(C)C)OC7C(C(C(C(O7)CO)O)O)O)C)C)C,bitter,"bitter[1](1) Kasai R et al, 1987. Sweet and bitter cucurbitane glycosides from hemsleya carnosiflora. Phytochemistry, 26 (5), 1371–1376",,,,,,,,,,,,
PMTDB00395,[H]C12CCC(OC3OC(CO)C(O)C(O)C3O)C(C)(C)C1=CCC1C3(C)CCC(C(C)CC\C=C(\C)COC4OC(COC5OC(CO)C(O)C(O)C5O)C(O)C(O)C4O)C3(C)CC(=O)C21C,bitter,"bitter[1](1) Kasai R et al, 1987. Sweet and bitter cucurbitane glycosides from hemsleya carnosiflora. Phytochemistry, 26 (5), 1371–1376",,,,,,,,,,,,
PMTDB00396,CC(CCC=C(C)COC1C(C(C(C(O1)CO)O)O)OC2C(C(C(C(O2)CO)O)O)O)C3CCC4(C3(CC(C5(C4CC=C6C5CCC(C6(C)C)OC7C(C(C(C(O7)CO)O)O)O)C)O)C)C,sweet,"sweet[1](1) Kasai R et al, 1987. Sweet and bitter cucurbitane glycosides from hemsleya carnosiflora. Phytochemistry, 26 (5), 1371–1376",,,,,,,,,,,,
PMTDB00397,CC(CCC=C(C)COC1C(C(C(C(O1)COC2C(C(C(C(O2)CO)O)O)O)O)O)O)C3CCC4(C3(CC(C5(C4CC=C6C5CCC(C6(C)C)OC7C(C(C(C(O7)CO)O)O)O)C)O)C)C,sweet,"sweet[1](1) Kasai R et al, 1987. Sweet and bitter cucurbitane glycosides from hemsleya carnosiflora. Phytochemistry, 26 (5), 1371–1376",,,,,,,,,,,,
PMTDB00398,CC(C)C1=C(C(=C2C(=C1)C3CC4C2(CCCC4(C)C)C(=O)O3)O)O,bitter,"bitter[1](1) Wiener A et al, 2012. BitterDB: a database of bitter compounds. Nucleic Acids Res 2012, 40 (Database issue): D413-419[2](2) Smith, A. et al, 2001. The Merck Index, Thirteenth Edition. (CD-ROM), Merck Co., Inc., Whitehouse Station. New Jersey, USA.",,,,,,,,,,,,
PMTDB00399,CC1C2CCC(N1)CCCCCCCC(=O)OC3CCC(CCCCCCCC(=O)O2)NC3C,bitter,bitter,,,,,,,,,,,,
PMTDB00400,CC1C(CCC(N1)CCCCCCCC(=O)O)O,sweet (insufficient evidence); tasteless;,"sweet (insufficient evidence)[1](1) Barger G, 1910. LI.—The constitution of carpaine. Part I. J. Chem. Soc. Trans. 97, 466–473; tasteless[2](2) Marion, L., 1950. Chapter III The Pyrrolidine Alkaloids, in: Manske, R.H.F., Holmes, H.L.B.T.-T.A.C. and P. (Eds.), The Alkaloids: Chemistry and Physiology. Academic Press, pp. 91–106. https://doi.org/https://doi.org/10.1016/S1876-0813 (08)60186-4;",,,,,,,,,,,,
PMTDB00401,CC1C2CCC(C)C3C(C2OC1=O)C(C)=CC3=O,bitter,"bitter[1](1) Kariyone, T., Kawano, N., 1949. Components of Carpesium abrotanoides. Ⅰ. ヤブタバコ成分の研究 (第 1 報). J Pharm Soc Jpn, 69, 317–318.[2](2) Hegnauer, R., Hegnauer, M., 1966. Chemotaxonomie der pflanzen: dicotyledoneae: daphniphyllaceae-lythraceae. Birkhäuser Basel[3](3) Tang W, Eisenbrang G, 1992. Chinese Drugs of Plant Origin. Chemistry, Pharmacology, and Use in Traditional and Modem Medicine. Springer",,,,,,,,,,,,
PMTDB00402,CC1=C(C=C(C=C1)C(C)C)O,pungent,"pungent[1](1) Mariod, A.A., 2016. Effect of Essential Oils on Organoleptic (Smell, Taste, and Texture) Properties of Food, in: Essential Oils in Food Preservation, Flavor and Safety. Academic Press, Elsevier, London, pp. 131–138[2](2) Klein AH et al, 2013. Eugenol and carvacrol induce temporally desensitizing patterns of oral irritation and enhance innocuous warmth and noxious heat sensation on the tongue. PAIN® 154: 2078–2087",,,,,,,,,,,,
PMTDB00403,CC1=CCC(CC1=O)C(=C)C,pungent (flavor),"pungent (flavor)[1](1) Hirasa K, Takemasa M, 1998. Spice science and technology. CRC Press[2](2) Ravid, U. Et al, 1992. Chiral GC analysis of (S) (+)- and (R) (−)-carvone with high enantiomeric purity in caraway, dill and spearmint oils. Flavour Fragr. J. 7, 289–292",,,,,,,,,,,,
PMTDB00404,CC1=CCC(CC1=O)C(C)C,pungent; bitter,"pungent[1](1) Arctander, S., 1969. Perfume and Flavor Chemicals (Aroma Chemicals) Vol.1. Allured Publishing Corporation; bitter[1](1) Arctander, S., 1969. Perfume and Flavor Chemicals (Aroma Chemicals) Vol.1. Allured Publishing Corporation",,,,,,,,,,,,
PMTDB00405,CC1C(CC2(C(C1(CC(C3=COC=C3)O)C=O)CCC(C2(C)O)O)C)OC(=O)C,bitter,"bitter[1](1) Wiener A et al, 2012. BitterDB: a database of bitter compounds. Nucleic Acids Res 2012, 40 (Database issue): D413-419[2](2) Meyerhof W, et al. 2010. The molecular receptive ranges of human TAS2R bitter taste receptors. Chem Senses 35 (2): 157-70.[3](3) Smith, A. et al, 2001. The Merck Index, Thirteenth Edition. (CD-ROM), Merck Co., Inc., Whitehouse Station. New Jersey, USA.[4](4) Brockhoff, A. et al, 2007. Broad tuning of the human bitter taste receptor hTAS2R46 to various sesquiterpene lactones, clerodane and labdane diterpenoids, strychnine, and denatonium. J. Agric. Food Chem. 55, 6236–6243",,,,,,,,,,,,
PMTDB00406,CC1C2C(CCC1=CC(=O)OCCN(C)C)C3(CCC(C(C3CC2=O)(C)C)O)C,bitter,"bitter[1](1) Bassoli A, Borgonovo G, Busnelli G, 2007. Alkaloids and the Bitter Taste. In: Fattorusso E, Taglialatela-Scafati O (eds) Modern Alkaloids: Structure, Isolation, Synthesis and Biology. Wiley-VCH Verlag GmbH & Co. KGaA, Weinheim, Germany, pp 53–72",,,,,,,,,,,,
PMTDB00407,CC1=CC2=C(C(=C1)O)C(=O)C3=C(C2(C4C(C(C(C(O4)CO)O)O)O)O)C=CC=C3O,bitter (insufficient evidence),"bitter (insufficient evidence)[1](1) Jacobs H, 2003. Comparative phytochemistry of Picramnia and Alvaradoa, genera of the newly established family Picramniaceae. Biochem. Syst. Ecol. 31, 773–783",,,,,,,,,,,,
PMTDB00408,C1C2C(C3C4C(C5=C(C(=C(C(=C5C(=O)O4)C6=C(C(=C(C(=C6C(=O)O3)C7=C(C(=C(C=C7C(=O)O2)O)O)O)O)O)O)O)O)O)O)OC(=O)C8=CC(=C(C(=C8C9=C(C(=C(C=C9C(=O)O1)O)O)O)O)O)O,astringent; bitter,"astringent[1](1) Hofman, T. et al, 2006. Protein binding & astringent taset of a polymeric procyanidin, 1,2,3,6-penta-O-galloyl-B-D-glycopyranose castalagin, and grandinin. J Agric Food Chem 54, 9503–9509[2](2) Wollmann N, Hufnagel J-C, Hoffman T, 2013. Decoding the taste of wine using a sensomic approach. In: Ferreira V, López R (eds) Flavour Sci. Proc. from XIII Weurman Flavour Res. Symp. Elsevier Science, pp 525–532[3](3) Glabasnia, A., Hofmann, T., 2007. Identification and sensory evaluation of dehydro-and deoxy-ellagitannins formed upon toasting of oak wood (Quercus alba L.). J. Agric. Food Chem. 55, 4109–4118[4](4) Okuda, T., Mori, K., Hatano, T., 1985. Relationship of the structures of tannins to the binding activities with hemoglobin and methylene blue. Chem. Pharm. Bull. 33, 1424–1433[5](5) Stark, T.et al., 2010. Matrix-calibrated LC-MS/MS quantitation and sensory evaluation of oak ellagitannins and their transformation products in red wines. J. Agric. Food Chem. 58, 6360–6369; bitter[5](5) Stark, T.et al., 2010. Matrix-calibrated LC-MS/MS quantitation and sensory evaluation of oak ellagitannins and their transformation products in red wines. J. Agric. Food Chem. 58, 6360–6369[6](6) Soares, S. et al, 2018. Human Bitter Taste Receptors Are Activated by Different Classes of Polyphenols. J. Agric. Food Chem. 66, 8814–8823[7](7) Soares, S. et al, 2020. Tannins in Food: Insights into the Molecular Perception of Astringency and Bitter Taste. Molecules 25 (11): 2590",,,,,,,,,,,,
PMTDB00409,CC1CC(C(C2(C1CC3C4(C2C(=O)C(=C(C4CC(=O)O3)C)O)C)C)O)O,bitter,"bitter[1](1) Mitchell, R.E. et al, 1971. Chaparrolide and castelanolide, new bitter principles from Castela nicholsoni. Phytochemistry 10, 411–417",,,,,,,,,,,,
PMTDB00410,CC1C2CC(=O)OC3C24COC(C1O)(C4C5(C(C3)C(=CC(C5O)OC6C(C(C(C(O6)CO)O)O)O)C)C)O,bitter,"bitter[1](1) Yoshimura, S. et al, 1984. Constituents of seeds of Ailanthus altissima Swingle. Isolation and structures of shinjuglycosides A, B, C, and D. Bull. Chem. Soc. Jpn. 57, 2496–2501.[2](2) Tang W, Eisenbrang G, 1992. Chinese Drugs of Plant Origin. Chemistry, Pharmacology, and Use in Traditional and Modem Medicine. Springer[3](3) Chaudhuri, S.K., Kubo, I., 1992. Two quassinoid glucosides from Castela tortuosa. Phytochemistry 31, 3961–3964",,,,,,,,,,,,
PMTDB00411,CC1C2C(C(=O)OC3C24COC(C1O)(C4C5(C(C3)C(=CC(C5O)OC6C(C(C(C(O6)CO)O)O)O)C)C)O)O,bitter,"bitter[1](1) Chaudhuri SK, Kubo I, 1992. Two quassinoid glucosides from Castela tortuosa. Phytochemistry 31, 3961–3964",,,,,,,,,,,,
PMTDB00412,[H]C12C3(OC4OC(CO)C(O)C(O)C4O)OCC11C([H])(CC4=C(C)CC(O)C(O)C24C)OC(=O)CC1([H])C(C)C3O,bitter,"bitter[2](2) Kubo I et al, 1993. Castelalin, a quassinoid from Castela tortuosa. Phytochemistry 33, 461–463",,,,,,,,,,,,
PMTDB00413,C1=COC(C2C1C(C3C2(O3)CO)O)OC4C(C(C(C(O4)CO)O)O)O,bitter,"bitter[1](1) Ntie-Kang F, 2019. Mechanistic role of plant-based bitter principles and bitterness prediction for natural product studies II: prediction tools and case studies. Phys. Sci. Rev. 4, 1–16.",,,,,,,,,,,,
PMTDB00414,C1C(C(OC2=CC(=CC(=C21)O)O)C3=CC(=C(C=C3)O)O)O,"bitter, astringent, sweet aftertaste","bitter[1](1) Sohn CE, 1894. Dictionary of the active principles of plants : alkaloids, bitter principles, glucosides, their sources, nature, and chemical characteristics, with tabular summary, classification of reactions, and full botanical and general indexes. Baillière, Tindall and Cox, London[2](2) Robichaud, J.L., Noble, A.C., 1990. Astringency and bitterness of selected phenolics in wine. J. Sci. Food Agric. 53, 343–353[3](3) Gonzalo-Diago, A. et al, 2014. Contribution of low molecular weight phenols to bitter taste and mouthfeel properties in red wines. Food Chem. 154, 187–198[4](4) Wiener A et al, 2012. BitterDB: a database of bitter compounds. Nucleic Acids Res 2012, 40 (Database issue): D413-419[5](5) Hufnagel JC, Hofmann T, 2008. Orosensory-directed identification of astringent mouthfeel and bitter-tasting compounds in red wine. J Agric Food Chem 56: 1376–1386[6](6) Behrens, M., Meyerhof, W., 2017. The vertebrate gustatory system, in: Guichard, E., Salles, C., Morzel, M., Le Bon, A.-M. (Eds.), Flavour From Food to Perception. John Wiley & Sons, Ltd, Chichester, West Sussex Hoboken, NJ, pp. 57–78.[7](7) Drewnowski A, Gomez-Carneros C, 2000. Bitter taste, phytonutrients, and the consumer: a review. Am J Clin Nutr 72: 1424–35[8](8) Noble, A.C., 2002. Astringency and Bitterness of Flavonoid Phenols, in: Given, P., Paredes, D. (Eds.), Chemistry of Taste, ACS Symposium Series. American Chemical Society, pp. 15–192. doi: doi: 10.1021/bk-2002-0825.ch015[9](9) Yaminishi, T., 1990. Bitter compounds in tea, in: Rouseff, R.L. (Ed.), Bitternes in Foods and Beverages. Developments in Food Science Vol. 25. Elsevier Science Publishers B.V., Amsterdam, pp. 159–167[10](10) Sanderson, G.W., Ranadive, A.S., Eisenberg, L.S., Farrell, F.J., Simons, R., Manley, C.H., Coggon, P., 1976. Contribution of polyphenolic compounds to the taste of tea, in: ACS Symp Ser Amer Chem Soc. pp. 14–46[11](11) Stark, T., Bareuther, S., Hofmann, T., 2005. Sensory-Guided Decomposition of Roasted Cocoa Nibs (Theobroma cacao) and Structure Determination of Taste-Active Polyphenols. J. Agric. Food Chem. 53, 5407–5418, astringent[2](2) Robichaud, J.L., Noble, A.C., 1990. Astringency and bitterness of selected phenolics in wine. J. Sci. Food Agric. 53, 343–353[3](3) Gonzalo-Diago, A. et al, 2014. Contribution of low molecular weight phenols to bitter taste and mouthfeel properties in red wines. Food Chem. 154, 187–198[5](5) Hufnagel JC, Hofmann T, 2008. Orosensory-directed identification of astringent mouthfeel and bitter-tasting compounds in red wine. J Agric Food Chem 56: 1376–1386[11](11) Stark, T., Bareuther, S., Hofmann, T., 2005. Sensory-Guided Decomposition of Roasted Cocoa Nibs (Theobroma cacao) and Structure Determination of Taste-Active Polyphenols. J. Agric. Food Chem. 53, 5407–5418[12](12) Valentova, H. et al, 2001. Determination of astringent taste in model solutions and beverages. Czech J. Food Sci. 19, 196–200[14](14) Sáenz-Navajas, M.-P.et al., 2012. Contribution of Nonvolatile Composition to Wine Flavor. Food Rev. Int. 28, 389–411[15](15) Scharbert, S. et al, 2004. Identification of the Astringent Taste Compounds in Black Tea Infusions by Combining Instrumental Analysis and Human Bioresponse. J. Agric. Food Chem. 52, 3498–3508, sweet aftertaste[9](9) Yaminishi, T., 1990. Bitter compounds in tea, in: Rouseff, R.L. (Ed.), Bitternes in Foods and Beverages. Developments in Food Science Vol. 25. Elsevier Science Publishers B.V., Amsterdam, pp. 159–167",,,,,,,,,,,,
PMTDB00415,C1C(C(OC2=CC(=CC(=C21)O)O)C3=CC(=C(C=C3)O)O)OC(=O)C4=CC(=C(C(=C4)O)O)O,astringent,"astringent[1](1) Scharbert S et al, 2004. Identification of the Astringent Taste Compounds in Black Tea Infusions by Combining Instrumental Analysis and Human Bioresponse. J. Agric. Food Chem. 52, 3498–3508[2](2) Scharbert S, Hofmann T, 2005. Molecular definition of black tea taste by means of quantitative studies, taste reconstitution, and omission experiments. J. Agric. Food Chem. 53, 5377–5384",,,,,,,,,,,,
PMTDB00416,C1=CC=C(C(=C1)O)O,"bitter, sweet","bitter[1](1) Maga JA, 1990. Compound structure versus bitter taste. In: Rouseff RL (ed) Bitternes in foods and beverages. Developments in Food Science vol. 25. Elsevier Science Publishers B.V., pp 35–48[2](2) Kirk-Othmer Encyclopedia of Chemical Technology. 3rd ed., Volumes 1-26. New York, NY: John Wiley and Sons, 1978-1984., p. V13: 39 (1981)[3](3) Kim, S. et al, 2016. PubChem Substance and Compound databases. Nucleic Acids Res. 44, D1202–D1213, sweet[2](2) Kirk-Othmer Encyclopedia of Chemical Technology. 3rd ed., Volumes 1-26. New York, NY: John Wiley and Sons, 1978-1984., p. V13: 39 (1981)[3](3) Kim, S. et al, 2016. PubChem Substance and Compound databases. Nucleic Acids Res. 44, D1202–D1213",,,,,,,,,,,,
PMTDB00417,CC(C(C1=CC=CC=C1)O)N,bitter,"bitter[1](1) Bassoli A, Borgonovo G, Busnelli G, 2007. Alkaloids and the Bitter Taste. In: Fattorusso E, Taglialatela-Scafati O (eds) Modern Alkaloids: Structure, Isolation, Synthesis and Biology. Wiley-VCH Verlag GmbH & Co. KGaA, Weinheim, Germany, pp 53–72",,,,,,,,,,,,
PMTDB00418,CC(C(=O)C1=CC=CC=C1)N,bitter,"bitter[1](1) Bassoli A, Borgonovo G, Busnelli G, 2007. Alkaloids and the Bitter Taste. In: Fattorusso E, Taglialatela-Scafati O (eds) Modern Alkaloids: Structure, Isolation, Synthesis and Biology. Wiley-VCH Verlag GmbH & Co. KGaA, Weinheim, Germany, pp 53–72",,,,,,,,,,,,
PMTDB00419,CC1=C2CCC3C4(CC(C(C4(CC(=O)C3(C2=CC(=C1O)OC5C(C(C(C(O5)CO)O)O)O)C)C)C(C)(C(=O)CCC(C)(C)OC(=O)C)O)O)C,bitter,"bitter[1](1) Himeno E et al, 1992. Structures of cayaponosides A, B, C and D, glucosides of new nor-cucurbitacins in the roots of Cayaponia tayuya. Chem. Pharm. Bull. 40, 2885–2887",,,,,,,,,,,,
PMTDB00420,[H]C12C=CC3=C(C)C(O)=C(OC4OC(CO)C(O)C(O)C4O)C=C3C1(C)C(=O)CC1(C)C(C(O)CC21C)C(C)(O)C(=O)CCC(C)(C)OC(C)=O,bitter; non-sweet,"bitter[1](1) Ochi M et al, 2009. Sweet and bitter constituents of Wilbrandia species. Food chemistry, 115 (1), 61-65.; non-sweet[1](1) Ochi M et al, 2009. Sweet and bitter constituents of Wilbrandia species. Food chemistry, 115 (1), 61-65.",,,,,,,,,,,,
PMTDB00421,CC1=C2CCC3C4(CC(C(C4(CC(=O)C3(C2=CC(=C1O)OC5C(C(C(C(O5)CO)O)O)O)C)C)C(C)(C(C=CC(=C)C)O)O)O)C,bitter,"bitter[1](1) Himeno E et al, 1992. Structures of cayaponosides A, B, C and D, glucosides of new nor-cucurbitacins in the roots of Cayaponia tayuya. Chem. Pharm. Bull. 40, 2885–2887",,,,,,,,,,,,
PMTDB00422,[H]C12C=CC3=C(C)C(O)=C(OC4OC(CO)C(O)C(O)C4O)C=C3C1(C)C(=O)CC1(C)C(C(O)CC21C)C(C)(O)C(=O)\C=C\C(C)=C,bitter,"bitter[1](1) Ochi M et al, 2009. Sweet and bitter constituents of Wilbrandia species. Food chemistry, 115 (1), 61-65.",,,,,,,,,,,,
PMTDB00423,CC1=C2CCC3C4(CC(C(C4(CC(=O)C3(C2=CC(=C1O)OC5C(C(C(C(O5)CO)O)O)O)C)C)C(C)(C(=O)CCC(C)(C)O)O)O)C,bitter,"bitter[1](1) Himeno E et al, 1992. Structures of cayaponosides A, B, C and D, glucosides of new nor-cucurbitacins in the roots of Cayaponia tayuya. Chem. Pharm. Bull. 40, 2885–2887",,,,,,,,,,,,
PMTDB00424,CC1=C2C=CC3C4(CC(C(C4(CC(=O)C3(C2=CC(=C1O)OC5C(C(C(C(O5)CO)O)O)O)C)C)C(C)(C(=O)CCC(C)(C)O)O)O)C,bitter,"bitter[1](1) Ochi M et al, 2009. Sweet and bitter constituents of Wilbrandia species. Food chemistry, 115 (1), 61-65.",,,,,,,,,,,,
PMTDB00425,CC1=C2CCC3C4(CC(C(C4(CC(=O)C3(C2=CC(=C1O)OC5C(C(C(C(O5)CO)O)O)O)C)C)C(C)(C(C=CC(C)(C)O)O)O)O)C,bitter,"bitter[1](1) Himeno E et al, 1992. Structures of cayaponosides A, B, C and D, glucosides of new nor-cucurbitacins in the roots of Cayaponia tayuya. Chem. Pharm. Bull. 40, 2885–2887",,,,,,,,,,,,
PMTDB00426,CC1=C(C2=C(C=C1O)OC(C(C2=O)O)C3=CC(=C(C(=C3)O)O)O)O,bitter,"bitter[1](1) Merck E (1902) Merck’s index. Eduard Roether, Darmstadt[2](2) Sohn CE, 1894. Dictionary of the active principles of plants : alkaloids, bitter principles, glucosides, their sources, nature, and chemical characteristics, with tabular summary, classification of reactions, and full botanical and general indexes. Baillière, Tindall and Cox, London[3](3) Tanret Ch. On waldivin and cedrin. American Journal of Pharmacy, 1881[4](4) Hammarlund, E.R., 1963. Occurrence of a weak anti-inflammatory substance in Simaba cedron seed. J. Pharm. Sci. 52, 204–205 (citation)",,,,,,,,,,,,
PMTDB00427,C(C1C(C(C(C(O1)OC2C(OC(C(C2O)O)O)CO)O)O)O)O,sweet,"sweet[1](1) Moskowitz, H.R., 1971. The Sweetness and Pleasantness of Sugars. Am. J. Psychol. 84, 387–405[2](2) Kearsley, M.W.et al., 1980. The production and properties of glucose syrups. III. Sweetness of glucose syrups and related carbohydrates. Starch‐Stärke 32, 244–247.[3](3) Ahmed J et al, 2011. SuperSweet-A resource on natural and artificial sweetening agents. Nucleic Acids Res. https://doi.org/10.1093/nar/gkq917",,,,,,,,,,,,
PMTDB00428,CCC1CN2CCC3=CC(=C(C=C3C2CC1CC4C5=CC(=C(C=C5CCN4)O)OC)OC)OC,bitter,"bitter[1](1) Wiener A et al, 2012. BitterDB: a database of bitter compounds. Nucleic Acids Res 2012, 40 (Database issue): D413-419[2](2) Smith, A. et al, 2001. The Merck Index, Thirteenth Edition. (CD-ROM), Merck Co., Inc., Whitehouse Station. New Jersey, USA.",,,,,,,,,,,,
PMTDB00429,CC1C(C(C(C(O1)OC2CCC3(C(C2)CCC4C3CCC5(C4(CCC5C6=CC(=O)OC6)O)C)C)OC(=O)C)OC)O,bitter (insufficient evidence); pungent (burning) (insufficient evidence),"bitter (insufficient evidence)[1](1) MoERK, F.X., 1893. Gleanings from the German Journals. Am. J. Pharm. 219.[2](2) Sohn CE, 1894. Dictionary of the active principles of plants : alkaloids, bitter principles, glucosides, their sources, nature, and chemical characteristics, with tabular summary, classification of reactions, and full botanical and general indexes. Baillière, Tindall and Cox, London; pungent (burning) (insufficient evidence)[2](2) Sohn CE, 1894. Dictionary of the active principles of plants : alkaloids, bitter principles, glucosides, their sources, nature, and chemical characteristics, with tabular summary, classification of reactions, and full botanical and general indexes. Baillière, Tindall and Cox, London",,,,,,,,,,,,
PMTDB00430,CCOCC1=C(C(=C(C2=C1OC(=O)C3=C(O2)C(=C(C=C3C)O)C=O)C)C(=O)O)O,bitter,"bitter[1](1) Wiener A et al, 2012. BitterDB: a database of bitter compounds. Nucleic Acids Res 2012, 40 (Database issue): D413-419[2](2) Smith, A. et al, 2001. The Merck Index, Thirteenth Edition. (CD-ROM), Merck Co., Inc., Whitehouse Station. New Jersey, USA.",,,,,,,,,,,,
PMTDB00431,C1=CC=C(C=C1)C=CC(=O)C2=CC=CC=C2,bitter,"bitter[1](1) Roland WSU et al, 2013. Bitter Taste Receptor Activation by Flavonoids and Isoflavonoids: Modeled Structural Requirements for Activation of hTAS2R14 and hTAS2R39. J Agric Food Chem 61: 10454–10466[2](2) Wiener A et al, 2012. BitterDB: a database of bitter compounds. Nucleic Acids Res 2012, 40 (Database issue): D413-419[3](3) Behrens, M., Meyerhof, W., 2017. The vertebrate gustatory system, in: Guichard, E., Salles, C., Morzel, M., Le Bon, A.-M. (Eds.), Flavour From Food to Perception. John Wiley & Sons, Ltd, Chichester, West Sussex Hoboken, NJ, pp. 57–78.",,,,,,,,,,,,
PMTDB00432,CC1C2CC(=O)OC3C24COC(C1O)(C4C5(C(C3)C(=CC(C5O)O)C)C)O,bitter,"bitter[1](2) Geissman TA, 1964. New Substances of Plant Origin. Annu Rev Pharmacol 4: 305–316[2](2) Cocker W, 1966. Some aspects of the chemistry of diterpene bitter principles. Planta Med 14: 78–85",,,,,,,,,,,,
PMTDB00433,CC1C2CC(=O)OC3C24COC(C1O)(C4C5(C(C3)C(=CC(=O)C5O)C)C)O,bitter,"bitter[1](1) Cocker W, 1966. Some aspects of the chemistry of diterpene bitter principles. Planta Med 14: 78–85[2](2) Polonsky, J., Bourguignon-Zylber, N., 1965. Study of the bitter constituents of the fruit of Hannoa klaineana (Simarubaceae): chaparrinone and klaineanone. Bull. Soc. Chim. Fr. 10, 2793[3](3) Mitchell, R.E. et al, 1971. Chaparrolide and castelanolide, new bitter principles from Castela nicholsoni. Phytochemistry 10, 411–417",,,,,,,,,,,,
PMTDB00434,CC1CC(C(C2(C1CC3C4(C2C(=O)C(C(C4CC(=O)O3)C)O)C)C)O)O,bitter,"bitter[1](1) Mitchell, R.E. et al, 1971. Chaparrolide and castelanolide, new bitter principles from Castela nicholsoni. Phytochemistry 10, 411–417[2](2) Harborne J, Baxter H, Moss GP, 1999. Phytochemical dictionary : a handbook of bioactive compounds from plants, 2nd ed. CRC Press. Taylor & Francis",,,,,,,,,,,,
PMTDB00435,CC12CCC3C(=O)OC(CC3(C1C4C5C(C2(C(=O)O4)O)O5)C)C6=COC=C6,bitter,"bitter[1](1) Barton DHR et al, 1962. 939. Diterpenoid bitter principles. Part IV. Investigations on the constitution of palmarin. J. Chem. Soc. 4809–4815[2](2) Nakanishi K, Goto T, Ito S, 1974. Natural products chemistry. Nat Prod Chem. Vol.1.[3](3) Haagen-Smit AJ, Nimmo CC, 1963. Chemistry of Isoprenoid Compounds. In: Skulachev VP, Semenza G (eds). Elsevier, pp 115–168",,,,,,,,,,,,
PMTDB00436,C1CCN(CC1)C(=O)C=CC=CC2=CC3=C(C=C2)OCO3,pungent,"pungent[1](1) Yamamoto, Y. et al, 1974. Studies on the Pungent Constituents in Black Pepper (Piper nigrum L.). Nippon Shokuhin Kogyo Gakkaishi 21, 476–482[2](2) Ternes, W., Krause, E.L., 2002. Characterization and determination of piperine and piperine isomers in eggs. Anal. Bioanal. Chem. 374, 155–160[3](3) Gulland, J.M., Hopton, G.U., 1930. II.-Pellitorine, the pungent principle of Anacyclus pyrethrum. J. Chem. Soc. 6–11[4](4) Kulka, K., 1967. Aspects of functional groups and flavor. J. Agric. Food Chem. 15, 48–57[5](5) Govindarajan, V.S., 1977. Pepper - chemistry, technology, and quality evaluation. CRC Crit. Rev. Food Sci. Nutr. 9, 115–225[6](6) De Rovira, D., 2004. The Dictionary of Flavors: And General Guide for Those Training in the Art and Science of Flavor Chemistry. Wiley-Blackwell.[7](7) Zachariah, T.J., Arthasarathy, V.A., 2008. Black Pepper, in: Parthasarathy, V.A., Chempakam, B., Zachariah, T. John (Eds.), Chemistry of Spices. CABI, Cambridge, pp. 21–40.",,,,,,,,,,,,
PMTDB00437,C=CCC1=CC=C(C=C1)O,phenolic,"phenolic[1](1) FooDB. (n.d.). Retrieved from http: //foodb.ca/[2](2) Wishart, D. S.et al, 2009. HMDB: a knowledgebase for the human metabolome. Nucleic Acids Research, 37 (Database issue), D603-10",,,,,,,,,,,,
PMTDB00438,C[N+]1=C2C(=C3C=CC(=C(C3=C1)OC)OC)C=CC4=CC5=C(C=C42)OCO5,bitter,"bitter[1](1) Sohn CE, 1894. Dictionary of the active principles of plants : alkaloids, bitter principles, glucosides, their sources, nature, and chemical characteristics, with tabular summary, classification of reactions, and full botanical and general indexes. Baillière, Tindall and Cox, London[2](2) Zhao, L. Et al, 2017. Safety Evaluation of a Standardized Macleaya cordata Extract in a Ninety Day Feeding Study in Weaned Piglets.7: 213-231",,,,,,,,,,,,
PMTDB00439,CN1CC2=C(C=CC3=C2OCO3)C4C1C5=CC6=C(C=C5CC4O)OCO6,bitter,"bitter[1](1) Sohn CE, 1894. Dictionary of the active principles of plants : alkaloids, bitter principles, glucosides, their sources, nature, and chemical characteristics, with tabular summary, classification of reactions, and full botanical and general indexes. Baillière, Tindall and Cox, London",,,,,,,,,,,,
PMTDB00440,C1=CC(=O)OC2=CC(=C(C=C21)O)OC3C(C(C(C(O3)CO)O)O)O,bitter,"bitter[1](1) Sohn CE, 1894. Dictionary of the active principles of plants : alkaloids, bitter principles, glucosides, their sources, nature, and chemical characteristics, with tabular summary, classification of reactions, and full botanical and general indexes. Baillière, Tindall and Cox, London[2](2) Singh AS, 2011. Herbalism , Phytochemistry and Ethnopharmacology. Science Publishers, CRC Press Taylor & Francis Group, Enfield USA[3](3) Fenwick GR, Curl CL, Griffiths NM, Heaney R.K. Price K.R., 1990. Bitter principles in food plants. In: Rouseff RL (ed) Bitternes in foods and beverages. Developments in Food Science vol. 25. Elsevier Science Publishers B.V., Amsterdam, pp 205–250",,,,,,,,,,,,
PMTDB00441,CC(C)CNC(=O)C=CC=CCCC1=CC2=C(C=C1)OCO2,pungent (irritating) _qwyx Sweet,"pungent (irritating)[1](1) Obst K et al, 2017. Sensory active piperine analogues from Macropiper excelsum and their effects on intestinal nutrient uptake in Caco-2 cells. Phytochemistry, 135, 181–190._qwyx Sweet[1](1) Obst K et al, 2017. Sensory active piperine analogues from Macropiper excelsum and their effects on intestinal nutrient uptake in Caco-2 cells. Phytochemistry, 135, 181–190.",,,,,,,,,,,,
PMTDB00442,C1C(C(C(CC1(C(=O)O)O)OC(=O)C=CC2=CC(=C(C=C2)O)O)O)O,bitter; astringent; sour,"bitter[1](1) McCamey DA, Thorpe TM, McCarthy JP, 1990. Coffe bitterness. In: Rouseff RL (ed) Bitternes in foods and beverages. Developments in Food Science vol. 25. Elsevier Science Publishers B.V., Amsterdam, pp 171–182[2](2) Dadic, M., Belleau, G., 1973. Polyphenols and beer flavor, in: Proc. Am. Soc. Brew. Chem. pp. 107–114[3](3) Singleton, V.L., Noble, A.C., 1976. Wine flavor and phenolic substances, in: ACS Symposium Series, Vol. 26. ACS Publications, pp. 46–70[4](4) Niu, Y. et al. 2012. Characterization of taste-active compounds of various cherry wines and their correlation with sensory attributes. Journal of Chromatography. B, Analytical Technologies in the Biomedical and Life Sciences, 902, 55–60; astringent[5](5) Variyar, P. S. et al, 2003. Flavoring components of raw monsooned arabica coffee and their changes during radiation processing. Journal of Agricultural and Food Chemistry, 51 (27), 7945–7950; sour[3](3) Singleton, V.L., Noble, A.C., 1976. Wine flavor and phenolic substances, in: ACS Symposium Series, Vol. 26. ACS Publications, pp. 46–70",,,,,,,,,,,,
PMTDB00443,C[N+](C)(C)CCO,bitter,"bitter[1](1) Belitz H, Wieser H, 1985. Bitter compounds: Occurrence and structure‐activity relationships. Food Rev Int 1: 271–354.[2](2) Wiener A et al, 2012. BitterDB: a database of bitter compounds. Nucleic Acids Res 2012, 40 (Database issue): D413-419[3](3) Sessa, D.J. et al, 1974. Soybean phosphatidylcholine develops bitter taste on autoxidation. J Food Sci 39, 69–72[4](4) Ismail, F., Vaisey‐Genser, M., Fyfe, B., 1981. Bitterness and astringency of sinapine and its components. J. Food Sci. 46, 1241–1244",,,,,,,,,,,,
PMTDB00444,CC(C1CCC2C1(CCC3C2CCC4C3(CCC(C4)N)C)C)N(C)C,bitter,"bitter[1](1) Wiener A et al, 2012. BitterDB: a database of bitter compounds. Nucleic Acids Res 2012, 40 (Database issue): D413-419[2](2) Smith, A. et al, 2001. The Merck Index, Thirteenth Edition. (CD-ROM), Merck Co., Inc., Whitehouse Station. New Jersey, USA.",,,,,,,,,,,,
PMTDB00445,C1=C(C2=C(C(=C1[N+](=O)[O-])O)C(=O)C3=C(C2=O)C(=CC(=C3O)[N+](=O)[O-])[N+](=O)[O-])[N+](=O)[O-],bitter,"bitter[1](1) Wiener A et al, 2012. BitterDB: a database of bitter compounds. Nucleic Acids Res 2012, 40 (Database issue): D413-419[2](2) Smith, A. et al, 2001. The Merck Index, Thirteenth Edition. (CD-ROM), Merck Co., Inc., Whitehouse Station. New Jersey, USA.",,,,,,,,,,,,
PMTDB00446,CC1(CCC2C(C3C14C(O4)C5C3(O5)C)OC(=O)C2=C)O,bitter,"bitter[1](1) Tang W, Eisenbrang G, 1992. Chinese Drugs of Plant Origin. Chemistry, Pharmacology, and Use in Traditional and Modem Medicine, Springer. doi: 10.1007/978-3-642-73739-8_8",,,,,,,,,,,,
PMTDB00447,CC1(CCC2C(C3C14C(O4)C5C3(O5)C)OC(=O)C2=C)O,bitter,"bitter[1](1) Tang W, Eisenbrang G, 1992. Chinese Drugs of Plant Origin. Chemistry, Pharmacology, and Use in Traditional and Modem Medicine, Springer. doi: 10.1007/978-3-642-73739-8_8",,,,,,,,,,,,
PMTDB00448,C1=CC=C(C=C1)C2=CC(=O)C3=C(C=C(C=C3O2)O)O,bitter,"bitter[1](1) Roland WSU et al, 2013. Bitter Taste Receptor Activation by Flavonoids and Isoflavonoids: Modeled Structural Requirements for Activation of hTAS2R14 and hTAS2R39. J Agric Food Chem 61: 10454–10466[2](2) Behrens, M., Meyerhof, W., 2017. The vertebrate gustatory system, in: Guichard, E., Salles, C., Morzel, M., Le Bon, A.-M. (Eds.), Flavour From Food to Perception. John Wiley & Sons, Ltd, Chichester, West Sussex Hoboken, NJ, pp. 57–78.[3](3)Wiener A et al, 2012. BitterDB: a database of bitter compounds. Nucleic Acids Res 2012, 40 (Database issue): D413-419",,,,,,,,,,,,
PMTDB00449,COC1=C(C=CC(=C1)C2=CC(=O)C3=C(C=C(C=C3O2)O)O)O,bitter,"bitter[1](1) Roland WSU et al, 2013. Bitter Taste Receptor Activation by Flavonoids and Isoflavonoids: Modeled Structural Requirements for Activation of hTAS2R14 and hTAS2R39. J Agric Food Chem 61: 10454–10466[2](2) Behrens, M., Meyerhof, W., 2017. The vertebrate gustatory system, in: Guichard, E., Salles, C., Morzel, M., Le Bon, A.-M. (Eds.), Flavour From Food to Perception. John Wiley & Sons, Ltd, Chichester, West Sussex Hoboken, NJ, pp. 57–78.[3](3) Wiener A et al, 2012. BitterDB: a database of bitter compounds. Nucleic Acids Res 2012, 40 (Database issue): D413-419[4](4) Harrington, R.A. et al, 2019. Nutrient composition databases in the age of big data: foodDB, a comprehensive, real-time database infrastructure. BMJ Open 9, e026652",,,,,,,,,,,,
PMTDB00450,CC1=CC2=C(C(=C1)O)C(=O)C3=C(C2=O)C=CC=C3O,bitter,"bitter[1](1) Singh AS, 2011. Herbalism, Phytochemistry and Ethnopharmacology. Science Publishers, CRC Press Taylor & Francis Group, Enfield USA",,,,,,,,,,,,
PMTDB00451,CC1C2C(CC(=C3C(C2OC1=O)C(=CC3=O)COC4C(C(C(C(O4)CO)O)O)O)C)O,bitter,"bitter[1](1) Mai F, Glomb MA, 2016. Structural and Sensory Characterization of Novel Sesquiterpene Lactones from Iceberg Lettuce. J. Agric. Food Chem. 64, 295–301",,,,,,,,,,,,
PMTDB00452,CC(C)(C1CC2=C(O1)C=C3C(=C2OC)C(=O)C=C(O3)CO)O,bitter,"bitter[1](1) Kondo Y and Takemoto T. The structure of cimicifuin, a new bitter principle from Cimicifuga simplex WORMSK. Chem. Pharm. Bull.20, 1940-1944 (1972). doi.org/10.1248/cpb.20.1940",,,,,,,,,,,,
PMTDB00453,C=CC1CN2CCC1CC2C3=C(C4=CC=CC=C4N3)CCO,bitter,"bitter[1](1) Sohn CE, 1894. Dictionary of the active principles of plants : alkaloids, bitter principles, glucosides, their sources, nature, and chemical characteristics, with tabular summary, classification of reactions, and full botanical and general indexes. Baillière, Tindall and Cox, London[2](2) Arnaud A. Recherches su la Cinchonamine, Nouvel Alcaloïde des Quinquinas. Ann Chim Phys. 1890; [5[3](3) Wisniak, J., 2018. Léon-Albert Arnaud. Rev. CENIC Ciencias Biológicas 49, 34–45.",,,,,,,,,,,,
PMTDB00454,C=CC1CN2CCC1CC2C(C3=CC=NC4=CC=CC=C34)O,bitter,"bitter[1](1) Sohn CE, 1894. Dictionary of the active principles of plants : alkaloids, bitter principles, glucosides, their sources, nature, and chemical characteristics, with tabular summary, classification of reactions, and full botanical and general indexes. Baillière, Tindall and Cox, London[2](2) Wittstein M, 1857. On a new Cinchona bark and its alkaloid, cinchonidine. Am J Pharm May: 115 (insufficient evidence) (according to reference 2, molecular formula would be C18H10NO)[3](3) Merck E (1902) Merck’s index. Eduard Roether, Darmstadt[4](4) Lehmann, P.A.F., 1978. The correlation of sweetness and bitterness of enantiomeric aminoacids. Life Sci. 22, 1631–1635",,,,,,,,,,,,
PMTDB00455,C=CC1CN2CCC1CC2C(C3=CC=NC4=CC=CC=C34)O,bitter,"bitter[1](1) Sohn CE, 1894. Dictionary of the active principles of plants : alkaloids, bitter principles, glucosides, their sources, nature, and chemical characteristics, with tabular summary, classification of reactions, and full botanical and general indexes. Baillière, Tindall and Cox, London[2](2) Lehmann, P.A.F., 1978. The correlation of sweetness and bitterness of enantiomeric aminoacids. Life Sci. 22, 1631–1635[3](3) Dotson, C.D. et al, S.D., 2008. Bitter taste receptors influence glucose homeostasis. PLoS One 3, e3974[4](4) Li X et al, 2008. Identification of bitter ligands that specifically activate human t2r receptors and related assays for identifying human bitter taste modulators[5](5)Wiener A et al, 2012. BitterDB: a database of bitter compounds. Nucleic Acids Res 2012, 40 (Database issue): D413-419[6](6) Sharma KM, Mukesh B (2013) Significance of Plant Bitters in the Field of Pharmacognosy. Asian J Pharmacutical Technol Innov 1: 3–12",,,,,,,,,,,,
PMTDB00456,C1=CC=C(C=C1)C2=NC3=CC=CC=C3C(=C2)C(=O)O,bitter,"bitter[1](1) Bassoli A, Borgonovo G, Busnelli G, 2007. Alkaloids and the Bitter Taste. In: Fattorusso E, Taglialatela-Scafati O (eds) Modern Alkaloids: Structure, Isolation, Synthesis and Biology. Wiley-VCH Verlag GmbH & Co. KGaA, Weinheim, Germany, pp 53–72",,,,,,,,,,,,
PMTDB00457,C1=CC=C(C=C1)C=CC=O,pungent; bitter; sweet;,"pungent[1](1) Cliff M, Heymann H, 1992. Descriptive analysis of oral pungency. J Sens Stud 7: 279–290[2](2) Bryant B, Mezine I, 2002. Pungency and Tingling : Sensations and Mechanisms of Trigeminal Chemical Sensitivity. In: Given P, Paredes D (eds) Chem. Tast. American Chemical Society, pp 202–212[3](3) Prescott, J., Swain-Campbell, N., 2000. Responses to repeated oral irritation by capsaicin, cinnamaldehyde and ethanol in PROP tasters and non-tasters. Chem. Senses 25, 239–246.[4](4) Carstens, E., Mitsuyo, T., 2005. Neural correlates of oral irritation by mustard oil and other pungent chemicals: a hot topic. Chem. Senses 30 Suppl 1, i203-4[5](5) Hedin, P.A. et al, 1968. Constituents of cotton bud. Formulation of boll weevil feeding stimulant mixtures. J Agric Food Chem 16: 505–513[6](6) Klein, A.H. et al., 2011. Self-and cross-desensitization of oral irritation by menthol and cinnamaldehyde (CA) via peripheral interactions at trigeminal sensory neurons. Chem. Senses 36, 199–208; bitter[5](5) Hedin, P.A. et al, 1968. Constituents of cotton bud. Formulation of boll weevil feeding stimulant mixtures. J Agric Food Chem 16: 505–513; sweet[7](7) Hussain, R.A. et al., 1986. Isolation of a highly sweet constituent from Cinnamomum osmophloeum leaves1. Planta Med. 52, 403–404[8](8) Polya G, 2003. Biochemical Targets of Plant Bioactive Compounds: A Pharmacological Reference Guide to Sites of Action and Biological Effects. CRC Press;",,,,,,,,,,,,
PMTDB00458,CC(=O)OC1C=C(C(C2(C1C(CCC2)(C)C)C)(C=O)O)C=O,pungent,"pungent[1](1) Abe M., Ozawa Y,, 2002. Biosci. Biotechnol. Biochem., 66 (12), 2698–2700, 2002, Labdane-type Diterpene Dialdehyde, Pungent Principle of Myoga, Zingiber mioga Roscoe",,,,,,,,,,,,
PMTDB00459,C1C(C(OC2=C1C(=CC(=C2C3C(C(OC4=C3C(=CC(=C4C5C(C(OC6=C(C(=CC(=C56)O)O)C7C(C(OC8=CC(=CC(=C78)O)O)C9=CC(=C(C=C9)O)O)O)C1=CC(=C(C=C1)O)O)O)O)O)C1=CC(=C(C=C1)O)O)O)O)O)C1=CC(=C(C=C1)O)O)O,bitter; astringent;,"bitter[1](1) Stark, T., Bareuther, S., Hofmann, T., 2005. Sensory-Guided Decomposition of Roasted Cocoa Nibs (Theobroma cacao) and Structure Determination of Taste-Active Polyphenols. J. Agric. Food Chem. 53, 5407–5418; astringent[1](1) Stark, T., Bareuther, S., Hofmann, T., 2005. Sensory-Guided Decomposition of Roasted Cocoa Nibs (Theobroma cacao) and Structure Determination of Taste-Active Polyphenols. J. Agric. Food Chem. 53, 5407–5418;",,,,,,,,,,,,
PMTDB00460,C1C(C(OC2=C1C(=CC(=C2C3C(C(OC4=C3C(=CC5=C4C6C(C(O5)(OC7=CC(=CC(=C67)O)O)C8=CC(=C(C=C8)O)O)O)O)C9=CC(=C(C=C9)O)O)O)O)O)C1=CC(=C(C=C1)O)O)O,sweet,"sweet[1](1) Morimoto, S. et al, 1987. Tannins and Related Compounds. LIX. Aesculitannins, Novel Proanthocyanidins with Doubly-Bonded Structures from Aesculus hippocastanum L. Chem. Pharm. Bull. 35, 4717–4729",,,,,,,,,,,,
PMTDB00461,C1C(C(OC2=C1C(=CC(=C2C3C(C(OC4=C3C(=CC5=C4C6C(C(O5)(OC7=CC(=CC(=C67)O)O)C8=CC(=C(C=C8)O)O)O)O)C9=CC(=C(C=C9)O)O)O)O)O)C1=CC(=C(C=C1)O)O)O,sweet,"sweet[1](1) Morimoto, S. et al, 1987. Tannins and Related Compounds. LIX. Aesculitannins, Novel Proanthocyanidins with Doubly-Bonded Structures from Aesculus hippocastanum L. Chem. Pharm. Bull. 35, 4717–4729",,,,,,,,,,,,
PMTDB00462,C1=CC=C(C=C1)C=CCOC(=O)C=CC2=CC=CC=C2,pungent,"pungent[1](1) Burdock GA, 2010. Fenaroli’s Handbook of Flavor Ingredients, Sixth. CRC Press, Taylor and Francis Group, Boca Raton London New York",,,,,,,,,,,,
PMTDB00463,C(C(=CC(=O)O)C(=O)O)C(=O)O,sour; astringent,"sour[1](1) Hufnagel JC, Hofmann T, 2008. Orosensory-directed identification of astringent mouthfeel and bitter-tasting compounds in red wine. J Agric Food Chem 56: 1376–1386[2](2) Wollmann N, Hufnagel J-C, Hoffman T (2013) Decoding the taste of wine using a sensomic approach. In: Ferreira V, López R (eds) Flavour Sci. Proc. from XIII Weurman Flavour Res. Symp. Elsevier Science, pp 525–532[3](3) Gonzalo-Diago, A. et al, 2014. Contribution of low molecular weight phenols to bitter taste and mouthfeel properties in red wines. Food Chem. 154, 187–198[4](4) Schwarz, B., Hofmann, T., 2007. Sensory-guided decomposition of red currant juice (Ribes rubrum) and structure determination of key astringent compounds. J. Agric. Food Chem. 55, 1394–1404; astringent[1](1) Hufnagel JC, Hofmann T, 2008. Orosensory-directed identification of astringent mouthfeel and bitter-tasting compounds in red wine. J Agric Food Chem 56: 1376–1386[2](2) Wollmann N, Hufnagel J-C, Hoffman T (2013) Decoding the taste of wine using a sensomic approach. In: Ferreira V, López R (eds) Flavour Sci. Proc. from XIII Weurman Flavour Res. Symp. Elsevier Science, pp 525–532[3](3) Gonzalo-Diago, A. et al, 2014. Contribution of low molecular weight phenols to bitter taste and mouthfeel properties in red wines. Food Chem. 154, 187–198[4](4) Schwarz, B., Hofmann, T., 2007. Sensory-guided decomposition of red currant juice (Ribes rubrum) and structure determination of key astringent compounds. J. Agric. Food Chem. 55, 1394–1404",,,,,,,,,,,,
PMTDB00464,O=C(/C=C/C(C)C)[C@]1(O)C(O)=C(C(=O)C1CC=C(/C)C)C(=O)C(C)CC,bitter,"bitter[1](1) Dresel M, Vogt C, et al, 2016. The Bitter Chemodiversity of Hops (Humulus lupulus L.). J Agric Food Chem. PubMed 27696843[2](2) Wiener A et al, 2012. BitterDB: a database of bitter compounds. Nucleic Acids Res 2012, 40 (Database issue): D413-419",,,,,,,,,,,,
PMTDB00465,CC(C)CNC(=O)\C=C/C1=CC2=C(OCO2)C=C1,bitter; astringent; pungent,"bitter[1](1) Obst K et al, 2017. Sensory active piperine analogues from Macropiper excelsum and their effects on intestinal nutrient uptake in Caco-2 cells. Phytochemistry, 135, 181–190.; astringent[1](1) Obst K et al, 2017. Sensory active piperine analogues from Macropiper excelsum and their effects on intestinal nutrient uptake in Caco-2 cells. Phytochemistry, 135, 181–190.; pungent[1](1) Obst K et al, 2017. Sensory active piperine analogues from Macropiper excelsum and their effects on intestinal nutrient uptake in Caco-2 cells. Phytochemistry, 135, 181–190.",,,,,,,,,,,,
PMTDB00466,CCCCCC=CC=CC(=O)NCC(C)C,pungent,"pungent[1](1) Ley, J.P.et al, 2004. Stereoselective Enzymatic Synthesis of cis‐Pellitorine, a Taste Active Alkamide Naturally Occurring in Tarragon. European J. Org. Chem. 2004, 5135–5140.[2](2) Obst, K., 2014. Phytochemical Characterization and Sensory Evaluation of Macropiper excelsum. Fakultät Wissenschaftszentrum Weihenstephan. Dissertation",,,,,,,,,,,,
PMTDB00467,COC1=CC=C(CCNC(=O)\C=C/C2=CC=C(OC)C(OC)=C2)C=C1OC,pungent,"pungent[1](1) Ley, Jakob Peter, Gerhard Krammer, et al, 2008. ""Use of ferulic acid amides as flavor compounds."" U.S. Patent 7,378,121, issued May 27, 2008",,,,,,,,,,,,
PMTDB00468,CC(=CC(=O)O)C(=O)O,bitter (insufficient evidence),"bitter (insufficient evidence)[1](1) Taylor, N.W., 1928. A physico-chemical theory of sweet and bitter taste excitation based on the properties of the plasma membrane. Protoplasma 4, 1–17[2](2) Taylor, N.W., 1928. Acid penetration into living tissues. J. Gen. Physiol. 11, 207–219",,,,,,,,,,,,
PMTDB00469,CC(=CCCC(=CC=O)C)C,"bitter, sweet","bitter[1](1) Burdock GA, 2010. Fenaroli’s Handbook of Flavor Ingredients, Sixth. CRC Press, Taylor and Francis Group, Boca Raton London New York[2](2)Wiener A et al, 2012. BitterDB: a database of bitter compounds. Nucleic Acids Res 2012, 40 (Database issue): D413-419, sweet[1](1) Burdock GA, 2010. Fenaroli’s Handbook of Flavor Ingredients, Sixth. CRC Press, Taylor and Francis Group, Boca Raton London New York[3](3) Harrington, R.A. et al, 2019. Nutrient composition databases in the age of big data: foodDB, a comprehensive, real-time database infrastructure. BMJ Open 9, e026652",,,,,,,,,,,,
PMTDB00470,C(C(=O)O)C(CC(=O)O)(C(=O)O)O,"sour, astringent","sour[1](1) Harborne J, Baxter H, Moss GP, 1999. Phytochemical dictionary : a handbook of bioactive compounds from plants, 2nd ed. CRC Press. Taylor & Francis[2](2) Siebert, K.J., 1999. Modeling the flavor thresholds of organic acids in beer as a function of their molecular properties. Food Qual. Prefer. 10, 129–137[3](3) Neta ERDC et al, 2007. The Chemistry and Physiology of Sour Taste—A Review. J Food Sci 72: R33-8.[4](1) Wishart DS et al, 2009. HMDB: a knowledgebase for the human metabolome. Nucleic Acids Res 37: D603-10[5](3) Polya G, 2003. Biochemical Targets of Plant Bioactive Compounds: A Pharmacological Reference Guide to Sites of Action and Biological Effects. CRC Press[6](6) Wollmann N, Hufnagel J-C, Hoffman T (2013) Decoding the taste of wine using a sensomic approach. In: Ferreira V, López R (eds) Flavour Sci. Proc. from XIII Weurman Flavour Res. Symp. Elsevier Science, pp 525–532[7](7) Kim, S. et al, 2016. PubChem Substance and Compound databases. Nucleic Acids Res. 44, D1202–D1213. doi: 10.1093/nar/gkv951[8](8) Ganzevles, P.G.J., Kroeze, J.H.A., 1987. The sour taste of acids. The hydrogen ion and the undissociated acid as sour agents. Chem. Senses 12, 563–576[9](9) Moskowitz, H.R., 1971. Ratio scales of acid sourness. Percept. Psychophys. 9, 371–374[10](10) Norris, M.B. et al, 1984. Human saliva and taste responses to acids varying in anions, titratable acidity, and pH. Physiol. Behav. 32, 237–244[11](11) Rubico, S.M., McDaniel, M.R., 1992. Sensory evaluation of acids by free-choice profiling. Chem. Senses 17, 273–289[12](12) Sowalsky, R.A., Noble, A.C., 1998. Comparison of the effects of concentration, pH and anion species on astringency and sourness of organic acids. Chem. Senses 23, 343–349[13](13) Izawa, K. et al, 2010. 4.16 - Human–Environment Interactions – Taste, in: Liu, H.-W. (Ben), Mander, L.B.T.-C.N.P.I.I. (Eds.), . Elsevier, Oxford, pp. 631–671[14](14) Noble, A.N.N.C. et al, 1986. Comparison Of Sourness Of Organic Acid Anions At Equal Ph And Equal Titratable Acidity. J. Sens. Stud. 1, 1–8[15](15) Huang, A.L. et al, 2006. The cells and logic for mammalian sour taste detection. Nature 442, astringent[11](11) Rubico, S.M., McDaniel, M.R., 1992. Sensory evaluation of acids by free-choice profiling. Chem. Senses 17, 273–289[12](12) Sowalsky, R.A., Noble, A.C., 1998. Comparison of the effects of concentration, pH and anion species on astringency and sourness of organic acids. Chem. Senses 23, 343–349",,,,,,,,,,,,
PMTDB00471,CC(CCC=C(C)C)CCOC(=O)C,pungent; sweet,"pungent[1](1) Burdock GA, 2010. Fenaroli’s Handbook of Flavor Ingredients, Sixth. CRC Press, Taylor and Francis Group, Boca Raton London New York[2](2) Wagner H, Bladt S, 1996. Drugs with Pungent-Tasting Principles BT - Plant Drug Analysis: A Thin Layer Chromatography Atlas. Springer Berlin Heidelberg, Berlin, Heidelberg, pp 291–303; sweet[1](1) Burdock GA, 2010. Fenaroli’s Handbook of Flavor Ingredients, Sixth. CRC Press, Taylor and Francis Group, Boca Raton London New York[3](3) Arctander, S., 1969. Perfume and Flavor Chemicals (Aroma Chemicals) Vol.1. Allured Publishing Corporation",,,,,,,,,,,,
PMTDB00472,C(CC(C(=O)O)N)CNC(=O)N,bitter (insufficient evidence) > astringent (insufficient evidence),"bitter (insufficient evidence)[1](1) Kubickova J, Grosch W, 1998. Evaluation of Flavour Compounds of Camembert Cheese. Int Dairy J 8: 11–16 (insufficient evidence)> astringent (insufficient evidence)[1](1) Kubickova J, Grosch W, 1998. Evaluation of Flavour Compounds of Camembert Cheese. Int Dairy J 8: 11–16 (insufficient evidence)",,,,,,,,,,,,
PMTDB00473,CCC(C)(C(=O)OC1C(CC2C(C(=CC(C2(C13CO3)COC(=O)C)OC(=O)C)C)(C)C4CC5C=COC5O4)O)OC(=O)C,bitter,"bitter[1](1) Munakata, K., 1975. Insect antifeeding substances in plant leaves, in: Pesticide Chemistry–3. Elsevier, pp. 57–66",,,,,,,,,,,,
PMTDB00474,CCC(C)(C(=O)OC1C(CC2C(C(CC(C2(C13CO3)COC(=O)C)OC(=O)C)C)(C)C4CC5C=COC5O4)O)OC(=O)C,bitter,"bitter[1](1) Munakata, K., 1975. Insect antifeeding substances in plant leaves, in: Pesticide Chemistry–3. Elsevier, pp. 57–66",,,,,,,,,,,,
PMTDB00475,CC1CC(C2(C(C1(C)C3CC4C=COC4O3)CCCC25CO5)COC(=O)C)OC(=O)C,bitter,"bitter[1](1) Cocker W, 1966. Some aspects of the chemistry of diterpene bitter principles. Planta Med 14: 78–85[2](2) Barton DHR, Cheung HT, Cross AD, et al, 1961. 1003. Diterpenoid bitter principles. Part III. The constitution of clerodin. J Chem Soc 5061–5073[3](3) Morgan, E.D., Wilson, I.D., 1999. Insect Hormones and Insect Chemical Ecology, in: Otto, M.-C., Barton D, Koji, N. (Eds.), Comprehensive Natural Products Chemistry. pp. 263–375",,,,,,,,,,,,
PMTDB00476,C1=CC(=C(C=C1CC(C(=O)O)NC(=O)C=CC2=CC(=C(C=C2)O)O)O)O,astringent;,"astringent[1](1) Stark, T., Hofmann, T., 2005. Isolation, structure determination, synthesis, and sensory activity of N-phenylpropenoyl-L-amino acids from cocoa (Theobroma cacao). J. Agric. Food Chem. 53, 5419–5428[2](2) Stark, T. et al, 2005. Sensory-Guided Decomposition of Roasted Cocoa Nibs (Theobroma cacao) and Structure Determination of Taste-Active Polyphenols. J. Agric. Food Chem. 53, 5407–5418;",,,,,,,,,,,,
PMTDB00477,CC1(C(C2(C(O1)CC(=O)O2)C)CC(=O)CC3=CCCC45C3(C4)C(=O)OC5C6=COC=C6)C,bitter,"bitter[1](1) Mondon A., Epe B. ,1983. Bitter Principles of Cneoraceae. In: Fortschritte der Chemie organischer Naturstoffe / Progress in the Chemistry of Organic Natural Products. Fortschritte der Chemie organischer Naturstoffe / Progress in the Chemistry of Organic Natural Products, vol 44. Springer, Vienna",,,,,,,,,,,,
PMTDB00478,[H]C1C(C2(C)OC(=O)C=C2)C2(OC1(C)C)OOC1([H])CCC34CC3(C(=O)OC4([H])C3=COC=C3)C1=C2,bitter,"bitter[1](1) Mondon A., Epe B., 1983. Bitter Principles of Cneoraceae. In: Fortschritte der Chemie organischer Naturstoffe / Progress in the Chemistry of Organic Natural Products. Fortschritte der Chemie organischer Naturstoffe / Progress in the Chemistry of Organic Natural Products, vol 44. Springer, Vienna",,,,,,,,,,,,
PMTDB00479,[H]C1C(C2(C)OC(=O)C=C2)C2(OC1(C)C)OOC1([H])CCC34CC3(C(=O)OC4([H])C3=COC=C3)C1=C2,bitter,"bitter[1](1) Mondon A., Epe B., 1983. Bitter Principles of Cneoraceae. In: Fortschritte der Chemie organischer Naturstoffe / Progress in the Chemistry of Organic Natural Products. Fortschritte der Chemie organischer Naturstoffe / Progress in the Chemistry of Organic Natural Products, vol 44. Springer, Vienna",,,,,,,,,,,,
PMTDB00480,CC1(C(C(C=CC(=O)O1)(C)C2CCC3(C(OC(=O)CC3(C2=C)O)C4=COC=C4)C)CC(=O)OC)C,bitter,"bitter[1](1) Mondon A., Epe B., 1983. Bitter Principles of Cneoraceae. In: Fortschritte der Chemie organischer Naturstoffe / Progress in the Chemistry of Organic Natural Products. Fortschritte der Chemie organischer Naturstoffe / Progress in the Chemistry of Organic Natural Products, vol 44. Springer, Vienna",,,,,,,,,,,,
PMTDB00481,CC1=CCCC(=CC2C(C(C1)OC(=O)C(=C)C(CO)O)C(=C)C(=O)O2)CO,bitter,"bitter[1](1) Wiener A et al, 2012. BitterDB: a database of bitter compounds. Nucleic Acids Res 2012, 40 (Database issue): D413-419[2](2) Meyerhof W, et al. 2010. The molecular receptive ranges of human TAS2R bitter taste receptors. Chem Senses 35 (2): 157-70.[3](3) Lossow, K. et al, 2016. Comprehensive Analysis of Mouse Bitter Taste Receptors Reveals Different Molecular Receptive Ranges for Orthologous Receptors in Mice and Humans. J. Biol. Chem. 291, 15358–15377[4](4) Brockhoff A et al, 2007. Broad tuning of the human bitter taste receptor hTAS2R46 to various sesquiterpene lactones, clerodane and labdane diterpenoids, strychnine, and denatonium. J Agric Food Chem 55: 6236–6243",,,,,,,,,,,,
PMTDB00482,CN1C2CCC1C(C(C2)OC(=O)C3=CC=CC=C3)C(=O)OC,bitter,"bitter[1](1) Niemann, A., 1861. On the alkaloid and other constituents of Coca leaves. Am. J. Pharm. 122[2](2) Sohn CE, 1894. Dictionary of the active principles of plants : alkaloids, bitter principles, glucosides, their sources, nature, and chemical characteristics, with tabular summary, classification of reactions, and full botanical and general indexes. Baillière, Tindall and Cox, London[3](3) Van Dyke C, Byck R, 1982. Cocaine. Sci Am 246: 128–141[4](4) Hyyatiä P, Sinclair JD, 1993. Oral etonitazene and cocaine consumption by AA, ANA and Wistar rats. Psychopharmacology (Berl) 111: 409–414[5](5) Hahn, I.-H., Hoffman, R.S., 2001. Cocaine use and acute myocardial infarction. Emerg. Med. Clin. 19, 493–510[6](6) Izawa, K. et al, 2010. 4.16 - Human–Environment Interactions – Taste, in: Liu, H.-W. (Ben), Mander, L.B.T.-C.N.P.I.I. (Eds.), . Elsevier, Oxford, pp. 631–671[7](7) Wiener A et al, 2012. BitterDB: a database of bitter compounds. Nucleic Acids Res 2012, 40 (Database issue): D413-419[8](8) Kim, S. et al, 2016. PubChem Substance and Compound databases. Nucleic Acids Res. 44, D1202–D1213[9](9) Martindale, W., 1884. The Extra Pharmacopoeia of Unofficial Drugs and Chemical and Pharmaceutical Preparations. HK Lewis",,,,,,,,,,,,
PMTDB00483,CN1C2CCC1C(C(C2)OC(=O)C3C(C(C3C4=CC=CC=C4)C(=O)OC5CC6CCC(C5C(=O)OC)N6C)C7=CC=CC=C7)C(=O)OC,bitter,"bitter[1](1) Sohn CE, 1894. Dictionary of the active principles of plants : alkaloids, bitter principles, glucosides, their sources, nature, and chemical characteristics, with tabular summary, classification of reactions, and full botanical and general indexes. Baillière, Tindall and Cox, London[2](2) Glasby, J., 1975. Encyclopedia of the Alkaloids: Volume 2. Springer Science & Business media",,,,,,,,,,,,
PMTDB00484,CN1CCC23C4C1CC5=C2C(=C(C=C5)OC)OC3C(C=C4)O,bitter,"bitter[1](1) Sohn CE, 1894. Dictionary of the active principles of plants : alkaloids, bitter principles, glucosides, their sources, nature, and chemical characteristics, with tabular summary, classification of reactions, and full botanical and general indexes. Baillière, Tindall and Cox, London[2](2) Saroli A, 1986. Structure-activity relationship of bitter compounds related to denatonium chloride and dipeptide methyl esters. Zeitschrift für Leb und Forsch 182: 118–120[3](3) Aniszewski T, 2015. Chapter 1 - Definition, typology, and occurrence of alkaloids. In: Alkaloids, 2nd ed. Elsevier, Boston, pp 1–97[4](4) Kim, S. et al, 2016. PubChem Substance and Compound databases. Nucleic Acids Res. 44, D1202–D1213. doi: 10.1093/nar/gkv951",,,,,,,,,,,,
PMTDB00485,CC(C)C(=O)C1C(=O)C(=O)C(C1=O)(CC=C(C)C)CC=C(C)C,bitter,"bitter[1](1) Wiener A et al, 2012. BitterDB: a database of bitter compounds. Nucleic Acids Res 2012, 40 (Database issue): D413-419[2](2) Spetsig L, Steninger M, 1960. HULUPONES, A NEW GROUP OF HOP BITTER SUBSTANCES. J of The Institute of Brewing, 66 (5): 413-7",,,,,,,,,,,,
PMTDB00486,CC(C)C(=O)C1=C(C(=C(C(C1=O)(CC=C(C)C)O)O)CC=C(C)C)O,bitter,"bitter[1](1) Intelmann D et al, 2009. Three TAS2R Bitter Taste Receptors Mediate the Psychophysical Responses to Bitter Compounds of Hops (Humulus lupulus L.) and Beer. Chemosensory Perception 2, 118-132[2](3) Slack JP et al, 2010. Modulation of bitter taste perception by a small molecule hTAS2R antagonist. Curr. Biol. 20, 1104–1109.[3](4) Wiener A et al, 2012. BitterDB: a database of bitter compounds. Nucleic Acids Res 2012, 40 (Database issue): D413-419[4]",,,,,,,,,,,,
PMTDB00487,CC(=O)NC1CCC2=CC(=C(C(=C2C3=CC=C(C(=O)C=C13)OC)OC)OC)OC,bitter,"bitter[1](1) Sohn CE, 1894. Dictionary of the active principles of plants : alkaloids, bitter principles, glucosides, their sources, nature, and chemical characteristics, with tabular summary, classification of reactions, and full botanical and general indexes. Baillière, Tindall and Cox, London[2](2) Meyerhof Wet al, 2010. The molecular receptive ranges of human TAS2R bitter taste receptors. Chem Senses 35: 157–170[3](3) Behrens M et al, 2004. The human taste receptor hTAS2R14 responds to a variety of different bitter compounds. Biochem Biophys Res Commun 319: 479–485[4](4) Wiener A et al, 2012. BitterDB: a database of bitter compounds. Nucleic Acids Res 2012, 40 (Database issue): D413-419[5](5) Grassin-Delyle, S. et al, 2013. The expression and relaxant effect of bitter taste receptors in human bronchi. Respir. Res. 14, 134[6](6) Lossow, K. et al, 2016. Comprehensive Analysis of Mouse Bitter Taste Receptors Reveals Different Molecular Receptive Ranges for Orthologous Receptors in Mice and Humans. J. Biol. Chem. 291, 15358–15377[7](7) Behrens, M. et al, 2014. Tuning properties of avian and frog bitter taste receptors dynamically fit gene repertoire sizes. Mol. Biol. Evol. 31, 3216–3227[8](8) Lits, F.J. et al, 1938. Action of colchicine on a transplanted malignant lymphoid neoplasm in mice of the C3H strain. Am. J. Cancer 34, 196–213[9](9) Slack, J.P. et al, 2010. Modulation of bitter taste perception by a small molecule hTAS2R antagonist. Curr. Biol. 20, 1104–1109.",,,,,,,,,,,,
PMTDB00488,COC1=CC2=C(C=C1)N3C4C25CCN6C5CC7C4C(CC3=O)OCC=C7C6,bitter,"bitter[1](1) Wiener A et al, 2012. BitterDB: a database of bitter compounds. Nucleic Acids Res 2012, 40 (Database issue): D413-419[2](2) Smith, A., Heckelman, P.E., Obenchain, J.R., Gallipeau, J.A.R., D’Arecca, M.A., Budavari, S., 2001. The Merck Index, Thirteenth Edition, Merck Co., Inc., Whitehouse Station. New Jersey, USA.",,,,,,,,,,,,
PMTDB00489,COC1=C(C2=C[N+]3=C(C=C2C=C1)C4=CC(=C(C=C4CC3)OC)O)OC,bitter (electronic tongue),"bitter (electronic tongue)[1](1) Liang, X.-G. et al, 2014. Research on bitter components from Coptis chinensis based on electronic tongue. Zhongguo Zhong yao za zhi= Zhongguo zhongyao zazhi= China J. Chinese Mater. medica 39, 3326–3329",,,,,,,,,,,,
PMTDB00490,CC12CCC3C(=O)OC(CC3(C1C4C=CC2(C(=O)O4)O)C)C5=COC=C5,bitter,"bitter[1](1) Cava MP, Soboczenski EJ, 1956. Bitter Principles of Plants. I. Columbin: Preliminary Structural Studies1. J Am Chem Soc 78: 5317–5322[2](2) Korte, F., Barkemeyer, H., Korte, I., 1959. Neuere Ergebnisse der Chemie pflanzlicher Bitterstoffe, in: Abelson, P.H., Barkemeyer, H., Bernauer, K., Dimond, A.E., Inhoffen, H.H., Irmscher, K., Korte, F., Korte, I., Kuhn, H., Schroeder, W.A., Stowe, B.B., Venkataraman, K., Zechmeister, L. (Eds.), Fortschritte Der Chemie Organischer Naturstoffe / Progress in the Chemistry of Organic Natural Products / Progrès Dans La Chimie Des Substances Organiques Naturelles. Springer Vienna, Vienna, pp. 124–182. doi: 10.1007/978-3-7091-8052-5_3[3](3) Kefford JF (1960) The Chemical Constituents of Citrus Fruits. In: Chichester CO, Mrak EM, Stewart GFBT-A in FR (eds). Academic Press, pp 285–372[4](4) Barton, D.H.R. et al, 1962. 939. Diterpenoid bitter principles. Part IV. Investigations on the constitution of palmarin. J. Chem. Soc. 4809–4815[5](5) The Merck Index 9th Edition, 1976, Merck and Co. Inc. Rahway, 3677pp[6](6) Belitz H, Wieser H, 1985. Bitter compounds: Occurrence and structure‐activity relationships. Food Rev Int 1: 271–354.[7](7) Chialva F, Dada G, 1990. Bitterness in alcoholic beverages. In: Rouseff RL (ed) Bitternes in foods and beverages. Developments in Food Science vol. 25. Elsevier Science Publishers B.V., pp 103–122[8](8) Wiener A et al, 2012. BitterDB: a database of bitter compounds. Nucleic Acids Res 2012, 40 (Database issue): D413-419",,,,,,,,,,,,
PMTDB00491,CC(C)C(=O)C1=C(C(=C(C(C1=O)(CC=C(C)C)CC=C(C)C)O)CC=C(C)C)O,bitter,"bitter[1](1) Intelmann D et al, 2009. Three TAS2R Bitter Taste Receptors Mediate the Psychophysical Responses to Bitter Compounds of Hops (Humulus lupulus L.) and Beer. Chemosensory Perception 2, 118-132[2](2) Wiener A et al, 2012. BitterDB: a database of bitter compounds. Nucleic Acids Res 2012, 40 (Database issue): D413-419",,,,,,,,,,,,
PMTDB00492,[H]C12CCC3([H])C([H])(C(OC(=O)\C=C\C4=CC=CC=C4)C(OC(C)=O)C4(C)C(CCC34O)C(C)=O)C1(C)CCC(C2)OC1OC(CO)C(OC2OC(CO)C(OC3OC(CO)C(OC4OC(CO)C(OC5OC(CO)C(O)C(O)C5O)C(O)C4O)C(O)C3O)C(O)C2O)C(O)C1O,bitter,"bitter[1](1) Chialva F, Dada G , 1990. Bitterness in alcoholic beverages. In: Rouseff RL (ed) Bitternes in foods and beverages. Developments in Food Science vol. 25. Elsevier Science Publishers B.V., pp 103–122[2](2) Korte, F., Barkemeyer, H., Korte, I., 1959. Neuere Ergebnisse der Chemie pflanzlicher Bitterstoffe, in: Abelson, P.H., Barkemeyer, H., Bernauer, K., Dimond, A.E., Inhoffen, H.H., Irmscher, K., Korte, F., Korte, I., Kuhn, H., Schroeder, W.A., Stowe, B.B., Venkataraman, K., Zechmeister, L. (Eds.), Fortschritte Der Chemie Organischer Naturstoffe / Progress in the Chemistry of Organic Natural Products / Progrès Dans La Chimie Des Substances Organiques Naturelles. Springer Vienna, Vienna, pp. 124–182. doi: 10.1007/978-3-7091-8052-5_3[3](3) Hegnauer, R., 1964. Chemotaxonomie der Pflanzen - Eine Übersicht über die Verbreitung und die systematische Bedeutung der Pflanzenstoffe. Band 3: Dicotyledoneae: Acanthaceae — Cyrillaceae | R. Hegnauer | Springer",,,,,,,,,,,,
PMTDB00493,CC1C2CCC3C2(CCC4C3CC=C5C4(CCC(C5)N(C)C)C)CN1C,"bitter, pungent","bitter[1](1) Stenhouse, J., 1864. On Wrightine; an Alkaloid Contained in the Seeds of Wrightia Antidysenterica. Am. J. Pharm. 349[2](2) Husemann, T., 1866. Ueber Semina Wrightiae antidysentericae, ein neues Narcoticum. Arch. Pharm. (Weinheim). 177, 108–133[3](3) Warnecke, H., 1888. Über Wrightin und Oxywrightin. Arch. Pharm. (Weinheim). 226, 248–261[4](4) Sohn CE, 1894. Dictionary of the active principles of plants : alkaloids, bitter principles, glucosides, their sources, nature, and chemical characteristics, with tabular summary, classification of reactions, and full botanical and general indexes. Baillière, Tindall and Cox, London[5](5) Acton, H.W., Chopra, R.N., 1933. The Treatment of Chronic Intestinal Amœbiasis with the Alkaloids of Holarrhena Antidysenterica (Kurchi). Ind. Med. Gaz. 68, 6–12 (complex of 3 alkaloids) (insufficient evidence)[6](6) Wisniak, J., 2018. John Stenhouse: Contribution to the study of active charcoal, lichens, and alkaloids. Rev. CENIC Ciencias Biológicas 49, 92–110[7](7) Merck Index[8](8) Wiener A et al, 2012. BitterDB: a database of bitter compounds. Nucleic Acids Res 2012, 40 (Database issue): D413-419, pungent[3](3) Warnecke, H., 1888. Über Wrightin und Oxywrightin. Arch. Pharm. (Weinheim). 226, 248–261",,,,,,,,,,,,
PMTDB00494,CC1C2CCC3C2(CCC4C3CC=C5C4(CCC(C5)N(C)C)C)CN1C.Br.Br,bitter,"bitter[1](1) Wiener A et al, 2012. BitterDB: a database of bitter compounds. Nucleic Acids Res 2012, 40 (Database issue): D413-419[2](2) Smith, A. et al, 2001. The Merck Index, Thirteenth Edition. (CD-ROM), Merck Co., Inc., Whitehouse Station. New Jersey, USA.",,,,,,,,,,,,
PMTDB00495,CCCC1CCCCN1,pungent (burning),"pungent (burning)[1](1) Sohn CE, 1894. Dictionary of the active principles of plants : alkaloids, bitter principles, glucosides, their sources, nature, and chemical characteristics, with tabular summary, classification of reactions, and full botanical and general indexes. Baillière, Tindall and Cox, London",,,,,,,,,,,,
PMTDB00496,CC1C(C(C(C(O1)OC2CCC3(C4CCC5(C(CCC5(C4CCC3(C2)O)O)C6=CC(=O)OC6)C)C=O)O)O)O,bitter,"bitter[1](1) Wiener A et al, 2012. BitterDB: a database of bitter compounds. Nucleic Acids Res 2012, 40 (Database issue): D413-419[2](2) Huffman MA, 1998. Current evidence for self‐medication in primates: A multidisciplinary perspective. Am J of Physical Anthropology, 104 (S25)",,,,,,,,,,,,
PMTDB00497,C1C[N+]2=C(C=C3C=CC4=C(C3=C2)OCO4)C5=CC6=C(C=C51)OCO6,bitter,"bitter[1](1) Yue X et al, 2018. Berberine activates bitter taste responses of enteroendocrine STC-1 cells. Mol. Cell. Biochem. 447, 21–32[2](2) Liang, J.et al, 2017. Expression and functional activity of bitter taste receptors in primary renal tubular epithelial cells and M-1 cells. Mol. Cell. Biochem. 428, 193–202",,,,,,,,,,,,
PMTDB00498,CC(=C)C1C2CC3(C4(CO4)C5C(C3(C1C(=O)O2)O)O5)C,bitter,"bitter[1](1) Wiener A et al, 2012. BitterDB: a database of bitter compounds. Nucleic Acids Res 2012, 40 (Database issue): D413-419[2](2) Smith, A. et al, 2001. The Merck Index, Thirteenth Edition. (CD-ROM), Merck Co., Inc., Whitehouse Station. New Jersey, USA.",,,,,,,,,,,,
PMTDB00499,C1C2C(C(C(C(O2)OC(=O)C3=CC(=C(C(=C3)O)O)O)O)OC(=O)C4=CC(=C(C(=C4C5=C(C(=C(C=C5C(=O)O1)O)O)O)O)O)O)O,astringent,"astringent[1](1) Kar A, 2003. Pharmacognosy and pharmacobiotechnology. New Age International (P) Limited, New Dehli yes[2](2) Okuda, T., Mori, K., Hatano, T., 1985. Relationship of the structures of tannins to the binding activities with hemoglobin and methylene blue. Chem. Pharm. Bull. 33, 1424–1433",,,,,,,,,,,,
PMTDB00500,COC1=C(C=C2C(=C1)CCNC2=O)OC,bitter (electronic tongue),"bitter (electronic tongue)[1](1) Liang, X.-G. et al, 2014. Research on bitter components from Coptis chinensis based on electronic tongue. Zhongguo Zhong yao za zhi= Zhongguo zhongyao zazhi= China J. Chinese Mater. medica 39, 3326–3329",,,,,,,,,,,,
PMTDB00501,CC1=CCCC(=CC2C(CC1)C(=C)C(=O)O2)C,"bitter, pungent (insufficient evidence)","bitter[1](1) Brockhoff A et al, 2007. Broad tuning of the human bitter taste receptor hTAS2R46 to various sesquiterpene lactones, clerodane and labdane diterpenoids, strychnine, and denatonium. J Agric Food Chem 55: 6236–6243[2](2) Wiener A et al, 2012. BitterDB: a database of bitter compounds. Nucleic Acids Res 2012, 40 (Database issue): D413-419[3](3) Lossow, K. et al, 2016. Comprehensive Analysis of Mouse Bitter Taste Receptors Reveals Different Molecular Receptive Ranges for Orthologous Receptors in Mice and Humans. J. Biol. Chem. 291, 15358–15377[4](4) Pollastro, F. et al, L.G., 2018. An Artemisia-derived natural product-based fluorescent probe for the bitter taste receptor hTAS2R38. Fitoterapia 127, 252–256, pungent (insufficient evidence)[5](5) Giorgi, A. et al, 2017. Extracts and compounds active on TRP ion channels from Waldheimia glabra, a ritual medicinal plant from Himalaya. Phytomedicine 32, 80–87 (insufficient evidence)[6](6) Borgonovo, G. et al, A., 2019. Isothiocyanates and Glucosinolates from Sisymbrium officinale (L.) Scop. (“the Singers’’ Plant""): Isolation and in Vitro Assays on the Somatosensory and Pain Receptor TRPA1 Channel.” Molecules 24 (insufficient evidence)[7](7) Taglialatela‐Scafati, O. et al., 2012. Sesquiterpenoids from common ragweed (Ambrosia artemisiifolia L.), an invasive biological polluter. European J. Org. Chem. 2012, 5162–5170.",,,,,,,,,,,,
PMTDB00502,C1=CC=C2C(=C1)C=CC(=O)O2,bitter,"bitter[1](1) Arctander, S., 1969. Perfume and Flavor Chemicals (Aroma Chemicals) Vol.1. Allured Publishing Corporation[2](2) Meyerhof Wet al, 2010. The molecular receptive ranges of human TAS2R bitter taste receptors. Chem Senses 35: 157–170[3](3) Wiener A et al, 2012. BitterDB: a database of bitter compounds. Nucleic Acids Res 2012, 40 (Database issue): D413-419[4](4) Lossow, K. et al, 2016. Comprehensive Analysis of Mouse Bitter Taste Receptors Reveals Different Molecular Receptive Ranges for Orthologous Receptors in Mice and Humans. J. Biol. Chem. 291, 15358–15377[5](5) Behrens, M. et al, 2014. Tuning properties of avian and frog bitter taste receptors dynamically fit gene repertoire sizes. Mol. Biol. Evol. 31, 3216–3227[6](6) Behrens, M., Meyerhof, W., 2017. The vertebrate gustatory system, in: Guichard, E., Salles, C., Morzel, M., Le Bon, A.-M. (Eds.), Flavour From Food to Perception. John Wiley & Sons, Ltd, Chichester, West Sussex Hoboken, NJ, pp. 57–78.",,,,,,,,,,,,
PMTDB00503,C1=CC2=C(C=C1O)OC3=C2C(=O)OC4=C3C=CC(=C4)O,bitter,"bitter[1](1) Wiener A et al, 2012. BitterDB: a database of bitter compounds. Nucleic Acids Res 2012, 40 (Database issue): D413-419[2](2) Roland WSU et al, 2013. Bitter Taste Receptor Activation by Flavonoids and Isoflavonoids: Modeled Structural Requirements for Activation of hTAS2R14 and hTAS2R39. J Agric Food Chem 61: 10454–10466[3](3) Behrens M, Meyerhof W, 2017. The vertebrate gustatory system, in: Guichard, E., Salles, C., Morzel, M., Le Bon, A.-M. (Eds.), Flavour From Food to Perception. John Wiley & Sons, Ltd, Chichester, West Sussex Hoboken, NJ, pp. 57–78.",,,,,,,,,,,,
PMTDB00504,CC1C2C(CCC1=CC(=O)OCCN(C)C)C3(CCC(C(C3CC2=O)(C)C)OC(=O)CC(C)(C)O)C,bitter,"bitter[1](1) Bassoli A, Borgonovo G, Busnelli G, 2007. Alkaloids and the Bitter Taste. In: Fattorusso E, Taglialatela-Scafati O (eds) Modern Alkaloids: Structure, Isolation, Synthesis and Biology. Wiley-VCH Verlag GmbH & Co. KGaA, Weinheim, Germany, pp 53–72",,,,,,,,,,,,
PMTDB00505,C1=CC(=CC=C1C=CC(=O)OC(C(C(=O)O)O)C(=O)O)O,astringent; bitter;,"astringent[1](1) Gonzalo-Diago, A. et al., 2014. Contribution of low molecular weight phenols to bitter taste and mouthfeel properties in red wines. Food Chem. 154, 187–198; bitter[2](2) Okamura, S., and Watanabe, M. 1981. Determination of phenolic cinnamate;",,,,,,,,,,,,
PMTDB00506,CC12CCC(C(=CCC3C(C1O)OC(=O)C3=C)C2)OO,bitter,"bitter[1](1) Sohn CE, 1894. Dictionary of the active principles of plants : alkaloids, bitter principles, glucosides, their sources, nature, and chemical characteristics, with tabular summary, classification of reactions, and full botanical and general indexes. Baillière, Tindall and Cox, London[2](2) Brockhoff A et al, 2007. Broad tuning of the human bitter taste receptor hTAS2R46 to various sesquiterpene lactones, clerodane and labdane diterpenoids, strychnine, and denatonium. J Agric Food Chem 55: 6236–6243[3](3) Meyerhof W et al, 2010. The molecular receptive ranges of human TAS2R bitter taste receptors. Chem Senses 35: 157–170[4](4) Wiener A et al, 2012. BitterDB: a database of bitter compounds. Nucleic Acids Res 2012, 40 (Database issue): D413-419",,,,,,,,,,,,
PMTDB00507,CC(=CC=CC=C(C)C=CC=C(C)C(=O)OC1C(C(C(C(O1)COC2C(C(C(C(O2)CO)O)O)O)O)O)O)C=CC=C(C)C(=O)OC3C(C(C(C(O3)COC4C(C(C(C(O4)CO)O)O)O)O)O)O,bitter (insufficient evidence),"bitter (insufficient evidence)[1](1) Khare CP, 2004. Indian Herbal Remedies: Rational Western Therapy, Ayurvedic and Other Traditional Usage, Botany. Springer Berlin Heidelberg, Berlin, Heidelberg. doi: 10.1007/978-3-642-18659-2_1",,,,,,,,,,,,
PMTDB00508,CN1CCC2=CC(=C(C=C2C(=O)CC3=C(C1)C4=C(C=C3)OCO4)OC)OC,bitter (insufficient evidence),"bitter (insufficient evidence)[1](1) Sohn CE, 1894. Dictionary of the active principles of plants : alkaloids, bitter principles, glucosides, their sources, nature, and chemical characteristics, with tabular summary, classification of reactions, and full botanical and general indexes. Baillière, Tindall and Cox, London",,,,,,,,,,,,
PMTDB00509,C1C(C(C(O1)O)CC2=CC3=C(C=C2)OCO3)CC4=CC5=C(C=C4)OCO5,bitter,"bitter[1](1) Dasgupta, A., Datta, P.C., 1980. Medicinal species of Piper, pharmacognostic delimitation. Q. J. Crude Drug Res. 18, 17–25[2](2) Arctander, S., 1960. Perfume and Flavor Materials of Natural Origin, p.370",,,,,,,,,,,,
PMTDB00510,CC(=O)OC(C)(C)C=CC(=O)C(C)(C1C(CC2(C1(CC(=O)C3(C2CC=C4C3CC(C(=O)C4(C)C)O)CO)C)C)O)O,bitter,"bitter[1](1) Enslin, P.R., 1954. Bitter principles of the cucurbitaceae. I.—Observations on the chemistry of cucurbitacin a. J. Sci. Food Agric. 5, 410–416[2](2) Rehm, S. et al, 1957. Bitter principles of the Cucurbitaceae. VII.—the distribution of bitter principles in this plant family. J. Sci. Food Agric. 8, 679–686",,,,,,,,,,,,
PMTDB00511,CC(=O)OC(C)(C)C=CC(=O)C(C)(C1C(CC2(C1(CC(=O)C3(C2CC=C4C3CC(C(=O)C4(C)C)O)C)C)C)O)O,bitter,"bitter[1](1) Metcalf, R.L. et al, 1980. Cucurbitacins as kairomones for diabroticite beetles. Proc. Natl. Acad. Sci. U. S. A. 77, 3769–3772[2](2) Glendinning, J.I., 1994. Is the bitter rejection response always adaptive? Physiol. Behav. 56, 1217–1227[3](3) Meyerhof Wet al, 2010. The molecular receptive ranges of human TAS2R bitter taste receptors. Chem Senses 35: 157–170[4](4) Wiener A et al, 2012. BitterDB: a database of bitter compounds. Nucleic Acids Res 2012, 40 (Database issue): D413-419[5](5) Born, S. et al, 2013. The human bitter taste receptor TAS2R10 is tailored to accommodate numerous diverse ligands. J. Neurosci. 33, 201–213.[6](6) Lossow, K. et al, 2016. Comprehensive Analysis of Mouse Bitter Taste Receptors Reveals Different Molecular Receptive Ranges for Orthologous Receptors in Mice and Humans. J. Biol. Chem. 291, 15358–15377",,,,,,,,,,,,
PMTDB00512,CC(=O)OC(C)(C)C=CC(=O)C(C)(C1C(CC2(C1(CC(=O)C3(C2CC=C4C3CC(C(=O)C4(C)C)OS(=O)(=O)O)C)C)C)O)O,bitter,"bitter[1](1) Chen, Z.-T. et al., 2006. Cucurbitacin B 2-sulfate and cucurbitacin glucosides from the root bark of Helicteres angustifolia. Chem. Pharm. Bull. (Tokyo). 54, 1605–1607",,,,,,,,,,,,
PMTDB00513,CC(=O)OC(C)(C)C=CC(=O)C(C)(C1C(CC2(C1(CC(=O)C3(C2CC=C4C3CCC(C4(C)C)O)CO)C)C)O)O,bitter,"bitter[1](1) Rehm, S. et al, 1957. Bitter principles of the Cucurbitaceae. VII.—the distribution of bitter principles in this plant family. J. Sci. Food Agric. 8, 679–686[2](2) Horie, H., et al, 2007. Cucurbitacin C - Bitter principle in cucumber plants. Japan Agric. Res. Q. 41, 65–68[3](3) Shang, Y. et al, 2014. Plant science. Biosynthesis, regulation, and domestication of bitterness in cucumber. Science 346, 1084–1088",,,,,,,,,,,,
PMTDB00514,CC1(C2=CCC3C4(CC(C(C4(CC(=O)C3(C2CC(C1=O)O)C)C)C(C)(C(=O)C=CC(C)(C)O)O)O)C)C,bitter,"bitter[1](1) Enslin, P.R., 1954. Bitter principles of the cucurbitaceae. I.—Observations on the chemistry of cucurbitacin a. J. Sci. Food Agric. 5, 410–416[2](2) Rehm, S. et al, 1957. Bitter principles of the Cucurbitaceae. VII.—the distribution of bitter principles in this plant family. J. Sci. Food Agric. 8, 679–686[3](3) Belitz H, Wieser H, 1985. Bitter compounds: Occurrence and structure‐activity relationships. Food Rev Int 1: 271–354.[4](4) Brieskorn CH (1990) Physiological and therapeutical aspects of bitter compounds. In: Rouseff RL (ed) Bitternes in foods and beverages. Developments in Food Science vol. 25. Elsevier Science Publishers B.V., Amsterdam, pp 15–33[5](5) Glendinning, J.I., 1994. Is the bitter rejection response always adaptive? Physiol. Behav. 56, 1217–1227[6](6) Wiener A et al, 2012. BitterDB: a database of bitter compounds. Nucleic Acids Res 2012, 40 (Database issue): D413-419[7](7) Lossow, K. et al, 2016. Comprehensive Analysis of Mouse Bitter Taste Receptors Reveals Different Molecular Receptive Ranges for Orthologous Receptors in Mice and Humans. J. Biol. Chem. 291, 15358–15377",,,,,,,,,,,,
PMTDB00515,CC(=O)OC(C)(C)C=CC(=O)C(C)(C1C(CC2(C1(CC(=O)C3(C2CC=C4C3C=C(C(=O)C4(C)C)O)C)C)C)O)O,bitter; pungent (insufficient evidence),"bitter[1](1) Enslin, P.R., 1954. Bitter principles of the cucurbitaceae. I.—Observations on the chemistry of cucurbitacin a. J. Sci. Food Agric. 5, 410–416[2](2) Metcalf, R.L. et al, 1980. Cucurbitacins as kairomones for diabroticite beetles. Proc. Natl. Acad. Sci. U. S. A. 77, 3769–3772[3](3) Glendinning, J.I., 1994. Is the bitter rejection response always adaptive? Physiol. Behav. 56, 1217–1227[4](4) Meyerhof Wet al, 2010. The molecular receptive ranges of human TAS2R bitter taste receptors. Chem Senses 35: 157–170[5](5) Harrington, R.A. et al, 2019. Nutrient composition databases in the age of big data: foodDB, a comprehensive, real-time database infrastructure. BMJ Open 9, e026652[6](6) Wiener A et al, 2012. BitterDB: a database of bitter compounds. Nucleic Acids Res 2012, 40 (Database issue): D413-419[7](7) Lossow, K. et al, 2016. Comprehensive Analysis of Mouse Bitter Taste Receptors Reveals Different Molecular Receptive Ranges for Orthologous Receptors in Mice and Humans. J. Biol. Chem. 291, 15358–15377[8](8) Behrens, M., Meyerhof, W., 2017. The vertebrate gustatory system, in: Guichard, E., Salles, C., Morzel, M., Le Bon, A.-M. (Eds.), Flavour From Food to Perception. John Wiley & Sons, Ltd, Chichester, West Sussex Hoboken, NJ, pp. 57–78.; pungent (insufficient evidence)[9](9) Phillips, C.D.F., 1886. Materia Medica and Therapeutics: Vegetable Kingdom. Organic Compounds. Animal Kingdom. L & A. Churchill 11, New Burlington Street, London, UK. (insufficient evidence)",,,,,,,,,,,,
PMTDB00516,CC(=O)OC(C)(C)C=CC(=O)C(C)(C1C(CC2(C1(CC(=O)C3(C2CC=C4C3C=C(C(=O)C4(C)C)OC5C(C(C(C(O5)CO)O)O)O)C)C)C)O)O,bitter,"bitter[1](1) Metcalf, R.L. et al, 1980. Cucurbitacins as kairomones for diabroticite beetles. Proc. Natl. Acad. Sci. U. S. A. 77, 3769–3772[2](2) Hutt, T.F., Herrington, M.E., 1985. The determination of bitter principles in zucchinis. J. Sci. Food Agric. 36, 1107–1112[3](3) Ripperger, H., 1976. Isoleirung und struktur der cucurbitacine aus Bryonia dioica. Tetrahedron 32, 1567–1569. https://doi.org/https://doi.org/10.1016/0040-4020 (76)85214-3",,,,,,,,,,,,
PMTDB00517,CC1(C(C(CC2C1=CCC3C2(C(=O)CC4(C3(CC(C4C(C)(C(=O)C=CC(C)(C)O)O)O)C)C)C)O)O)C,bitter,"bitter[1](1) Rehm, S. et al, 1957. Bitter principles of the Cucurbitaceae. VII.—the distribution of bitter principles in this plant family. J. Sci. Food Agric. 8, 679–686[2](2) Enslin, P.R. et al, 1957. Bitter principles of the cucurbitaceae. VI.—the isolation and characterization of six new crystalline bitter principles. J. Sci. Food Agric. 8, 673–678",,,,,,,,,,,,
PMTDB00518,CC1(C2=CCC3C4(CC(C(C4(CC(=O)C3(C2CC(C1=O)O)C)C)C(C)(C(=O)CC(C(C)(C)O)O)O)O)C)C,bitter,"bitter[1](1) Rehm, S. et al, 1957. Bitter principles of the Cucurbitaceae. VII.—the distribution of bitter principles in this plant family. J. Sci. Food Agric. 8, 679–686[2](2) Enslin, P.R. et al, 1957. Bitter principles of the cucurbitaceae. VI.—the isolation and characterization of six new crystalline bitter principles. J. Sci. Food Agric. 8, 673–678",,,,,,,,,,,,
PMTDB00519,[H]C12CC(OC3OC(CO)C(O)C(O)C3O)C(=O)C(C)(C)C1=CCC1([H])C3(C)CC(O)C(C(C)(O)C(=O)CC(O)C(C)(C)O)C3(C)CC(=O)C21C,bitter,bitter,,,,,,,,,,,,
PMTDB00520,CC1(C2=CCC3C4(CC(C(C4(CC(=O)C3(C2CC(C1=O)O)C)C)C(C)(C(=O)CC(C(C)(C)O)O)O)O)C)C,bitter,"bitter[1](1) Rehm, S. et al, 1957. Bitter principles of the Cucurbitaceae. VII.—the distribution of bitter principles in this plant family. J. Sci. Food Agric. 8, 679–686",,,,,,,,,,,,
PMTDB00521,CC1(C2=CCC3C4(CC(C(C4(CC(=O)C3(C2C=C(C1=O)O)C)C)C(C)(C(=O)C=CC(C)(C)O)O)O)C)C,bitter,"bitter[1](1) Enslin, P.R., 1954. Bitter principles of the cucurbitaceae. I.—Observations on the chemistry of cucurbitacin a. J. Sci. Food Agric. 5, 410–416[2](2) Rehm, S. et al, 1957. Bitter principles of the Cucurbitaceae. VII.—the distribution of bitter principles in this plant family. J. Sci. Food Agric. 8, 679–686[3](3) Lossow, K. et al, 2016. Comprehensive Analysis of Mouse Bitter Taste Receptors Reveals Different Molecular Receptive Ranges for Orthologous Receptors in Mice and Humans. J. Biol. Chem. 291, 15358–15377[4](4) Wiener A et al, 2012. BitterDB: a database of bitter compounds. Nucleic Acids Res 2012, 40 (Database issue): D413-419",,,,,,,,,,,,
PMTDB00522,CC1(C2=CCC3C4(CC(C(C4(CC(=O)C3(C2C=C(C1=O)OC5C(C(C(C(O5)CO)O)O)O)C)C)C(C)(C(=O)C=CC(C)(C)O)O)O)C)C,bitter,"bitter[1](1) Ripperger, H., 1976. Isoleirung und struktur der cucurbitacine aus Bryonia dioica. Tetrahedron 32, 1567–1569. https://doi.org/https://doi.org/10.1016/0040-4020 (76)85214-3",,,,,,,,,,,,
PMTDB00523,CC1(C2=CCC3C4(CC(C(C4(CC(=O)C3(C2C=C(C1=O)O)C)C)C(C)(C(=O)CC(C(C)(C)O)O)O)O)C)C,bitter,"bitter[1](1) Rehm, S. et al, 1957. Bitter principles of the Cucurbitaceae. VII.—the distribution of bitter principles in this plant family. J. Sci. Food Agric. 8, 679–686[2](2) Enslin, P.R. et al, 1957. Bitter principles of the cucurbitaceae. VI.—the isolation and characterization of six new crystalline bitter principles. J. Sci. Food Agric. 8, 673–678",,,,,,,,,,,,
PMTDB00524,CC1(C2=CCC3C4(CC(C(C4(CC(=O)C3(C2C=C(C1=O)O)C)C)C(C)(C(=O)CC(C(C)(C)O)O)O)O)C)C,bitter,"bitter[1](1) Rehm, S. et al, 1957. Bitter principles of the Cucurbitaceae. VII.—the distribution of bitter principles in this plant family. J. Sci. Food Agric. 8, 679–686[2](2) Enslin, P.R. et al, 1957. Bitter principles of the cucurbitaceae. VI.—the isolation and characterization of six new crystalline bitter principles. J. Sci. Food Agric. 8, 673–678",,,,,,,,,,,,
PMTDB00525,CC1(C2=CCC3C4(CC(C(C4(CC(=O)C3(C2C=C(C1=O)O)C)C)C(C)(C(=O)CCC(C)(C)O)O)O)C)C,bitter,"bitter[1](1) Rehm, S. et al, 1957. Bitter principles of the Cucurbitaceae. VII.—the distribution of bitter principles in this plant family. J. Sci. Food Agric. 8, 679–686[2](2) Enslin, P.R. et al, 1957. Bitter principles of the cucurbitaceae. VI.—the isolation and characterization of six new crystalline bitter principles. J. Sci. Food Agric. 8, 673–678[3](3) Isaev, M.I., 2000. Bryonia isoprenes. II. Cucurbitacin L and bryoamaride from Bryonia melanocarpa. Chem. Nat. Compd. 36, 292–294[4](4) Ripperger, H., 1976. Isoleirung und struktur der cucurbitacine aus Bryonia dioica. Tetrahedron 32, 1567–1569. https://doi.org/https://doi.org/10.1016/0040-4020 (76)85214-3",,,,,,,,,,,,
PMTDB00526,CC1(C2=CCC3C4(CC(C(C4(CC(=O)C3(C2CC(C1=O)O)C)C)C(C)(C(=O)CCC(C)(C)O)O)O)C)C,bitter,"bitter[1](1) Nishida, R., Fukami, H., 1990. Sequestration of distasteful compounds by some pharmacophagous insects. J. Chem. Ecol. 16, 151–164",,,,,,,,,,,,
PMTDB00527,CC(C)C1=CC=C(C=C1)C=O,pungent,"pungent[1](1) Cliff M, Heymann H, 1992. Descriptive analysis of oral pungency. J Sens Stud 7: 279–290[2](2) Dubey PN, Saxena SN, Mishra BK, et al , 2017. Preponderance of cumin (Cuminum cyminum L.) essential oil constituents across cumin growing Agro-Ecological Sub Regions, India. Ind Crops Prod 95: 50–59[3](3) Prescott, J., Stevenson, R.J., 1995. Pungency in food perception and preference. Food Rev. Int. 11, 665–698",,,,,,,,,,,,
PMTDB00528,C[N+]1(CCC2=CC(=C3C=C2C1CC4=CC=C(C=C4)OC5=C6C(CC7=CC(=C(C=C7)O)O3)[N+](CCC6=CC(=C5O)OC)(C)C)OC)C,bitter,"bitter[1](1) Sohn CE, 1894. Dictionary of the active principles of plants : alkaloids, bitter principles, glucosides, their sources, nature, and chemical characteristics, with tabular summary, classification of reactions, and full botanical and general indexes. Baillière, Tindall and Cox, London",,,,,,,,,,,,
PMTDB00530,COC1=C(C=CC(=C1)C=CC(=O)CC(=O)C=CC2=CC(=C(C=C2)O)OC)O,bitter,"bitter[1](1) Esatbeyoglu, T. et al, 2012. Curcumin-from molecule to biological function. Angew. Chem. Int. Ed. Engl. 51, 5308–5332[2](2) Yuan, T., Du, G.-H., 2018. Curcumin, in: Du, G.-H. (Ed.), Natural Small Molecule Drugs from Plants. Springer Singapore, Singapore, pp. 679–684. https://doi.org/10.1007/978-981-10-8022-7_110",,,,,,,,,,,,
PMTDB00531,C1=CC(=C(C=C1C2=[O+]C3=CC(=CC(=C3C=C2O)O)O)O)O.[Cl-],bitter; astringent (insufficient evidence),"bitter[1](1) Roland WSU et al, 2013. Bitter Taste Receptor Activation by Flavonoids and Isoflavonoids: Modeled Structural Requirements for Activation of hTAS2R14 and hTAS2R39. J Agric Food Chem 61: 10454–10466[2](2) Behrens, M., Meyerhof, W., 2017. The vertebrate gustatory system, in: Guichard, E., Salles, C., Morzel, M., Le Bon, A.-M. (Eds.), Flavour From Food to Perception. John Wiley & Sons, Ltd, Chichester, West Sussex Hoboken, NJ, pp. 57–78.; astringent (insufficient evidence)[3](3) Naik SR, Ganesh RK, 2013. Development and Discovery Avenues in Bioactive Natural Products for Glycemic Novel. In: Atta-ur-Rahman F (ed) Ther. Stud. Nat. Prod. Chem. Vol. 39. p 504 (precursor) (insufficient evidence)[4](4) Wu X et al, 2004. Characterization of anthocyanins and proanthocyanidins in some cultivars of Ribes, Aronia, and Sambucus and their antioxidant capacity. J Agric Food Chem 5: 7846–7856 (precursor) (insufficient evidence)",,,,,,,,,,,,
PMTDB00532,C1=CC(=C(C=C1C2=[O+]C3=CC(=CC(=C3C=C2OC4C(C(C(C(O4)CO)O)O)O)O)O)O)O,bitter (insufficient evidence),"bitter (insufficient evidence)[1](1) Wiener A et al, 2012. BitterDB: a database of bitter compounds. Nucleic Acids Res 2012, 40 (Database issue): D413-419",,,,,,,,,,,,
PMTDB00533,CC1CC(CC(C1)(C)C)OC(=O)C(C2=CC=CC=C2)O,bitter,"bitter[1](1) Ma Y-Z, Qiang G-F, Du G-H, 2018. Cyclandelate, in: Du G-H (Ed.), Natural Small Molecule Drugs from Plants. Springer Singapore, Singapore, pp. 227–230. doi: 10.1007/978-981-10-8022-7_37",,,,,,,,,,,,
PMTDB00534,CC1CC2C(C(CCC2(C3C1C4(CCC(C4C(C3)OC5C(C(C(C(O5)C)O)O)O)C6(CCC(O6)C(C)(C)O)C)C)C)OC7C(C(C(O7)COC(=O)C)O)O)(C)C,sweet,"sweet[1](1) Yang, D.J. et al., 1992. Studies on the sweet principles from the leaves of Cyclocarya paliurus (Batal.) Iljinskaya. Yao xue xue bao= Acta Pharm. Sin. 27, 841–844.",,,,,,,,,,,,
PMTDB00535,CC1CC2C(C)(C)C(CCC2(C)C2CC(OC3OC(C)C(O)C(O)C3O)C3C(CCC3(C)C12)C1(C)CCC(O1)C(C)(C)O)OC1OC(CO)C(O)C1O,sweet,"sweet[1](1) Shu, R.G.et al, 1995. Studies on the Sweet Principles from the Leaves of Cyclocarya paliurus (BATAL) Iljinsk. Acta Pharm. Sin. 30, 761.",,,,,,,,,,,,
PMTDB00536,C=C1CC(C2C(C3C1CC(C3=C)O)OC(=O)C2=C)OC(=O)C(=C)CO,bitter,"bitter[1](1) Wiener A et al, 2012. BitterDB: a database of bitter compounds. Nucleic Acids Res 2012, 40 (Database issue): D413-419[2](2) Suchý M et al,1962. Recent advances in the chemistry of the sesquiterpenes, 1962, Russian Chemical Reviews, Volume 31, Number 8[3](3) Brockhoff A et al, 2007. Broad tuning of the human bitter taste receptor hTAS2R46 to various sesquiterpene lactones, clerodane and labdane diterpenoids, strychnine, and denatonium. J Agric Food Chem 55: 6236–6243",,,,,,,,,,,,
PMTDB00537,C1=CC(=C(C=C1C2=CC(=O)C3=C(C=C(C=C3O2)OC4C(C(C(C(O4)CO)O)O)O)O)O)O,astringent; non bitter,"astringent[1](1) Stark, T., Bareuther, S., Hofmann, T., 2005. Sensory-Guided Decomposition of Roasted Cocoa Nibs (Theobroma cacao) and Structure Determination of Taste-Active Polyphenols. J. Agric. Food Chem. 53, 5407–5418; non bitter[1](1) Stark, T., Bareuther, S., Hofmann, T., 2005. Sensory-Guided Decomposition of Roasted Cocoa Nibs (Theobroma cacao) and Structure Determination of Taste-Active Polyphenols. J. Agric. Food Chem. 53, 5407–5418",,,,,,,,,,,,
PMTDB00538,C1C2CNCC1C3=CC=CC(=O)N3C2,bitter,"bitter[1](1) van de Moer, J., 1890. Over cytisine, het vergift van den goudenregen, en over de identiteit van cytisine en ulexine. Hoitsema.[2](2) Bassoli A, Borgonovo G, Busnelli G, 2007. Alkaloids and the Bitter Taste. In: Fattorusso E, Taglialatela-Scafati O (eds) Mod. Alkaloids Struct. Isol. Synth. Biol. Wiley-VCH Verlag GmbH & Co. KGaA, Weinheim, Germany, pp 53–72[3](3) Tzankova, V., Danchev, N., 2007. Cytisine—from ethomedical use to the development as a natural alternative for smoking cessation. Biotechnol. Biotechnol. Equip. 21, 151–160.",,,,,,,,,,,,
PMTDB00539,C1=CC(=CC=C1C2=COC3=C(C2=O)C=CC(=C3)O)O,bitter; astringent,"bitter[1](1) Drewnowski A, Gomez-Carneros C, 2000. Bitter taste, phytonutrients, and the consumer: a review. Am J Clin Nutr 72: 1424–35[2](2) Wiener A et al, 2012. BitterDB: a database of bitter compounds. Nucleic Acids Res 2012, 40 (Database issue): D413-419; astringent[3](3) Okubo, K. et al, 1992. Components Responsible for the Undesirable Taste of Soybean Seeds. Biosci. Biotechnol. Biochem. 56, 99–103",,,,,,,,,,,,
PMTDB00540,C1=CC(=CC=C1C2=COC3=C(C2=O)C=CC(=C3)OC4C(C(C(C(O4)CO)O)O)O)O,bitter; astringent;,"bitter[1](1) Belitz H, Wieser H, 1985. Bitter compounds: Occurrence and structure‐activity relationships. Food Rev Int 1: 271–354.[2](2) Okubo, K., 1988. DMF (dry mouth feel, undesirable) components of soybean and behavior of the components on soybean food processing. Nippon Shokuhin Kogyo Gakkaishi 35, 866–874.[3](3) Okubo, K. et al, 1992. Components Responsible for the Undesirable Taste of Soybean Seeds. Biosci. Biotechnol. Biochem. 56, 99–103[4](4) Drewnowski A, Gomez-Carneros C, 2000. Bitter taste, phytonutrients, and the consumer: a review. Am J Clin Nutr 72: 1424–35[5](5) Wiener A et al, 2012. BitterDB: a database of bitter compounds. Nucleic Acids Res 2012, 40 (Database issue): D413-419[6](6) Wishart, D. S.et al, 2009. HMDB: a knowledgebase for the human metabolome. Nucleic Acids Research, 37 (Database issue), D603-10; astringent[1](1) Belitz H, Wieser H, 1985. Bitter compounds: Occurrence and structure‐activity relationships. Food Rev Int 1: 271–354.[2](2) Okubo, K., 1988. DMF (dry mouth feel, undesirable) components of soybean and behavior of the components on soybean food processing. Nippon Shokuhin Kogyo Gakkaishi 35, 866–874.[3](3) Okubo, K. et al, 1992. Components Responsible for the Undesirable Taste of Soybean Seeds. Biosci. Biotechnol. Biochem. 56, 99–103;",,,,,,,,,,,,
PMTDB00541,C1=CC(=C(C2=C1C=CC(=O)O2)OC3C(C(C(C(O3)CO)O)O)O)O,astringent,"astringent[1](1) ) Sohn CE, 1894. Dictionary of the active principles of plants : alkaloids, bitter principles, glucosides, their sources, nature, and chemical characteristics, with tabular summary, classification of reactions, and full botanical and general indexes. Baillière, Tindall and Cox, London",,,,,,,,,,,,
PMTDB00542,C1=CC(=C(C2=C1C=CC(=O)O2)O)OC3C(C(C(C(O3)CO)O)O)O,bitter; astringent (insufficient evidence),"bitter[1](1) Sohn CE, 1894. Dictionary of the active principles of plants : alkaloids, bitter principles, glucosides, their sources, nature, and chemical characteristics, with tabular summary, classification of reactions, and full botanical and general indexes. Baillière, Tindall and Cox, London[2](2) Youngken, H.W., Karas, J.S., 1964. Common poisonous plants of New England. US Department of Health, Education, and Welfare, Public Health Service[3](3) Kubicki, W., 1874. Zur Ermittelung fremder Bitterstoffe im Biere. Zeitschrift für Anal. Chemie 13, 67–70; astringent (insufficient evidence)[1](1) Sohn CE, 1894. Dictionary of the active principles of plants : alkaloids, bitter principles, glucosides, their sources, nature, and chemical characteristics, with tabular summary, classification of reactions, and full botanical and general indexes. Baillière, Tindall and Cox, London",,,,,,,,,,,,
PMTDB00543,CC1(C2CCC3=CC(CCC3C2(CCC1OC4C(C(C(C(O4)CO)O)O)O)C)(C)C(CO)O)C,bitter,"bitter[1](1) Hegnauer, R., Hegnauer, M., 1966. Chemotaxonomie der pflanzen: dicotyledoneae: daphniphyllaceae-lythraceae. Birkhäuser Basel[2](2) Han, K.-D. et al., 1975. Chemistry and pharmacology of diterpenoids of Siegesbeckia pubescens. Yakhak Hoeji 19, 129–143",,,,,,,,,,,,
PMTDB00544,C(C(C(=O)O)N)C(=O)N,sweet,"sweet[1](1) Schiffman SS et al, 1981. Comparison of taste qualities and thresholds of D- and L-amino acids. Physiol Behav 27: 51–59[2][ (2) Ahmed, J., Preissner, S., Dunkel, M., Worth, C.L., Eckert, A., Preissner, R., 2011. SuperSweet—a resource on natural and artificial sweetening agents. Nucleic Acids Res. 39, D377–D382[3](3) Gal, J., 2012. The Discovery of Stereoselectivity at Biological Receptors: Arnaldo Piutti and the Taste of the Asparagine Enantiomers—History and Analysis on the 125th Anniversary. Chirality 24, 959–976",,,,,,,,,,,,
PMTDB00545,C(C(C(=O)O)N)C(=O)O,sour; bitter; salty;,"sour[1](1) Kawai, M.et al, 2012. Gustatory sensation of l-and d-amino acids in humans. Amino Acids 43, 2349–2358[2](2) Schiffman SS et al, 1981. Comparison of taste qualities and thresholds of D- and L-amino acids. Physiol Behav 27: 51–59; bitter[2](2) Schiffman SS et al, 1981. Comparison of taste qualities and thresholds of D- and L-amino acids. Physiol Behav 27: 51–59; salty[2](2) Schiffman SS et al, 1981. Comparison of taste qualities and thresholds of D- and L-amino acids. Physiol Behav 27: 51–59;",,,,,,,,,,,,
PMTDB00546,C1=CC=C(C(=C1)C2=C(C(=O)C3=C(C=C(C=C3O2)O)O)O)O,bitter,"bitter[1](1) Roland WSU et al, 2013. Bitter Taste Receptor Activation by Flavonoids and Isoflavonoids: Modeled Structural Requirements for Activation of hTAS2R14 and hTAS2R39. J Agric Food Chem 61: 10454–10466[2](2) Wiener A et al, 2012. BitterDB: a database of bitter compounds. Nucleic Acids Res 2012, 40 (Database issue): D413-419",,,,,,,,,,,,
PMTDB00547,CC(CCC=C(C)C)CCO,bitter,"bitter[1](1) Burdock GA, 2010. Fenaroli’s Handbook of Flavor Ingredients, Sixth. CRC Press, Taylor and Francis Group, Boca Raton London New York[2](2) Kempler GM (1983) Production of flavour compounds by microorganisms. In: Laskin AI (ed) Adv. Appl. Microbiol. Vol. 29. Academic Press, pp 29–49[3](3) Arctander, S., 1969. Perfume and Flavor Chemicals (Aroma Chemicals) Vol.1. Allured Publishing Corporation[4](3) Wiener, A., Shudler, M., Levit, A., Niv, M.Y., 2012. BitterDB: a database of bitter compounds. Nucleic Acids Res. 40, D413–D419",,,,,,,,,,,,
PMTDB00548,CC1(C2CC(=O)C3(C(C2(C(CC(=O)O1)O)C)CCC4(C35C(O5)C(=O)OC4C6=COC=C6)C)C)C,bitter,"bitter[1](1) Behrens M et al, 2018. Bitter substances from plants used in traditional Chinese medicine exert biased activation of human bitter taste receptors. Chem Biol Drug Des. 91 (2): 422-433",,,,,,,,,,,,
PMTDB00549,CCCCCCCCCC=O,bitter,"bitter[1](1) Ahmed, 1978. Flavor and odor thresholds in water of selected orange juice components",,,,,,,,,,,,
PMTDB00550,CC12CCC(C(C1CCC(=C)C2CC=C3C=COC3=O)(C)CO)O,bitter,"bitter[1](1) Yanfang Z et al, 2006. Simultaneous determination of andrographolide and dehydroandrographolide in Andrographis paniculata and Chinese medicinal preparations by microemulsion electrokinetic chromatography. J Pharm Biomed Anal 40: 157–161[2](2) Behrens M et al, 2018. Bitter substances from plants used in traditional Chinese medicine exert biased activation of human bitter taste receptors. Chem Biol Drug Des. 91 (2): 422-433[3](3) Zhang, X. et al, 2018. Determination of Bitterness of Andrographis Herba Based on Electronic Tongue Technology and Discovery of the Key Compounds of Bitter Substances. Molecules 23, 3362",,,,,,,,,,,,
PMTDB00551,C1C2C(C3C4C(=O)C5=C(C(=C(C(=C5C(=O)O4)C6=C(C(=C(C(=C6C(=O)O3)C7=C(C(=C(C=C7C(=O)O2)O)O)O)O)O)O)O)O)O)OC(=O)C8=CC(=C(C(=C8C9=C(C(=C(C=C9C(=O)O1)O)O)O)O)O)O,astringent,"astringent[1](1) Glabasnia, A., Hofmann, T., 2007. Identification and sensory evaluation of dehydro-and deoxy-ellagitannins formed upon toasting of oak wood (Quercus alba L.). J. Agric. Food Chem. 55, 4109–4118.",,,,,,,,,,,,
PMTDB00552,C=C1CCC2C(C3C1CCC3=C)OC(=O)C2=C,bitter,"bitter[1](1) Suchý M et al,1962. Recent advances in the chemistry of the sesquiterpenes, 1962, Russian Chemical Reviews, Volume 31, Number 8",,,,,,,,,,,,
PMTDB00553,C=C1CC(C2C(C3C1CC(=O)C3=C)OC(=O)C2=C)OC(=O)C(=C)CO,bitter,"bitter[1](1) Wiener A et al, 2012. BitterDB: a database of bitter compounds. Nucleic Acids Res 2012, 40 (Database issue): D413-419[2](2) Fritsche J, Beindorff CM, Dachtler M, Zhang H, Lammers JG, 2002. Isolation, characterization and determination of minor artichoke (Cynara scolymus L.) leaf extract compounds. Eur Food Res Technol;215: 149–157",,,,,,,,,,,,
PMTDB00554,C1CCN(CC1)C(=O)C=CC=CCCC=CC2=CC3=C(C=C2)OCO3,pungent,"pungent[1](1) Dawid, C.et al, 2012. Structural and Sensory Characterization of Key Pungent and Tingling Compounds from Black Pepper (Piper nigrum L.). J. Agric. Food Chem. 60, 2884–2895",,,,,,,,,,,,
PMTDB00555,CC(=O)CC\C=C\C1=CC=C(OC2OC(CO)C(O)C(O)C2O)C(O)=C1,astringent;,"astringent[1](1) Schwarz, B., Hofmann, T., 2007. Sensory-guided decomposition of red currant juice (Ribes rubrum) and structure determination of key astringent compounds. J. Agric. Food Chem. 55, 1394–1404;",,,,,,,,,,,,
PMTDB00556,CCN1CC2(CCC(C34C2C(C(C31)(C5(CC(C6CC4C5C6O)OC)O)O)OC)O)COC,bitter,"bitter[1](1) Bassoli A, Borgonovo G, Busnelli G, 2007. Alkaloids and the Bitter Taste. In: Fattorusso E, Taglialatela-Scafati O (eds) Modern Alkaloids: Structure, Isolation, Synthesis and Biology. Wiley-VCH Verlag GmbH & Co. KGaA, Weinheim, Germany, pp 53–72",,,,,,,,,,,,
PMTDB00557,C1=C(C=C(C(=C1O)O)O)C2=[O+]C3=CC(=CC(=C3C=C2OC4C(C(C(C(O4)CO)O)O)O)O)O,Astringent,"Astringent[1](1) Soares, S, et al., 2020. Oral interactions between a green tea flavanol extract and red wine anthocyanin extract using a new cell-based model: insights on the effect of different oral epithelia. Sci. Rep. 10, 1–16[2](2) Naik SR, Ganesh RK, 2013. Development and Discovery Avenues in Bioactive Natural Products for Glycemic Novel, in: Atta-ur-Rahman, F. (Ed.), Therapeutics Studies in Natural Products Chemistry. Vol. 39. p. 504.",,,,,,,,,,,,
PMTDB00558,C1C(C(C(C(O1)OC2=CC3=C(C=C(C=C3[O+]=C2C4=CC(=C(C(=C4)O)O)O)O)O)O)O)O.[Cl-],astringent,"astringent[1](1) Laaksonen, O. et al, 2011. Orosensory contributing compounds in crowberry (Empetrum nigrum) press-byproducts. Food Chem. 124, 1514–1524[2](2) Laaksonen, O., 2011. Astringent food compounds and their interactions with taste properties. Department of Biochemistry and Food Chemistry. Functional Foods Forum. University of Turku, PhD Thesis",,,,,,,,,,,,
PMTDB00559,CCN1CC2(CCC(C34C2C(C(C31)(C5(CC(C6CC4C5C6OC)OC)O)O)OC)O)COC,bitter,"bitter[1](1) Bassoli A, Borgonovo G, Busnelli G, 2007. Alkaloids and the Bitter Taste. In: Fattorusso E, Taglialatela-Scafati O (eds) Modern Alkaloids: Structure, Isolation, Synthesis and Biology. Wiley-VCH Verlag GmbH & Co. KGaA, Weinheim, Germany, pp 53–72",,,,,,,,,,,,
PMTDB00560,CC1=CCC2C(C1)C2(C)C,pungent (aromatic),"pungent (aromatic)[1](1) Liu, H. et al, 2013. Studies on the chemical and flavor qualities of white pepper (Piper nigrum L.) derived from five new genotypes. Eur. Food Res. Technol. 237, 245–251[2](2) Kasanen J-P, Pasanen A-L, et al, 1999. Evaluation of sensory irritation of 3-carene and turpentine, and acceptable levels of monoterpenes in occupational and indoor environment. J Toxicol Environ Heal Part A 57: 89–114[3](3) Cometto-Muniz, J. et al, 1998. Trigeminal and olfactory chemosensory impact of selected terpenes. Pharmacology Biochemistry and Behavior 60.3: 765-770",,,,,,,,,,,,
PMTDB00561,CC12CCCC(=C)C1(CC1C(C2)OC(=O)C1=C)OO,bitter (insufficient evidence),"bitter (insufficient evidence)[1](1) Brockhoff A et al, 2007. Broad tuning of the human bitter taste receptor hTAS2R46 to various sesquiterpene lactones, clerodane and labdane diterpenoids, strychnine, and denatonium. J Agric Food Chem 55: 6236–6243",,,,,,,,,,,,
PMTDB00562,C1=CC(=CC=C1CC(C(=O)O)NC(=O)C=CC2=CC(=C(C=C2)O)O)O,astringent,"astringent[1](1) Stark, T., & Hofmann, T., 2005. Isolation, Structure Determination, Synthesis, and Sensory Activity ofN-Phenylpropenoyl-l-amino Acids from Cocoa (Theobroma cacao). Journal of Agricultural and Food",,,,,,,,,,,,
PMTDB00563,CC1=C2C(C3C(CC1)C(=C)C(=O)O3)C(=CC2=O)CO,bitter,"bitter[1](1) Van Beek TA, et al. Bitter sesquiterpene lactones from chicory roots, J Agric Food Chem 1990 38 (4), 1035-1037",,,,,,,,,,,,
PMTDB00564,OC1=C(O)C(O)=C2C(=C1)C(=O)OCC1OC(=O)C3=CC(O)=C(O)C(O)=C3C3=C4C(=C(O)C(O)=C3O)C3=C5C(=O)OC(CC5=C(O)C(O)=C3O)C(OC4=O)C1OC(=O)C1=CC(O)=C(O)C(O)=C21,astringent,"astringent[1](1) Glabasnia, A., Hofmann, T., 2007. Identification and sensory evaluation of dehydro-and deoxy-ellagitannins formed upon toasting of oak wood (Quercus alba L.). J. Agric. Food Chem. 55, 4109–4118.",,,,,,,,,,,,
PMTDB00565,COC(=O)CC1C2(C)C(OC3CC(C(C)=C23)C2=CC(=O)OC2O)C(O)C2C(C)(C=CC(=O)C12C)C(=O)OC,bitter,"bitter[1](1) Siddiqui, S., Mahmood, T., et al, 1986. Two New Tetranortriterpenoids from Azadirachta indica. Journal of Natural Products, 49 (6), 1068–1073.",,,,,,,,,,,,
PMTDB00566,CC1C2C(CC(=C3C(C2OC1=O)C(=CC3=O)C)C)O,bitter,"bitter[1](1) Hegnauer, R., Hegnauer, M., 1966. Chemotaxonomie der pflanzen: dicotyledoneae: daphniphyllaceae-lythraceae. Birkhäuser Basel[2](2) White, E.H., Winter, R.E.K., 1963. Natural products from Achillea lanulosa. Tetrahedron Lett. 4, 137–140",,,,,,,,,,,,
PMTDB00567,CC1=C2C(CC1C3=CC(OC3=O)O)OC4C2(C(C5(C(C4O)C(C=CC5=O)(C)C(=O)OC)C)CC(=O)OC)C,bitter,"bitter[1](1) Siddiqui, S., Mahmood, T., et al, 1986. Two New Tetranortriterpenoids from Azadirachta indica. Journal of Natural Products, 49 (6), 1068–1073.",,,,,,,,,,,,
PMTDB00568,C1C(C(C(C(O1)(CO)O)O)O)O,sweet,"sweet[1](1) Amerine, M.A., Pangborn, R.M., Roessler, E.B., 1965. Chapter 2 - The Sense of Taste, in: Amerine, M.A., Pangborn, R.M., Roessler, E.B. (Eds.), Principles of Sensory Evaluation of Food. Academic Press, pp. 28–144. doi: https://doi.org/10.1016/B978-1-4832-0018-7.50006-4[2](2) Li, X. et al, 2002. Human receptors for sweet and umami taste. Proc. Natl. Acad. Sci. U. S. A. 99, 4692–4696[3](3) Polya G, 2003. Biochemical Targets of Plant Bioactive Compounds: A Pharmacological Reference Guide to Sites of Action and Biological Effects. CRC Press[4](4) Cheron JB et al, 2017. Sweetness prediction of natural compounds. Food Chem 221: 1421–1425[5](5) Belloir, C. et al, 2017. Sweeteners and sweetness enhancers. Curr. Opin. Clin. Nutr. Metab. Care 20, 279–285[6](6) Peng, M. et al, 2016. Is there a generalized sweetness sensitivity for an individual? A psychophysical investigation of inter-individual differences in detectability and discriminability for sucrose and fructose. Physiol. Behav. 165, 239–248[7](7) Fabian, F.W., Blum, H.B., 1943. Relative taste-potency of some basic food constituents and their competitive and, compensatory action. Food Res. 8, 179–193[8](8) Tsuzuki, Y., Yamazaki, J., 1953. On the sweetness of fructose and some other sugars especially its variation with temperature. Biochem. Z. 323, 525–531[9](9) Berg, H.W., 1955. Evaluation of thresholds and minimum difference concentrations for various constituents of wines. Food Technol 9, 23–26[10](10) Pangborn, R.M., 1963. Relative Taste Intensities of Selected Sugars and Organic Acids. J. Food Sci. 28, 726–733[11](11) Ahmed J et al, 2011. SuperSweet—a resource on natural and artificial sweetening agents. Nucleic Acids Res 39: D377–D382",,,,,,,,,,,,
PMTDB00569,C=CCSSCC=C,pungent,"pungent[1](1) Bautista DM et al, 2005. Pungent products from garlic activate the sensory ion channel TRPA1. Proc Natl Acad Sci U S A 102: 12248–12252",,,,,,,,,,,,
PMTDB00570,C1C(C(C(CC1(C(=O)O)OC(=O)C=CC2=CC(=C(C=C2)O)O)O)OC(=O)C=CC3=CC(=C(C=C3)O)O)O,astringent; bitter (insufficient evidence),"astringent[1](1) Ohiokpehai, O., 1982. Chlorogenic acid content of green coffee beans. PhD Thesis, University of Surrey Guildford, England.[2](2) Okuda, T., Mori, K., Hatano, T., 1985. Relationship of the structures of tannins to the binding activities with hemoglobin and methylene blue. Chem. Pharm. Bull. 33, 1424–1433[3](3) Clifford, M.N., Ohiokpehai, O., 1983. Food analysis. Coffee astringency. Anal. Proc. 20, 83–86; bitter (insufficient evidence)[1](1) Ohiokpehai, O., 1982. Chlorogenic acid content of green coffee beans. PhD Thesis, University of Surrey Guildford, England.",,,,,,,,,,,,
PMTDB00571,C1=CC=C2C(=C1)C(=C(C(=O)O2)CC3=C(C4=CC=CC=C4OC3=O)O)O,bitter,"bitter[1](1) Steglich W, Fugmann B, Lang-Fugmann S, 2000. Römpp encyclopedia natural products. Georg Thieme Verlag, Leverkusen, Ratingen, Munich, Germany. 784 pp[2](2) Smith A, Heckelman P E, Obenchain JR, Gallipeau JAR, D’Arecca M A, Budavari S, 2001. The Merck Index, Thirteenth Edition. (CD-ROM), Merck & Co., Inc., Whitehouse Station, New Jersey, USA.[3](3) Wiener A et al, 2012. BitterDB: a database of bitter compounds. Nucleic Acids Res 2012, 40 (Database issue): D413-419[4](4) FooDB (WWW Document), n.d. URL http: //foodb.ca/",,,,,,,,,,,,
PMTDB00572,CC1C(C(C(C(O1)OC2CCC3(C(C2)CCC4C3CCC5(C4(CC(C5C6=CC(=O)OC6)O)O)C)C)O)OC)OC7C(C(C(C(O7)CO)O)O)O,bitter,"bitter[1](1) Sohn CE, 1894. Dictionary of the active principles of plants : alkaloids, bitter principles, glucosides, their sources, nature, and chemical characteristics, with tabular summary, classification of reactions, and full botanical and general indexes. Baillière, Tindall and Cox, London[2](2) Merck E, 1902. Merck’s index. Eduard Roether, Darmstadt[3](3) Kiliani, H., 1892. Digitalin. Am. J. Pharm. 415.",,,,,,,,,,,,
PMTDB00573,CC1CCC2(C(C3C(O2)C(C4C3(CCC5C4CCC6C5(CC(C(C6)OC7C(C(C(C(O7)CO)OC8C(C(C(C(O8)CO)O)OC9C(C(C(CO9)O)O)O)OC2C(C(C(C(O2)CO)O)OC2C(C(C(C(O2)CO)O)O)O)O)O)O)O)C)C)O)C)OC1,bitter (insufficient evidence),"bitter (insufficient evidence)[1](1) Keller, C.C., 1897. The Active Principle Of Digitalis. Am. J. Pharm. 450.[2](2) Száhlender, K., 1936. Über die Inhaltsstoffe der Samen von Digitalis lanata Ehrh. Arch. Pharm. (Weinheim). 274, 446–449.[3](3) Meyerhof W. et al, 2010. The molecular receptive ranges of human TAS2R bitter taste receptors. Chem Senses 35: 157–170",,,,,,,,,,,,
PMTDB00574,CC1C(C(CC(O1)OC2C(OC(CC2O)OC3C(OC(CC3O)OC4CCC5(C(C4)CCC6C5CCC7(C6(CCC7C8=CC(=O)OC8)O)C)C)C)C)O)O,bitter,"bitter[1](1) Malcolm SB, 1991. Cardenolide-mediated interactions between plants and herbivores, in: Herbivores: Their Interactions with Secondary Plant Metabolites. The Chemical Participants. pp. 251–296.",,,,,,,,,,,,
PMTDB00575,CC(C)CCCCCCC(=O)NCC1=CC(=C(C=C1)O)OC,pungent,"pungent[1](1) Kosuge S, Furuta M, 1970. Studies on the Pungent Principle of Capsicum. Agric Biol Chem 34: 248–256[2](2) Masada Y et al, 1971. Analysis of the pungent principles of capsicum annuum by combined gas chromatography-mass spectrometry. J Food Sci 36: 858–860[3](3) Todd Jr., P.H. et al, 1977. Determination of pungency due to capsicum by gas-liquid chromatography. J. Food Sci. 42, 660–665[4](4) Krajewska, A.M., Powers, J.J., 1988. Sensory properties of naturally occurring capsaicinoids. J. Food Sci. 53, 902–905.[5](5) Kiple KF, Ornelas KC, 2000. The Cambridge world history of food. Vol.1. Cambridge University Press[6](6) Belitz, H.D., Grosch, W., Schieberle, P., 2009. Chapter 22: Spices, Salt and Vinegar, pag.971-985, in: Food chemistry, 4th ed, Food Chemistry. Springer Berlin Heidelberg. doi: 10.1007/978-3-540-69934-7[7](7) Wishart DS et al, 2009. HMDB: a knowledgebase for the human metabolome. Nucleic Acids Res 37: D603-10[8](8) Schneider, D.J. et al, 2014. Comparison between chemical senses thresholds for capsaicin and dihydrocapsaicin in aqueous solutions and identification of the area of burning sensation. Adv. J. Food Sci. Technol. 6, 36–41",,,,,,,,,,,,
PMTDB00576,COC1=C(C=CC(C1)C=CC(=O)NCCC2=CC(=C(C=C2)O)OC)O,pungent (insufficient evidence),"pungent (insufficient evidence)[1](1) Ley, Jakob Peter, Gerhard Krammer, et al, 2008. ""Use of ferulic acid amides as flavor compounds."" U.S. Patent 7,378,121, issued May 27, 2008.",,,,,,,,,,,,
PMTDB00577,CC(CCCC(=CCO)C)C(=O)OC1CC2C(C(OC=C2C(=O)O1)OC3C(C(C(C(O3)CO)O)O)O)C=C,bitter,"bitter[1](1) Junior, P., 1989. Further investigations regarding distribution and structure of the bitter principles from Menyanthes trifoliata. Planta Med. 55, 83–87[2](2) Chialva F, Dada G, 1990. Bitterness in alcoholic beverages. In: Rouseff RL (ed) Bitternes in foods and beverages. Developments in Food Science vol. 25. Elsevier Science Publishers B.V., pp 103–122",,,,,,,,,,,,
PMTDB00578,CCCCCC(O)CC(O)CCC1=CC(OC)=C(O)C=C1,bitter,"bitter[1](1) Murata T et al, 1972. Isolation of hexahydrocurcumin, dihydrogingerol and two additional pungent principles from ginger. Chemical & Pharmaceutical Bulletin, 20 (10), 2291–2292.[2](2) Govindarajan V S, Connell D W, 1983. Ginger—chemistry, technology, and quality evaluation: part 2. Critical Reviews in Food Science & Nutrition, 17 (3), 189–258",,,,,,,,,,,,
PMTDB00579,CC1C2CC3(C(C(O)C2)C2(COC(C)=O)C(CCC(C)(C)C2C=O)OC3=O)C1=O,bitter,"bitter[1](1) Kubota T, Kubo I, 1969. Bitterness and Chemical Structure. Nature, 223 (5201), 97–99. doi: 10.1038/223097a3",,,,,,,,,,,,
PMTDB00580,CC(=O)OC1C(OC2=CC(=CC(=C2C1=O)O)O)C3=CC(=C(C=C3)O)O,sweet,"sweet[1](1) Kinghorn, A. D., Soejarto, D. D.,1991. New Highly Sweet Compounds from Natural Sources. Sweeteners, 14–27[2](2) Nanayakkara, N. D., Hussain, R. A., et al., 1988. Potential sweetening agents of plant origin. 13. An intensely sweet dihydroflavonol derivative based on a natural product lead compound. Journal of medicinal chemistry, 31 (6), 1250-1253.",,,,,,,,,,,,
PMTDB00581,CC1C2CCC3(C)C(O)CCC(C)=C3C2OC1=O,bitter,"bitter[1](1) Brockhoff A et al, 2007. Broad tuning of the human bitter taste receptor hTAS2R46 to various sesquiterpene lactones, clerodane and labdane diterpenoids, strychnine, and denatonium. J Agric Food Chem 55: 6236–6243",,,,,,,,,,,,
PMTDB00582,CC12CC(OC13CC(C4C2CC(CC4C(=O)OC)O)OC3=O)C5=COC=C5,bitter,"bitter[1](1) Bhandari, M.R., Kawabata, J., 2005. Bitterness and toxicity in wild yam (Dioscorea spp.) tubers of Nepal. Plant Foods Hum. Nutr. doi: 10.1007/s11130-005-6841-1",,,,,,,,,,,,
PMTDB00583,CC12CC(OC13CC(C4C2CC5CC4C(=O)O5)OC3=O)C6=COC=C6,bitter,"bitter[1](1) Bhandari, M.R., Kawabata, J., 2005. Bitterness and toxicity in wild yam (Dioscorea spp.) tubers of Nepal. Plant Foods Hum. Nutr. doi: 10.1007/s11130-005-6841-1",,,,,,,,,,,,
PMTDB00584,CC12CC(OC(=O)C1CC(=O)C3C2CC4CC3C(=O)O4)C5=COC=C5,bitter,"bitter[1](1) Webster J et al, 1984. Toxicity and bitterness in Australian Dioscorea bulbifera L. and Dioscorea hispida Dennst. from Thailand. J Agric Food Chem 32: 1087–1090[2](2) Fenwick GR, Curl CL, Griffiths NM, Heaney R.K. Price K.R., 1990. Bitter principles in food plants. In: Rouseff RL (ed) Bitternes in foods and beverages. Developments in Food Science vol. 25. Elsevier Science Publishers B.V., Amsterdam, pp 205–250",,,,,,,,,,,,
PMTDB00585,CC12CC(OC(=O)C1CC(=C3C2CC4CC3C(=O)O4)OC5C(C(C(C(O5)CO)O)O)O)C6=COC=C6,bitter,"bitter[1](1) Ida Y et al, 1978. Furanoid norditerpenes from Dioscorea plants. VII. Structures of diosbulbinosides D and F. Chem. Pharm. Bull. 26, 435–439.",,,,,,,,,,,,
PMTDB00586,CC12CC(OC(=O)C1CC(=C3C2CC(CC3C(=O)OC)O)OC4C(C(C(C(O4)CO)O)O)O)C5=COC=C5,bitter,"bitter[1](1) Ida Y et al, 1978. Furanoid norditerpenes from Dioscorea plants. VII. Structures of diosbulbinosides D and F. Chem. Pharm. Bull. 26, 435–439.",,,,,,,,,,,,
PMTDB00587,CC1C2C(CC3C4CC=C5CC(CCC5(C)C4CCC23C)OC2OC(CO)C(OC3OC(C)C(O)C(O)C3OC3OC(C)C(O)C(O)C3O)C(O)C2O)OC11CCC(C)CO1,bitter,"bitter[1](1) Telek, L. et al, 1974. Bitter compounds in tubers of Dioscorea bulbifera L. J Agric Food Chem, 22 (2), 332–334[2](2) Dawid, C., Hofmann, T., 2012. Identification of sensory-active phytochemicals in asparagus (Asparagus officinalis L.). J. Agric. Food Chem. 60, 11877–11888",,,,,,,,,,,,
PMTDB00588,CC1=CC(=O)OC2(C1)CC3CCC2CN3C,bitter,"bitter[1](1) Work TS, 1936. The constitution of the alkaloid carpaine. The University of Edinburgh.[2](2) Anderson, H.T., 1949. The plant alkaloids, 4th ed. J. & A. Churchill Ltd, The Blakiston Company. p.804[3](3) Kumar, S., Jena, P.K., 2017. Tools from biodiversity: wild nutraceutical plants, in: Mathematical Advances Towards Sustainable Environmental Systems. Springer, pp. 181–213.",,,,,,,,,,,,
PMTDB00589,O=C(NCCC1=CC=C2OCOC2=C1)\C=C\C1=CC=C2OCOC2=C1,bitter; sour; sweet; non-umami (negative evidence),"bitter[1](1) Backes M et al, 2015. Rubemamine and Rubescenamine, Two Naturally Occurring N-Cinnamoyl Phenethylamines with Umami-Taste-Modulating Properties. J Agric Food Chem 63: 8694–8704; sour[1](1) Backes M et al, 2015. Rubemamine and Rubescenamine, Two Naturally Occurring N-Cinnamoyl Phenethylamines with Umami-Taste-Modulating Properties. J Agric Food Chem 63: 8694–8704; sweet[1](1) Backes M et al, 2015. Rubemamine and Rubescenamine, Two Naturally Occurring N-Cinnamoyl Phenethylamines with Umami-Taste-Modulating Properties. J Agric Food Chem 63: 8694–8704; non-umami (negative evidence)[1](1) Backes M et al, 2015. Rubemamine and Rubescenamine, Two Naturally Occurring N-Cinnamoyl Phenethylamines with Umami-Taste-Modulating Properties. J Agric Food Chem 63: 8694–8704",,,,,,,,,,,,
PMTDB00590,CCCSSCCC,pungent (aromatic),"pungent (aromatic)[1](1) Wahlroos, O., Virtanen, A.I., 1965. Volatiles from chives (Allium schoenoprasum). Acta Chem. Scand 19 (6): 1327-1332[2](2) Bernhard, R.A., 1968. Comparative Distribution of Volatile Aliphatic Disulfides Derived from Fresh and Dehydrated Onions. J. Food Sci. 33, 298–304[3](3) Bautista DM et al, 2005. Pungent products from garlic activate the sensory ion channel TRPA1. Proc Natl Acad Sci U S A 102: 12248–12252",,,,,,,,,,,,
PMTDB00591,CC1C2C(CC3C2(CCC4C3CCC5C4(CCC(C5)OC6C(C(C(C(O6)CO)O)O)OC7C(C(C(C(O7)CO)O)O)O)C)C)OC1(CCC(C)COC8C(C(C(C(O8)CO)O)O)O)O,bitter,"bitter[1](1) Wiener A et al, 2012. BitterDB: a database of bitter compounds. Nucleic Acids Res 2012, 40 (Database issue): D413-419[2](2) Kawano K, Sakai K, Sato H, Sakamura S, 1975. A Bitter Principle of Asparagus: Isolation and Structure of Furostanol Saponin in Asparagus Storage Root. Agricultural and Biological Chemistry;39 (10): 1999-2002",,,,,,,,,,,,
PMTDB00592,CC1C(C(CC(O1)OC2CCC3(C(C2)CCC4C3C(CC5(C4(CCC5C6=CC(=O)OC6)O)C)O)C)OC)O,bitter,"bitter[1](1) Hu K, Du L-D, Lu Y, 2018. Divasidum, in: Du G-H (Ed.), Natural Small Molecule Drugs from Plants. Springer Singapore, Singapore, pp. 71–74. doi: 10.1007/978-981-10-8022-7_11",,,,,,,,,,,,
PMTDB00593,CC(CCC=C(C)C)CCO,bitter; sweet,"bitter[1](1) Burdock GA, 2010. Fenaroli’s Handbook of Flavor Ingredients, Sixth. CRC Press, Taylor and Francis Group, Boca Raton London New York[2](2) Wiener A et al, 2012. BitterDB: a database of bitter compounds. Nucleic Acids Res 2012, 40 (Database issue): D413-419[3](3) Arctander, S., 1969. Perfume and Flavor Chemicals (Aroma Chemicals) Vol.1. Allured Publishing Corporation; sweet[1](1) Burdock GA, 2010. Fenaroli’s Handbook of Flavor Ingredients, Sixth. CRC Press, Taylor and Francis Group, Boca Raton London New York",,,,,,,,,,,,
PMTDB00594,C1C(C(C(C(O1)O)O)O)O,sweet; non bitter,"sweet[1](1) Moskowitz, H.R., 1971. The Sweetness and Pleasantness of Sugars. Am. J. Psychol. 84, 387–405[2](2) Shallenberger R.S., Acree T.E. 1971, Chemical Structure of Compounds and Their Sweet and Bitter Taste. In: Beidler L.M. (eds) Taste. Handbook of Sensory Physiology (Chemical Senses · Part 2), vol 4 / 2. Springer, Berlin, Heidelberg. https://doi.org/10.1007/978-3-642-65245-5_12; non bitter[2](2) Shallenberger R.S., Acree T.E. 1971, Chemical Structure of Compounds and Their Sweet and Bitter Taste. In: Beidler L.M. (eds) Taste. Handbook of Sensory Physiology (Chemical Senses · Part 2), vol 4 / 2. Springer, Berlin, Heidelberg. https://doi.org/10.1007/978-3-642-65245-5_12",,,,,,,,,,,,
PMTDB00595,C(C1C(C(C(C(O1)O)O)O)O)O,sweet; bitter,"sweet[1](1) Steinhardt, R.G.et al, 1962. Taste-Structure Correlation with α-D-Mannose and β-D-Mannose. Science (80-. ). 135, 367 LP – 368[2](2) Stewart, R.A. et al, 1971. Physicochemical stereospecificity in taste perception of α-d-mannose and β-d-mannose. Nature 234, 220[3](3) Belitz, H.D., Grosch, W., Schieberle, P., 2009. Food chemistry, 4th ed, Food Chemistry. Springer Berlin Heidelberg. doi: 10.1007/978-3-540-69934-7[4](4) Harborne J, Baxter H, Moss GP, 1999. Phytochemical dictionary : a handbook of bioactive compounds from plants, 2nd ed. CRC Press. Taylor & Francis; bitter[1](1) Steinhardt, R.G.et al, 1962. Taste-Structure Correlation with α-D-Mannose and β-D-Mannose. Science (80-. ). 135, 367 LP – 368[2](2) Stewart, R.A. et al, 1971. Physicochemical stereospecificity in taste perception of α-d-mannose and β-d-mannose. Nature 234, 220[3](3) Belitz, H.D., Grosch, W., Schieberle, P., 2009. Food chemistry, 4th ed, Food Chemistry. Springer Berlin Heidelberg. doi: 10.1007/978-3-540-69934-7[4](4) Harborne J, Baxter H, Moss GP, 1999. Phytochemical dictionary : a handbook of bioactive compounds from plants, 2nd ed. CRC Press. Taylor & Francis",,,,,,,,,,,,
PMTDB00596,CSCCC(C(=O)O)N,sweet; bitter; sour,"sweet[1](1) Schiffman, S.S. et al, 1981. Comparison of taste qualities and thresholds of D- and L-amino acids. Physiol. Behav. 27, 51–59[2](2) Kawai, M. et al., 2012. Gustatory sensation of l-and d-amino acids in humans. Amino Acids 43, 2349–2358.[3](3) Haefeli R, Glaser D, 1990. Taste responses and thresholds obtained with the primary amino acids in humans. Leb und Technol 23: 523–527; bitter[1](1) Schiffman, S.S. et al, 1981. Comparison of taste qualities and thresholds of D- and L-amino acids. Physiol. Behav. 27, 51–59[2](2) Kawai, M. et al., 2012. Gustatory sensation of l-and d-amino acids in humans. Amino Acids 43, 2349–2358.; sour[1](1) Schiffman, S.S. et al, 1981. Comparison of taste qualities and thresholds of D- and L-amino acids. Physiol. Behav. 27, 51–59",,,,,,,,,,,,
PMTDB00597,CCCCCCCCCCCC=O,bitter,"bitter[1](1) Ahmed, 1978. Flavor and odor thresholds in water of selected orange juice components",,,,,,,,,,,,
PMTDB00598,CC1CCC(C1C=O)C(=C)C=O,bitter (insufficient evidence),"bitter (insufficient evidence)[1](1) Brockhoff A et al, 2007. Broad tuning of the human bitter taste receptor hTAS2R46 to various sesquiterpene lactones, clerodane and labdane diterpenoids, strychnine, and denatonium. J Agric Food Chem 55: 6236–6243",,,,,,,,,,,,
PMTDB00599,CC(C(C(C(C=O)O)O)O)O,"sweet, bitter","sweet[1](1) Amerine, M.A., Pangborn, R.M., Roessler, E.B., 1965. CHAPTER 2 - The Sense of Taste, in: Amerine, M.A., Pangborn, R.M., Roessler, E.B. (Eds.), Principles of Sensory Evaluation of Food. Academic Press, pp. 28–144. doi: https://doi.org/10.1016/B978-1-4832-0018-7.50006-4[2](2) Shallenberger, R.S. et al, 1969. Sweet taste of D and L-sugars and amino-acids and the steric nature of their chemo-receptor site. Nature 221, 555–556[3](3) Harborne J, Baxter H, Moss GP, 1999. Phytochemical dictionary : a handbook of bioactive compounds from plants, 2nd ed. CRC Press. Taylor & Francis[4](4) Moskowitz, H.R., 1971. The Sweetness and Pleasantness of Sugars. Am. J. Psychol. 84, 387–405[5](5) Cheron JB et al, 2017. Sweetness prediction of natural compounds. Food Chem 221: 1421–1425[6](6) Steglich, W., Fugmann, B., Lang-Fugmann, S., 2000. Römpp encyclopedia natural products. Georg Thieme Verlag, Leverkusen, Ratingen, Munich, Germany. 784 pp, bitter[5](5) Cheron JB et al, 2017. Sweetness prediction of natural compounds. Food Chem 221: 1421–1425[6](6) Steglich, W., Fugmann, B., Lang-Fugmann, S., 2000. Römpp encyclopedia natural products. Georg Thieme Verlag, Leverkusen, Ratingen, Munich, Germany. 784 pp[7](7) Taylor, N.W., 1928. A physico-chemical theory of sweet and bitter taste excitation based on the properties of the plasma membrane. Protoplasma 4, 1–17",,,,,,,,,,,,
PMTDB00600,C(C(C(=O)O)N)O,sweet; sour;,"sweet[1](1) Kawai, M.et al, 2012. Gustatory sensation of l-and d-amino acids in humans. Amino Acids 43, 2349–2358[2](2) Schiffman SS et al, 1981. Comparison of taste qualities and thresholds of D- and L-amino acids. Physiol Behav 27: 51–59; sour[1](1) Kawai, M.et al, 2012. Gustatory sensation of l-and d-amino acids in humans. Amino Acids 43, 2349–2358;",,,,,,,,,,,,
PMTDB00601,C1C(C(C(C(O1)(CO)O)O)O)O,sweet,"sweet[1](1) Ahmed, J. Et al, 2011. SuperSweet—a resource on natural and artificial sweetening agents. Nucleic Acids Res. 39, D377–D382[2](2) Belloir, C.et al, 2017. Sweeteners and sweetness enhancers. Curr. Opin. Clin. Nutr. Metab. Care 20, 279–285[3](3) FooDB (WWW Document), n.d. URL http: //foodb.ca/[4](4) Fujimaru, T.et al, 2012. Sensory characteristics and relative sweetness of tagatose and other sweeteners. J. Food Sci. 77, S323–S328.[5](5) Moskowitz, H.R., 1971. The Sweetness and Pleasantness of Sugars. Am. J. Psychol. 84, 387–405[6](6) Zehner, L.R., 1988. D-tagatose as a low-calorie carbohydrate sweetener and bulking agent. US4786722A",,,,,,,,,,,,
PMTDB00602,C(C(C(C(C(CO)O)O)O)O)O,sweet,"sweet[1](1) Steglich, W., Fugmann, B., Lang-Fugmann, S., 2000. Römpp encyclopedia natural products. Georg Thieme Verlag, Leverkusen, Ratingen, Munich, Germany. 784 pp[2](2) Wishart DS et al, 2009. HMDB: a knowledgebase for the human metabolome. Nucleic Acids Res 37: D603-10[3](3) Ahmed J, Preissner S, Dunkel M, et al (2011) SuperSweet—a resource on natural and artificial sweetening agents. Nucleic Acids Res 39: D377–D382[4](4) Polya G, 2003. Biochemical Targets of Plant Bioactive Compounds: A Pharmacological Reference Guide to Sites of Action and Biological Effects. CRC Press[5](5) Belitz, H.D., Grosch, W., Schieberle, P., 2009. Food chemistry, 4th ed, Food Chemistry. Springer Berlin Heidelberg. doi: 10.1007/978-3-540-69934-7[6](6) Moskowitz, H.R., 1971. The Sweetness and Pleasantness of Sugars. Am. J. Psychol. 84, 387–405[7](7) Tinti, J.M., Nofre, C., 2001. Responses of the ant Lasius niger to various compounds perceived as sweet in humans: a structure-activity relationship study. Chem. Senses 26, 231–237[8](8) Kearsley, M.W.et al., 1980. The production and properties of glucose syrups. III. Sweetness of glucose syrups and related carbohydrates. Starch‐Stärke 32, 244–247.[9](9) Belloir, C. et al, 2017. Sweeteners and sweetness enhancers. Curr. Opin. Clin. Nutr. Metab. Care 20, 279–285",,,,,,,,,,,,
PMTDB00603,CC1C(C(C(C(O1)OC2C(C(C(OC2OC34CCC5C6(CCCC(C6CCC5(C3)CC4=C)(C)C(=O)OC7C(C(C(C(O7)CO)O)O)O)C)CO)O)O)O)O)O,sweet; bitter;,"sweet[1](1) Kobayashi, M. et al, 1977. Dulcosides A and B, new diterpene glycosides from Stevia rebaudiana. Phytochemistry 16, 1405–1408.[2](2) Kinghorn, A.D., Soejarto, D.D., 1989. Intensely sweet compounds of natural origin. Med. Res. Rev. 9, 91–115[3](3) Kinghorn, A.D.et al., 1986. Sweetening agents of plant origin. CRC. Crit. Rev. Plant Sci. 4, 79–120[4](4) Kim N-C, Kinghorn AD, 2002. Sweet-tasting and sweetness-modifying constituents of plants. In: Atta-ur-Rahman BT-S in NPC (ed) Bioact. Nat. Prod. (Part H). Elsevier, pp 3–57[5](5) Ahmed J et al, 2011. SuperSweet-A resource on natural and artificial sweetening agents. Nucleic Acids Res. https://doi.org/10.1093/nar/gkq917[6](6) Hellfritsch, C. et al, 2012. Human psychometric and taste receptor responses to steviol glycosides. J. Agric. Food Chem. 60, 6782–6793; bitter[6](6) Hellfritsch, C. et al, 2012. Human psychometric and taste receptor responses to steviol glycosides. J. Agric. Food Chem. 60, 6782–6793[7](7) Wiener A et al, 2012. BitterDB: a database of bitter compounds. Nucleic Acids Res 2012, 40 (Database issue): D413-419.;",,,,,,,,,,,,
PMTDB00604,CN1C2=C(C(=O)N(C1=O)C)N(C=N2)CC(CO)O,bitter,"bitter[1](1) Bassoli A, Borgonovo G, Busnelli G, 2007. Alkaloids and the Bitter Taste. In: Fattorusso E, Taglialatela-Scafati O (eds) Modern Alkaloids: Structure, Isolation, Synthesis and Biology. Wiley-VCH Verlag GmbH & Co. KGaA, Weinheim, Germany, pp 53–72",,,,,,,,,,,,
PMTDB00605,CCCC=CCO,sweet; fruity/apple; pungent (aromatic) ? (insufficient evidence),"sweet[1](1) Eggink, P.M.et al, 2012. A taste of sweet pepper: Volatile and non-volatile chemical composition of fresh sweet pepper (Capsicum annuum) in relation to sensory evaluation of taste. Food Chem. 132, 301–310[2](2) Tura, D. et al, 2008. Cultivar influence on virgin olive (Olea europea L.) oil flavor based on aromatic compounds and sensorial profile. Sci. Hortic. (Amsterdam). 118, 139–148; fruity/apple[1](1) Eggink, P.M.et al, 2012. A taste of sweet pepper: Volatile and non-volatile chemical composition of fresh sweet pepper (Capsicum annuum) in relation to sensory evaluation of taste. Food Chem. 132, 301–310[2](2) Tura, D. et al, 2008. Cultivar influence on virgin olive (Olea europea L.) oil flavor based on aromatic compounds and sensorial profile. Sci. Hortic. (Amsterdam). 118, 139–148; pungent (aromatic) ? (insufficient evidence)[3](3) Blair, N.T.et al, 2016. Naturally Produced Defensive Alkenal Compounds Activate TRPA1. Chem. Senses 41, 281–292",,,,,,,,,,,,
PMTDB00606,CC(C)C1(C(=O)N2CC(=O)N3CCCC3C2(O1)O)NC(=O)C4CN(C5CC6=CNC7=CC=CC(=C67)C5=C4)C,bitter (insufficient evidence),"bitter (insufficient evidence)[1](1) Sohn CE, 1894. Dictionary of the active principles of plants : alkaloids, bitter principles, glucosides, their sources, nature, and chemical characteristics, with tabular summary, classification of reactions, and full botanical and general indexes. Baillière, Tindall and Cox, London.[2](2) Wood HC, 1872. A Year-book of Therapeutics, Pharmacy and Allied Sciences - Google Books. William Wood Company, New York.",,,,,,,,,,,,
PMTDB00607,CC=C1C[N+]2(CCC34C2(C(CC1C3(CO)C(=O)OC)O)NC5=CC=CC=C45)C,bitter,"bitter[1](1) Sohn CE, 1894. Dictionary of the active principles of plants : alkaloids, bitter principles, glucosides, their sources, nature, and chemical characteristics, with tabular summary, classification of reactions, and full botanical and general indexes. Baillière, Tindall and Cox, London",,,,,,,,,,,,
PMTDB00608,C1=C2C3=C(C(=C1O)O)OC(=O)C4=CC(=C(C(=C43)OC2=O)O)O,astringent; bitter (insufficient evidence),"astringent[1](1) Glabasnia, A., Hofmann, T., 2006. Sensory-Directed Identification of Taste-Active Ellagitannins in American (Quercus alba L.) and European Oak Wood (Quercus robur L.) and Quantitative Analysis in Bourbon Whiskey and Oak-Matured Red Wines. J. Agric. Food Chem. 54, 3380–3390[2](2) Bobinaitė, R.et al, 2016. Raspberry marc extracts increase antioxidative potential, ellagic acid, ellagitannin and anthocyanin concentrations in fruit purees. LWT - Food Sci. Technol. 66, 460–467; bitter (insufficient evidence)[2](2) Bobinaitė, R.et al, 2016. Raspberry marc extracts increase antioxidative potential, ellagic acid, ellagitannin and anthocyanin concentrations in fruit purees. LWT - Food Sci. Technol. 66, 460–467",,,,,,,,,,,,
PMTDB00609,CC(=O)CC1(C(=O)C=C2C3C1(OC4=C3C(=CC(=C4O)O)C(=O)OC5C6COC(=O)C7=CC(=C(C(=C7C8=C(C(=C(C=C8C(=O)OC5C(C(O6)OC(=O)C9=CC(=C(C(=C9)O)O)O)OC2=O)O)O)O)O)O)O)O)O,astringent; bitter,"astringent[1](1) Glabasnia A, Hofmann T, 2006. Sensory-Directed Identification of Taste-Active Ellagitannins in American (Quercus alba L.) and European Oak Wood (Quercus robur L.) and Quantitative Analysis in Bourbon Whiskey and Oak-Matured Red Wines. J Agric Food Chem 54: 3380–3390; bitter[1](1) Glabasnia A, Hofmann T, 2006. Sensory-Directed Identification of Taste-Active Ellagitannins in American (Quercus alba L.) and European Oak Wood (Quercus robur L.) and Quantitative Analysis in Bourbon Whiskey and Oak-Matured Red Wines. J Agric Food Chem 54: 3380–3390",,,,,,,,,,,,
PMTDB00610,CCC1CN2CCC3=CC(=C(C=C3C2CC1CC4C5=CC(=C(C=C5CCN4)OC)OC)OC)OC,bitter,"bitter[1](1) Bassoli A, Borgonovo G, Busnelli G, 2007. Alkaloids and the Bitter Taste. In: Fattorusso E, Taglialatela-Scafati O (eds) Modern Alkaloids: Structure, Isolation, Synthesis and Biology. Wiley-VCH Verlag GmbH & Co. KGaA, Weinheim, Germany, pp 53–72",,,,,,,,,,,,
PMTDB00611,CC1C(C(C(C(O1)OC2C(OC3=CC(=CC(=C3C2=O)O)O)C4=CC=C(C=C4)O)O)O)O,astringent; non bitter;,"astringent[1](1) Hufnagel JC, Hofmann T, 2008. Orosensory-directed identification of astringent mouthfeel and bitter-tasting compounds in red wine. J Agric Food Chem 56: 1376–1386[2](2) Hufnagel, J.C., Hofmann, T., 2008. Quantitative reconstruction of the nonvolatile sensometabolome of a red wine. J. Agric. Food Chem. 56, 9190–9199; non bitter[1](1) Hufnagel JC, Hofmann T, 2008. Orosensory-directed identification of astringent mouthfeel and bitter-tasting compounds in red wine. J Agric Food Chem 56: 1376–1386;",,,,,,,,,,,,
PMTDB00612,CC1(C(CC2C3(C1C(OC3)O)C4CCC5CC4(C(=O)C5=C)C(=O)O2)O)C,bitter,"bitter[1](1) Steglich W, Fugmann B, Lang-Fugmann S, 2000. Römpp encyclopedia natural products. Georg Thieme Verlag, Leverkusen, Ratingen, Munich, Germany. 784 pp[2](2) Kubota T, Kubo I, 1969. Bitterness and Chemical Structure. Nature, 223 (5201), 97–99. doi: 10.1038/223097a3[3](3) Nakanishi K, Goto T, Ito S, Natori S, Nozoe S, 1974. Natural products chemistry. In Natural Products Chemistry (Vol. 1). https://doi.org/10.1016/B978-0-12-513901-4.50006-8[4](4) Fujita E et al, 1970. Terpenoids—XIV. Tetrahedron 26, 1009–1022. https://doi.org/10.1016/S0040-4020 (01)98778-2",,,,,,,,,,,,
PMTDB00613,CC(=O)OC1CC2C3(COC(C3C1(C)C)O)C4CCC5CC4(C(=O)C5=C)C(=O)O2,bitter,"bitter[1](1) Kubota T, Kubo I, 1969. Bitterness and Chemical Structure. Nature, 223 (5201), 97–99. doi: 10.1038/223097a3[2](2) Fujita E, Fujita T, Shibuya M, 1966. Isolation of enmein and its 3-acetate from Isodon japonicus. Chemical Communications (London) issue 10, page 297",,,,,,,,,,,,
PMTDB00614,CC(C(C1=CC=CC=C1)O)NC,bitter;,"bitter[1](1) Bassoli A, Borgonovo G, Busnelli G, 2007. Alkaloids and the Bitter Taste. In: Fattorusso E, Taglialatela-Scafati O (eds) Mod. Alkaloids Struct. Isol. Synth. Biol. Wiley-VCH Verlag GmbH & Co. KGaA, Weinheim, Germany, pp 53–72[2](2) Sohn CE, 1894. Dictionary of the active principles of plants : alkaloids, bitter principles, glucosides, their sources, nature, and chemical characteristics, with tabular summary, classification of reactions, and full botanical and general indexes. Baillière, Tindall and Cox, London;",,,,,,,,,,,,
PMTDB00615,C1C(C(OC2=C1C(=CC(=C2C3C4C5C6C(COC(=O)C7=CC(=C(C(=C7C8=C(C(=C(C=C8C(=O)O6)O)O)O)O)O)O)OC(=O)C9=CC(=C(C(=C9C1=C(C(=C(C(=C1O)O)O)C1=C(C3=C(C(=C1O)O)O)C(=O)O4)C(=O)O5)O)O)O)O)O)C1=CC(=C(C=C1)O)O)O,astringent,"astringent[1](1) Stark T et al, 2010. Matrix-Calibrated LC-MS/MS Quantitation and Sensory Evaluation of Oak Ellagitannins and Their Transformation Products in Red Wines. Journal of Agricultural and Food Chemistry, 58 (10), 6360–6369",,,,,,,,,,,,
PMTDB00616,C1C(C(OC2=C1C(=C(C(=C2)O)C3C4C5C6C(COC(=O)C7=CC(=C(C(=C7C8=C(C(=C(C=C8C(=O)O6)O)O)O)O)O)O)OC(=O)C9=CC(=C(C(=C9C1=C(C(=C(C(=C1O)O)O)C1=C(C3=C(C(=C1O)O)O)C(=O)O4)C(=O)O5)O)O)O)O)C1=CC(=C(C=C1)O)O)O,astringent,"astringent[1](1) Stark T et al, 2010. Matrix-Calibrated LC-MS/MS Quantitation and Sensory Evaluation of Oak Ellagitannins and Their Transformation Products in Red Wines. Journal of Agricultural and Food Chemistry, 58 (10), 6360–6369",,,,,,,,,,,,
PMTDB00617,C1C(C(OC2=CC(=CC(=C21)O)O)C3=CC=C(C=C3)O)O,bitter; astringent;,"bitter[1](1) Zhu, M.et al., 2017. Metabolomic profiling delineate taste qualities of tea leaf pubescence. Food Res. Int. 94, 36–44; astringent[1](1) Zhu, M.et al., 2017. Metabolomic profiling delineate taste qualities of tea leaf pubescence. Food Res. Int. 94, 36–44;",,,,,,,,,,,,
PMTDB00618,C1C(C(OC2=CC(=CC(=C21)O)O)C3=CC(=C(C=C3)O)O)OC(=O)C4=CC(=C(C(=C4)O)O)O,bitter; astringent,"bitter[1](1) Nakagawa, M., 1970. Relation of catechias with the qualities of green and black tea. Bull. Tea Div. Tokai-Kinki Agric. Exp. Stn. 65–166[2](2) Narukawa, M. et al, 2011. Evaluation of the bitterness of green tea catechins by a cell-based assay with the human bitter taste receptor hTAS2R39. Biochem. Biophys. Res. Commun. 405, 620–625[3](3) Sanderson, G.W., Ranadive, A.S., Eisenberg, L.S., Farrell, F.J., Simons, R., Manley, C.H., Coggon, P., 1976. Contribution of polyphenolic compounds to the taste of tea, in: ACS Symposium Series, vol.26, Amer Chem Soc. pp. 14–46[4](4) Wiener, A., Shudler, M., Levit, A., Niv, M.Y., 2012. BitterDB: a database of bitter compounds. Nucleic Acids Res. 40, D413–D419[5](5) Roland WSU et al, 2013. Bitter Taste Receptor Activation by Flavonoids and Isoflavonoids: Modeled Structural Requirements for Activation of hTAS2R14 and hTAS2R39. J Agric Food Chem 61: 10454–10466.[6](6) Yamazaki, T.et al., 2013. Activation of the hTAS2R14 human bitter-taste receptor by (−)-epigallocatechin gallate and (−)-epicatechin gallate. Biosci. Biotechnol. Biochem. 130329[7](7) Rossetti, D. et al, 2009. Astringency of tea catechins: More than an oral lubrication tactile percept. Food Hydrocoll. 23, 1984–1992; astringent[1](1) Nakagawa, M., 1970. Relation of catechias with the qualities of green and black tea. Bull. Tea Div. Tokai-Kinki Agric. Exp. Stn. 65–166[3](3) Sanderson, G.W., Ranadive, A.S., Eisenberg, L.S., Farrell, F.J., Simons, R., Manley, C.H., Coggon, P., 1976. Contribution of polyphenolic compounds to the taste of tea, in: ACS Symposium Series, vol.26, Amer Chem Soc. pp. 14–46[7](7) Rossetti, D. et al, 2009. Astringency of tea catechins: More than an oral lubrication tactile percept. Food Hydrocoll. 23, 1984–1992[8](8) Scharbert, S. et al, 2004. Identification of the Astringent Taste Compounds in Black Tea Infusions by Combining Instrumental Analysis and Human Bioresponse. J. Agric. Food Chem. 52, 3498–3508[9](9) Scharbert, S., Hofmann, T., 2005. Molecular definition of black tea taste by means of quantitative studies, taste reconstitution, and omission experiments. J. Agric. Food Chem. 53, 5377–5384",,,,,,,,,,,,
PMTDB00619,OC1C(OC2=CC(O)=CC(O)=C2C1C1=C2OC(C(CC2=C(O)C=C1O)OC(=O)C1=CC(O)=C(O)C(O)=C1)C1=CC(O)=C(O)C(O)=C1)C1=CC(O)=C(O)C=C1,bitter (insufficient evidence); astringent (insufficient evidence),"bitter (insufficient evidence)[1](1) Zhu, M.et al., 2017. Metabolomic profiling delineate taste qualities of tea leaf pubescence. Food Res. Int. 94, 36–44; astringent (insufficient evidence)[1](1) Zhu, M.et al., 2017. Metabolomic profiling delineate taste qualities of tea leaf pubescence. Food Res. Int. 94, 36–44",,,,,,,,,,,,
PMTDB00620,OC1CC2=C(O)C=C(O)C(C3C(O)C(OC4=C(C5C(O)C(OC6=C(C7C(O)C(OC8=C(C9C(O)C(OC%10=CC(O)=CC(O)=C9%10)C9=CC=C(O)C(O)=C9)C(O)=CC(O)=C78)C7=CC=C(O)C(O)=C7)C(O)=CC(O)=C56)C5=CC=C(O)C(O)=C5)C(O)=CC(O)=C34)C3=CC=C(O)C(O)=C3)=C2OC1C1=CC=C(O)C(O)=C1.OC1CC2=C(O)C=C(O)C(C3C(O)C(OC4=C(C5C(O)C(OC6=C(C7C(O)C(OC8=C(C9C(O)C(OC%10=C(C%11C(O)C(OC%12=C(C%13C(O)C(OC%14=C(C%15C(O)C(OC%16=C(C%17C(O)C(OC%18=C(C%19C(O)C(OC%20=C(C%21C(O)C(OC%22=C(C%23C(O)C(OC%24=CC(O)=CC(O)=C%23%24)C%23=CC=C(O)C(O)=C%23)C(O)=CC(O)=C%21%22)C%21=CC=C(O)C(O)=C%21)C(O)=CC(O)=C%19%20)C%19=CC=C(O)C(O)=C%19)C(O)=CC(O)=C%17%18)C%17=CC=C(O)C(O)=C%17)C(O)=CC(O)=C%15%16)C%15=CC=C(O)C(O)=C%15)C(O)=CC(O)=C%13%14)C%13=CC=C(O)C(O)=C%13)C(O)=CC(O)=C%11%12)C%11=CC=C(O)C(O)=C%11)C(O)=CC(O)=C9%10)C9=CC=C(O)C(O)=C9)C(O)=CC(O)=C78)C7=CC=C(O)C(O)=C7)C(O)=CC(O)=C56)C5=CC=C(O)C(O)=C5)C(O)=CC(O)=C34)C3=CC=C(O)C(O)=C3)=C2OC1C1=CC=C(O)C(O)=C1,astringent,"astringent[1](1) Hofman, T. et al., 2006. Protein binding & astringent taset of a polymeric procyanidin, 1,2,3,6-penta-O-galloyl-B-D-glycopyranose castalagin, and grandinin. J Agric Food Chem 54, 9503–9509",,,,,,,,,,,,
PMTDB00621,C1C(C(OC2=CC(=CC(=C21)O)O)C3=CC(=C(C(=C3)O)O)O)O,bitter; astringent; non-astringent; sweet (aftertaste) (insufficient evidence),"bitter[1](1) Narukawa, M. et al, 2011. Evaluation of the bitterness of green tea catechins by a cell-based assay with the human bitter taste receptor hTAS2R39. Biochem. Biophys. Res. Commun. 405, 620–625[2](2) Roland WSU et al, 2013. Bitter Taste Receptor Activation by Flavonoids and Isoflavonoids: Modeled Structural Requirements for Activation of hTAS2R14 and hTAS2R39. J Agric Food Chem 61: 10454–10466.[3](3) Sanderson, G.W., Ranadive, A.S., Eisenberg, L.S., Farrell, F.J., Simons, R., Manley, C.H., Coggon, P., 1976. Contribution of polyphenolic compounds to the taste of tea, in: ACS Symposium Series, vol.26, Amer Chem Soc. pp. 14–46[4](4) Wiener A et al, 2012. BitterDB: a database of bitter compounds. Nucleic Acids Res 2012, 40 (Database issue): D413-419; astringent[1](1) Narukawa, M. et al, 2011. Evaluation of the bitterness of green tea catechins by a cell-based assay with the human bitter taste receptor hTAS2R39. Biochem. Biophys. Res. Commun. 405, 620–625[5](5) Ding, Z., Kuhr, S., Engelhardt, U.H., 1992. Influence of catechins and theaflavins on the astringent taste of black tea brews. Zeitschrift für Leb. und Forsch. 195, 108–111[6](6) Scharbert, S. et al, 2004. Identification of the Astringent Taste Compounds in Black Tea Infusions by Combining Instrumental Analysis and Human Bioresponse. J. Agric. Food Chem. 52, 3498–3508; non-astringent[3](3) Sanderson, G.W., Ranadive, A.S., Eisenberg, L.S., Farrell, F.J., Simons, R., Manley, C.H., Coggon, P., 1976. Contribution of polyphenolic compounds to the taste of tea, in: ACS Symposium Series, vol.26, Amer Chem Soc. pp. 14–46; sweet (aftertaste) (insufficient evidence)[3](3) Sanderson, G.W., Ranadive, A.S., Eisenberg, L.S., Farrell, F.J., Simons, R., Manley, C.H., Coggon, P., 1976. Contribution of polyphenolic compounds to the taste of tea, in: ACS Symposium Series, vol.26, Amer Chem Soc. pp. 14–46",,,,,,,,,,,,
PMTDB00622,C1C(C(OC2=CC(=CC(=C21)O)O)C3=CC(=C(C(=C3)O)O)O)OC(=O)C4=CC(=C(C(=C4)O)O)O,bitter; astringent,"bitter[1](1) Narukawa, M. et al, 2011. Evaluation of the bitterness of green tea catechins by a cell-based assay with the human bitter taste receptor hTAS2R39. Biochem. Biophys. Res. Commun. 405, 620–625[2](2) Roland WSU et al, 2013. Bitter Taste Receptor Activation by Flavonoids and Isoflavonoids: Modeled Structural Requirements for Activation of hTAS2R14 and hTAS2R39. J Agric Food Chem 61: 10454–10466.[3](3) Sanderson, G.W., Ranadive, A.S., Eisenberg, L.S., Farrell, F.J., Simons, R., Manley, C.H., Coggon, P., 1976. Contribution of polyphenolic compounds to the taste of tea, in: ACS Symposium Series, vol.26, Amer Chem Soc. pp. 14–46[4](4) Wiener A et al, 2012. BitterDB: a database of bitter compounds. Nucleic Acids Res 2012, 40 (Database issue): D413-419[5](5) Yamazaki, T.et al., 2013. Activation of the hTAS2R14 human bitter-taste receptor by (−)-epigallocatechin gallate and (−)-epicatechin gallate. Biosci. Biotechnol. Biochem. 130329[6](6) Lossow, K. et al, 2016. Comprehensive Analysis of Mouse Bitter Taste Receptors Reveals Different Molecular Receptive Ranges for Orthologous Receptors in Mice and Humans. J. Biol. Chem. 291, 15358–15377; astringent[1](1) Narukawa, M. et al, 2011. Evaluation of the bitterness of green tea catechins by a cell-based assay with the human bitter taste receptor hTAS2R39. Biochem. Biophys. Res. Commun. 405, 620–625[3](3) Sanderson, G.W., Ranadive, A.S., Eisenberg, L.S., Farrell, F.J., Simons, R., Manley, C.H., Coggon, P., 1976. Contribution of polyphenolic compounds to the taste of tea, in: ACS Symposium Series, vol.26, Amer Chem Soc. pp. 14–46[7](7) Ding, Z., Kuhr, S., Engelhardt, U.H., 1992. Influence of catechins and theaflavins on the astringent taste of black tea brews. Zeitschrift für Leb. und Forsch. 195, 108–111[8](8) Scharbert, S. et al, 2004. Identification of the Astringent Taste Compounds in Black Tea Infusions by Combining Instrumental Analysis and Human Bioresponse. J. Agric. Food Chem. 52, 3498–3508[9](9) Scharbert, S., Hofmann, T., 2005. Molecular definition of black tea taste by means of quantitative studies, taste reconstitution, and omission experiments. J. Agric. Food Chem. 53, 5377–5384",,,,,,,,,,,,
PMTDB00623,C1C(C(OC2=C1C(=CC(=C2C3C(C(OC4=CC(=CC(=C34)O)O)C5=CC(=C(C(=C5)O)O)O)O)O)O)C6=CC(=C(C=C6)O)O)OC(=O)C7=CC(=C(C(=C7)O)O)O,bitter (insufficient evidence); astringent (insufficient evidence);,"bitter (insufficient evidence)[1](1) Zhu, M.et al., 2017. Metabolomic profiling delineate taste qualities of tea leaf pubescence. Food Res. Int. 94, 36–44; astringent (insufficient evidence)[1](1) Zhu, M.et al., 2017. Metabolomic profiling delineate taste qualities of tea leaf pubescence. Food Res. Int. 94, 36–44;",,,,,,,,,,,,
PMTDB00624,C1CCN2CCCC(C2C1)CO,bitter,"bitter[1](1) Bassoli A, Borgonovo G, Busnelli G, 2007. Alkaloids and the Bitter Taste. In: Fattorusso E, Taglialatela-Scafati O (eds) Modern Alkaloids: Structure, Isolation, Synthesis and Biology. Wiley-VCH Verlag GmbH & Co. KGaA, Weinheim, Germany, pp 53–72",,,,,,,,,,,,
PMTDB00625,CC1(CCC2C3(C1C(OC3)O)C4C(CC5CC4(C(=O)C5=C)C(=O)O2)O)C,bitter,"bitter[1](1) Fujita E, Node M, 1984. Diterpenoids of Rabdosia Species, in: Fujita E, Johne S, Kasai R, Node M, Tanaka O, Herz W, Grisebach H, Kirby GW, Tamm C (Eds.), Fortschritte Der Chemie Organischer Naturstoffe / Progress in the Chemistry of Organic Natural Products. Springer Vienna, Vienna, pp. 77–157. doi: 10.1007/978-3-7091-8759-3_3",,,,,,,,,,,,
PMTDB00626,C=C1CCC2C(C3C1CC(C3=C)O)OC(=O)C2=C,bitter;,"bitter[1](1) Brockhoff A et al, 2007. Broad tuning of the human bitter taste receptor hTAS2R46 to various sesquiterpene lactones, clerodane and labdane diterpenoids, strychnine, and denatonium. J Agric Food Chem 55: 6236–6243;",,,,,,,,,,,,
PMTDB00627,C1C(COC2=C1C=CC(=C2)O)C3=CC=C(C=C3)O,bitter,"bitter[1](1) Roland WSU et al, 2011. Soy Isoflavones and Other Isoflavonoids Activate the Human Bitter Taste Receptors hTAS2R14 and hTAS2R39. J Agric Food Chem 59, 11764–11771.[2](2) Behrens M, Meyerhof W, 2017. The vertebrate gustatory system, in: Guichard E, Salles C, Morzel M, Le Bon A-M (Eds.), Flavour From Food to Perception. John Wiley & Sons, Ltd, Chichester, West Sussex Hoboken, NJ, pp. 57–78.",,,,,,,,,,,,
PMTDB00628,CC(CO)NC(=O)C1CN(C2CC3=CNC4=CC=CC(=C34)C2=C1)C,bitter,"bitter[1](1) Brown GL, Dale H, 1935. The pharmacology of ergometrine. Proc R Soc London Ser B, Biol Sci 118: 446–477[2](2) Aniszewski T, 2015. Chapter 1 - Definition, typology, and occurrence of alkaloids. In: Alkaloids, 2nd ed. Elsevier, Boston, pp 1–97",,,,,,,,,,,,
PMTDB00629,CC(C)C1(C(=O)N2CC(=O)N3CCCC3C2(O1)O)NC(=O)C4CN(C5CC6=CNC7=CC=CC(=C67)C5=C4)C,bitter,"bitter[1](1) Sohn CE, 1894. Dictionary of the active principles of plants : alkaloids, bitter principles, glucosides, their sources, nature, and chemical characteristics, with tabular summary, classification of reactions, and full botanical and general indexes. Baillière, Tindall and Cox, London[2](2) Wood HC, 1872. A Year-book of Therapeutics, Pharmacy and Allied Sciences. William Wood Company, New York",,,,,,,,,,,,
PMTDB00630,CC1C(C(C(C(O1)OCC2C(C(C(C(O2)OC3=CC(=C4C(=O)CC(OC4=C3)C5=CC(=C(C=C5)O)O)O)O)O)O)O)O)O,bitter,"bitter[1](1) Behrens M et al, 2018. Bitter substances from plants used in traditional Chinese medicine exert biased activation of human bitter taste receptors. Chem Biol Drug Des. 91 (2): 422-433[2](2) Miyake, Y. et al, 1997. Isolation of eriocitrin (eriodictyol 7-rutinoside) from lemon fruit (Citrus limon BURM. f.) and its antioxidative activity. Food Sci. Technol. Int. Tokyo 3, 84–89[3](3) Miyake Y. et al, 1998. Characteristics of antioxidative flavonoid glycosides in lemon fruit. Food Sci. Technol. Int. Tokyo 4, 48–53",,,,,,,,,,,,
PMTDB00631,C1C(OC2=CC(=CC(=C2C1=O)O)O)C3=CC(=C(C=C3)O)O,bitter,"bitter[1](1) Roland WSU et al, 2013. Bitter Taste Receptor Activation by Flavonoids and Isoflavonoids: Modeled Structural Requirements for Activation of hTAS2R14 and hTAS2R39. J Agric Food Chem 61: 10454–10466[2](2) Behrens, M., Meyerhof, W., 2017. The vertebrate gustatory system, in: Guichard, E., Salles, C., Morzel, M., Le Bon, A.-M. (Eds.), Flavour From Food to Perception. John Wiley & Sons, Ltd, Chichester, West Sussex Hoboken, NJ, pp. 57–78.[3](3) Wiener A et al, 2012. BitterDB: a database of bitter compounds. Nucleic Acids Res 2012, 40 (Database issue): D413-419",,,,,,,,,,,,
PMTDB00632,C1=CC(=C(C=C1C=CC(=O)C2=C(C=C(C=C2O)O)O)O)O,bitter,"bitter[1](1) Roland WSU et al, 2013. Bitter Taste Receptor Activation by Flavonoids and Isoflavonoids: Modeled Structural Requirements for Activation of hTAS2R14 and hTAS2R39. J. Agric. Food Chem. 61, 10454–10466. doi: 10.1021/jf403387p lnk_{https://pubs.acs.org/doi/full/10.1021/jf403387p?src=recs[2](2) Wiener A et al, 2012. BitterDB: a database of bitter compounds. Nucleic Acids Res 2012, 40 (Database issue): D413-419[3](3) Behrens M, Meyerhof W, 2017. The vertebrate gustatory system, in: Guichard E, Salles C, Morzel M, Le Bon A-M (Eds.), Flavour From Food to Perception. John Wiley & Sons, Ltd, Chichester, West Sussex Hoboken, NJ, pp. 57–78.",,,,,,,,,,,,
PMTDB00633,C(C(C(CO)O)O)O,sweet,"sweet[1](1) de Cock P, 1999. Erythritol: a novel noncaloric sweetener ingredient. In: Low-Calories Sweeten. Present Futur. Karger Publishers, pp 110–116[2](2) Kim N-C, Kinghorn AD, 2002. Sweet-tasting and sweetness-modifying constituents of plants. In: Atta-ur-Rahman BT-S in NPC (ed) Bioact. Nat. Prod. (Part H). Elsevier, pp 3–57[3](3) Ahmed J et al, 2011. SuperSweet—a resource on natural and artificial sweetening agents. Nucleic Acids Res 39: D377–D382[4](4) Harrington, R.A. et al, 2019. Nutrient composition databases in the age of big data: foodDB, a comprehensive, real-time database infrastructure. BMJ Open 9, e026652[5](5) Mao, Y. et al, 2018. A Broad-Spectrum Sweet Taste Sensor Based on Ni (OH)₂/Ni Electrode. Sensors (Basel). 18 (9): 2758",,,,,,,,,,,,
PMTDB00634,C1COC(=O)C2=CC=CC(=C21)C=O,contradictory evidence: tasteless (metabolite of a bitter tastant: swertiamarin); bitter,"contradictory evidence: tasteless[1](1) Sohn CE, 1894. Dictionary of the active principles of plants : alkaloids, bitter principles, glucosides, their sources, nature, and chemical characteristics, with tabular summary, classification of reactions, and full botanical and general indexes. Baillière, Tindall and Cox, London[2](2) Fischer, B., Hartwich, C., 1900. Centaurium, in: Hagers Handbuch Der Pharmaceutischen Praxis. Springer Berlin Heidelberg, pp. 684–685. doi: 10.1007/978-3-642-47350-0_261(metabolite of a bitter tastant: swertiamarin); bitter[3](3) Chialva F, Dada G (1990) Bitterness in alcoholic beverages. In: Rouseff RL (ed) Bitternes in foods and beverages. Developments in Food Science vol. 25. Elsevier Science Publishers B.V., pp 103–122[4](4) Polya G, 2003. Biochemical Targets of Plant Bioactive Compounds: A Pharmacological Reference Guide to Sites of Action and Biological Effects. CRC Press",,,,,,,,,,,,
PMTDB00635,CC1(CCC2(CCC3(C(=CCC4C3(CCC5C4(CCC(C5(C)C)O)C)C)C2C1)C)CO)C,bitter,"bitter[1](1) Chialva F, Dada G, 1990. Bitterness in alcoholic beverages. In: Rouseff RL (ed) Bitternes in foods and beverages. Developments in Food Science vol. 25. Elsevier Science Publishers B.V., pp 103–122",,,,,,,,,,,,
PMTDB00636,C1=CC(=O)OC2=CC(=C(C=C21)O)O,bitter,"bitter[1](1) Sohn CE, 1894. Dictionary of the active principles of plants : alkaloids, bitter principles, glucosides, their sources, nature, and chemical characteristics, with tabular summary, classification of reactions, and full botanical and general indexes. Baillière, Tindall and Cox, London[2](2) Fenwick GR, Curl CL, Griffiths NM, et al, 1990. Bitter principles in food plants. In: Rouseff RL (ed) Bitternes in foods and beverages. Developments in Food Science vol. 25. Elsevier Science Publishers B.V., Amsterdam, pp 205–250[3](3) Moraal LG, Goedhart PW, 1999. Differences in palatability of Fraxinus excelsior L., for the vole, Microtus arvalis ,and the scale, Pseudochermes fraxini L. In: Lieutier F, Mattson WJ, Wagner MR (eds) Physiol. Genet. Tree-Phytophage Interact. Int. Symp. lnstitut National de la Recherche Agronornique (INRA) International Union of Forestry Research Organizations (IUFRO), Gujan (France), pp 111–121[4](4) Zoecklein, B.W., Fugelsang, K.C., Gump, B.H., Nury, F.S., 1990. Phenolic compounds and wine color, in: Production Wine Analysis. Springer, pp. 129–168",,,,,,,,,,,,
PMTDB00637,C1=CC(=O)OC2=CC(=C(C=C21)OC3C(C(C(C(O3)CO)O)O)O)O,bitter,"bitter[1](1) Sohn CE, 1894. Dictionary of the active principles of plants : alkaloids, bitter principles, glucosides, their sources, nature, and chemical characteristics, with tabular summary, classification of reactions, and full botanical and general indexes. Baillière, Tindall and Cox, London[2](2) Fenwick GR, Curl CL, Griffiths NM, et al (1990) Bitter principles in food plants. In: Rouseff RL (ed) Bitternes in foods and beverages. Developments in Food Science vol. 25. Elsevier Science Publishers B.V., Amsterdam, pp 205–250[3](3) Moraal LG, Goedhart PW, 1999. Differences in palatability of Fraxinus excelsior L., for the vole, Microtus arvalis ,and the scale, Pseudochermes fraxini L. In: Lieutier F, Mattson WJ, Wagner MR (eds) Physiol. Genet. Tree-Phytophage Interact. Int. Symp. lnstitut National de la Recherche Agronornique (INRA) International Union of Forestry Research Organizations (IUFRO), Gujan (France), pp 111–121[4](4) Bufe B et al, 2002. The human TAS2R16 receptor mediates bitter taste in response to β-glucopyranosides. Nat Genet 32: 397–401[5](5) Amerine, M.A., Pangborn, R.M., Roessler, E.B., 1965. CHAPTER 2 - The Sense of Taste, in: Amerine, M.A., Pangborn, R.M., Roessler, E.B. (Eds.), Principles of Sensory Evaluation of Food. Academic Press, pp. 28–144. doi: https://doi.org/10.1016/B978-1-4832-0018-7.50006-4[6](6) Brockhoff A et al, 2007. Broad tuning of the human bitter taste receptor hTAS2R46 to various sesquiterpene lactones, clerodane and labdane diterpenoids, strychnine, and denatonium. J Agric Food Chem 55: 6236–6243[7](7) Zoecklein, B.W., Fugelsang, K.C., Gump, B.H., Nury, F.S., 1990. Phenolic compounds and wine color, in: Production Wine Analysis. Springer, pp. 129–168",,,,,,,,,,,,
PMTDB00638,CCOC1C(C(C(C(O1)CO)O)O)O,"bitter, sweet","bitter[1](1) Honig, D.H.et al, 1971. Isolation of ethyl alpha-D-galactopyranoside and pinitol from hexane-ethanol extracted soybean flakes. J. Agric. Food Chem. 19, 543–546, sweet[1](1) Honig, D.H.et al, 1971. Isolation of ethyl alpha-D-galactopyranoside and pinitol from hexane-ethanol extracted soybean flakes. J. Agric. Food Chem. 19, 543–546",,,,,,,,,,,,
PMTDB00639,CCOC(=O)C=CC1=CC(=C(C=C1)O)OC,bitter; astringent; sweet,"bitter[1](1) Wollmann N, Hufnagel J-C, Hoffman T (2013) Decoding the taste of wine using a sensomic approach. In: Ferreira V, López R (eds) Flavour Sci. Proc. from XIII Weurman Flavour Res. Symp. Elsevier Science, pp 525–532[2](2) Soares, S. et al, 2018. Human Bitter Taste Receptors Are Activated by Different Classes of Polyphenols. J. Agric. Food Chem. 66, 8814–8823[3](3) Hashizume, K.et al, 2012. Taste-guided fractionation and instrumental analysis of hydrophobic compounds in sake. Biosci. Biotechnol. Biochem. 120046.[4](4) Hufnagel JC, Hofmann T, 2008. Orosensory-directed identification of astringent mouthfeel and bitter-tasting compounds in red wine. J Agric Food Chem 56: 1376–1386; astringent[1](1) Wollmann N, Hufnagel J-C, Hoffman T (2013) Decoding the taste of wine using a sensomic approach. In: Ferreira V, López R (eds) Flavour Sci. Proc. from XIII Weurman Flavour Res. Symp. Elsevier Science, pp 525–532[4](4) Hufnagel JC, Hofmann T, 2008. Orosensory-directed identification of astringent mouthfeel and bitter-tasting compounds in red wine. J Agric Food Chem 56: 1376–1386; sweet[3](3) Hashizume, K.et al, 2012. Taste-guided fractionation and instrumental analysis of hydrophobic compounds in sake. Biosci. Biotechnol. Biochem. 120046.",,,,,,,,,,,,
PMTDB00640,CCOC(=O)C1=CC(=C(C(=C1)O)O)O,astringent; bitter;,"astringent[1](1) Hufnagel JC, Hofmann T, 2008. Orosensory-directed identification of astringent mouthfeel and bitter-tasting compounds in red wine. J Agric Food Chem 56: 1376–1386[2](2) Hufnagel, J.C., Hofmann, T., 2008. Quantitative reconstruction of the nonvolatile sensometabolome of a red wine. J. Agric. Food Chem. 56, 9190–9199; bitter[1](1) Hufnagel JC, Hofmann T, 2008. Orosensory-directed identification of astringent mouthfeel and bitter-tasting compounds in red wine. J Agric Food Chem 56: 1376–1386[2](2) Hufnagel, J.C., Hofmann, T., 2008. Quantitative reconstruction of the nonvolatile sensometabolome of a red wine. J. Agric. Food Chem. 56, 9190–9199;",,,,,,,,,,,,
PMTDB00641,CCC1CN2CCC1CC2C(C3=C4C=C(C=CC4=NC=C3)OCC)O,bitter,"bitter[1](1) The Merck Index, Thirteenth Edition, 2001. . Merck & Co., Inc., Whitehouse Station, New Jersey, USA, New Jersey, USA[2](2) Behrens, M., Meyerhof, W., 2017. The vertebrate gustatory system, in: Guichard, E., Salles, C., Morzel, M., Le Bon, A.-M. (Eds.), Flavour From Food to Perception. John Wiley & Sons, Ltd, Chichester, West Sussex Hoboken, NJ, pp. 57–78.[3](3) Wiener A et al, 2012. BitterDB: a database of bitter compounds. Nucleic Acids Res 2012, 40 (Database issue): D413-419[4](4) Di Pizio, A. et al, 2017. Ligand binding modes from low resolution GPCR models and mutagenesis: chicken bitter taste receptor as a test-case. Sci. Rep. 7, 8223[5](5) Di Pizio, A. et al, 2018. Molecular Features Underlying Selectivity in Chicken Bitter Taste Receptors. Front. Mol. Biosci. 5, 6",,,,,,,,,,,,
PMTDB00642,CC1=CC(=O)C2=C(C=C(C=C2O1)OC)O,bitter,"bitter[1](1) Wiener A et al, 2012. BitterDB: a database of bitter compounds. Nucleic Acids Res 2012, 40 (Database issue): D413-419[2](2) Czepa A, Hofmann T (2003). Structural and sensory characterization of compounds contributing to the bitter off-taste of carrots (Daucus carota L.) and carrot puree. J Agric Food Chem 51 (13): 3865-73.",,,,,,,,,,,,
PMTDB00643,COC1=C(C=CC(=C1)CC=C)O,"pungent (numbing, burning, tingling, stinging); sweet (insufficient evidence);","pungent (numbing, burning, tingling, stinging)[1](1) Kulka, K., 1967. Aspects of functional groups and flavor. J. Agric. Food Chem. 15, 48–57[2](2) Klein AH et al, 2013. Eugenol and carvacrol induce temporally desensitizing patterns of oral irritation and enhance innocuous warmth and noxious heat sensation on the tongue. PAIN® 154: 2078–2087[3](3) Klein AH et al, 2014. Eugenol and carvacrol excite first- and second-order trigeminal neurons and enhance their heat-evoked responses. Neuroscience 271: 45–55[4](4) Klein, A.H. et al, E., 2012. Eugenol and carvacrol increased lingual heat responses in trigeminal subnucleus caudalis (Vc) neurons and activate capaicin-sensitive trigeminal ganglion neurons in rats (abstract). Program No. 784.14/NN18, in: 2012 Neuroscience Meeting Planner. Society for Neuroscience[5](5) Cliff M, Heymann H, 1992. Descriptive analysis of oral pungency. J Sens Stud 7: 279–290; sweet (insufficient evidence)[6](6) Hedin, P.A. et al, 1968. Constituents of cotton bud. Formulation of boll weevil feeding stimulant mixtures. J Agric Food Chem 16: 505–513;",,,,,,,,,,,,
PMTDB00644,CCCCC=CCCCCCCCC1=CC(=O)C2=CC=CC=C2N1C,bitter ( electronic tongue),"bitter ( electronic tongue)[1](1) Liang, X.et al, 2017. Bitterness and antibacterial activities of constituents from Evodia rutaecarpa. BMC Complement. Altern. Med. 17, 180",,,,,,,,,,,,
PMTDB00645,CN1C2C3=C(CCN2C(=O)C4=CC=CC=C41)C5=CC=CC=C5N3,bitter (electronic tongue),"bitter (electronic tongue)[1](1) Liang, X.et al, 2017. Bitterness and antibacterial activities of constituents from Evodia rutaecarpa. BMC Complement. Altern. Med. 17, 180",,,,,,,,,,,,
PMTDB00646,CC1(C2=C(C(=O)C3(C(C24COC(=O)CC4O1)CCC5(C36C(O6)C(=O)OC5C7=COC=C7)C)C)O)C,bitter,"bitter[1](1) Tang W, Eisenbrang G, 1992. Chinese Drugs of Plant Origin. Chemistry, Pharmacology, and Use in Traditional and Modem Medicine. Springer",,,,,,,,,,,,
PMTDB00647,COC1CC(OC2C(C)OC(OC3CCC4(C)C5CCC6(C)C(CC(OC7OC(COC8OC(CO)C(O)C(O)C8O)C(O)C(O)C7O)C6C(C)=O)C5CC=C4C3)C(O)C2OC)OC(C)C1OC1CC(OC)C(OC(=O)C=C(C)C)C(C)O1,sweet; not bitter,"sweet[1](1) Sun, G., et al., 2016. New Sweet-Tasting C21-Pregnane Glycosides from Pericarps of Myriopteron extensum. Journal of Agricultural and Food Chemistry, 64 (49), 9381–9389.[2](2) Sun, G. et al., 2018. New Sweet-Tasting C21 Pregnane Glycosides from the Roots of Myriopteron extensum. J. Agric. Food Chem. 66, 7735–7739; not bitter[2](2) Sun, G. et al., 2018. New Sweet-Tasting C21 Pregnane Glycosides from the Roots of Myriopteron extensum. J. Agric. Food Chem. 66, 7735–7739",,,,,,,,,,,,
PMTDB00648,COC1CC(OC2C(C)OC(OC3CCC4(C)C5CCC6(C)C(CC(OC7OC(COC8OC(CO)C(O)C(O)C8O)C(O)C(O)C7O)C6C(C)=O)C5CC=C4C3)C(O)C2OC)OC(C)C1OC1CC(OC)C(OC(=O)C=C(C)C)C(C)O1,sweet,"sweet[1](1) Sun, G., Dai, Q., et al., 2016. New Sweet-Tasting C21-Pregnane Glycosides from Pericarps of Myriopteron extensum. Journal of Agricultural and Food Chemistry, 64 (49), 9381–9389.",,,,,,,,,,,,
PMTDB00649,COC1CC(OC2C(C)OC(OC3CCC4(C)C5CCC6(C)C(CC(OC7OC(COC8OC(CO)C(O)C(O)C8OC8OC(CO)C(O)C(O)C8O)C(O)C(O)C7O)C6C(C)=O)C5CC=C4C3)C(O)C2OC)OC(C)C1OC1CC(OC)C(OC(=O)C=C(C)C)C(C)O1,sweet; not bitter,"sweet[1](1) Sun, G., Dai, Q., et al., 2016. New Sweet-Tasting C21-Pregnane Glycosides from Pericarps of Myriopteron extensum. Journal of Agricultural and Food Chemistry, 64 (49), 9381–9389.[2](2) Sun, G. et al., 2018. New Sweet-Tasting C21 Pregnane Glycosides from the Roots of Myriopteron extensum. J. Agric. Food Chem. 66, 7735–7739; not bitter[2](2) Sun, G. et al., 2018. New Sweet-Tasting C21 Pregnane Glycosides from the Roots of Myriopteron extensum. J. Agric. Food Chem. 66, 7735–7739",,,,,,,,,,,,
PMTDB00650,COC1CC(OC2C(C)OC(OC3CCC4(C)C5CCC6(C)C(CC(OC7OC(COC8OC(COC9OC(CO)C(O)C(O)C9O)C(O)C(O)C8O)C(O)C(O)C7O)C6C(C)=O)C5CC=C4C3)C(O)C2OC)OC(C)C1OC1CC(OC)C(OC(=O)C=C(C)C)C(C)O1,sweet,"sweet[1](1) Sun, G., Dai, Q., et al., 2016. New Sweet-Tasting C21-Pregnane Glycosides from Pericarps of Myriopteron extensum. Journal of Agricultural and Food Chemistry, 64 (49), 9381–9389.",,,,,,,,,,,,
PMTDB00651,COC1CC(OC2C(C)OC(OC3CCC4(C)C5CCC6(C)C(CC(OC7OC(COC8OC(COC9OC(CO)C(O)C(O)C9O)C(O)C(O)C8O)C(O)C(O)C7O)C6C(C)=O)C5CC=C4C3)C(O)C2OC)OC(C)C1OC1CC(OC)C(OC(=O)C=C(C)C)C(C)O1,sweet,"sweet[1](1) Sun, G., Dai, Q., et al., 2016. New Sweet-Tasting C21-Pregnane Glycosides from Pericarps of Myriopteron extensum. Journal of Agricultural and Food Chemistry, 64 (49), 9381–9389.",,,,,,,,,,,,
PMTDB00652,COC1CC(OC2C(C)OC(OC3CCC4(C)C5CCC6(C)C(CC(OC7OC(COC8OC(COC9OC(CO)C(O)C(O)C9O)C(O)C(O)C8OC8OC(CO)C(O)C(O)C8O)C(O)C(O)C7O)C6C(C)=O)C5CC=C4C3)C(O)C2OC)OC(C)C1OC1CC(OC)C(OC(=O)C=C(C)C)C(C)O1,sweet,"sweet[1](1) Sun, G., Dai, Q., et al., 2016. New Sweet-Tasting C21-Pregnane Glycosides from Pericarps of Myriopteron extensum. Journal of Agricultural and Food Chemistry, 64 (49), 9381–9389.",,,,,,,,,,,,
PMTDB00653,COC1CC(OC2C(C)OC(OC3CCC4(C)C5CCC6(C)C(CC(OC7OC(COC8OC(COC9OC(CO)C(O)C(O)C9O)C(O)C(O)C8OC8OC(CO)C(O)C(O)C8O)C(O)C(O)C7O)C6C(C)=O)C5CC=C4C3)C(O)C2OC)OC(C)C1OC1CC(OC)C(OC(=O)C=C(C)C)C(C)O1,sweet,"sweet[1](1) Sun, G., Dai, Q., et al., 2016. New Sweet-Tasting C21-Pregnane Glycosides from Pericarps of Myriopteron extensum. Journal of Agricultural and Food Chemistry, 64 (49), 9381–9389.",,,,,,,,,,,,
PMTDB00654,COC1CC(OC2C(O)CC(OC3C(C)OC(OC4CCC5(C)C6CCC7(C)C(CC(OC8OC(COC9OC(COC%10OC(CO)C(O)C(O)C%10O)C(O)C(O)C9OC9OC(CO)C(O)C(O)C9O)C(O)C(O)C8O)C7C(C)=O)C6CC=C5C4)C(O)C3OC)OC2C)OC(C)C1OC(=O)C=C(C)C,sweet,"sweet[1](1) Sun, G., Dai, Q., et al., 2016. New Sweet-Tasting C21-Pregnane Glycosides from Pericarps of Myriopteron extensum. Journal of Agricultural and Food Chemistry, 64 (49), 9381–9389.",,,,,,,,,,,,
PMTDB00655,COC1CC(OC2C(O)CC(OC3C(C)OC(OC4CCC5(C)C6CCC7(C)C(CC(OC8OC(COC9OC(COC%10OC(CO)C(O)C(O)C%10O)C(O)C(O)C9OC9OC(CO)C(O)C(O)C9O)C(O)C(O)C8O)C7C(C)=O)C6CC=C5C4)C(O)C3OC)OC2C)OC(C)C1OC(=O)C=C(C)C,sweet,"sweet[1](1) Sun, G., Dai, Q., et al., 2016. New Sweet-Tasting C21-Pregnane Glycosides from Pericarps of Myriopteron extensum. Journal of Agricultural and Food Chemistry, 64 (49), 9381–9389.",,,,,,,,,,,,
PMTDB00656,COC1CC(OC2C(C)OC(OC3CCC4(C)C5CCC6(C)C(CC(OC7OC(COC8OC(COC9OC(CO)C(O)C(O)C9O)C(O)C(O)C8OC8OC(CO)C(O)C(O)C8O)C(O)C(O)C7O)C6C(C)=O)C5CC=C4C3)C(O)C2OC)OC(C)C1OC1CC(O)C(OC(=O)C=C(C)C)C(C)O1,sweet,"sweet[1](1) Sun, G., Dai, Q., et al., 2016. New Sweet-Tasting C21-Pregnane Glycosides from Pericarps of Myriopteron extensum. Journal of Agricultural and Food Chemistry, 64 (49), 9381–9389.",,,,,,,,,,,,
PMTDB00657,COC1CC(OC2C(C)OC(OC3CCC4(C)C5CCC6(C)C(CC(OC7OC(COC8OC(CO)C(O)C(O)C8O)C(O)C(O)C7O)C6C(C)=O)C5CC=C4C3)C(O)C2OC)OC(C)C1OC1CC(O)C(OC(=O)C=C(C)C)C(C)O1,sweet,"sweet[1](1) Sun G et al, 2018. New Sweet-Tasting C21 Pregnane Glycosides from the Roots of Myriopteron extensum. J. Agric. Food Chem. 66, 7735–7739",,,,,,,,,,,,
PMTDB00658,COC1CC(OC2C(C)OC(OC3CCC4(C)C5CCC6(C)C(CC(OC7OC(COC8OC(CO)C(O)C(O)C8OC8OC(CO)C(O)C(O)C8O)C(O)C(O)C7O)C6C(C)=O)C5CC=C4C3)C(O)C2OC)OC(C)C1OC1CC(O)C(OC(=O)C=C(C)C)C(C)O1,sweet,"sweet[1](1) Sun G et al, 2018. New Sweet-Tasting C21 Pregnane Glycosides from the Roots of Myriopteron extensum. J. Agric. Food Chem. 66, 7735–7739",,,,,,,,,,,,
PMTDB00659,COC1CC(OC2C(C)OC(OC3CCC4(C)C5CCC6(C)C(CC(OC7OC(COC8OC(CO)C(O)C(O)C8OC8OC(CO)C(O)C(O)C8O)C(O)C(O)C7O)C6C(C)=O)C5CC=C4C3)C(O)C2OC)OC(C)C1OC1CC(OC)C(OC(=O)C=C(C)C)C(C)O1,sweet,"sweet[1](1) Sun G et al, 2018. New Sweet-Tasting C21 Pregnane Glycosides from the Roots of Myriopteron extensum. J. Agric. Food Chem. 66, 7735–7739",,,,,,,,,,,,
PMTDB00660,COC1CC(OC2C(C)OC(OC3CCC4(C)C5CCC6(C)C(CC(OC7OC(COC8OC(CO)C(O)C(O)C8O)C(O)C(O)C7O)C6C(C)=O)C5CC=C4C3)C(O)C2OC)OC(C)C1OC1CC(O)C(OC(=O)C=C(C)C)C(C)O1,sweet,"sweet[1](1) Sun G et al, 2018. New Sweet-Tasting C21 Pregnane Glycosides from the Roots of Myriopteron extensum. J. Agric. Food Chem. 66, 7735–7739",,,,,,,,,,,,
PMTDB00661,COC1CC(OC2C(C)OC(OC3CCC4(C)C5CCC6(C)C(CC(OC7OC(COC8OC(CO)C(O)C(O)C8O)C(O)C(O)C7O)C6C(C)=O)C5CC=C4C3)C(O)C2OC)OC(C)C1OC1CC(O)C(OC(=O)C=C(C)C)C(C)O1,sweet,"sweet[1](1) Sun G et al, 2018. New Sweet-Tasting C21 Pregnane Glycosides from the Roots of Myriopteron extensum. J. Agric. Food Chem. 66, 7735–7739",,,,,,,,,,,,
PMTDB00662,COC1CC(OC2C(C)OC(OC3CCC4(C)C5CCC6(C)C(CC(OC7OC(COC8OC(CO)C(O)C(O)C8O)C(O)C(O)C7O)C6C(C)=O)C5CC=C4C3)C(O)C2OC)OC(C)C1OC1CC(O)C(OC(=O)C=C(C)C)C(C)O1,sweet,"sweet[1](1) Sun G et al, 2018. New Sweet-Tasting C21 Pregnane Glycosides from the Roots of Myriopteron extensum. J. Agric. Food Chem. 66, 7735–7739",,,,,,,,,,,,
PMTDB00663,COC1CC(OC2C(O)CC(OC3C(C)OC(OC4CCC5(C)C6CCC7(C)C(CC(OC8OC(COC9OC(CO)C(O)C(O)C9OC9OC(CO)C(O)C(O)C9O)C(O)C(O)C8O)C7C(C)=O)C6CC=C5C4)C(O)C3OC)OC2C)OC(C)C1OC(=O)C=C(C)C,sweet,"sweet[1](1) Sun G et al, 2018. New Sweet-Tasting C21 Pregnane Glycosides from the Roots of Myriopteron extensum. J. Agric. Food Chem. 66, 7735–7739",,,,,,,,,,,,
PMTDB00664,CN1CCC2=CC3=C(C=C2C(=O)CC4=CC(=C(C=C4C1)OC)OC)OCO3,bitter,"bitter[1](1) Redemann, C.E. et al, 1949. Characterization of certain alkaloids from Fagara coco. J. Am. Chem. Soc. 71, 1030–1034.",,,,,,,,,,,,
PMTDB00665,CCCCCCCC=CC(C#CC#CC(C=C)O)O,bitter,"bitter[1](1) Kreutzmann S, Christensen LP, Edelenbos M, 2008. Investigation of bitterness in carrots (Daucus carota L.) based on quantitative chemical and sensory analyses. LWT - Food Sci Technol 41: 193–205[2](2) Schmiech, L. et al, 2008. Reinvestigation of the bitter compounds in carrots (Daucus carota L.) by using a molecular sensory science approach. J. Agric. Food Chem. 56, 10252–10260[3](3) Meyerhof W et al, 2010. The molecular receptive ranges of human TAS2R bitter taste receptors. Chem Senses 35: 157–170[4](4) Lossow, K. et al, 2016. Comprehensive Analysis of Mouse Bitter Taste Receptors Reveals Different Molecular Receptive Ranges for Orthologous Receptors in Mice and Humans. J. Biol. Chem. 291, 15358–15377[5](5) Behrens, M., Meyerhof, W., 2017. The vertebrate gustatory system, in: Guichard, E., Salles, C., Morzel, M., Le Bon, A.-M. (Eds.), Flavour From Food to Perception. John Wiley & Sons, Ltd, Chichester, West Sussex Hoboken, NJ, pp. 57–78.[6](6) Czepa, A., Hofmann, T., 2003. Structural and sensory characterization of compounds contributing to the bitter off-taste of carrots (Daucus carota L.) and carrot puree. J. Agric. Food Chem. 51, 3865–3873[7](7) Czepa, A., Hofmann, T., 2004. Quantitative studies and sensory analyses on the influence of cultivar, spatial tissue distribution, and industrial processing on the bitter off-taste of carrots (Daucus carota L.) and carrot products. J. Agric. Food Chem. 52, 4508–4514[8](8) Wiener A et al, 2012. BitterDB: a database of bitter compounds. Nucleic Acids Res 2012, 40 (Database issue): D413-419",,,,,,,,,,,,
PMTDB00666,CCCCCCCC=CC(C#CC#CC(C=C)OC(=O)C)O,bitter; pungent (burning),"bitter[1](1) Czepa, A., Hofmann, T., 2003. Structural and sensory characterization of compounds contributing to the bitter off-taste of carrots (Daucus carota L.) and carrot puree. J. Agric. Food Chem. 51, 3865–3873[2](2) Czepa, A., Hofmann, T., 2004. Quantitative studies and sensory analyses on the influence of cultivar, spatial tissue distribution, and industrial processing on the bitter off-taste of carrots (Daucus carota L.) and carrot products. J. Agric. Food Chem. 52, 4508–4514[3](3) Schmiech, L. et al, 2008. Reinvestigation of the bitter compounds in carrots (Daucus carota L.) by using a molecular sensory science approach. J. Agric. Food Chem. 56, 10252–10260[4](4) Kreutzmann S, Christensen LP, Edelenbos M, 2008. Investigation of bitterness in carrots (Daucus carota L.) based on quantitative chemical and sensory analyses. LWT - Food Sci Technol 41: 193–205[5](5) Wiener A et al, 2012. BitterDB: a database of bitter compounds. Nucleic Acids Res 2012, 40 (Database issue): D413-419; pungent (burning)[1](1) Czepa, A., Hofmann, T., 2003. Structural and sensory characterization of compounds contributing to the bitter off-taste of carrots (Daucus carota L.) and carrot puree. J. Agric. Food Chem. 51, 3865–3873",,,,,,,,,,,,
PMTDB00667,CCCCCCCC=CC(C#CC#CC(C=C)OC(=O)C)O,bitter; pungent (burning),"bitter[1](1) Czepa, A., Hofmann, T., 2003. Structural and sensory characterization of compounds contributing to the bitter off-taste of carrots (Daucus carota L.) and carrot puree. J. Agric. Food Chem. 51, 3865–3873[2](2) Czepa, A., Hofmann, T., 2004. Quantitative studies and sensory analyses on the influence of cultivar, spatial tissue distribution, and industrial processing on the bitter off-taste of carrots (Daucus carota L.) and carrot products. J. Agric. Food Chem. 52, 4508–4514[3](3) Schmiech, L. et al, 2008. Reinvestigation of the bitter compounds in carrots (Daucus carota L.) by using a molecular sensory science approach. J. Agric. Food Chem. 56, 10252–10260[4](4) Kreutzmann S, Christensen LP, Edelenbos M, 2008. Investigation of bitterness in carrots (Daucus carota L.) based on quantitative chemical and sensory analyses. LWT - Food Sci Technol 41: 193–205[5](5) Wiener A et al, 2012. BitterDB: a database of bitter compounds. Nucleic Acids Res 2012, 40 (Database issue): D413-419; pungent (burning)[1](1) Czepa, A., Hofmann, T., 2003. Structural and sensory characterization of compounds contributing to the bitter off-taste of carrots (Daucus carota L.) and carrot puree. J. Agric. Food Chem. 51, 3865–3873",,,,,,,,,,,,
PMTDB00668,CCCCCCCC=CCC#CC#CC(C=C)O,bitter,"bitter[1](1) Schmiech, L. et al, 2008. Reinvestigation of the bitter compounds in carrots (Daucus carota L.) by using a molecular sensory science approach. J. Agric. Food Chem. 56, 10252–10260[2](2) Czepa, A., Hofmann, T., 2003. Structural and sensory characterization of compounds contributing to the bitter off-taste of carrots (Daucus carota L.) and carrot puree. J. Agric. Food Chem. 51, 3865–3873[3](3) Czepa, A., Hofmann, T., 2004. Quantitative studies and sensory analyses on the influence of cultivar, spatial tissue distribution, and industrial processing on the bitter off-taste of carrots (Daucus carota L.) and carrot products. J. Agric. Food Chem. 52, 4508–4514[4](4) Kreutzmann S, Christensen LP, Edelenbos M, 2008. Investigation of bitterness in carrots (Daucus carota L.) based on quantitative chemical and sensory analyses. LWT - Food Sci Technol 41: 193–205[5](5) Wiener A et al, 2012. BitterDB: a database of bitter compounds. Nucleic Acids Res 2012, 40 (Database issue): D413-419",,,,,,,,,,,,
PMTDB00669,CC1(C2CCC(C2)(C1=O)C)C,bitter; pungent; pungent (aromatic),"bitter[1](1) Piccaglia, R., Marotti, M., 1993. Characterization of several aromatic plants grown in northern Italy. Flavour Fragr. J. 8, 115–122[2](2) Arctander, S., 1969. Perfume and Flavor Chemicals (Aroma Chemicals) Vol.1. Allured Publishing Corporation[3](3) Shelef LA, Herbs of the Umbelliferae, in: Caballero B, Trugo LC, Finglas PM, 2003. Encyclopedia of food sciences and nutrition, 2nd ed. Academic Press, pag.2090-3098[4](4) Burdock GA, 2010. Fenaroli’s Handbook of Flavor Ingredients, Sixth. CRC Press, Taylor and Francis Group, Boca Raton London New York[5](5) Wiener A et al, 2012. BitterDB: a database of bitter compounds. Nucleic Acids Res 2012, 40 (Database issue): D413-419; pungent[2](2) Arctander, S., 1969. Perfume and Flavor Chemicals (Aroma Chemicals) Vol.1. Allured Publishing Corporation; pungent (aromatic)[3](3) Shelef LA, Herbs of the Umbelliferae, in: Caballero B, Trugo LC, Finglas PM, 2003. Encyclopedia of food sciences and nutrition, 2nd ed. Academic Press, pag.2090-3098",,,,,,,,,,,,
PMTDB00670,COC1=C(C=CC(=C1)C=CC(=O)O)O,bitter; astringent; sour;,"bitter[1](1) Duizer, L.M., Langfried, A., 2016. Sensory characterization during repeated ingestion of small-molecular-weight phenolic acids. J. Sci. Food Agric. 96, 513–521; astringent[1](1) Duizer, L.M., Langfried, A., 2016. Sensory characterization during repeated ingestion of small-molecular-weight phenolic acids. J. Sci. Food Agric. 96, 513–521[2](2) Hufnagel JC, Hofmann T, 2008. Orosensory-directed identification of astringent mouthfeel and bitter-tasting compounds in red wine. J Agric Food Chem 56: 1376–1386; sour[1](1) Duizer, L.M., Langfried, A., 2016. Sensory characterization during repeated ingestion of small-molecular-weight phenolic acids. J. Sci. Food Agric. 96, 513–521[3](3) Huang CJ, Zayas JF, 1991. Phenolic Acid Contributions to Taste Characteristics of Corn Germ Protein Flour Products. J Food Sci 56: 1308–1310;",,,,,,,,,,,,
PMTDB00671,C1=CC(=C(C=C1C2=C(C(=O)C3=C(O2)C=C(C=C3)O)O)O)O,bitter,"bitter[1](1) Roland WSU et al, 2013. Bitter Taste Receptor Activation by Flavonoids and Isoflavonoids: Modeled Structural Requirements for Activation of hTAS2R14 and hTAS2R39. J Agric Food Chem 61: 10454–10466[2](2) Wiener A et al, 2012. BitterDB: a database of bitter compounds. Nucleic Acids Res 2012, 40 (Database issue): D413-419",,,,,,,,,,,,
PMTDB00672,C1C(OC2=CC=CC=C2C1=O)C3=CC=CC=C3,bitter,"bitter[1](1) Behrens, M., Meyerhof, W., 2017. The vertebrate gustatory system, in: Guichard, E., Salles, C., Morzel, M., Le Bon, A.-M. (Eds.), Flavour From Food to Perception. John Wiley & Sons, Ltd, Chichester, West Sussex Hoboken, NJ, pp. 57–78.[2](2) Wiener A et al, 2012. BitterDB: a database of bitter compounds. Nucleic Acids Res 2012, 40 (Database issue): D413-419",,,,,,,,,,,,
PMTDB00673,C1=CC=C(C=C1)C2=C(C(=O)C3=CC=CC=C3O2)O,Bitter (insufficient evidence),"Bitter (insufficient evidence)[1](1) Roland WSU et al, 2013. Bitter Taste Receptor Activation by Flavonoids and Isoflavonoids: Modeled Structural Requirements for Activation of hTAS2R14 and hTAS2R39. J Agric Food Chem 61: 10454–10466",,,,,,,,,,,,
PMTDB00674,CC(=CCO)CCC=C(C)C(=O)OC1CC2C(C(OC=C2C(=O)O1)OC3C(C(C(C(O3)CO)O)O)O)C=C,bitter,"bitter[1](1) Chialva F, Dada G, 1990. Bitterness in alcoholic beverages. In: Rouseff RL (ed) Bitternes in foods and beverages. Developments in Food Science vol. 25. Elsevier Science Publishers B.V., pp 103–122[2](2) Wagner H, Bladt S (1996) Bitter Drugs. In: Plant Drug Anal. Springer Berlin Heidelberg, Berlin, Heidelberg, pp 73–97[3](3) Teuscher, E., 1978. Bitterstoffe, in: Pharmazeutische Biologie. Springer, pp. 276–284",,,,,,,,,,,,
PMTDB00675,C1=CC(=CC=C1C(=O)NC(CCC(=O)O)C(=O)O)NCC2=CN=C3C(=N2)C(=O)NC(=N3)N,sweet (insufficient evidence),"sweet (insufficient evidence)[1](1) Hedin PA et al, 1968. Constituents of cotton bud. Formulation of boll weevil feeding stimulant mixtures. J Agric Food Chem 16, 505–513.",,,,,,,,,,,,
PMTDB00676,C(=O)O,sour; pungent,"sour[1](1) Taylor, N.W., 1928. Acid penetration into living tissues. J. Gen. Physiol. 11, 207–219[2](2) Amerine, M.A., Pangborn, R.M., Roessler, E.B., 1965. CHAPTER 2 - The Sense of Taste, in: Amerine, M.A., Pangborn, R.M., Roessler, E.B. (Eds.), Principles of Sensory Evaluation of Food. Academic Press, pp. 28–144. doi: https://doi.org/10.1016/B978-1-4832-0018-7.50006-4[3](3) Hedin, P.A. et al, 1968. Constituents of cotton bud. Formulation of boll weevil feeding stimulant mixtures. J Agric Food Chem 16: 505–513; pungent[4](4) Wang, Y.Y. et al, 2011. A TRPA1-dependent mechanism for the pungent sensation of weak acids. J. Gen. Physiol. 137, 493–505",,,,,,,,,,,,
PMTDB00677,COC1=CC=C(C=C1)C2=COC3=C(C2=O)C=CC(=C3)O,bitter,"bitter[1](1) Roland, W.S.U.et al, 2011. Soy Isoflavones and Other Isoflavonoids Activate the Human Bitter Taste Receptors hTAS2R14 and hTAS2R39. J. Agric. Food Chem. 59, 11764–11771[2](2) Roland WSU et al, 2013. Bitter Taste Receptor Activation by Flavonoids and Isoflavonoids: Modeled Structural Requirements for Activation of hTAS2R14 and hTAS2R39. J Agric Food Chem 61: 10454–10466[3](3) Behrens, M., Meyerhof, W., 2017. The vertebrate gustatory system, in: Guichard, E., Salles, C., Morzel, M., Le Bon, A.-M. (Eds.), Flavour From Food to Perception. John Wiley & Sons, Ltd, Chichester, West Sussex Hoboken, NJ, pp. 57–78.",,,,,,,,,,,,
PMTDB00678,COC1=C(C(=C2C(=C1)C=CC(=O)O2)O)O,"Bitter (contradictory evidence): bitter, non bitter; sour;_qwyx Note: fraxetin is also the intestinal metabolite and aglycon of fraxin (fraxetin-8-O-glucoside), which is bitter","Bitter (contradictory evidence): bitter[1](1) Moraal LG, Goedhart PW, 1999. Differences in palatability of Fraxinus excelsior L., for the vole, Microtus arvalis ,and the scale, Pseudochermes fraxini L. In: Lieutier F, Mattson WJ, Wagner MR (eds) Physiol. Genet. Tree-Phytophage Interact. Int. Symp. lnstitut National de la Recherche Agronornique (INRA) International Union of Forestry Research Organizations (IUFRO), Gujan (France), pp 111–121[2](2) Youngken HW (1921) A Text Book of Pharmacognosy. P. Blakiston’s Son & Company, non bitter[3](3) Sohn CE, 1894. Dictionary of the active principles of plants : alkaloids, bitter principles, glucosides, their sources, nature, and chemical characteristics, with tabular summary, classification of reactions, and full botanical and general indexes. Baillière, Tindall and Cox, London[4](4) Winstel, D. et al, A., 2020. Role of Oak Coumarins in the Taste of Wines and Spirits: Identification, Quantitation, and Sensory Contribution through Perceptive Interactions. J. Agric. Food Chem. 68, 7434–7443; sour[4](4) Winstel, D. et al, A., 2020. Role of Oak Coumarins in the Taste of Wines and Spirits: Identification, Quantitation, and Sensory Contribution through Perceptive Interactions. J. Agric. Food Chem. 68, 7434–7443;_qwyx Note: fraxetin is also the intestinal metabolite and aglycon of fraxin (fraxetin-8-O-glucoside), which is bitter",,,,,,,,,,,,
PMTDB00679,COC1=C(C(=C2C(=C1)C=CC(=O)O2)O)OC,bitter (insufficient evidence),"bitter (insufficient evidence)[1](1) Moraal LG, Goedhart PW, 1999. Differences in palatability of Fraxinus excelsior L., for the vole, Microtus arvalis ,and the scale, Pseudochermes fraxini L. In: Lieutier F, Mattson WJ, Wagner MR (eds) Physiol. Genet. Tree-Phytophage Interact. Int. Symp. lnstitut National de la Recherche Agronornique (INRA) International Union of Forestry Research Organizations (IUFRO), Gujan (France), pp 111–121",,,,,,,,,,,,
PMTDB00680,COC1=C(C(=C2C(=C1)C=CC(=O)O2)OC3C(C(C(C(O3)CO)O)O)O)O,bitter,"bitter[1](1) Wiener A et al, 2012. BitterDB: a database of bitter compounds. Nucleic Acids Res 2012, 40 (Database issue): D413-419[2](2) Sohn CE, 1894. Dictionary of the active principles of plants : alkaloids, bitter principles, glucosides, their sources, nature, and chemical characteristics, with tabular summary, classification of reactions, and full botanical and general indexes. Baillière, Tindall and Cox, London[3](3) Moraal LG, Goedhart PW, 1999. Differences in palatability of Fraxinus excelsior L., for the vole, Microtus arvalis,and the scale, Pseudochermes fraxini L. In: Lieutier F, Mattson WJ, Wagner MR (eds) Physiol. Genet. Tree-Phytophage Interact. Int. Symp. lnstitut National de la Recherche Agronornique (INRA) International Union of Forestry Research Organizations (IUFRO), Gujan (France), pp 111–121",,,,,,,,,,,,
PMTDB00681,COC1=C(C(=C2C=CC(=O)OC2=C1)OC)O,bitter (insufficient evidence),"bitter (insufficient evidence)[1](1) Moraal LG, Goedhart PW, 1999. Differences in palatability of Fraxinus excelsior L., for the vole, Microtus arvalis ,and the scale, Pseudochermes fraxini L. In: Lieutier F, Mattson WJ, Wagner MR (eds) Physiol. Genet. Tree-Phytophage Interact. Int. Symp. lnstitut National de la Recherche Agronornique (INRA) International Union of Forestry Research Organizations (IUFRO), Gujan (France), pp 111–121",,,,,,,,,,,,
PMTDB00682,C(=CC(=O)O)C(=O)O,sour; astringent,"sour[1](1) Taylor, N.W., 1928. Acid penetration into living tissues. J. Gen. Physiol. 11, 207–219[2](2) Moskowitz, H.R., 1971. Ratio scales of acid sourness. Percept. Psychophys. 9, 371–374[3](3) Polya G, 2003. Biochemical Targets of Plant Bioactive Compounds: A Pharmacological Reference Guide to Sites of Action and Biological Effects. CRC Press[4](4) Neta ERDC et al, 2007. The Chemistry and Physiology of Sour Taste—A Review. J Food Sci 72: R33-8.[5](5) Izawa, K. et al, 2010. 4.16 - Human–Environment Interactions – Taste, in: Liu, H.-W. (Ben), Mander, L.B.T.-C.N.P.I.I. (Eds.), . Elsevier, Oxford, pp. 631–671[6](6) Wishart D, Arndt D, Pon A, et al, 2015. T3DB: the toxic exposome database. Nucleic Acids Res 43: D928-34[7](7) Norris, M.B.et al, 1984. Human saliva and taste responses to acids varying in anions, titratable acidity, and pH. Physiol. Behav. 32, 237–244[8](8) Noble, A.N.N.C., Philbrick, K.C., Boulton, R.B., 1986. Comparison Of Sourness Of Organic Acid Anions At Equal pH And Equal Titratable Acidity. J. Sens. Stud. 1, 1–8[9](9) Li, H., Liu, F., 2015. The chemistry of sour taste and the strategy to reduce the sour taste of beer. Food Chem. 185, 200–204[10](10) Rubico, S.M., McDaniel, M.R., 1992. Sensory evaluation of acids by free-choice profiling. Chem. Senses 17, 273–289; astringent[10](10) Rubico, S.M., McDaniel, M.R., 1992. Sensory evaluation of acids by free-choice profiling. Chem. Senses 17, 273–289",,,,,,,,,,,,
PMTDB00683,C1=CC(=C(C=C1C2C(C(=O)C3=C(O2)C=C(C=C3)O)O)O)O,bitter,"bitter[1](1) Roland WSU et al, 2013. Bitter Taste Receptor Activation by Flavonoids and Isoflavonoids: Modeled Structural Requirements for Activation of hTAS2R14 and hTAS2R39. J Agric Food Chem 61: 10454–10466[2](2) Behrens, M., Meyerhof, W., 2017. The vertebrate gustatory system, in: Guichard, E., Salles, C., Morzel, M., Le Bon, A.-M. (Eds.), Flavour From Food to Perception. John Wiley & Sons, Ltd, Chichester, West Sussex Hoboken, NJ, pp. 57–78.[3](3) Wiener A et al, 2012. BitterDB: a database of bitter compounds. Nucleic Acids Res 2012, 40 (Database issue): D413-419",,,,,,,,,,,,
PMTDB00684,CC1CC2C(CC=C1C(CC(C)OC(=O)C)O)C(=C)C(=O)O2,bitter,"bitter[1](1) De Villiers, J.P., 1961. 389. The isolation and structure of gafrinin, a sesquiterpenoid lactone from Geigeria africana. J. Chem. Soc. 2049–2052[2](2) Hegnauer, R., Hegnauer, M., 1966. Chemotaxonomie der pflanzen: dicotyledoneae: daphniphyllaceae-lythraceae. Birkhäuser Basel",,,,,,,,,,,,
PMTDB00685,C(C1C(C(C(C(O1)O)O)O)O)O,sweet,"sweet[1](1) Lee C-K, Birch GG, 1975. Structural functions of taste in the sugar series: Binding characteristics of disaccharides. J Sci Food Agric 26: 1513–1521[2](2) Li, X. et al, 2002. Human receptors for sweet and umami taste. Proc. Natl. Acad. Sci. U. S. A. 99, 4692–4696[3](3) Cheron JB et al, 2017. Sweetness prediction of natural compounds. Food Chem 221: 1421–1425[4](4) Ahmed J et al, 2011. SuperSweet—a resource on natural and artificial sweetening agents. Nucleic Acids Res 39: D377–D382[5](5) Amerine, M.A., Pangborn, R.M., Roessler, E.B., 1965. CHAPTER 2 - The Sense of Taste, in: Amerine, M.A., Pangborn, R.M., Roessler, E.B. (Eds.), Principles of Sensory Evaluation of Food. Academic Press, pp. 28–144. doi: https://doi.org/10.1016/B978-1-4832-0018-7.50006-4[6](6) Belitz, H.-D., Grosch, W., Schieberle, P. (Eds.), 2009. Carbohydrates BT - Food Chemistry. Springer Berlin Heidelberg, Berlin, Heidelberg, pp. 248–339. doi: 10.1007/978-3-540-69934-7_5[7](7) Cameron, A. T. 1947. The taste sense and the relative sweetness of sugars and other sweet substances. Sugar Research Foundation Rept. No. 9, 1-72. New York[8](8) Nieman, C. 1958. Relative Sűsskraft von Zuckerarten. Zucker- u. Susswarenwirtsch. 11 (9) , 420-422, 465-467, 505-507, 632-633, 670-671, 752-753, 791-792, 840 -841, 878-879, 933-934, 974, 1051-1052, 1088-1089[9](9) Pangborn, R.M., Gee, S.C., 1961. Relative sweetness of α-and β-forms of selected sugars. Nature 191, 810–811[10](10) Richter, C.P., Campbell, K.H., 1940. Taste threshold and taste preferences of rats for five common sugars. J. Nutr. 20, 31–46[11](11) Ferguson, L.N., Lawrence, A.R., 1958. The physicochemical aspects of the sense of taste. J. Chem. Educ. 35, 436[12](12) Kearsley, M.W.et al., 1980. The production and properties of glucose syrups. III. Sweetness of glucose syrups and related carbohydrates. Starch‐Stärke 32, 244–247.[13](13) Shallenberger, R.S. et al, 1969. Sweet taste of D and L-sugars and amino-acids and the steric nature of their chemo-receptor site. Nature 221, 555–556",,,,,,,,,,,,
PMTDB00686,C1(C(C(OC(C1O)O)C(=O)O)O)O,"sour, astringent","sour[1](1) Moskowitz, H.R., 1971. Ratio scales of acid sourness. Percept. Psychophys. 9, 371–374[2](2) Hufnagel, J.C., Hofmann, T., 2008. Quantitative reconstruction of the nonvolatile sensometabolome of a red wine. J. Agric. Food Chem. 56, 9190–9199[3](3) Wollmann N, Hufnagel J-C, Hoffman T, 2013. Decoding the taste of wine using a sensomic approach. In: Ferreira V, López R (eds) Flavour Sci. Proc. from XIII Weurman Flavour Res. Symp. Elsevier Science, pp 525–532[4](4) Sáenz-Navajas, M.-P., Fernández-Zurbano, P., Ferreira, V., 2012. Contribution of Nonvolatile Composition to Wine Flavor. Food Rev. Int. 28, 389–411, astringent[2](2) Hufnagel, J.C., Hofmann, T., 2008. Quantitative reconstruction of the nonvolatile sensometabolome of a red wine. J. Agric. Food Chem. 56, 9190–9199[4](4) Sáenz-Navajas, M.-P., Fernández-Zurbano, P., Ferreira, V., 2012. Contribution of Nonvolatile Composition to Wine Flavor. Food Rev. Int. 28, 389–411",,,,,,,,,,,,
PMTDB00687,CC1(CCCC2(C1CCC3(C2CC=C(CC3O)C=O)C=O)C)C,pungent,"pungent[1](1) Abe, Masako, et al., 2002. ""Labdane-type diterpene dialdehyde, pungent principle of myoga, Zingiber mioga Roscoe."" Bioscience, biotechnology, and biochemistry 66.12 (2002): 2698-2700.",,,,,,,,,,,,
PMTDB00688,CC1(CCCC2(C1CCC3(C2CC=C(CC3O)C=O)C=O)C)C,pungent,"pungent[1](1) Abe, Masako, et al., 2002. ""Labdane-type diterpene dialdehyde, pungent principle of myoga, Zingiber mioga Roscoe."" Bioscience, biotechnology, and biochemistry 66.12 (2002): 2698-2700.",,,,,,,,,,,,
PMTDB00689,CC(=CCN=C(N)N)C,bitter,"bitter[1](1) Wiener A et al, 2012. BitterDB: a database of bitter compounds. Nucleic Acids Res 2012, 40 (Database issue): D413-419[2](2) Smith, A. et al, 2001. The Merck Index, Thirteenth Edition. (CD-ROM), Merck Co., Inc., Whitehouse Station. New Jersey, USA.",,,,,,,,,,,,
PMTDB00690,C1=C(C=C(C(=C1O)O)O)C(=O)O,astringent; bitter; sour (insufficient evidence); sweet (insufficient evidence),"astringent[1](1) Robichaud, J.L., Noble, A.C., 1990. Astringency and bitterness of selected phenolics in wine. J. Sci. Food Agric. 53, 343–353[2](2) Glabasnia A, Hofmann T, 2006. Sensory-Directed Identification of Taste-Active Ellagitannins in American (Quercus alba L.) and European Oak Wood (Quercus robur L.) and Quantitative Analysis in Bourbon Whiskey and Oak-Matured Red Wines. J Agric Food Chem 54: 3380–3390[3](3) Gonzalo-Diago, A. et al, 2014. Contribution of low molecular weight phenols to bitter taste and mouthfeel properties in red wines. Food Chem. 154, 187–198[4](4) Hufnagel JC, Hofmann T, 2008. Orosensory-directed identification of astringent mouthfeel and bitter-tasting compounds in red wine. J Agric Food Chem 56: 1376–1386[5](5) Hufnagel, J.C., Hofmann, T., 2008. Quantitative reconstruction of the nonvolatile sensometabolome of a red wine. J. Agric. Food Chem. 56, 9190–9199[9](9) Peleg, H., Noble, A.C., 1995. Perceptual Properties of Benzoic Acid Derivatives. Chem. Senses 20, 393–400[10](10) Kaneko S et al, 2006. Molecular and Sensory Studies on the Umami Taste of Japanese Green Tea. J. Agric. Food Chem. 54, 2688–2694; bitter[1](1) Robichaud, J.L., Noble, A.C., 1990. Astringency and bitterness of selected phenolics in wine. J. Sci. Food Agric. 53, 343–353[6](6) Wiener A et al, 2012. BitterDB: a database of bitter compounds. Nucleic Acids Res 2012, 40 (Database issue): D413-419[7](7) Rodgers, S. et al, 2006. Characterizing bitterness: identification of key structural features and development of a classification model. J. Chem. Inf. Model. 46, 569–576[9](9) Peleg, H., Noble, A.C., 1995. Perceptual Properties of Benzoic Acid Derivatives. Chem. Senses 20, 393–400; sour (insufficient evidence)[8](8) Sanderson, G.W., Ranadive, A.S., Eisenberg, L.S., Farrell, F.J., Simons, R., Manley, C.H., Coggon, P., 1976. Contribution of polyphenolic compounds to the taste of tea, in: ACS Symp Ser Amer Chem Soc. pp. 14–46[9](9) Peleg, H., Noble, A.C., 1995. Perceptual Properties of Benzoic Acid Derivatives. Chem. Senses 20, 393–400; sweet (insufficient evidence)[8](8) Sanderson, G.W., Ranadive, A.S., Eisenberg, L.S., Farrell, F.J., Simons, R., Manley, C.H., Coggon, P., 1976. Contribution of polyphenolic compounds to the taste of tea, in: ACS Symp Ser Amer Chem Soc. pp. 14–46[9](9) Peleg, H., Noble, A.C., 1995. Perceptual Properties of Benzoic Acid Derivatives. Chem. Senses 20, 393–400",,,,,,,,,,,,
PMTDB00691,C1C(C(OC2=CC(=CC(=C21)O)O)C3=CC(=C(C(=C3)O)O)O)O,astringent,"astringent[1](1) Scharbert S et al, 2004. Identification of the Astringent Taste Compounds in Black Tea Infusions by Combining Instrumental Analysis and Human Bioresponse. J. Agric. Food Chem. 52, 3498–3508[2](2) Scharbert S, Hofmann T, 2005. Molecular definition of black tea taste by means of quantitative studies, taste reconstitution, and omission experiments. J. Agric. Food Chem. 53, 5377–5384",,,,,,,,,,,,
PMTDB00692,C1C(C(OC2=CC(=CC(=C21)O)O)C3=CC(=C(C(=C3)O)O)O)OC(=O)C4=CC(=C(C(=C4)O)O)O,astringent,"astringent[1](1) Scharbert S et al, 2004. Identification of the Astringent Taste Compounds in Black Tea Infusions by Combining Instrumental Analysis and Human Bioresponse. J. Agric. Food Chem. 52, 3498–3508[2](2) Scharbert S, Hofmann T, 2005. Molecular definition of black tea taste by means of quantitative studies, taste reconstitution, and omission experiments. J. Agric. Food Chem. 53, 5377–5384",,,,,,,,,,,,
PMTDB00693,C(CC(=O)O)CN,sour; astringent;,"sour[1](1) Belitz HD, Grosch W, Schieberle P, 2009. Food chemistry, 4th ed, Food Chemistry. Springer Berlin Heidelberg. doi: 10.1007/978-3-540-69934-7; astringent[1](1) Belitz HD, Grosch W, Schieberle P, 2009. Food chemistry, 4th ed, Food Chemistry. Springer Berlin Heidelberg. doi: 10.1007/978-3-540-69934-7;",,,,,,,,,,,,
PMTDB00694,CCCCCC=CCC=CCC=CCCCCC(=O)O,"bitter, pungent","bitter[1](1) Wieser, H. et al, 1984. Untersuchungen über den Bittergeschmack von Emulsionen höherer Fettsäuren. Zeitschrift für Leb. Und-forsch. 179, 447–449[2](2) Belitz, H.D., Grosch, W., Schieberle, P., 2009. Food chemistry, 4th ed, Food Chemistry. Springer Berlin Heidelberg. doi: 10.1007/978-3-540-69934-7[3](3) Grosch, W., Laskawy, G., 1984. Contribution of linoleic acid to the bitter taste of poppy seeds (Papaver somniferum). Zeitschrift fur Leb. Und-forsch. 178, 257–259, pungent[1](1) Wieser, H. et al, 1984. Untersuchungen über den Bittergeschmack von Emulsionen höherer Fettsäuren. Zeitschrift für Leb. Und-forsch. 179, 447–449[2](2) Belitz, H.D., Grosch, W., Schieberle, P., 2009. Food chemistry, 4th ed, Food Chemistry. Springer Berlin Heidelberg. doi: 10.1007/978-3-540-69934-7",,,,,,,,,,,,
PMTDB00695,CC1=CCC(=CC1)C(C)C,bitter;,"bitter[1](1) Wishart, D.S. et al, 2009. HMDB: a knowledgebase for the human metabolome. Nucleic Acids Res. 37, D603-10[2](2) Arctander, S., 1969. Perfume and Flavor Chemicals (Aroma Chemicals) Vol.1. Allured Publishing Corporation;",,,,,,,,,,,,
PMTDB00696,CC(CC(=O)CC(C)C(=O)O)C1CC(C2(C1(CC(=O)C3=C2C(CC4C3(CCC(=O)C4(C)C)C)O)C)C)O,bitter,"bitter[1](1) Wiener A et al, 2012. BitterDB: a database of bitter compounds. Nucleic Acids Res 2012, 40 (Database issue): D413-419[2](2) Smith, A. et al, 2001. The Merck Index, Thirteenth Edition. (CD-ROM), Merck Co., Inc., Whitehouse Station. New Jersey, USA.",,,,,,,,,,,,
PMTDB00697,COC1=CC(=CC(=C1OC)OC)C2=CC(=O)C3=C(C(=C(C(=C3O2)OC)OC)OC)O,bitter (ambiguous evidence) (insufficient evidence);,"bitter (ambiguous evidence) (insufficient evidence)[1](1) Roland WSU et al, 2013. Bitter Taste Receptor Activation by Flavonoids and Isoflavonoids: Modeled Structural Requirements for Activation of hTAS2R14 and hTAS2R39. J Agric Food Chem 61: 10454–10466.;",,,,,,,,,,,,
PMTDB00698,COC(=O)C1=COC(C2C1C=CC2(CO)O)OC3C(C(C(C(O3)CO)O)O)O,bitter,"bitter[1](1) Behrens M et al, 2018. Bitter substances from plants used in traditional Chinese medicine exert biased activation of human bitter taste receptors. Chem Biol Drug Des. 91 (2): 422-433",,,,,,,,,,,,
PMTDB00699,C1=CC(=CC=C1CO)OC2C(C(C(C(O2)CO)O)O)O,bitter,"bitter[1](1) Pang X-C, Liu A-L, Du G-H, 2018. Gastrodin, in: Du G-H (Ed.), Natural Small Molecule Drugs from Plants. Springer Singapore, Singapore, pp. 259–263. doi: 10.1007/978-981-10-8022-7_43",,,,,,,,,,,,
PMTDB00700,CC(=CCO)CCC1=C(CC(C2C1(CCCC2(C)CO)C)OC3C(C(C(CO3)O)O)O)C=O,sweet; bitter,"sweet[1](1) Fullas, Fekadu, et al., 1991. Gaudichaudiosides A–E, five novel diterpene glycoside constituents from the sweet-tasting plant, Baccharis gaudichaudiana. Tetrahedron 47.40 (1991): 8515-8522.; bitter[1](1) Fullas, Fekadu, et al., 1991. Gaudichaudiosides A–E, five novel diterpene glycoside constituents from the sweet-tasting plant, Baccharis gaudichaudiana. Tetrahedron 47.40 (1991): 8515-8522.",,,,,,,,,,,,
PMTDB00701,C\C(CCC1=C(CO)CC(OC2OCC(O)C(O)C2O)C2C(C)(CO)CCCC12C)=C/CO,sweet; bitter,"sweet[1](1) Fullas, Fekadu, et al., 1991. Gaudichaudiosides A–E, five novel diterpene glycoside constituents from the sweet-tasting plant, Baccharis gaudichaudiana. Tetrahedron 47.40 (1991): 8515-8522.; bitter[1](1) Fullas, Fekadu, et al., 1991. Gaudichaudiosides A–E, five novel diterpene glycoside constituents from the sweet-tasting plant, Baccharis gaudichaudiana. Tetrahedron 47.40 (1991): 8515-8522.",,,,,,,,,,,,
PMTDB00702,C\C(CCC1=C(CO)CC(OC2OCC(O)C(O)C2O)C2C(C)(CO)CC(O)CC12C)=C/CO,neutral taste,"neutral taste[1](1) Fullas, Fekadu, et al., 1991. Gaudichaudiosides A–E, five novel diterpene glycoside constituents from the sweet-tasting plant, Baccharis gaudichaudiana. Tetrahedron 47.40 (1991): 8515-8522.",,,,,,,,,,,,
PMTDB00703,C\C(CCC1C(C)(O)CC(OC2OCC(O)C(O)C2O)C2C(C)(CO)CCCC12C)=C/CO,bitter,"bitter[1](1) Fullas, Fekadu, et al., 1991. Gaudichaudiosides A–E, five novel diterpene glycoside constituents from the sweet-tasting plant, Baccharis gaudichaudiana. Tetrahedron 47.40 (1991): 8515-8522.",,,,,,,,,,,,
PMTDB00704,C\C(CCC1C(C)(O)CC(OC2OCC(O)C(O)C2O)C2C(C)(C)CC(O)CC12C)=C/CO,sweet; bitter,"sweet[1](1) Fullas, Fekadu, et al., 1991. Gaudichaudiosides A–E, five novel diterpene glycoside constituents from the sweet-tasting plant, Baccharis gaudichaudiana. Tetrahedron 47.40 (1991): 8515-8522.; bitter[1](1) Fullas, Fekadu, et al., 1991. Gaudichaudiosides A–E, five novel diterpene glycoside constituents from the sweet-tasting plant, Baccharis gaudichaudiana. Tetrahedron 47.40 (1991): 8515-8522.",,,,,,,,,,,,
PMTDB00705,CC(=O)\C=C\C1=C(CC\C(C)=C\CO)C2(C)CCCC(C)(CO)C2C(C1)OC1OCC(O)C(O)C1O,bitter,"bitter[1](1) Fullas, Fekadu, et al., 1992. A bitter-tasting trihomolabdane arabinoside from Baccharis gaudichaudiana. Phytochemistry 31.7 (1992): 2543-2545.",,,,,,,,,,,,
PMTDB00706,COC1=CC(=C(C=C1C=O)OC)OC,bitter,"bitter[1](1) Wiener A et al, 2012. BitterDB: a database of bitter compounds. Nucleic Acids Res 2012, 40 (Database issue): D413-419[2](2) Starkovsky NA, 1962. A New Constituent of Daucus carota L.: 2,4,5-Trimethoxybenzaldehyde. J. Org. Chem. 1962, 27, 10, 3733–3734",,,,,,,,,,,,
PMTDB00707,CC1CC2C(C(C(=O)O2)C)C(C3=C(C(=O)CC13)C)O,bitter,"bitter[1](1) Rimington, C., Roets, G.C.S., 1936. Chemical studies upon the vermeerbos, Geigeria aspera Harv. I. Isolation of a bitter principle"" geigerin”. Onderstepoort Journal of Veterinary Science and Animal Industry, 7: 485-506[2](2) Hegnauer, R., Hegnauer, M., 1966. Chemotaxonomie der pflanzen: dicotyledoneae: daphniphyllaceae-lythraceae. Birkhäuser Basel",,,,,,,,,,,,
PMTDB00708,CC(=O)OCC1C(C(C(C(O1)OC2C(C3(CCOC(=O)C3=CO2)O)C=C)OC(=O)C)OC(=O)C)OC(=O)C4=C(C(=CC=C4)OC5C(C(C(C(O5)CO)O)O)O)O,bitter,"bitter[1](1) Caliş I, Rüegger H, et al, 1990. Secoiridoid Glucosides Isolated from Gentiana gelida. Planta Med. 1990;56 (4): 406-409",,,,,,,,,,,,
PMTDB00709,CN1CC2(C3CC4C5(C2C1C3CO4)C6=CC=CC=C6NC5=O)C=C,bitter,"bitter[1](1) Sohn CE, 1894. Dictionary of the active principles of plants : alkaloids, bitter principles, glucosides, their sources, nature, and chemical characteristics, with tabular summary, classification of reactions, and full botanical and general indexes. Baillière, Tindall and Cox, London[2](2) Sutton F, Wanklyn JA, Chapman ET, 1876. Reviews of books, &c. Analyst, 9[3](3) Wormley, G, 1882. Is Gelsemic Acid Identical with AEsculin? American Journal of Pharmacy.",,,,,,,,,,,,
PMTDB00710,C1=CC(=CC=C1C2=COC3=CC(=CC(=C3C2=O)O)O)O,bitter; astringent;,"bitter[1](1) Roland, W.S.U. et al, 2011. Soy Isoflavones and Other Isoflavonoids Activate the Human Bitter Taste Receptors hTAS2R14 and hTAS2R39. J. Agric. Food Chem. 59, 11764–11771[2](2) Lossow K et al, 2016. Comprehensive Analysis of Mouse Bitter Taste Receptors Reveals Different Molecular Receptive Ranges for Orthologous Receptors in Mice and Humans. J Biol Chem;291 (29): 15358-77.[3](3) Wiener A et al, 2012. BitterDB: a database of bitter compounds. Nucleic Acids Res 2012, 40 (Database issue): D413-419[4](4) Hamdard, E. et al., 2019. Responsiveness expressions of bitter taste receptors against denatonium benzoate and genistein in the heart, spleen, lung, kidney, and bursa Fabricius of Chinese fast yellow chicken. Animals 9, 532.[5](5) Okubo, K. et al, 1992. Components Responsible for the Undesirable Taste of Soybean Seeds. Biosci. Biotechnol. Biochem. 56, 99–103; astringent[5](5) Okubo, K. et al, 1992. Components Responsible for the Undesirable Taste of Soybean Seeds. Biosci. Biotechnol. Biochem. 56, 99–103[6](6) Carrão-Panizzi, M.C. et al, 1999. Effects of isoflavones on beany flavor and astringency of soymilk and cooked whole soybean grains. Pesqui. Agropecuária Bras. 34, 1044–1052;",,,,,,,,,,,,
PMTDB00711,C1=CC(=CC=C1C2=COC3=C(C2=O)C(=CC(=C3C4C(C(C(C(O4)CO)O)O)O)O)O)O,bitter; sweet;,"bitter[1](1) Kinfe, H.H. et al., 2015. The major phenolic compound of the roots and leaves of Rafnia amplexicaulis (Fabaceae), a liquorice substitute and traditional tea used in Cape Herbal Medicine. South African J. Bot. 100, 75–79; sweet[1](1) Kinfe, H.H. et al., 2015. The major phenolic compound of the roots and leaves of Rafnia amplexicaulis (Fabaceae), a liquorice substitute and traditional tea used in Cape Herbal Medicine. South African J. Bot. 100, 75–79;",,,,,,,,,,,,
PMTDB00712,C1=CC(=CC=C1C2=COC3=CC(=CC(=C3C2=O)O)OC4C(C(C(C(O4)CO)O)O)O)O,bitter; astringent; sweet,"bitter[1](1) Wiener A et al, 2012. BitterDB: a database of bitter compounds. Nucleic Acids Res 2012, 40 (Database issue): D413-419[2](2) Drewnowski A, Gomez-Carneros C (2000). Bitter taste, phytonutrients, and the consumer: a review. Am J Clin Nutr 72 (6): 1424-35[3](3) Belitz H, Wieser H, 1985. Bitter compounds: Occurrence and structure‐activity relationships. Food Rev Int 1: 271–354.[4](4) Chang, S.S. et al., 1990. Isolation and identification of bitter compounds in defatted soybean flour, in: Rouseff, R.L. (Ed.), Bitternes in Foods and Beverages. Developments in Food Science Vol. 25. Elsevier Science Publishers B.V., Amsterdam, pp. 267–274.[5](5) Roland, W.S.U. et al, 2011. Soy Isoflavones and Other Isoflavonoids Activate the Human Bitter Taste Receptors hTAS2R14 and hTAS2R39. J. Agric. Food Chem. 59, 11764–11771; astringent[3](3) Belitz H, Wieser H, 1985. Bitter compounds: Occurrence and structure‐activity relationships. Food Rev Int 1: 271–354.[6](6) Okubo, K. et al, 1992. Components Responsible for the Undesirable Taste of Soybean Seeds. Biosci. Biotechnol. Biochem. 56, 99–103; sweet[6](6) Okubo, K. et al, 1992. Components Responsible for the Undesirable Taste of Soybean Seeds. Biosci. Biotechnol. Biochem. 56, 99–103",,,,,,,,,,,,
PMTDB00713,COC1=CC(=C2C(=C1)OC(=CC2=O)C3=CC=C(C=C3)O)O,bitter,"bitter[1](1) Roland WSU et al, 2013. Bitter Taste Receptor Activation by Flavonoids and Isoflavonoids: Modeled Structural Requirements for Activation of hTAS2R14 and hTAS2R39. J Agric Food Chem 61: 10454–10466[2](2) Wiener A et al, 2012. BitterDB: a database of bitter compounds. Nucleic Acids Res 2012, 40 (Database issue): D413-419[3](3) FooDB (WWW Document), n.d. URL http: //foodb.ca/",,,,,,,,,,,,
PMTDB00714,C=CC1=CN=CC2=C1CCOC2=O,bitter,"bitter[1](1) Wagner, H., Bladt, S., Zgainski, E.M., 1984. Bitter Principle Drugs, in: Plant Drug Analysis. Springer, pp. 125–143[2](2) Bassoli A, Borgonovo G, Busnelli G, 2007. Alkaloids and the Bitter Taste. In: Fattorusso E, Taglialatela-Scafati O (eds) Modern Alkaloids: Structure, Isolation, Synthesis and Biology. Wiley-VCH Verlag GmbH & Co. KGaA, Weinheim, Germany, pp 53–72[3](3) Wiener A et al, 2012. BitterDB: a database of bitter compounds. Nucleic Acids Res 2012, 40 (Database issue): D413-419[4](4) FooDB (WWW Document), n.d. URL http: //foodb.ca/",,,,,,,,,,,,
PMTDB00715,C(C1C(C(C(C(O1)OCC2C(C(C(C(O2)OC3(C(C(C(O3)CO)O)O)CO)O)O)O)O)O)O)O,bitter,"bitter[1](1) Wagner, H., Bladt, S., Zgainski, E.M., 1984. Bitter Principle Drugs, in: Plant Drug Analysis. Springer, pp. 125–143[2](2) Chialva F, Dada G, 1990. Bitterness in alcoholic beverages. In: Rouseff RL (ed) Bitternes in foods and beverages. Developments in Food Science vol. 25. Elsevier Science Publishers B.V., pp 103–122[3](3) Franz, G., Koehler, H., 1992. Bitterstoffe, in: Drogen Und Naturstoffe. Springer, pp. 219–240",,,,,,,,,,,,
PMTDB00716,C(C1C(C(C(C(O1)OCC2C(C(C(C(O2)O)O)O)O)O)O)O)O,bitter,"bitter[1](1) Quercia, V. et al, 1979. Study of bitter constituents of the gentian root by high pressure liquid chromatography, in: II International Symposium on Spices and Medicinal Plants 96. pp. 231–244[2](2) Belitz H, Wieser H, 1985. Bitter compounds: Occurrence and structure‐activity relationships. Food Rev Int 1: 271–354.[3](3) Maga JA, 1990. Compound structure versus bitter taste. In: Rouseff RL (ed) Bitternes in foods and beverages. Developments in Food Science vol. 25. Elsevier Science Publishers B.V., pp 35–48[4](4) Harborne J, Baxter H, Moss GP, 1999. Phytochemical dictionary : a handbook of bioactive compounds from plants, 2nd ed. CRC Press. Taylor & Francis[5](5) Steglich, W., Fugmann, B., Lang-Fugmann, S., 2000. Römpp encyclopedia natural products. Georg Thieme Verlag, Leverkusen, Ratingen, Munich, Germany. 784 pp[6](6) Sakurai, T. et al, 2010. The human bitter taste receptor, hTAS2R16, discriminates slight differences in the configuration of disaccharides. Biochem. Biophys. Res. Commun. 402, 595–601.[7](7) Wiener A et al, 2012. BitterDB: a database of bitter compounds. Nucleic Acids Res 2012, 40 (Database issue): D413-419",,,,,,,,,,,,
PMTDB00717,C=CC1C(OC=C2C1=CCOC2=O)OC3C(C(C(C(O3)CO)O)O)O,bitter,"bitter[1](1) Sohn CE, 1894. Dictionary of the active principles of plants : alkaloids, bitter principles, glucosides, their sources, nature, and chemical characteristics, with tabular summary, classification of reactions, and full botanical and general indexes. Baillière, Tindall and Cox, London[2](2) Hayashi, T., 1976. Studies on crude drugs originated from Gentianaceous plants. I. Determination of gentiopicroside, the bitter principle of Gentianae radix and Gentianae scabrae radix (author’s transl). Yakugaku zasshi J. Pharm. Soc. Japan 96, 356.[3](3) Belitz H, Wieser H, 1985. Bitter compounds: Occurrence and structure‐activity relationships. Food Rev Int 1: 271–354.[4](4) Chialva F, Dada G, 1990. Bitterness in alcoholic beverages. In: Rouseff RL (ed) Bitternes in foods and beverages. Developments in Food Science vol. 25. Elsevier Science Publishers B.V., pp 103–122[5](5) Steglich, W., Fugmann, B., Lang-Fugmann, S., 2000. Römpp encyclopedia natural products. Georg Thieme Verlag, Leverkusen, Ratingen, Munich, Germany. 784 pp[6](6) Olennikov, N.D. et al, 2015. Bitter Gentian Teas: Nutritional and Phytochemical Profiles, Polysaccharide Characterisation and Bioactivity. Molecules 20, 20014–20030[7](7) Behrens M et al, 2018. Bitter substances from plants used in traditional Chinese medicine exert biased activation of human bitter taste receptors. Chem Biol Drug Des. 91 (2): 422-433[8](8) Wiener A et al, 2012. BitterDB: a database of bitter compounds. Nucleic Acids Res 2012, 40 (Database issue): D413-419",,,,,,,,,,,,
PMTDB00718,C1=CC(=C(C=C1O)C(=O)O)O,sour; bitter; astringent; sweet,"sour[1](1) Peleg, H., Noble, A.C., 1995. Perceptual Properties of Benzoic Acid Derivatives. Chem. Senses 20, 393–400[2](2) Dadic, M., Belleau, G., 1973. Polyphenols and beer flavor, in: Proc. Am. Soc. Brew. Chem. pp. 107–114; bitter[1](1) Peleg, H., Noble, A.C., 1995. Perceptual Properties of Benzoic Acid Derivatives. Chem. Senses 20, 393–400[2](2) Dadic, M., Belleau, G., 1973. Polyphenols and beer flavor, in: Proc. Am. Soc. Brew. Chem. pp. 107–114; astringent[1](1) Peleg, H., Noble, A.C., 1995. Perceptual Properties of Benzoic Acid Derivatives. Chem. Senses 20, 393–400[2](2) Dadic, M., Belleau, G., 1973. Polyphenols and beer flavor, in: Proc. Am. Soc. Brew. Chem. pp. 107–114; sweet[1](1) Peleg, H., Noble, A.C., 1995. Perceptual Properties of Benzoic Acid Derivatives. Chem. Senses 20, 393–400[2](2) Dadic, M., Belleau, G., 1973. Polyphenols and beer flavor, in: Proc. Am. Soc. Brew. Chem. pp. 107–114",,,,,,,,,,,,
PMTDB00719,[H]C1(C2CO2)C(OC2OC(COC(C)=O)C(OC(=O)C3=C(O)C(OC4OC(CO)C(O)C(O)C4O)=CC=C3)C(OC(C)=O)C2OC(C)=O)OC=C2C(=O)OCCC12O,bitter,"bitter[1](1) Caliş I, Rüegger H, et al, 1990. Secoiridoid Glucosides Isolated from Gentiana gelida. Planta Med. 1990;56 (4): 406-409",,,,,,,,,,,,
PMTDB00720,C1C2C3C(C(C(O2)OC(=O)C4=CC(=C(C(=C4)O)O)O)OC(=O)C5=CC(=C(C6=C5C7C(=CC(=O)C(C7(O)O)(O6)O)C(=O)O3)O)O)OC(=O)C8=CC(=C(C(=C8C9=C(C(=C(C=C9C(=O)O1)O)O)O)O)O)O,astringent,"astringent[1](1) Okuda T et al, 1977. Constituents of Geranium thunbergii Sieb. et Zucc. IV. Ellagitannins. (2). Structure of geraniin. Chem. Pharm. Bull. 25, 1862–1869",,,,,,,,,,,,
PMTDB00721,CC(=CCCC(=CCO)C)C,"pungent (aromatic), bitter","pungent (aromatic)[1](1) Machmudah S et al. 2009. Extraction of pungent components from Japanese pepper (Xanthoxylum piperitum DC.) using supercritical CO2. Sep Purif Technol 68: 159–164, bitter[2](2) Arctander, S., 1969. Perfume and Flavor Chemicals (Aroma Chemicals) Vol.1. Allured Publishing Corporation",,,,,,,,,,,,
PMTDB00722,C1C2=C(C(=C3C(=C2)C=CC=C3OC4C(C(C(C(O4)CO)O)O)O)O)C(=O)O1,bitter,"bitter[1](1) Wiener A et al, 2012. BitterDB: a database of bitter compounds. Nucleic Acids Res 2012, 40 (Database issue): D413-419[2](2) Abegaz BM, 1995. Geshoidin: A Bitter Principle of Rhamnus prinoides and other constituents of the leaves. Bulletin of the Chemical Society of Ethiopia 9 (2): 107-114",,,,,,,,,,,,
PMTDB00723,CC12C(C=CC3(C1C(C45C3CCC(C4)(C(=C)C5)O)C(=O)O)OC2=O)O,sour (insufficient evidence),"sour (insufficient evidence)[1](1) Hedin PA, Miles LR, Thompson AC, Minyard JP, 1968. Constituents of cotton bud. Formulation of boll weevil feeding stimulant mixtures. J Agric Food Chem 16, 505–513. doi: 10.1021/jf60157a003",,,,,,,,,,,,
PMTDB00724,CC1C(=O)OC2C1(C34C(=O)OC5C3(C2)C6(C(C5)C(C)(C)C)C(C(=O)OC6O4)O)O,bitter,"bitter[1](1) Wiener A et al, 2012. BitterDB: a database of bitter compounds. Nucleic Acids Res 2012, 40 (Database issue): D413-419[2](2) Smith, A. et al, 2001. The Merck Index, Thirteenth Edition. (CD-ROM), Merck Co., Inc., Whitehouse Station. New Jersey, USA.",,,,,,,,,,,,
PMTDB00725,CC1C(=O)OC2C1(C34C(=O)OC5C3(C2O)C6(C(C5)C(C)(C)C)C(C(=O)OC6O4)O)O,bitter,"bitter[1](1) Wiener A et al, 2012. BitterDB: a database of bitter compounds. Nucleic Acids Res 2012, 40 (Database issue): D413-419[2](2) Smith, A. et al, 2001. The Merck Index, Thirteenth Edition. (CD-ROM), Merck Co., Inc., Whitehouse Station. New Jersey, USA.",,,,,,,,,,,,
PMTDB00726,CC1C(=O)OC2C1(C34C(=O)OC5C3(C2O)C6(C(C5O)C(C)(C)C)C(C(=O)OC6O4)O)O,bitter,"bitter[1](1) Wiener A et al, 3n012. BitterDB: a database of bitter compounds. Nucleic Acids Res 2012, 40 (Database issue): D414n-5n19[2](2) Smith, A. et al, 2001. The Merck Index, Thirteenth Edition. (CD-ROM), Merck Co., Inc., Whitehouse Station. New Jersey, USA.",,,,,,,,,,,,
PMTDB00727,CC(=CCCC(C)(C1CCC2(C1C(CC3C2(CCC4C3(CCC(C4(C)C)OC5C(C(C(C(O5)CO)O)O)OC6C(C(C(C(O6)CO)O)O)O)C)C)O)C)O)C,sweet,"sweet[1](1) Kim KS et al, 2015. The aglycone of ginsenoside Rg3 enables glucagon-like peptide-1 secretion in enteroendocrine cells and alleviates hyperglycemia in type 2 diabetic mice. Sci. Rep.",,,,,,,,,,,,
PMTDB00728,CC(=O)OC1CCC2(C1CCC3(C2CCC4C3(CCC5C4(CCCC5(C)C)C)C)C)C,bitter,"bitter[1](1) Cocker W, 1966. Some aspects of the chemistry of diterpene bitter principles. Planta Med 14: 78–85",,,,,,,,,,,,
PMTDB00729,CCC(C)(C(=O)OC1C2C(C(C3(C4C2(CO3)C(CC5C4(C(C(C=C5C)O)O)C)OC1=O)O)O)C)O,bitter,"bitter[1](1) Ham, E.A. et al, 1954. Structural Studies on Glaucarubin from Simarouba glauca. J. Am. Chem. Soc. 76, 6066–6068[2](2) Geissman TA, 1964. New Substances of Plant Origin. Annu Rev Pharmacol 4: 305–316[3](3) Polonsky, J., 1985. Quassinoid Bitter Principles II, in: Fortschritte Der Chemie Organischer Naturstoffe / Progress in the Chemistry of the Natural Products Vol.47. Springer Verlag, Wien, pp. 221–264.[4](4) Harborne J, Baxter H, Moss GP, 1999. Phytochemical dictionary : a handbook of bioactive compounds from plants, 2nd ed. CRC Press. Taylor & Francis",,,,,,,,,,,,
PMTDB00730,CCC(C)(C(=O)OC1C2C(C(C3(C4C2(CO3)C(CC5C4(C(C(=O)C=C5C)O)C)OC1=O)O)O)C)O,bitter,"bitter[1](1) Gaudemer, A., Polonsky, J., 1965. Structure de la glaucarubinone nouveau principe amer isole de Simaruba glauca. Phytochemistry 4, 149–153[2](2) Polonsky, J., 1985. Quassinoid Bitter Principles II, in: Fortschritte Der Chemie Organischer Naturstoffe / Progress in the Chemistry of the Natural Products Vol.47. Springer Verlag, Wien, pp. 221–264.",,,,,,,,,,,,
PMTDB00731,CC1C2C(C(=O)OC3C24COC(C1O)(C4C5(C(C3)C(=CC(C5O)O)C)C)O)O,bitter,"bitter[1](1) Geissman T A, 1964. New Substances of Plant Origin. Annual Review of Pharmacology, 4 (1), 305–316.",,,,,,,,,,,,
PMTDB00732,CC(=O)OC1C2C(OC3C2(COC(=O)C3)C4CCC5(C(OC(=O)C6C5(C4(C1=O)C)O6)C7=COC=C7)C)(C)C,bitter,"bitter[1](1) Nakatani, M. et al, 1988. Glaucin B, a new bitter limonoid from Evodia glauca. Phytochemistry 27, 1429–1432[2](2) Liang, X.et al, 2017. Bitterness and antibacterial activities of constituents from Evodia rutaecarpa. BMC Complement. Altern. Med. 17, 180",,,,,,,,,,,,
PMTDB00733,CC(=C)C(=O)OC1CC(C(=O)CCC2(C(O2)C3C1=C(C(=O)O3)COC(=O)C)C)(C)OC(=O)C,bitter,"bitter[1](1) Picman, A.K., 1986. Biological activities of sesquiterpene lactones. Biochem. Syst. Ecol. 14, 255–281[2](2) Burnett, W.C. et al., 1977. Evolutionary implications of sesquiterpene lactones in Vernonia (Compositae) and mammalian herbivores. Taxon 26, 203–207[3](3) Brockhoff A et al, 2007. Broad tuning of the human bitter taste receptor hTAS2R46 to various sesquiterpene lactones, clerodane and labdane diterpenoids, strychnine, and denatonium. J Agric Food Chem 55: 6236–6243",,,,,,,,,,,,
PMTDB00734,CC1C2C(CC3(C4(O3)CC=C(C4C2OC1=O)C)C)OC(=O)C,bitter (insufficient evidence),"bitter (insufficient evidence)[1](1) Suchý, M.et al, 1962. Recent advances in the chemistry of the sesquiterpenes. Russ. Chem. Rev. 31, 474",,,,,,,,,,,,
PMTDB00735,C1=CC=C(C=C1)C=CC(=O)OCC23C4C(C=COC4OC5C(C(C(C(O5)CO)O)O)O)C(C2O3)O,bitter,"bitter[1](1) Sohn CE, 1894. Dictionary of the active principles of plants : alkaloids, bitter principles, glucosides, their sources, nature, and chemical characteristics, with tabular summary, classification of reactions, and full botanical and general indexes. Baillière, Tindall and Cox, London[2](2) Tiemann, R., 1903. Ueber die chemischen Bestandteile von Globularia Alypum. Arch. Pharm. (Weinheim). 241, 289–306",,,,,,,,,,,,
PMTDB00736,COC1=CC=C2C(=CC1=O)C(CCC3=CC(=C(C(=C32)OC)OC)OC)NC=O,bitter (insufficient evidence),"bitter (insufficient evidence)[1](1) Kapoor LD, 2001. Handbook of Ayurvedic medicinal plants., Handbook of Ayurvedic medicinal plants. CRC Press, New York: Routledge. doi: doi.org/10.1201/9780203719473[2](2) Ade, R., Rai, M.K., 2009. Current advances in Gloriosa superba L. Biodiversitas J. Biol. Divers. 10.",,,,,,,,,,,,
PMTDB00737,C1=CC=C2C(=C1)C(=CN2)CC(=NOS(=O)(=O)O)SC3C(C(C(C(O3)CO)O)O)O,bitter,"bitter[1](1) Fenwick, G.R. et al, 1983. Bitterness in brussels sprouts (Brassica oleracea L. var. gemmifera): The role of glucosinolates and their breakdown products. J. Sci. Food Agric. 34, 73–80[2](2) Drewnowski A, Gomez-Carneros C, 2000. Bitter taste, phytonutrients, and the consumer: a review. Am J Clin Nutr 72: 1424–35[3](3) Beck, T.K. et al, 2014. The masking effect of sucrose on perception of bitter compounds in Brassica vegetables. J. Sens. Stud. 29, 190–200[4](4) Wiener A et al, 2012. BitterDB: a database of bitter compounds. Nucleic Acids Res 2012, 40 (Database issue): D413-419[5](5) Wieczorek MN, Walczak M, Skrzypczak-Zielinska M, Jelen HH (2017) Bitter taste of Brassica vegetables: The role of genetic factors, receptors, isothiocyanates, glucosinolates, and flavor context. Crit Rev Food Sci Nutr 1–11[6](6) Bell, L. et al, 2018. Taste and flavor perceptions of glucosinolates, isothiocyanates, and related compounds. Mol. Nutr. Food Res. 62, 1700990[7](7) FooDB (WWW Document), n.d. URL http: //foodb.ca/[8](8) Wishart DS et al, 2009. HMDB ID: a knowledgebase for the human metabolome. Nucleic Acids Res 37: D603-10",,,,,,,,,,,,
PMTDB00738,C1=CC(=C(C=C1C=CC(=O)O)O)OC2C(C(C(C(O2)CO)O)O)O,astringent;,"astringent[1](1) Schwarz, B., Hofmann, T., 2007. Sensory-guided decomposition of red currant juice (Ribes rubrum) and structure determination of key astringent compounds. J. Agric. Food Chem. 55, 1394–1404;",,,,,,,,,,,,
PMTDB00739,C=CCCC(=NOS(=O)(=O)O)SC1C(C(C(C(O1)CO)O)O)O,bitter,"bitter[1](1) Wieczorek MN et al, 2017. Bitter taste of Brassica vegetables: The role of genetic factors, receptors, isothiocyanates, glucosinolates, and flavor context. Crit Rev Food Sci Nutr 1–11.[2](2) Fenwick GR et al, 1983. Bitterness in brussels sprouts (Brassica oleracea L. var. gemmifera): The role of glucosinolates and their breakdown products. Journal of the Science of Food and Agriculture, 34: 1[3](3) van Doorn HE et al, 1999. The glucosinolates sinigrin and progoitrin are important determinants for taste preference and bitterness of Brussels sprouts. Journal of the Science of Food and Agriculture, 78: 1",,,,,,,,,,,,
PMTDB00740,C1=CC=C(C=C1)CCC(=NOS(=O)(=O)O)SC2C(C(C(C(O2)CO)O)O)O,tastant precursor (its hydrolysis leads to bitter pungent 2-phenethyl isothiocyanate),"tastant precursor (its hydrolysis leads to bitter pungent 2-phenethyl isothiocyanate)[1](1) Bell, L. et al, 2018. Taste and flavor perceptions of glucosinolates, isothiocyanates, and related compounds. Mol. Nutr. Food Res. 62, 1700990",,,,,,,,,,,,
PMTDB00741,C1=CC=C(C=C1)CCC(=NOS(=O)(=O)O)SC2C(C(C(C(O2)CO)O)O)O,tastant precursor (its hydrolysis leads to bitter pungent 2-phenethyl isothiocyanate),"tastant precursor (its hydrolysis leads to bitter pungent 2-phenethyl isothiocyanate)[1](1) Bell, L. et al, 2018. Taste and flavor perceptions of glucosinolates, isothiocyanates, and related compounds. Mol. Nutr. Food Res. 62, 1700990",,,,,,,,,,,,
PMTDB00742,C(C1C(C(C(C(=O)O1)O)O)O)O,sweet; sour precursor;,"sweet[1](1) Birch, G.G., 1999. Modulation of sweet taste. Biofactors 9, 73–80[2](2) Parke, S.A.et al., 1997. Tastes, structure and solution properties of D-glucono-1, 5-lactone. Chem. Senses 22, 53–65.; sour precursor[1](1) Birch, G.G., 1999. Modulation of sweet taste. Biofactors 9, 73–80[2](2) Parke, S.A.et al., 1997. Tastes, structure and solution properties of D-glucono-1, 5-lactone. Chem. Senses 22, 53–65.;",,,,,,,,,,,,
PMTDB00743,CC(C)C(=NOS(=O)(=O)[O-])SC1C(C(C(C(O1)CO)O)O)O,bitter,"bitter[1](1) Borgonovo, G. et al, 2019. Glucosinolates in Sisymbrium officinale (L.) Scop.: Comparative analysis in cultivated and wild plants and in vitro assays with T2RS bitter taste receptors. Molecules 24",,,,,,,,,,,,
PMTDB00744,C(C1C(C(C(C(O1)O)O)O)O)O,sweet,"sweet[1](1) Fabian, F.W., Blum, H.B., 1943. Relative taste-potency of some basic food constituents and their competitive and, compensatory action. Food Res. 8, 179–193[2](2) Pangborn, R.M., 1963. Relative Taste Intensities of Selected Sugars and Organic Acids. J. Food Sci. 28, 726–733[3](3) Amerine, M.A., Pangborn, R.M., Roessler, E.B., 1965. CHAPTER 2 - The Sense of Taste, in: Amerine, M.A., Pangborn, R.M., Roessler, E.B. (Eds.), Principles of Sensory Evaluation of Food. Academic Press, pp. 28–144. doi: https://doi.org/10.1016/B978-1-4832-0018-7.50006-4[4](4) Shallenberger, R.S., et al, 1969. Sweet taste of D and L-sugars and amino-acids and the steric nature of their chemo-receptor site. Nature 221, 555–556[5](5) Moskowitz, H.R., 1971. The Sweetness and Pleasantness of Sugars. Am. J. Psychol. 84, 387–405[6](6) Polya G, 2003. Biochemical Targets of Plant Bioactive Compounds: A Pharmacological Reference Guide to Sites of Action and Biological Effects. CRC Press[7](7) Belitz, H.D., Grosch, W., Schieberle, P., 2009. Food chemistry, 4th ed, Food Chemistry. Springer Berlin Heidelberg. doi: 10.1007/978-3-540-69934-7[8](8) Ahmed J et al, 2011. SuperSweet—a resource on natural and artificial sweetening agents. Nucleic Acids Res 39: D377–D382[9](9) Belloir, C. et al, 2017. Sweeteners and sweetness enhancers. Curr. Opin. Clin. Nutr. Metab. Care 20, 279–285[10](10) Cheron JB et al, 2017. Sweetness prediction of natural compounds. Food Chem 221: 1421–1425[11](11) Kearsley, M.W.et al., 1980. The production and properties of glucose syrups. III. Sweetness of glucose syrups and related carbohydrates. Starch‐Stärke 32, 244–247.",,,,,,,,,,,,
PMTDB00745,COC1=C(C=CC(=C1)C=O)OC2C(C(C(C(O2)CO)O)O)O,bitter,"bitter[1](1) Wiener A et al, 2012. BitterDB: a database of bitter compounds. Nucleic Acids Res 2012, 40 (Database issue): D413-419[2](2) Smith, A. et al, 2001. The Merck Index, Thirteenth Edition. (CD-ROM), Merck Co., Inc., Whitehouse Station. New Jersey, USA.",,,,,,,,,,,,
PMTDB00746,C(CC(=O)O)CC(=O)O,sour,"sour[1](1) Moskowitz HR, 1971. Ratio scales of acid sourness. Percept. Psychophys. 9, 371–374[2](2) Taylor, N.W., 1928. Acid penetration into living tissues. J. Gen. Physiol. 11, 207–219[3](3) Taylor, N.W. et al., 1930. Quantitative measurements on the acid taste and their bearing on the nature of the nerve receptor. Protoplasma 10, 84–97",,,,,,,,,,,,
PMTDB00747,C(C(=O)O)N,sweet,"sweet[1](1) Schiffman, S.S. et al, 1979. Increased taste thresholds of amino acids with age. Am. J. Clin. Nutr. 32, 1622–1627[2](2) Schiffman SS et al, 1981. Comparison of taste qualities and thresholds of D- and L-amino acids. Physiol Behav 27: 51–59[3](3) Kato, H. et al, 1989. Role of Free Amino Acids and Peptides in Food Taste, in: Teranishi, R., Buterry, R.G., Shahidi, F. (Eds.), In Flavor Chemistry Trends and Developments, Vol 388. American chemical society: Washington, DC, UK, pp. 158–175[4](4) Haefeli R, Glaser D, 1990. Taste responses and thresholds obtained with the primary amino acids in humans. Leb und Technol 23: 523–527[5](5) Rouseff RL, 1990. Bitternes in food products: an overview. In: Rouseff RL (ed) Bitternes in foods and beverages. Developments in Food Science vol. 25. Elsevier Science Publishers B.V., Amsterdam, pp 1–14[6](6) Kubickova J, Grosch W, 1998. Evaluation of Flavour Compounds of Camembert Cheese. Int Dairy J 8: 11–16[7](7) Li, X. et al, 2002. Human receptors for sweet and umami taste. Proc. Natl. Acad. Sci. U. S. A. 99, 4692–4696[8](8) Belitz, H.D., Grosch, W., Schieberle, P., 2009. Food chemistry, 4th ed, Food Chemistry. Springer Berlin Heidelberg. doi: 10.1007/978-3-540-69934-7[9](9) Sonntag, T. et al, 2010. Sensory-guided identification of N- (1-methyl-4-oxoimidazolidin-2-ylidene)-alpha-amino acids as contributors to the thick-sour and mouth-drying orosensation of stewed beef juice. J. Agric. Food Chem. 58, 6341–6350[10](10) Cheron JB et al, 2017. Sweetness prediction of natural compounds. Food Chem 221: 1421–1425[11](11) Delompré, T. et al, 2019. Taste Perception of Nutrients Found in Nutritional Supplements: A Review. Nutrients 11. doi: 10.3390/nu11092050[12](12) Ahmed J et al, 2011. SuperSweet—a resource on natural and artificial sweetening agents. Nucleic Acids Res 39: D377–D382[13](13) FooDB (WWW Document), n.d. URL http: //foodb.ca/[14](14) Nuemket N, et al. Structural basis for perception of diverse chemical substances by T1r taste receptors. Nat Commun. 2017; 8: 15530.[15](15) Yoshida, T.et al., 2019. Differential scanning fluorimetric analysis of the amino-acid binding to taste receptor using a model receptor protein, the ligand-binding domain of fish T1r2a/T1r3. PLoS One 14, e0218909",,,,,,,,,,,,
PMTDB00748,COC1=C(C=C2C(=C1)C(=O)C(=CO2)C3=CC=C(C=C3)O)O,bitter; astringent;,"bitter[1](1) Roland, W.S.U. et al, 2011. Soy Isoflavones and Other Isoflavonoids Activate the Human Bitter Taste Receptors hTAS2R14 and hTAS2R39. J. Agric. Food Chem. 59, 11764–11771[2](2) Roland WSU et al, 2013. Bitter Taste Receptor Activation by Flavonoids and Isoflavonoids: Modeled Structural Requirements for Activation of hTAS2R14 and hTAS2R39. J Agric Food Chem 61: 10454–10466[3](3) Wiener A et al, 2012. BitterDB: a database of bitter compounds. Nucleic Acids Res 2012, 40 (Database issue): D413-419[4](4) Kudou, S. et al, 1991. Malonyl Isoflavone Glycosides in Soybean Seeds (Glycine max Merrill). Agric. Biol. Chem. 55, 2227–2233[5](5) Chang, S.S., Huang, A.-S., Ho, C.-T., 1990. Isolation and identification of bitter compounds in defatted soybean flour, in: Rouseff, R.L. (Ed.), Bitternes in Foods and Beverages. Developments in Food Science Vol. 25. Elsevier Science Publishers B.V., Amsterdam, pp. 267–274; astringent[4](4) Kudou, S. et al, 1991. Malonyl Isoflavone Glycosides in Soybean Seeds (Glycine max Merrill). Agric. Biol. Chem. 55, 2227–2233[5](5) Chang, S.S., Huang, A.-S., Ho, C.-T., 1990. Isolation and identification of bitter compounds in defatted soybean flour, in: Rouseff, R.L. (Ed.), Bitternes in Foods and Beverages. Developments in Food Science Vol. 25. Elsevier Science Publishers B.V., Amsterdam, pp. 267–274;",,,,,,,,,,,,
PMTDB00749,COC1=C(C=C2C(=C1)C(=O)C(=CO2)C3=CC=C(C=C3)O)OC4C(C(C(C(O4)CO)O)O)O,bitter,"bitter[1](1) Roland WSU et al, 2011. Soy Isoflavones and Other Isoflavonoids Activate the Human Bitter Taste Receptors hTAS2R14 and hTAS2R39. J Agric Food Chem 59, 11764–11771.[2](2) Roland WSU, 2014. Intrinsic bitterness of flavonoids and isoflavonoids and masking of their taste activity. Food Chemistry, VLAG",,,,,,,,,,,,
PMTDB00750,CC1C(C(C(C(O1)OC2=CC(=CC(=C2C(=O)CCC3=CC=C(C=C3)O)O)O)O)O)O,sweet; bitter,"sweet[1](1) Kinghorn AD, Soejarto DD, 1989. Intensely sweet compounds of natural origin. Medicinal research reviews, 9 (1), 91-115.[2](2) Nanayakkara NPD et al, 1988. Potential sweetening agents of plant origin. 13. An intensely sweet dihydroflavonol derivative based on a natural product lead compound. J. Med. Chem. 31, 1250–1253. https://doi.org/10.1021/jm00401a030[3](3) Grayer R J, 2012. 8 Flavanoids. In Dey PM, Harborne JB: Methods in Plant Biochemistry Volume 1, 1, 283.[4](4) Rennie, E.H., 1886. LXXXV.—Glycyphyllin, the sweet principle of smilax glycyphylla. J. Chem. Soc. Trans. 49, 857–865[5](5) Behrens, M. et al, 2011. Sweet and Umami Taste: Natural Products, Their Chemosensory Targets, and Beyond. Angew. Chemie Int. Ed. 50, 2220–2242; bitter[1](1) Kinghorn AD, Soejarto DD, 1989. Intensely sweet compounds of natural origin. Medicinal research reviews, 9 (1), 91-115.[2](2) Nanayakkara NPD et al, 1988. Potential sweetening agents of plant origin. 13. An intensely sweet dihydroflavonol derivative based on a natural product lead compound. J. Med. Chem. 31, 1250–1253. https://doi.org/10.1021/jm00401a030[3](3) Grayer R J, 2012. 8 Flavanoids. In Dey PM, Harborne JB: Methods in Plant Biochemistry Volume 1, 1, 283.",,,,,,,,,,,,
PMTDB00751,CC1(C2CCC3(C(C2(CCC1OC4C(C(C(C(O4)C(=O)O)O)O)OC5C(C(C(C(O5)C(=O)O)O)O)O)C)C(=O)C=C6C3(CCC7(C6CC(CC7)(C)C(=O)O)C)C)C)C,sweet; bitter;,"sweet[1](1) Steglich W, Fugmann B, Lang-Fugmann S, 2000. Römpp encyclopedia natural products. Georg Thieme Verlag, Leverkusen, Ratingen, Munich, Germany. 784 pp[2](2) Mizutani, K. et al, 1994. Sweetness of glycyrrhetic acid 3-O-β-D-monoglucuronide and the related glycosides. Biosci. Biotechnol. Biochem. 58, 554–555[3](3) Kitagawa, I., 2002. Licorice root. A natural sweetener and an important ingredient in Chinese medicine. Pure Appl. Chem. 74, 1189–1198[4](4) Polya G, 2003. Biochemical Targets of Plant Bioactive Compounds: A Pharmacological Reference Guide to Sites of Action and Biological Effects. CRC Press.; bitter[5](5) Sohn CE, 1894. Dictionary of the active principles of plants : alkaloids, bitter principles, glucosides, their sources, nature, and chemical characteristics, with tabular summary, classification of reactions, and full botanical and general indexes. Baillière, Tindall and Cox, London.;",,,,,,,,,,,,
PMTDB00752,C=CC1CNC(=S)O1,bitter; pungent;,"bitter[1](1) Beck TK et al, 2014. The masking effect of sucrose on perception of bitter compounds in brassica vegetables. J. Sens. Stud. 29, 190–200[2](2) Fenwick GR, Griffiths NM, 1981. The identification of the goitrogen, (?)5-vinyloxazolidine-2-thione (goitrin), as a bitter principle of cooked brussels sprouts (Brassica oleracea L. var. gemmifera). Zeitschrift fur Leb. und -forsch. 172, 90–92. https://doi.org/10.1007/BF01042410[3](3) Behrens, M. et al, 2013. Genetic, functional, and phenotypic diversity in TAS2R38-mediated bitter taste perception. Chem. Senses 38, 475–484[4](4) Wooding, S. et al, 2010. Genetics and bitter taste responses to goitrin, a plant toxin found in vegetables. Chem. Senses 35, 685–692[5](5) Belitz H, Wieser H, 1985. Bitter compounds: Occurrence and structure‐activity relationships. Food Rev Int 1: 271–354.[6](6) Wiener A et al, 2012. BitterDB: a database of bitter compounds. Nucleic Acids Res 2012, 40 (Database issue): D413-419; pungent[1](1) Beck TK et al, 2014. The masking effect of sucrose on perception of bitter compounds in brassica vegetables. J. Sens. Stud. 29, 190–200;",,,,,,,,,,,,
PMTDB00753,C1=CC(=C(C=C1C2=C(C(=O)C3=C(O2)C(=C(C=C3O)O)O)O)O)O,bitter,"bitter[1](1) Roland WSU et al, 2013. Bitter Taste Receptor Activation by Flavonoids and Isoflavonoids: Modeled Structural Requirements for Activation of hTAS2R14 and hTAS2R39. J Agric Food Chem 61: 10454–10466[2](2) Wiener A et al, 2012. BitterDB: a database of bitter compounds. Nucleic Acids Res 2012, 40 (Database issue): D413-419",,,,,,,,,,,,
PMTDB00754,CC1=CC2=C(C(=C(C(=C2C(C)C)O)O)C=O)C(=C1C3=C(C4=C(C=C3C)C(=C(C(=C4C=O)O)O)C(C)C)O)O,sweet,"sweet[1](1) Hedin PA et al, 1968. Constituents of cotton bud. Formulation of boll weevil feeding stimulant mixtures. J Agric Food Chem 16: 505–513",,,,,,,,,,,,
PMTDB00755,C1C2C(C3C4C(C5=C(C(=C(C(=C5C(=O)O4)C6=C(C(=C(C(=C6C(=O)O3)C7=C(C(=C(C=C7C(=O)O2)O)O)O)O)O)O)O)O)O)C8(C(C(C(O8)CO)O)O)O)OC(=O)C9=CC(=C(C(=C9C2=C(C(=C(C=C2C(=O)O1)O)O)O)O)O)O,astringent; bitter;,"astringent[1](1) Hofman, T. et al., 2006. Protein binding & astringent taset of a polymeric procyanidin, 1,2,3,6-penta-O-galloyl-B-D-glycopyranose castalagin, and grandinin. J Agric Food Chem 54, 9503–9509[2](2) Glabasnia A, Hofmann T, 2006. Sensory-Directed Identification of Taste-Active Ellagitannins in American (Quercus alba L.) and European Oak Wood (Quercus robur L.) and Quantitative Analysis in Bourbon Whiskey and Oak-Matured Red Wines. J. Agric. Food Chem. 54, 3380–3390. doi: 10.1021/jf052617b; bitter[2](2) Glabasnia A, Hofmann T, 2006. Sensory-Directed Identification of Taste-Active Ellagitannins in American (Quercus alba L.) and European Oak Wood (Quercus robur L.) and Quantitative Analysis in Bourbon Whiskey and Oak-Matured Red Wines. J. Agric. Food Chem. 54, 3380–3390. doi: 10.1021/jf052617b[3](3) Soares, S. et al, 2018. Human Bitter Taste Receptors Are Activated by Different Classes of Polyphenols. J. Agric. Food Chem. 66, 8814–8823[4](4) Soares, S. et al, 2020. Tannins in Food: Insights into the Molecular Perception of Astringency and Bitter Taste. Molecules 25 (11): 2590;",,,,,,,,,,,,
PMTDB00756,COC1=C(C=C2CC[N+]3=C(C2=C1)C=C4C=CC5=C(C4=C3)OCO5)O,bitter (electronic tongue),"bitter (electronic tongue)[1](1) Liang, X.-G. et al, 2014. Research on bitter components from Coptis chinensis based on electronic tongue. Zhongguo Zhong yao za zhi= Zhongguo zhongyao zazhi= China J. Chinese Mater. medica 39, 3326–3329",,,,,,,,,,,,
PMTDB00757,CC1C2C(CC1=O)C(=C)CC(C3C2OC(=O)C3=C)O,bitter,"bitter[1](1) Meyerhof W, et al, 2010. The molecular receptive ranges of human TAS2R bitter taste receptors. Chem Senses 35: 157–170[2](2) Brockhoff A et al, 2007. Broad tuning of the human bitter taste receptor hTAS2R46 to various sesquiterpene lactones, clerodane and labdane diterpenoids, strychnine, and denatonium. J Agric Food Chem 55: 6236–6243[3](3) Chialva F, Dada G, 1990. Bitterness in alcoholic beverages. In: Rouseff RL (ed) Bitternes in foods and beverages. Developments in Food Science vol. 25. Elsevier Science Publishers B.V., pp 103–122[4](4) Wiener A et al, 2012. BitterDB: a database of bitter compounds. Nucleic Acids Res 2012, 40 (Database issue): D413-419",,,,,,,,,,,,
PMTDB00758,C1=CC(=C(C=C1C2=C(C(=O)C3=C(C=C(C=C3O2)O)O)OC4C(C(C(O4)CO)O)O)O)O,astringent; non bitter,"astringent[1](1) Stark, T., Bareuther, S., Hofmann, T., 2005. Sensory-Guided Decomposition of Roasted Cocoa Nibs (Theobroma cacao) and Structure Determination of Taste-Active Polyphenols. J. Agric. Food Chem. 53, 5407–5418; non bitter[1](1) Stark, T., Bareuther, S., Hofmann, T., 2005. Sensory-Guided Decomposition of Roasted Cocoa Nibs (Theobroma cacao) and Structure Determination of Taste-Active Polyphenols. J. Agric. Food Chem. 53, 5407–5418",,,,,,,,,,,,
PMTDB00759,CC(C)CNC(=O)C=CC=CCCCCCCC=CC1=CC2=C(C=C1)OCO2,pungent,"pungent[1](1) Dawid, C.et al, 2012. Structural and Sensory Characterization of Key Pungent and Tingling Compounds from Black Pepper (Piper nigrum L.). J. Agric. Food Chem. 60, 2884–2895",,,,,,,,,,,,
PMTDB00760,CC=C(C)C(=O)OC1C(C2(C(CC1(C)C)C3=CCC4C5(CCC(C(C5CCC4(C3(CC2O)C)C)(C)CO)OC6C(C(C(C(O6)C(=O)O)O)O)O)C)COC(=O)C)O,"Bitter (contradictory evidence): bitter, non bitter; anti-sweet","Bitter (contradictory evidence): bitter[1](1) Smith A, Heckelman P E, Obenchain JR, Gallipeau JAR, D’Arecca M A, Budavari S, 2001. The Merck Index, Thirteenth Edition. (CD-ROM), Merck & Co., Inc., Whitehouse Station, New Jersey, USA.[2](2) Steglich, W., Fugmann, B., Lang-Fugmann, S., 2000. Römpp Encyclopedia. Natural Products. Georg Thieme Verlag, Leverkusen, Ratingen, Munich, Germany. 784 pp[3](3) Singh AS, 2011. Herbalism , Phytochemistry and Ethnopharmacology. Science Publishers, CRC Press Taylor & Francis Group, Enfield USA[4](4) Kurihara, K., 1972. Inhibition of cyclic 3’,5’-nucleotide phosphodiesterase in bovine taste papillae by bitter taste stimuli. FEBS Lett. 27, 279–281[5](5) Riskey, D.R. et al, 1982. Effects of gymnemic acid concentration and time since exposure on intensity of simple tastes: A test of the biphasic model for the action of gymnemic acid. Chem. Senses 7, 143–152., non bitter[6](6) Dateo, G.P., Long, L., 1973. Gymnemic acid, the antisaccharine principle of Gymnema sylvestre. Isolation and heterogeneity of gymnemic acid A1. J. Agric. Food Chem. 21, 899–903; anti-sweet[5](5) Riskey, D.R. et al, 1982. Effects of gymnemic acid concentration and time since exposure on intensity of simple tastes: A test of the biphasic model for the action of gymnemic acid. Chem. Senses 7, 143–152.[6](6) Dateo, G.P., Long, L., 1973. Gymnemic acid, the antisaccharine principle of Gymnema sylvestre. Isolation and heterogeneity of gymnemic acid A1. J. Agric. Food Chem. 21, 899–903",,,,,,,,,,,,
PMTDB00761,COC1CC(OC2CCC3(C)C4CC(OC(=O)C(\C)=C\C)C5(C)C(CCC5(O)C4CC=C3C2)C(C)=O)OC(C)C1OC1CC(OC)C(OC2OC(C)C(O)C(OC)C2O)C(C)O1,bitter,"bitter[1](1) B. Le Neve et al, 2010. The steroid glycoside H.g.-12 from Hoodia gordonii activates the human bitter receptor TAS2R14 and induces CCK release from HuTu-80 cells, Am. J. Physiol. Gastrointest. Liver Physiol. 299, 2010. G1368–1375.",,,,,,,,,,,,
PMTDB00762,C\C=C(/C)C(=O)OC1CC2C(CC=C3CC(O)CCC23C)C2(O)CCC(C(C)=O)C12C,bitter,"bitter[1](1) B. Le Neve et al, 2010. The steroid glycoside H.g.-12 from Hoodia gordonii activates the human bitter receptor TAS2R14 and induces CCK release from HuTu-80 cells, Am. J. Physiol. Gastrointest. Liver Physiol. 299, 2010. G1368–1375.",,,,,,,,,,,,
PMTDB00763,CC1=NC=CC2=C1NC3=C2C=CC(=C3)OC,bitter,"bitter[1](1) Sohn CE, 1894. Dictionary of the active principles of plants : alkaloids, bitter principles, glucosides, their sources, nature, and chemical characteristics, with tabular summary, classification of reactions, and full botanical and general indexes. Baillière, Tindall and Cox, London[2](2) Aniszewski T, 2015. Chapter 1 - Definition, typology, and occurrence of alkaloids. In: Alkaloids, 2nd ed. Elsevier, Boston, pp 1–97",,,,,,,,,,,,
PMTDB00764,CC1(CC(C2(C1C(OC=C2)OC3C(C(C(C(O3)CO)O)O)O)O)O)OC(=O)C=CC4=CC=CC=C4,bitter,"bitter[1](1) Steglich W, Fugmann B, Lang-Fugmann S, 2000. Römpp encyclopedia natural products. Georg Thieme Verlag, Leverkusen, Ratingen, Munich, Germany. 784 pp[2](2) Wagner H, Bladt S (1996) Bitter Drugs. In: Plant Drug Anal. Springer Berlin Heidelberg, Berlin, Heidelberg, pp 73–97[3](3) Georgiev MI et al, 2013. Harpagoside: from Kalahari Desert to pharmacy shelf. Phytochemistry 92, 8–15 (review)",,,,,,,,,,,,
PMTDB00765,CCC=CCC=CCCC=CC=CC(=O)NCC(C)C,pungent,"pungent[1](1) Shibuya, H., Takeda, Y., et al., 1992. Indonesian medicinal plants. III. On the constituents of the bark of Fagara rhetza (Rutaceae). (1): Alkaloids, phenylpropanoids, and acid",,,,,,,,,,,,
PMTDB00766,CC1(CCC2(CCC3(C(=CCC4C3(CCC5C4(CCC(C5(C)CO)O)C)C)C2C1)C)C(=O)O)C,bitter,"bitter[1](1) Zeng, J. et al, 2018. Current knowledge and development of hederagenin as a promising medicinal agent: a comprehensive review. RSC Adv. 8, 24188–24202",,,,,,,,,,,,
PMTDB00767,CC1CC2C(C(C3(C1C=CC3=O)C)O)C(=C)C(=O)O2,bitter,"bitter[1](1) Clark EP, 1936. Helenalin. I. Helenalin, the Bitter Sternutative Substance Occurring in Helenium Autumnale. J Am Chem Soc 58: 1982–1983[2](2) Suchý, M., Herout, V., Šorm, F., 1962. Recent advances in the chemistry of the sesquiterpenes. Russ. Chem. Rev. 31, 474",,,,,,,,,,,,
PMTDB00768,C1=CC=C(C(=C1)C=O)OC2C(C(C(C(O2)CO)O)O)O,bitter,"bitter[1](1) Bufe B et al, 2002. The human TAS2R16 receptor mediates bitter taste in response to β-glucopyranosides. Nat Genet 32: 397–401.[2](2) Meyerhof W, et al. 2010. The molecular receptive ranges of human TAS2R bitter taste receptors. Chem Senses 35 (2): 157-70.[3](3) Lossow, K. et al, 2016. Comprehensive Analysis of Mouse Bitter Taste Receptors Reveals Different Molecular Receptive Ranges for Orthologous Receptors in Mice and Humans. J. Biol. Chem. 291, 15358–15377[4](4) Wiener A et al, 2012. BitterDB: a database of bitter compounds. Nucleic Acids Res 2012, 40 (Database issue): D413-419",,,,,,,,,,,,
PMTDB00769,C1=CC(=CC=C1C2=C(C(=O)C3=C(O2)C(=C(C=C3O)O)O)O)O,bitter,"bitter[1](1) Roland WSU et al, 2013. Bitter Taste Receptor Activation by Flavonoids and Isoflavonoids: Modeled Structural Requirements for Activation of hTAS2R14 and hTAS2R39. J Agric Food Chem 61: 10454–10466[2](2) Behrens, M., Meyerhof, W., 2017. The vertebrate gustatory system, in: Guichard, E., Salles, C., Morzel, M., Le Bon, A.-M. (Eds.), Flavour From Food to Perception. John Wiley & Sons, Ltd, Chichester, West Sussex Hoboken, NJ, pp. 57–78.[3]Wiener A et al, 2012. BitterDB: a database of bitter compounds. Nucleic Acids Res 2012, 40 (Database issue): D413-419",,,,,,,,,,,,
PMTDB00770,CC1C2CC(C(=CCCC(=CC2OC1=O)C)C)OC(=O)C,bitter,"bitter[1](1) Wiener A et al, 2012. BitterDB: a database of bitter compounds. Nucleic Acids Res 2012, 40 (Database issue): D413-419[2](2) Brockhoff A et al, 2007. Broad tuning of the human bitter taste receptor hTAS2R46 to various sesquiterpene lactones, clerodane and labdane diterpenoids, strychnine, and denatonium. J Agric Food Chem 55: 6236–6243",,,,,,,,,,,,
PMTDB00771,CC1C2CC(OC(C)=O)C(=C)C(O)CCC(C)=CC2OC1=O,bitter,"bitter[1](1) Brockhoff A et al, 2007. Broad tuning of the human bitter taste receptor hTAS2R46 to various sesquiterpene lactones, clerodane and labdane diterpenoids, strychnine, and denatonium. J Agric Food Chem 55: 6236–6243[2](2) Wiener A et al, 2012. BitterDB: a database of bitter compounds. Nucleic Acids Res 2012, 40 (Database issue): D413-419",,,,,,,,,,,,
PMTDB00772,CC1C2CC(C(=C)C(CCC(=CC2OC1=O)C)OC(=O)C)OC(=O)C,bitter,"bitter[1](1) Wiener A et al, 2012. BitterDB: a database of bitter compounds. Nucleic Acids Res 2012, 40 (Database issue): D413-419[2](2) Brockhoff A et al, 2007. Broad tuning of the human bitter taste receptor hTAS2R46 to various sesquiterpene lactones, clerodane and labdane diterpenoids, strychnine, and denatonium. J Agric Food Chem 55: 6236–6243",,,,,,,,,,,,
PMTDB00773,CCCC=CCCCCC=CC(=O)NCC(C)C,pungent,"pungent[1](1) Jacobson M., 1948. Herculin, A Pungent Insecticidal Constituent of Southern Prickly Ash Bark. Journal of the American Chemical Society 1948 70 (12), 4234-4237[2](2) Crombie, L., 1952. 574. Amides of vegetable origin. Part I. Stereoisomeric N-iso butylundeca-1: 7-diene-1-carboxyamides and the structure of herculin. J. Chem. Soc. 2997–3008",,,,,,,,,,,,
PMTDB00774,CC1=CC(=O)C(CC1)C(C)(CCC=C(C)C)O,sweet; bitter,"sweet[1](1) Belitz HD, Grosch W, Schieberle P, 2009. Food chemistry, 4th ed, Food Chemistry. Springer Berlin Heidelberg. doi: 10.1007/978-3-540-69934-7[2](2) Steglich W, Fugmann B, Lang-Fugmann S, 2000. Römpp encyclopedia natural products. Georg Thieme Verlag, Leverkusen, Ratingen, Munich, Germany. 784 pp[3](3) Compadre, C.M. et al., 1985. Hernandulcin: an intensely sweet compound discovered by review of ancient literature. Science (80-. ). 227, 417–419; bitter[1](1) Belitz HD, Grosch W, Schieberle P, 2009. Food chemistry, 4th ed, Food Chemistry. Springer Berlin Heidelberg. doi: 10.1007/978-3-540-69934-7",,,,,,,,,,,,
PMTDB00775,COC1=C(C=C(C=C1)C2CC(=O)C3=C(C=C(C=C3O2)O)O)O,bitter; sweet enhancer;,"bitter[1](1) Roland WSU et al, 2013. Bitter Taste Receptor Activation by Flavonoids and Isoflavonoids: Modeled Structural Requirements for Activation of hTAS2R14 and hTAS2R39. J Agric Food Chem 61: 10454–10466.[2](2) Wiener, A., Shudler, M., Levit, A., Niv, M.Y., 2012. BitterDB: a database of bitter compounds. Nucleic Acids Res. 40, D413–D419[3](3) Levit, A. et al., 2014. The bitter pill: clinical drugs that activate the human bitter taste receptor TAS2R14. FASEB J. Off. Publ. Fed. Am. Soc. Exp. Biol. 28, 1181–1197; sweet enhancer[4](4) Ley, J., Kindel, G., Paetz, S., Riess, T., Haug, M., Schmidtmann, R., Krammer, G., 2014. Use of hesperetin for enhancing the sweet taste. U.S. Patent No. 8,679,461. 25 Mar. 2014.;",,,,,,,,,,,,
PMTDB00777,CC(C)C=CCCCCCC(=O)NCC1=CC(=C(C=C1)O)OC,pungent,"pungent[1](1) Todd Jr., P.H. et al, 1977. Determination of pungency due to capsicum by gas-liquid chromatography. J. Food Sci. 42, 660–665[2](2) Govindarajan VS, 1979. Pungency: The Stimuli and Their Evaluation. In: Boudreau JC (ed) Food Tast. Chem. American Chemical Society, pp 3–53[3](3) Jurenitsch, J., 1981. Scharfstoffsusammensetsung in Fruchten definierter Capsicum-Sip en-Konsequenzen fur Qualitatsforderungen und taxonomische Aspekte. Sci. Pharm. 321[4](4) Krajewska, A.M., Powers, J.J., 1988. Sensory properties of naturally occurring capsaicinoids. J. Food Sci. 53, 902–905.[5](5) Boonen J, et al, 2012. Alkamid database: Chemistry, occurrence and functionality of plant N-alkylamides. J Ethnopharmacol 142: 563–590[6](6) Kim, S. et al, 2016. PubChem Substance and Compound databases. Nucleic Acids Res. 44, D1202–D1213",,,,,,,,,,,,
PMTDB00778,CC(C)CCCCCCCC(=O)NCC1=CC(=C(C=C1)O)OC,"pungent, sour (insufficient evidence)","pungent[1](1) Kosuge S, Furuta M, 1970. Studies on the Pungent Principle of Capsicum. Agric Biol Chem 34: 248–256[2](2) Masada Y, Hashimoto K, Inoue T, Suzuki M (1971) Analysis of the pungent principles of capsicum annuum by combined gas chromatography-mass spectrometry. J Food Sci 36: 858–860[3](3) Todd Jr., P.H. et al, 1977. Determination of pungency due to capsicum by gas-liquid chromatography. J. Food Sci. 42, 660–665[4](4) Jurenitsch, J., 1981. Scharfstoffsusammensetsung in Fruchten definierter Capsicum-Sip en-Konsequenzen fur Qualitatsforderungen und taxonomische Aspekte. Sci. Pharm. 321[5](5) Krajewska, A.M., Powers, J.J., 1988. Sensory properties of naturally occurring capsaicinoids. J. Food Sci. 53, 902–905.[6](6) Kiple KF, Ornelas KC, 2000. The Cambridge world history of food. Vol.1. Cambridge University Press[7](7) Boonen J, et al, 2012. Alkamid database: Chemistry, occurrence and functionality of plant N-alkylamides. J Ethnopharmacol 142: 563–590[8](8) Wishart DS et al, 2009. HMDB ID: a knowledgebase for the human metabolome. Nucleic Acids Res 37: D603-10, sour (insufficient evidence)[5](5) Krajewska, A.M., Powers, J.J., 1988. Sensory properties of naturally occurring capsaicinoids. J. Food Sci. 53, 902–905.",,,,,,,,,,,,
PMTDB00779,COC1=C(C=CC(=C1)C2CC(=O)C3=C(C=C(C=C3O2)O)O)O,bitter,"bitter[1](1) Wiener A et al, 2012. BitterDB: a database of bitter compounds. Nucleic Acids Res 2012, 40 (Database issue): D413-419[2](2) Behrens M, Meyerhof W, 2017. The vertebrate gustatory system, in: Guichard E, Salles C, Morzel M, Le Bon A-M (Eds.), Flavour From Food to Perception. John Wiley & Sons, Ltd, Chichester, West Sussex Hoboken, NJ, pp. 57–78.",,,,,,,,,,,,
PMTDB00780,C1=CC(=C(C=C1O)CC(=O)O)O,acrid,"acrid[1](1) Toyota, Masao, et al., 2001. New bitter-tasting hemiterpene glycosides from the Japanese fern Hymenophyllum barbatum. Chemical and pharmaceutical bulletin 49.12 (2001): 1567-1572.",,,,,,,,,,,,
PMTDB00781,CC1OC(OC2C(OC3=CC(O)=CC(O)=C3C2=O)C2=CC=C(O)C(O)=C2)C(O)C(OC2OC(CO)C(O)C(O)C2O)C1O,sweet,"sweet[1](1) Kasai, Ryoji, et al, 1991. An additional sweet dihydroflavonol glycoside from leaves of Engelhardtia chrysolepis, a Chinese folk medicine, Huang-qi. Chemical and pharmaceutical bulletin, 1991, 39.7: 1871-1872.[2](2) Mizutani, K., Kambara, T., et al, 1997. Antitumor-Promoting Activities of Dihydroflavonols from Kohki Tea, the Leaves of Engelhardtia chrysolepis, in: Food Factors for Cancer Prevention. Springer, pp. 607–612.",,,,,,,,,,,,
PMTDB00782,CC(=CCC1(C(=O)C(=C(C1=O)O)O)CC=C(C)C)C,bitter,"bitter[1](1) Wiener A et al, 2012. BitterDB: a database of bitter compounds. Nucleic Acids Res 2012, 40 (Database issue): D413-419[2](2) Haseleu G, Intelmann D, Hofmann T, 2009. Identification and RP-HPLC-ESI-MS/MS Quantitation of Bitter-Tasting β-Acid Transformation Products in Beer. J Agric Food Chem 2009, 57, 16, 7480–7489",,,,,,,,,,,,
PMTDB00783,CC(C)CC(=O)C1=C(C(=O)C(C1=O)(CC=C(C)C)CC=C(C)C)O,bitter,"bitter[1](1) Dresel, M. et al., 2016. The Bitter Chemodiversity of Hops (Humulus lupulus L.). J. Agric. Food Chem. 64, 7789–7799[2](2) Spetsig, L.O., Steninger, M., 1960. Hulupones, a new group of hop bitter substances. J. Inst. Brew. 66, 413–417[3](3) Rouseff RL, 1990. Bitternes in food products: an overview. In: Rouseff RL (ed) Bitternes in foods and beverages. Developments in Food Science vol. 25. Elsevier Science Publishers B.V., Amsterdam, pp 1–14[4](4) Wiener A et al, 2012. BitterDB: a database of bitter compounds. Nucleic Acids Res 2012, 40 (Database issue): D413-419[5](5) Palamand, S.R., Aldenhoff, J.M., 1973. Bitter tasting compounds of beer. Chemistry and taste properties of some hop resin compounds. J. Agric. Food Chem. 21, 535–543.[6](6) Stevens, R., 1967. The chemistry of hop constituents. Chem. Rev. 67, 19–71[7](7) Aitken, R.A. et al, 1970. The bitterness of hop‐derived materials in beer. J. Inst. Brew. 76, 29–36.",,,,,,,,,,,,
PMTDB00784,CC(C)CC(=O)C1=C(C(C(=C1O)CC=C(C)C)O)O,bitter,"bitter[1](1) Palamand, Suryanarayana R., Jeanne M., et al, 1973. ""Bitter tasting compounds of beer. Chemistry and taste properties of some hop resin compounds."" Journal of Agricultural and Food Chemistry 21.4 (1973): 535-543.",,,,,,,,,,,,
PMTDB00785,CC(C)CC(=O)C1=C(C(C(C1=O)(C(=O)CC=C(C)C)O)(CC=C(C)C)O)O,bitter,"bitter[1](1) Korte F, Barkemeyer H, Korte I, 1959. Neuere Ergebnisse der Chemie pflanzlicher Bitterstoffe, in: Abelson PH, Barkemeyer H, Bernauer K, Dimond AE, Inhoffen HH, Irmscher K, Korte F, Korte I, Kuhn H, Schroeder WA, Stowe BB, Venkataraman K, Zechmeister L (Eds.), Fortschritte Der Chemie Organischer Naturstoffe / Progress in the Chemistry of Organic Natural Products / Progrès Dans La Chimie Des Substances Organiques Naturelles. Springer Vienna, Vienna, pp. 124–182. doi: 10.1007/978-3-7091-8052-5_3",,,,,,,,,,,,
PMTDB00786,CC(C)CC(=O)C1=C(C(=C(C(C1=O)(CC=C(C)C)O)O)CC=C(C)C)O,bitter,"bitter[1](1) Rouseff RL, 1990. Bitternes in food products: an overview. In: Rouseff RL (ed) Bitternes in foods and beverages. Developments in Food Science vol. 25. Elsevier Science Publishers B.V., Amsterdam, pp 1–14[2](2) Kar A, 2003. Pharmacognosy and pharmacobiotechnology. New Age International (P) Limited, New Dehli[3](3) Intelmann D et al, 2009. Three TAS2R Bitter Taste Receptors Mediate the Psychophysical Responses to Bitter Compounds of Hops (Humulus lupulus L.) and Beer. Chemosensory Perception 2, 118-132[4](4) Behrens M, Meyerhof W, 2017. The vertebrate gustatory system, in: Guichard E, Salles C, Morzel M, Le Bon A-M (Eds.), Flavour From Food to Perception. John Wiley & Sons, Ltd, Chichester, West Sussex Hoboken, NJ, pp. 57–78.[5](5) Lossow, K. et al, 2016. Comprehensive Analysis of Mouse Bitter Taste Receptors Reveals Different Molecular Receptive Ranges for Orthologous Receptors in Mice and Humans. J. Biol. Chem. 291, 15358–15377[6](6) Wiener A et al, 2012. BitterDB: a database of bitter compounds. Nucleic Acids Res 2012, 40 (Database issue): D413-419",,,,,,,,,,,,
PMTDB00787,CC=C1C2CC3=C(C1(CC(=C2)C)N)C=CC(=O)N3,bitter,"bitter[1](1) Lian W-W, Liu A-L, Du G-H, 2018. Huperzine A, in: Du G-H (Ed.), Natural Small Molecule Drugs from Plants. Springer Singapore, Singapore, pp. 271–275. doi: 10.1007/978-981-10-8022-7_45",,,,,,,,,,,,
PMTDB00788,CN1CCC2=CC3=C(C=C2C1C4C5=C(C(=C(C=C5)OC)OC)C(=O)O4)OCO3,bitter,"bitter[1](1) Anderson, H.T., 1949. The plant alkaloids, 4th ed. J. & A. Churchill Ltd, The Blakiston Company. p.804[2](2) Sohn CE, 1894. Dictionary of the active principles of plants : alkaloids, bitter principles, glucosides, their sources, nature, and chemical characteristics, with tabular summary, classification of reactions, and full botanical and general indexes. Baillière, Tindall and Cox, London",,,,,,,,,,,,
PMTDB00789,CCC(C)C(=O)C1=C(O)C(O)(C(=O)C=CC(C)(C)OO)C(CC=C(C)C)C1=O,bitter,"bitter[1](1) Dresel M, Vogt C, et al, 2016. The Bitter Chemodiversity of Hops (Humulus lupulus L.). J Agric Food Chem. PubMed 27696843[2](2) Wiener A et al, 2012. BitterDB: a database of bitter compounds. Nucleic Acids Res 2012, 40 (Database issue): D413-419",,,,,,,,,,,,
PMTDB00790,CCC(C)C(=O)C1=C(O)C(O)(C(=O)C=CC(C)(C)OO)C(CC=C(C)C)C1=O,bitter,"bitter[1](1) Dresel M, Vogt C, et al, 2016. The Bitter Chemodiversity of Hops (Humulus lupulus L.). J Agric Food Chem. PubMed 27696843[2](2) Wiener A et al, 2012. BitterDB: a database of bitter compounds. Nucleic Acids Res 2012, 40 (Database issue): D413-419",,,,,,,,,,,,
PMTDB00791,CCC1CN2CCC1CC2C(C3=C4C=C(C=CC4=NC=C3)OC)O,bitter,"bitter[1](1) Sohn CE, 1894. Dictionary of the active principles of plants : alkaloids, bitter principles, glucosides, their sources, nature, and chemical characteristics, with tabular summary, classification of reactions, and full botanical and general indexes. Baillière, Tindall and Cox, London[2](2) Schober, P.C. et al, 1978. Low stereospecificity of quinine taste receptors. J. Pharm. Pharmacol. 30, 111–112[3](3) Gardner, R.J., 1979. Lipophilicity and the perception of bitterness. Chem. Senses 4, 275–286",,,,,,,,,,,,
PMTDB00792,C1=CC(=CC=C1O)O,sweet,"sweet[1](1) Taylor, N.W., 1928. A physico-chemical theory of sweet and bitter taste excitation based on the properties of the plasma membrane. Protoplasma 4, 1–17[2](2) Goodwin, J.C. et al., 1981. Structure-taste relationships among cyclic glycols, levoglucosan, and methyl glycopyranosides. J. Agric. Food Chem. 29, 929–935.",,,,,,,,,,,,
PMTDB00793,CC=CC=CC=CCCC=CC(=O)NCC(C)(C)O,pungent (tingling); sour;,"pungent (tingling)[1](1) Bryant B, Mezine I, 2002. Pungency and Tingling : Sensations and Mechanisms of Trigeminal Chemical Sensitivity. In: Given P, Paredes D (eds) Chem. Tast. American Chemical Society, pp 202–212[2](2) Bryant, B.P., Mezine, I., 1999. Alkylamides that produce tingling paresthesia activate tactile and thermal trigeminal neurons. Brain Res. 842, 452–460[3](3) Matsuda, H. et al 2017, The Chemical Constituents and Pharmacological / Biofunctional Effects of Ginger. J. Acad. Soc. Qual. Life 3, 1–12[4](4) Sugai, E. et al, 2005. Pungent qualities of sanshool-related compounds evaluated by a sensory test and activation of rat TRPV1. Biosci. Biotechnol. Biochem. 69, 1951–1957[5](5) Mizutani, K. et al, 1988. Amides from huajiao, pericarps of Zanthoxylum bungeanum MAXIM. Chem. Pharm. Bull. 36, 2362–2365.[6](6) Zhang, L.-L. et al, 2019. The relationship between alkylamide compound content and pungency intensity of Zanthoxylum bungeanum based on sensory evaluation and ultra-performance liquid chromatography-mass spectrometry/ mass spectrometry (UPLC-MS/MS) analysis. J. Sci. Food Agric. 99, 1475–1483. https://doi.org/10.1002/jsfa.9319; sour[1](1) Bryant B, Mezine I, 2002. Pungency and Tingling : Sensations and Mechanisms of Trigeminal Chemical Sensitivity. In: Given P, Paredes D (eds) Chem. Tast. American Chemical Society, pp 202–212;",,,,,,,,,,,,
PMTDB00794,CC=CC=CC=CCCC=CC(=O)NCC(C)(C)O,pungent (numbing); astringent; bitter; tasteless (contradictory evidence),"pungent (numbing)[1](1) Sugai, E. et al, 2005. Pungent qualities of sanshool-related compounds evaluated by a sensory test and activation of rat TRPV1. Biosci. Biotechnol. Biochem. 69, 1951–1957[2](2) Bader, M. et al, 2014. All-trans-configuration in Zanthoxylum alkylamides swaps the tingling with a numbing sensation and diminishes salivation. J. Agric. Food Chem. 62, 2479–2488[3](3) Zhang, L.-L. et al, 2019. The relationship between alkylamide compound content and pungency intensity of Zanthoxylum bungeanum based on sensory evaluation and ultra-performance liquid chromatography-mass spectrometry/ mass spectrometry (UPLC-MS/MS) analysis. J. Sci. Food Agric. 99, 1475–1483. https://doi.org/10.1002/jsfa.9319; astringent[1](1) Sugai, E. et al, 2005. Pungent qualities of sanshool-related compounds evaluated by a sensory test and activation of rat TRPV1. Biosci. Biotechnol. Biochem. 69, 1951–1957; bitter[1](1) Sugai, E. et al, 2005. Pungent qualities of sanshool-related compounds evaluated by a sensory test and activation of rat TRPV1. Biosci. Biotechnol. Biochem. 69, 1951–1957; tasteless (contradictory evidence)[4](4) Mizutani, K. et al, 1988. Amides from huajiao, pericarps of Zanthoxylum bungeanum MAXIM. Chem. Pharm. Bull. 36, 2362–2365[5](5) Bryant, B.P., Mezine, I., 1999. Alkylamides that produce tingling paresthesia activate tactile and thermal trigeminal neurons. Brain Res. 842, 452–460",,,,,,,,,,,,
PMTDB00795,CCC(C)C(=O)C1=C(O)C(O)(C(=O)C=CC(C)(C)O)C(CC=C(C)C)C1=O,bitter,"bitter[1](1) Dresel M, Vogt C, et al, 2016. The Bitter Chemodiversity of Hops (Humulus lupulus L.). J Agric Food Chem. PubMed 27696843[2](2) Wiener A et al, 2012. BitterDB: a database of bitter compounds. Nucleic Acids Res 2012, 40 (Database issue): D413-419",,,,,,,,,,,,
PMTDB00796,CC=CC=CC=CCCC=CC(=O)NCC(C)(C)O,pungent (tingling);,"pungent (tingling)[1](1) Bader, M. et al, 2014. All-trans-configuration in Zanthoxylum alkylamides swaps the tingling with a numbing sensation and diminishes salivation. J. Agric. Food Chem. 62, 2479–2488[2](2) Bryant, B.P., Mezine, I., 1999. Alkylamides that produce tingling paresthesia activate tactile and thermal trigeminal neurons. Brain Res. 842, 452–460[3](3) Zhang, L.-L. et al, 2019. The relationship between alkylamide compound content and pungency intensity of Zanthoxylum bungeanum based on sensory evaluation and ultra-performance liquid chromatography-mass spectrometry/ mass spectrometry (UPLC-MS/MS) analysis. J. Sci. Food Agric. 99, 1475–1483. https://doi.org/10.1002/jsfa.9319;",,,,,,,,,,,,
PMTDB00797,CN1C2C3=C(CCN2C(=O)C4=CC=CC=C41)C5=C(N3)C=CC(=C5)O,bitter,"bitter[1](1) Liang, X. et al, 2017. Bitterness and antibacterial activities of constituents from Evodia rutaecarpa. BMC Complement. Altern. Med. 17, 180",,,,,,,,,,,,
PMTDB00798,CC=CC=CC=CCCC=CC=CC(=O)NCC(C)(C)O,pungent (numbing);,"pungent (numbing)[1](1) Bader, M. et al, 2014. All-trans-configuration in Zanthoxylum alkylamides swaps the tingling with a numbing sensation and diminishes salivation. J. Agric. Food Chem. 62, 2479–2488[2](2) Zhang, L.-L. et al, 2019. The relationship between alkylamide compound content and pungency intensity of Zanthoxylum bungeanum based on sensory evaluation and ultra-performance liquid chromatography-mass spectrometry/ mass spectrometry (UPLC-MS/MS) analysis. J. Sci. Food Agric. 99, 1475–1483. https://doi.org/10.1002/jsfa.9319;",,,,,,,,,,,,
PMTDB00799,CC=CC=CC=CCCC=CC=CC(=O)NCC(C)(C)O,pungent (tingling);,"pungent (tingling)[1](1) Bader, M. et al, 2014. All-trans-configuration in Zanthoxylum alkylamides swaps the tingling with a numbing sensation and diminishes salivation. J. Agric. Food Chem. 62, 2479–2488[2](2) Mizutani, K. et al, 1988. Amides from huajiao, pericarps of Zanthoxylum bungeanum MAXIM. Chem. Pharm. Bull. 36, 2362–2365[3](3) Zhang, L.-L. et al, 2019. The relationship between alkylamide compound content and pungency intensity of Zanthoxylum bungeanum based on sensory evaluation and ultra-performance liquid chromatography-mass spectrometry/ mass spectrometry (UPLC-MS/MS) analysis. J. Sci. Food Agric. 99, 1475–1483. https://doi.org/10.1002/jsfa.9319;",,,,,,,,,,,,
PMTDB00800,C1CC2C3CC(CN2C(=O)C1)C4CC(CCN4C3)O,bitter,"bitter[1](1) Bleitgen R et al, 1979. Die Lupine—ein Beitrag zur Nahrungsversorgung in den Anden. Z. Ernahrungswiss. 18, 104–111.",,,,,,,,,,,,
PMTDB00801,CCC(C)C(=O)C1=C(O)C(O)(C(=O)C=CC(C)(C)O)C(CC=C(C)C)C1=O,bitter,"bitter[1](1) Dresel M, Vogt C, et al, 2016. The Bitter Chemodiversity of Hops (Humulus lupulus L.). J Agric Food Chem. PubMed 27696843[2](2) Wiener A et al, 2012. BitterDB: a database of bitter compounds. Nucleic Acids Res 2012, 40 (Database issue): D413-419",,,,,,,,,,,,
PMTDB00802,C=C1C2C(CC34C(O3)CCC(=CC2OC1=O)COC4O)OC(=O)C(=C)CO,bitter,"bitter[1](1) Koshimizu, K. et al, 1994. Use of Vernonia amygdalina by wild chimpanzee: Possible roles of its bitter and related constituents. Physiol. Behav. 56, 1209–1216",,,,,,,,,,,,
PMTDB00803,CC=CCCC=CCCC=CC=CC(=O)NCC(C)(C)O,pungent (tingling);,"pungent (tingling)[1](1) Bader, M. et al, 2014. All-trans-configuration in Zanthoxylum alkylamides swaps the tingling with a numbing sensation and diminishes salivation. J. Agric. Food Chem. 62, 2479–2488[2](2) Zhang, L.-L. et al, 2019. The relationship between alkylamide compound content and pungency intensity of Zanthoxylum bungeanum based on sensory evaluation and ultra-performance liquid chromatography-mass spectrometry/ mass spectrometry (UPLC-MS/MS) analysis. J. Sci. Food Agric. 99, 1475–1483. https://doi.org/10.1002/jsfa.9319;",,,,,,,,,,,,
PMTDB00804,CC(=O)CC1CCCN1C,pungent (insufficient evidence),"pungent (insufficient evidence)[1](1) Sohn CE, 1894. Dictionary of the active principles of plants : alkaloids, bitter principles, glucosides, their sources, nature, and chemical characteristics, with tabular summary, classification of reactions, and full botanical and general indexes. Baillière, Tindall and Cox, London",,,,,,,,,,,,
PMTDB00805,CC(=CCO)COC1C(C(C(C(O1)CO)O)OC(=O)CC2=CC=C(C=C2)O)OC(=O)CC3=CC=C(C=C3)O,bitter,"bitter[1](1) Oiso, Y.et al, 2001. Hymenosides AF, six new hemiterpene glucosides from the Japanese fern Hymenophyllum barbatum. Chem. Pharm. Bull. 49, 126–128.",,,,,,,,,,,,
PMTDB00806,CC(=CCO)COC1C(C(C(C(O1)CO)O)OC(=O)CC2=CC(=C(C=C2)O)O)OC(=O)CC3=CC(=C(C=C3)O)O,bitter,"bitter[1](1) Oiso, Y., Toyota, M., Asakawa, Y., 2001. Hymenosides AF, six new hemiterpene glucosides from the Japanese fern Hymenophyllum barbatum. Chem. Pharm. Bull. 49, 126–128.",,,,,,,,,,,,
PMTDB00807,CC(=CCO)COC1C(C(C(C(O1)CO)O)OC(=O)CC2=CC=C(C=C2)O)OC(=O)CC3=CC(=C(C=C3)O)O,bitter,"bitter[1](1) Oiso, Y., Toyota, M., Asakawa, Y., 2001. Hymenosides AF, six new hemiterpene glucosides from the Japanese fern Hymenophyllum barbatum. Chem. Pharm. Bull. 49, 126–128.",,,,,,,,,,,,
PMTDB00808,CC(=CCO)COC1C(C(C(C(O1)CO)O)OC(=O)CC2=CC(=C(C=C2)O)O)OC(=O)CC3=CC=C(C=C3)O,bitter,"bitter[1](1) Oiso, Y., Toyota, M., Asakawa, Y., 2001. Hymenosides AF, six new hemiterpene glucosides from the Japanese fern Hymenophyllum barbatum. Chem. Pharm. Bull. 49, 126–128.",,,,,,,,,,,,
PMTDB00809,CC(=CCO)COC1C(C(C(C(O1)COC(=O)CC2=CC(=C(C=C2)O)O)O)O)OC(=O)CC3=CC(=C(C=C3)O)O,bitter,"bitter[1](1) Oiso, Y., Toyota, M., Asakawa, Y., 2001. Hymenosides AF, six new hemiterpene glucosides from the Japanese fern Hymenophyllum barbatum. Chem. Pharm. Bull. 49, 126–128.",,,,,,,,,,,,
PMTDB00810,CC(=CCO)COC1C(C(C(C(O1)COC(=O)CC2=CC(=C(C=C2)O)O)O)OC(=O)CC3=CC=C(C=C3)O)OC(=O)CC4=CC(=C(C=C4)O)O,bitter,"bitter[1](1) Oiso, Y., Toyota, M., Asakawa, Y., 2001. Hymenosides AF, six new hemiterpene glucosides from the Japanese fern Hymenophyllum barbatum. Chem. Pharm. Bull. 49, 126–128.",,,,,,,,,,,,
PMTDB00811,C1=CC(=C(C=C1CC(=O)OCC2C(C(C(C(O2)OCC(=CCO)CO)OC(=O)CC3=CC(=C(C=C3)O)O)OC(=O)CC4=CC(=C(C=C4)O)O)O)O)O,bitter,"bitter[1](1) Toyota, Masao, et al., 2001. New bitter-tasting hemiterpene glycosides from the Japanese fern Hymenophyllum barbatum. Chemical and pharmaceutical bulletin 49.12 (2001): 1567-1572.[2](2) Toyota, M.et al, 2002. New glycosides from the Japanese fern Hymenophyllum barbatum. Chem. Pharm. Bull. 50, 508–514.",,,,,,,,,,,,
PMTDB00812,C1=CC(=C(C=C1CC(=O)OCC2C(C(C(C(O2)OCC(=CCO)CO)O)OC(=O)CC3=CC(=C(C=C3)O)O)OC(=O)CC4=CC(=C(C=C4)O)O)O)O,bitter,"bitter[1](1) Toyota, Masao, Yasushi Oiso, et al., 2001. ""New bitter-tasting hemiterpene glycosides from the Japanese fern Hymenophyllum barbatum."" Chemical and pharmaceutical bulletin 49.12 (2001): 1567-1572.[2](2) Toyota, M.et al, 2002. New glycosides from the Japanese fern Hymenophyllum barbatum. Chem. Pharm. Bull. 50, 508–514.",,,,,,,,,,,,
PMTDB00813,CC1CC(CC(=O)O1)OC2C(C(C(C(O2)CO)O)OC(=O)CC3=CC=C(C=C3)O)OC(=O)CC4=CC=C(C=C4)O,bitter,"bitter[1](1) Toyota, Masao, Yasushi Oiso, et al., 2001. ""New bitter-tasting hemiterpene glycosides from the Japanese fern Hymenophyllum barbatum."" Chemical and pharmaceutical bulletin 49.12 (2001): 1567-1572.",,,,,,,,,,,,
PMTDB00814,CC(=CCO)COC1C(C(C(C(O1)CO)O)OC(=O)CC2=CC=CC=C2)OC(=O)CC3=CC(=C(C=C3)O)O,bitter,"bitter[1](1) Toyota, Masao, Yasushi Oiso, et al., 2001. ""New bitter-tasting hemiterpene glycosides from the Japanese fern Hymenophyllum barbatum."" Chemical and pharmaceutical bulletin 49.12 (2001): 1567-1572.",,,,,,,,,,,,
PMTDB00815,CC(=CCO)COC1C(C(C(C(O1)CO)O)O)OC(=O)CC2=CC(=C(C=C2)O)O,bitter; acrid; pungent,"bitter[1](1) Toyota, M.et al, 2002. New glycosides from the Japanese fern Hymenophyllum barbatum. Chem. Pharm. Bull. 50, 508–514.; acrid[1](1) Toyota, M.et al, 2002. New glycosides from the Japanese fern Hymenophyllum barbatum. Chem. Pharm. Bull. 50, 508–514.; pungent[1](1) Toyota, M.et al, 2002. New glycosides from the Japanese fern Hymenophyllum barbatum. Chem. Pharm. Bull. 50, 508–514.",,,,,,,,,,,,
PMTDB00816,C1=CC(=C(C=C1CC(=O)OCC2C(C(C(C(O2)OCC(=CCO)CO)O)O)O)O)O,bitter; acrid; pungent,"bitter[1](1) Toyota, M.et al, 2002. New glycosides from the Japanese fern Hymenophyllum barbatum. Chem. Pharm. Bull. 50, 508–514.; acrid[1](1) Toyota, M.et al, 2002. New glycosides from the Japanese fern Hymenophyllum barbatum. Chem. Pharm. Bull. 50, 508–514.; pungent[1](1) Toyota, M.et al, 2002. New glycosides from the Japanese fern Hymenophyllum barbatum. Chem. Pharm. Bull. 50, 508–514.",,,,,,,,,,,,
PMTDB00817,CC(=CCO)COC1C(C(C(C(O1)CO)O)OC(=O)CC2=CC(=C(C=C2)O)O)O,bitter; acrid; pungent,"bitter[1](1) Toyota, M.et al, 2002. New glycosides from the Japanese fern Hymenophyllum barbatum. Chem. Pharm. Bull. 50, 508–514.; acrid[1](1) Toyota, M.et al, 2002. New glycosides from the Japanese fern Hymenophyllum barbatum. Chem. Pharm. Bull. 50, 508–514.; pungent[1](1) Toyota, M.et al, 2002. New glycosides from the Japanese fern Hymenophyllum barbatum. Chem. Pharm. Bull. 50, 508–514.",,,,,,,,,,,,
PMTDB00818,CC(=CCO)COC1C(C(C(C(O1)COC(=O)CC2=CC(=C(C=C2)O)O)O)O)O,bitter; acrid; pungent,"bitter[1](1) Toyota, M.et al, 2002. New glycosides from the Japanese fern Hymenophyllum barbatum. Chem. Pharm. Bull. 50, 508–514.; acrid[1](1) Toyota, M.et al, 2002. New glycosides from the Japanese fern Hymenophyllum barbatum. Chem. Pharm. Bull. 50, 508–514.; pungent[1](1) Toyota, M.et al, 2002. New glycosides from the Japanese fern Hymenophyllum barbatum. Chem. Pharm. Bull. 50, 508–514.",,,,,,,,,,,,
PMTDB00819,CC(=CCO)COC1C(C(C(C(O1)CO)O)O)OC(=O)CC2=CC=C(C=C2)O,bitter; acrid; pungent,"bitter[1](1) Toyota, M.et al, 2002. New glycosides from the Japanese fern Hymenophyllum barbatum. Chem. Pharm. Bull. 50, 508–514.; acrid[1](1) Toyota, M.et al, 2002. New glycosides from the Japanese fern Hymenophyllum barbatum. Chem. Pharm. Bull. 50, 508–514.; pungent[1](1) Toyota, M.et al, 2002. New glycosides from the Japanese fern Hymenophyllum barbatum. Chem. Pharm. Bull. 50, 508–514.",,,,,,,,,,,,
PMTDB00820,CC(=CCO)COC1C(C(C(C(O1)COC(=O)C2=CC=C(C=C2)O)O)O)O,bitter; acrid; pungent,"bitter[1](1) Toyota, M.et al, 2002. New glycosides from the Japanese fern Hymenophyllum barbatum. Chem. Pharm. Bull. 50, 508–514.; acrid[1](1) Toyota, M.et al, 2002. New glycosides from the Japanese fern Hymenophyllum barbatum. Chem. Pharm. Bull. 50, 508–514.; pungent[1](1) Toyota, M.et al, 2002. New glycosides from the Japanese fern Hymenophyllum barbatum. Chem. Pharm. Bull. 50, 508–514.",,,,,,,,,,,,
PMTDB00821,CC1CC(CC(=O)O1)OC2C(C(C(C(O2)CO)O)O)OC(=O)CC3=CC(=C(C=C3)O)O,bitter; acrid; pungent,"bitter[1](1) Toyota, M.et al, 2002. New glycosides from the Japanese fern Hymenophyllum barbatum. Chem. Pharm. Bull. 50, 508–514.; acrid[1](1) Toyota, M.et al, 2002. New glycosides from the Japanese fern Hymenophyllum barbatum. Chem. Pharm. Bull. 50, 508–514.; pungent[1](1) Toyota, M.et al, 2002. New glycosides from the Japanese fern Hymenophyllum barbatum. Chem. Pharm. Bull. 50, 508–514.",,,,,,,,,,,,
PMTDB00822,COC1=C(C=C2C(=C1)C=CC(=O)O2)OC3C(C(C(C(O3)COC4C(C(CO4)(CO)O)O)O)O)O,bitter,"bitter[1](1) Rao, P. S., Asheervadam, Y., et al., 1988. Hymexelsin, an apiose-containing scopoletin glycoside from the stem bark of Hymenodictyon excelsum. Journal of",,,,,,,,,,,,
PMTDB00823,CN1C2CCC1CC(C2)OC(=O)C(CO)C3=CC=CC=C3,bitter (insufficient evidence); sharp (insufficient evidence),"bitter (insufficient evidence)[1](1) Després L, David J-P, Gallet C, 2007. The evolutionary ecology of insect resistance to plant chemicals. Trends Ecol. Evol. 22, 298–307.; sharp (insufficient evidence)[2](2) Sohn CE, 1894. Dictionary of the active principles of plants : alkaloids, bitter principles, glucosides, their sources, nature, and chemical characteristics, with tabular summary, classification of reactions, and full botanical and general indexes. Baillière, Tindall and Cox, London",,,,,,,,,,,,
PMTDB00824,CC1=CC(=O)C2=C(C3=C(C=C(C4=C3C5=C2C1=C6C(=CC(=O)C7=C(C8=C(C=C(C4=C8C5=C67)O)O)O)C)O)O)O,bitter (insufficient evidence),"bitter (insufficient evidence)[1](1) Jenkins, L., & Jackman, E. R., 1938. St. Johnswort. Extension Bulletin, 518, 1–4",,,,,,,,,,,,
PMTDB00825,C1=CC(=C(C=C1C2=C(C(=O)C3=C(C=C(C=C3O2)O)O)OC4C(C(C(C(O4)CO)O)O)O)O)O,astringent; non bitter,"astringent[1](1) Stark, T., Bareuther, S., Hofmann, T., 2005. Sensory-Guided Decomposition of Roasted Cocoa Nibs (Theobroma cacao) and Structure Determination of Taste-Active Polyphenols. J. Agric. Food Chem. 53, 5407–5418[2](2) Schwarz, B., Hofmann, T., 2007. Sensory-guided decomposition of red currant juice (Ribes rubrum) and structure determination of key astringent compounds. J. Agric. Food Chem. 55, 1394–1404[3](3) Gonzalo-Diago, A. et al, 2014. Contribution of low molecular weight phenols to bitter taste and mouthfeel properties in red wines. Food Chem. 154, 187–198[4](4) Scharbert, S. et al, 2004. Identification of the Astringent Taste Compounds in Black Tea Infusions by Combining Instrumental Analysis and Human Bioresponse. J. Agric. Food Chem. 52, 3498–3508; non bitter[1](1) Stark, T., Bareuther, S., Hofmann, T., 2005. Sensory-Guided Decomposition of Roasted Cocoa Nibs (Theobroma cacao) and Structure Determination of Taste-Active Polyphenols. J. Agric. Food Chem. 53, 5407–5418",,,,,,,,,,,,
PMTDB00826,CC12CCC3C(C14C(O4)C(=O)OC2C5=COC=C5)(C(=O)CC(C36COC(=O)CC6O)C(C)(C)O)C,bitter,"bitter[1](1) Dreyer, D.L., 1966. Citrus Bitter Principles. VI.1 Ichangin. J. Org. Chem. 31, 2279–2281[2](2) Hasegawa, S. et al, 1996. Analysis of bitter principles in Citrus, in: Fruit Analysis. Springer, pp. 59–80.",,,,,,,,,,,,
PMTDB00827,C1CCN(CC1)C(=O)C=CC2=CC3=C(C=C2)OCO3,"pungent (tingling, hot, irritating); umami","pungent (tingling, hot, irritating)[1](1) Obst K et al, 2017. Sensory active piperine analogues from Macropiper excelsum and their effects on intestinal nutrient uptake in Caco-2 cells. Phytochemistry, 135, 181–190.; umami[1](1) Obst K et al, 2017. Sensory active piperine analogues from Macropiper excelsum and their effects on intestinal nutrient uptake in Caco-2 cells. Phytochemistry, 135, 181–190.",,,,,,,,,,,,
PMTDB00828,CC1CCC2(CCC3(C(=CCC4C3(CCC5C4(CCC(C5(C)C)OC6C(C(C(CO6)O)OC7C(C(C(C(O7)CO)O)O)O)O)C)C)C2C1(C)O)C)C(=O)OC8C(C(C(C(O8)CO)O)O)O,bitter,"bitter[1](1) Taketa, Alexandre T. C.; BREITMAIER, Eberhard, 2004. Triterpenes and triterpenoidal glycosides from the fruits of Ilex paraguariensis (Maté). J. Braz. Chem. Soc. 2004,15 (2): 205-211",,,,,,,,,,,,
PMTDB00829,CC1CCC2C(C3CCC4C(C3CN2C1)CC5C4CC(=O)C6C5(CCC(C6)O)C)(C)O,bitter,"bitter[1](1) Sohn CE, 1894. Dictionary of the active principles of plants : alkaloids, bitter principles, glucosides, their sources, nature, and chemical characteristics, with tabular summary, classification of reactions, and full botanical and general indexes. Baillière, Tindall and Cox, London[2](2) Fragner K, 1888. Ein neues Alkaloïd «Imperialin». Eur J Inorg Chem 21: 3284–3287",,,,,,,,,,,,
PMTDB00830,C1=CC=C2C(=C1)C(=CN2)OC3C(C(C(C(O3)CO)O)O)O,bitter,"bitter[1](1) Sohn CE, 1894. Dictionary of the active principles of plants : alkaloids, bitter principles, glucosides, their sources, nature, and chemical characteristics, with tabular summary, classification of reactions, and full botanical and general indexes. Baillière, Tindall and Cox, London[2](2) Hoogewerff S, Meulen H Ter, 1899. Contribution to the knowledge of indican. K Ned Akad van Wet Proc Ser B Phys Sci 2: 520–525",,,,,,,,,,,,
PMTDB00831,C1=CC=C2C(=C1)C(=CN2)CC(=O)O,astringent,"astringent[1](1) Schwarz, B., Hofmann, T., 2007. Isolation, structure determination, and sensory activity of mouth-drying and astringent nitrogen-containing phytochemicals isolated from red currants (Ribes rubrum). J. Agric. Food Chem. 55, 1405–1410",,,,,,,,,,,,
PMTDB00832,C1CC2=CC(=O)N3C4=CC=CC=C4C5=C3C2=[N+](C1)C=C5.[Cl-],bitter,"bitter[1](1) Steglich W, Fugmann B, Lang-Fugmann S, 2000. Römpp encyclopedia natural products. Georg Thieme Verlag, Leverkusen, Ratingen, Munich, Germany. 784 pp",,,,,,,,,,,,
PMTDB00833,C1(C(C(C(C(C1O)O)O)O)O)O,sweet,"sweet[1](1) Moskowitz, H.R., 1971. The Sweetness and Pleasantness of Sugars. Am. J. Psychol. 84, 387–405[2](2) Birch, G.G. et al, 1975. The stereochemistry of sweetness. Starch‐Stärke 27, 51–56[3](3) Polya G, 2003. Biochemical Targets of Plant Bioactive Compounds: A Pharmacological Reference Guide to Sites of Action and Biological Effects. CRC Press[4](4) Hufnagel, J.C., Hofmann, T., 2008. Quantitative reconstruction of the nonvolatile sensometabolome of a red wine. J. Agric. Food Chem. 56, 9190–9199[5](5) Sonntag, T. et al, 2010. Sensory-guided identification of N- (1-methyl-4-oxoimidazolidin-2-ylidene)-alpha-amino acids as contributors to the thick-sour and mouth-drying orosensation of stewed beef juice. J. Agric. Food Chem. 58, 6341–6350[6](6) Cheron JB et al, 2017. Sweetness prediction of natural compounds. Food Chem 221: 1421–1425[7](7) Ahmed J et al, 2011. SuperSweet—a resource on natural and artificial sweetening agents. Nucleic Acids Res 39: D377–D382[8](8) Awuci, C.G., Echeta, KC., 2019. Current developments in sugar alcohols: chemistry, nutrition, and health concerns of sorbitol, xylitol, glycerol, arabitol, inositol, maltitol, and lactitol. Int. J. Adv. Acad. Res. 5, 2488–9849[9](9) Schimpf, K. et al, 2012. Determination of Myo-Inositol (Free and Bound as Phosphatidylinositol) in Infant Formula and Adult Nutritionals by Liquid Chromatography/Pulsed Amperometry with Column Switching: First Action 2011.18. J. AOAC Int. 95, 937–942",,,,,,,,,,,,
PMTDB00834,C(C1C(C(C(C(O1)OC2(C(C(C(O2)CO)O)O)COC3(C(C(C(O3)CO)O)O)COC4(C(C(C(O4)CO)O)O)COC5(C(C(C(O5)CO)O)O)COC6(C(C(C(O6)CO)O)O)COC7(C(C(C(O7)CO)O)O)COC8(C(C(C(O8)CO)O)O)COC9(C(C(C(O9)CO)O)O)COC1(C(C(C(O1)CO)O)O)COC1(C(C(C(O1)CO)O)O)COC1(C(C(C(O1)CO)O)O)COC1(C(C(C(O1)CO)O)O)COC1(C(C(C(O1)CO)O)O)COC1(C(C(C(O1)CO)O)O)COC1(C(C(C(O1)CO)O)O)COC1(C(C(C(O1)CO)O)O)COC1(C(C(C(O1)CO)O)O)COC1(C(C(C(O1)CO)O)O)COC1(C(C(C(O1)CO)O)O)COC1(C(C(C(O1)CO)O)O)COC1(C(C(C(O1)CO)O)O)COC1(C(C(C(O1)CO)O)O)COC1(C(C(C(O1)CO)O)O)COC1(C(C(C(O1)CO)O)O)COC1(C(C(C(O1)CO)O)O)COC1(C(C(C(O1)CO)O)O)COC1(C(C(C(O1)CO)O)O)COC1(C(C(C(O1)CO)O)O)COC1(C(C(C(O1)CO)O)O)COC1(C(C(C(O1)CO)O)O)COC1(C(C(C(O1)CO)O)O)COC1(C(C(C(O1)CO)O)O)COC1(C(C(C(O1)CO)O)O)COC1(C(C(C(O1)CO)O)O)COC1(C(C(C(O1)CO)O)O)COC1(C(C(C(O1)CO)O)O)COC1(C(C(C(O1)CO)O)O)CO)O)O)O)O,sweet,"sweet[1](1) Ahmed J et al, 2011. SuperSweet—a resource on natural and artificial sweetening agents. Nucleic Acids Res 39: D377–D382[2](2) Khan, I.A., Abourashed, E.A., 2010. Leung’s Encyclopedia of Common Natural Ingredients Used in Food, Drugs, and Cosmetics, 3rd ed. John Wiley & Sons, Inc., Hoboken, New Jersey[3](3) FooDB (WWW Document), n.d. URL http: //foodb.ca/",,,,,,,,,,,,
PMTDB00835,CC(C1C23C(O2)C4C5C(C(C6C(C5(C3=CC(=O)O1)C)O6)O)(C(=O)O4)C)O,bitter,"bitter[1](1) Itô, S. et al, 1968. Structure of inumakilactone a, a bisnorditerpenoid. Tetrahedron Lett. 9, 2065–2070[2](2) Steglich W, Fugmann B, Lang-Fugmann S, 2000. Römpp encyclopedia natural products. Georg Thieme Verlag, Leverkusen, Ratingen, Munich, Germany. 784 pp",,,,,,,,,,,,
PMTDB00836,CC1(CCC2(C1C(OC=C2C(=O)OC)OC3C(C(C(C(O3)CO)O)O)O)O)O,bitter (insufficient evidence),"bitter (insufficient evidence)[1](1) Lans C et al, 2000. Medicinal plants used for dogs in Trinidad and Tobago. Prev. Vet. Med. 45, 201–220.[2](2) Bernays, E., De Luca, C., 1981. Insect antifeedant properties of an iridoid glycoside: ipolamiide. Experientia 37, 1289–1290",,,,,,,,,,,,
PMTDB00837,CC(C)CC(=O)CC1(CCC(O1)C2=COC=C2)C,bitter,"bitter[1](1) Fenwick GR, Curl CL, Griffiths NM, Heaney R.K. Price K.R., 1990. Bitter principles in food plants. In: Rouseff RL (ed) Bitternes in foods and beverages. Developments in Food Science vol. 25. Elsevier Science Publishers B.V., Amsterdam, pp 205–250[2](2) Kubota, T., Kubo, I., 1969. Bitterness and chemical structure. Nature 223, 97–99[3](3) Hegnauer, R., 1964. Chemotaxonomie der Pflanzen - Eine Übersicht über die Verbreitung und die systematische Bedeutung der Pflanzenstoffe. Band 3: Dicotyledoneae: Acanthaceae — Cyrillaceae | R. Hegnauer | Springer",,,,,,,,,,,,
PMTDB00838,CC1=CCCC2=CC(C3C(C1)OC(=O)C3=C)OC2=O,pungent (insufficient evidence),"pungent (insufficient evidence)[1](1) Borgonovo G et al, 2019. Isothiocyanates and Glucosinolates from Sisymbrium officinale (L.) Scop. (“the Singers’’ Plant""): Isolation and in Vitro Assays on the Somatosensory and Pain Receptor TRPA1 Channel.” Molecules 24. doi: 10.3390/molecules24050949.[2](2) Giorgi A et al, 2017. Extracts and compounds active on TRP ion channels from Waldheimia glabra, a ritual medicinal plant from Himalaya. Phytomedicine 32, 80–87. doi: https://doi.org/10.1016/j.phymed.2017.04.012",,,,,,,,,,,,
PMTDB00839,CCC(C)C(=O)C1=C(C(C(C1=O)CC=C(C)C)(C(=O)CC=C(C)C)O)O,bitter,"bitter[1](1) Intelmann D et al, 2009. Three TAS2R Bitter Taste Receptors Mediate the Psychophysical Responses to Bitter Compounds of Hops (Humulus lupulus L.) and Beer. Chemosensory Perception 2, 118-132[2](2) Wiener A et al, 2012. BitterDB: a database of bitter compounds. Nucleic Acids Res 2012, 40 (Database issue): D413-419",,,,,,,,,,,,
PMTDB00840,CCC(C)C(=O)C1=C(C(C(C1=O)CC=C(C)C)(C(=O)CC=C(C)C)O[Si](C)(C)C)O[Si](C)(C)C,bitter,"bitter[1](1) Intelmann D et al, 2009. Three TAS2R Bitter Taste Receptors Mediate the Psychophysical Responses to Bitter Compounds of Hops (Humulus lupulus L.) and Beer. Chemosensory Perception 2, 118-132[2](2) Wiener A et al, 2012. BitterDB: a database of bitter compounds. Nucleic Acids Res 2012, 40 (Database issue): D413-419",,,,,,,,,,,,
PMTDB00841,CC12CCCC(=C)C1CC3C(C2)OC(=O)C3=C,pungent (insufficient evidence),"pungent (insufficient evidence)[1](1) Borgonovo G, et al, 2019. Isothiocyanates and Glucosinolates from Sisymbrium officinale (L.) Scop. (“the Singers’’ Plant""): Isolation and in Vitro Assays on the Somatosensory and Pain Receptor TRPA1 Channel.” Molecules 24. doi: 10.3390/molecules24050949.[2](2) Giorgi A, et al, 2017. Extracts and compounds active on TRP ion channels from Waldheimia glabra, a ritual medicinal plant from Himalaya. Phytomedicine 32, 80–87. doi.org/10.1016/j.phymed.2017.04.012.",,,,,,,,,,,,
PMTDB00842,CC(C)CCOC(=O)C1=CC=CC=C1,sweet; fruity,"sweet[1](1) Burdock GA, 2010. Fenaroli’s Handbook of Flavor Ingredients, Sixth. CRC Press, Taylor and Francis Group, Boca Raton London New York; fruity[1](1) Burdock GA, 2010. Fenaroli’s Handbook of Flavor Ingredients, Sixth. CRC Press, Taylor and Francis Group, Boca Raton London New York",,,,,,,,,,,,
PMTDB00843,CC12CCC(C(C1CCC3(C2CC(O3)C4=CCOC4=O)C)(C)CO)O,bitter (insufficient evidence),"bitter (insufficient evidence)[1](1) Thakur AK et al, 2014. Andrographolides and traditionally used Andrographis paniculata as potential adaptogens: Implications for therapeutic innovation. Tang Humanitas Med 4: 15.1-15.14",,,,,,,,,,,,
PMTDB00844,CCC=CCC=CCCC=CC=CC(=O)NCC(C)(C)O,pungent (tingling);,"pungent (tingling)[1](1) Bader, M. et al, 2014. All-trans-configuration in Zanthoxylum alkylamides swaps the tingling with a numbing sensation and diminishes salivation. J. Agric. Food Chem. 62, 2479–2488[2](2) Zhang, L.-L. et al, 2019. The relationship between alkylamide compound content and pungency intensity of Zanthoxylum bungeanum based on sensory evaluation and ultra-performance liquid chromatography-mass spectrometry/ mass spectrometry (UPLC-MS/MS) analysis. J. Sci. Food Agric. 99, 1475–1483. https://doi.org/10.1002/jsfa.9319;",,,,,,,,,,,,
PMTDB00845,CC(C)COC(=O)C=CC1=CC=CC=C1,sweet,"sweet[1](1) Burdock GA, 2010. Fenaroli’s Handbook of Flavor Ingredients, Sixth. CRC Press, Taylor and Francis Group, Boca Raton London New York",,,,,,,,,,,,
PMTDB00846,C1CCN(CC1)C(=O)C=CC=CC2=CC3=C(C=C2)OCO3,pungent,"pungent[1](1) Yamamoto, Y. et al, 1974. Studies on the Pungent Constituents in Black Pepper (Piper nigrum L.). Nippon Shokuhin Kogyo Gakkaishi 21, 476–482[2](2) Ternes, W., Krause, E.L., 2002. Characterization and determination of piperine and piperine isomers in eggs. Anal. Bioanal. Chem. 374, 155–160",,,,,,,,,,,,
PMTDB00847,CC12CCC3C(=O)OC(CC3(C1C4C=CC2(C(=O)O4)O)C)C5=COC=C5,bitter,"bitter[1](1) Ramstad E et al., 1975. The bitter principles of Dioscoreophyllum cumminsii seed. Phytochemistry 14, 2719–2720",,,,,,,,,,,,
PMTDB00848,CC1(CCCC2(C1CCC3(C2CC=C(C3C=O)C=O)C)C)C,pungent,"pungent[1](1) Abe M., Ozawa Y,, 2002. Biosci. Biotechnol. Biochem., 66 (12), 2698–2700, 2002, Labdane-type Diterpene Dialdehyde, Pungent Principle of Myoga, Zingiber mioga Roscoe",,,,,,,,,,,,
PMTDB00849,CC(=O)OC1CC(C2(C3CCC4C(C3(C(CC2C1(C)C)O)C(=O)C4=C)O)C)O,bitter,"bitter[1](1) Fujita E, Node M, 1984. Diterpenoids of Rabdosia Species, in: Fujita E, Johne S, Kasai R, Node M, Tanaka O, Herz W, Grisebach H, Kirby GW, Tamm C (Eds.), Fortschritte Der Chemie Organischer Naturstoffe / Progress in the Chemistry of Organic Natural Products. Springer Vienna, Vienna, pp. 77–157. doi: 10.1007/978-3-7091-8759-3_3",,,,,,,,,,,,
PMTDB00850,CC(=O)OCC12C(CCC(C)(C)C1C=O)OC(=O)C13CC(CC(O)C21)C(=C)C3=O,bitter,"bitter[1](1) Fujita E, Node M, 1984. Diterpenoids of Rabdosia Species, in: Fujita E, Johne S, Kasai R, Node M, Tanaka O, Herz W, Grisebach H, Kirby GW, Tamm C (Eds.), Fortschritte Der Chemie Organischer Naturstoffe / Progress in the Chemistry of Organic Natural Products. Springer Vienna, Vienna, pp. 77–157. doi: 10.1007/978-3-7091-8759-3_3",,,,,,,,,,,,
PMTDB00851,CC(C)C=CC(=O)C1=COC=C1,pungent (insufficient evidence),"pungent (insufficient evidence)[1](1) Borgonovo G, et al, 2019. Isothiocyanates and Glucosinolates from Sisymbrium officinale (L.) Scop. (“the Singers’’ Plant""): Isolation and in Vitro Assays on the Somatosensory and Pain Receptor TRPA1 Channel.” Molecules 24. doi: 10.3390/molecules24050949.[2](2) Giorgi A, et al. 2017. Extracts and compounds active on TRP ion channels from Waldheimia glabra, a ritual medicinal plant from Himalaya. Phytomedicine 32, 80–87. doi: https://doi.org/10.1016/j.phymed.2017.04.012.",,,,,,,,,,,,
PMTDB00852,CC=CC1=CC(=C(C=C1)O)OC,"pungent (burning), sweet","pungent (burning)[1](1) Kulka, K., 1967. Aspects of functional groups and flavor. J. Agric. Food Chem. 15, 48–57[2](2) Wishart DS et al, 2009. HMDB: a knowledgebase for the human metabolome. Nucleic Acids Res 37: D603-10, sweet[3](3) Arctander, S., 1969. Perfume and Flavor Chemicals (Aroma Chemicals) Vol.1. Allured Publishing Corporation",,,,,,,,,,,,
PMTDB00853,COC1=C(C(=C2C(=C1)C=CC(=O)O2)OC)O,bitter,"bitter[1](1) Moraal LG, Goedhart PW, 1999. Differences in palatability of Fraxinus excelsior L., for the vole, Microtus arvalis,and the scale, Pseudochermes fraxini L. In: Lieutier F, Mattson WJ, Wagner MR (eds) Physiol. Genet. Tree-Phytophage Interact. Int. Symp. lnstitut National de la Recherche Agronornique (INRA) International Union of Forestry Research Organizations (IUFRO), Gujan (France), pp 111–121",,,,,,,,,,,,
PMTDB00854,CC(C)CC(=O)C1=C(C(C(C1=O)CC=C(C)C)(C(=O)CC=C(C)C)O)O,bitter,"bitter[1](1) Wiener A et al, 2012. BitterDB: a database of bitter compounds. Nucleic Acids Res 2012, 40 (Database issue): D413-419[2](2) Guinard JX, Hong DY, Zoumas-Morse C, Budwig C, Russell GF, 1994. Chemoreception and perception of the bitterness of isohumulones. Physiol. Behav. 56, 1257–1263[3](3) Kreutzmann S, Christensen LP, Edelenbos M. Investigation of bitterness in carrots (Daucus carota L.) based on quantitative chemical and sensory analyses. LWT - Food Science and Technology 2008, 41 (2): 193-205",,,,,,,,,,,,
PMTDB00855,CC(C)CC(=O)C1=C(C(C(C1=O)CC=C(C)C)(C(=O)CC=C(C)C)O)O,bitter,"bitter[1](1) Guinard JX, Hong DY, Zoumas-Morse C, Budwig C, Russell GF, 1994. Chemoreception and perception of the bitterness of isohumulones. Physiol. Behav. 56, 1257–1263[2](2) Wiener A et al, 2012. BitterDB: a database of bitter compounds. Nucleic Acids Res 2012, 40 (Database issue): D413-419[3](3) Slack JP et al, 2010. Modulation of bitter taste perception by a small molecule hTAS2R antagonist. Curr. Biol. 20, 1104–1109.[4](4) Kreutzmann S, Christensen LP, Edelenbos M. Investigation of bitterness in carrots (Daucus carota L.) based on quantitative chemical and sensory analyses. LWT - Food Science and Technology 2008, 41 (2): 193-205",,,,,,,,,,,,
PMTDB00856,CC1(CC2C=C(C3(CC3(C2C1)C)C=O)C=O)C,pungent,"pungent[1](1) Abe M., Ozawa Y,, 2002. Biosci. Biotechnol. Biochem., 66 (12), 2698–2700, 2002, Labdane-type Diterpene Dialdehyde, Pungent Principle of Myoga, Zingiber mioga Roscoe",,,,,,,,,,,,
PMTDB00857,C1=CC(=CC=C1C=CC(=O)C2=C(C=C(C=C2)O)O)O,bitter,"bitter[1](1) Roland WSU et al, 2013. Bitter Taste Receptor Activation by Flavonoids and Isoflavonoids: Modeled Structural Requirements for Activation of hTAS2R14 and hTAS2R39. J Agric Food Chem 61: 10454–10466[2](2) Wiener A et al, 2012. BitterDB: a database of bitter compounds. Nucleic Acids Res 2012, 40 (Database issue): D413-419[3](3) FooDB (WWW Document), n.d. URL http: //foodb.ca/",,,,,,,,,,,,
PMTDB00858,C1CC[N+]2(C(C1)CCCC2CO)[O-],bitter,"bitter[1](1) Wiener A et al, 2012. BitterDB: a database of bitter compounds. Nucleic Acids Res 2012, 40 (Database issue): D413-419",,,,,,,,,,,,
PMTDB00859,C(C1C(C(C(C(O1)OCC2C(C(C(C(O2)O)O)O)O)O)O)O)O,"sweet, non bitter","sweet[1](1) Ferguson, L.N., Lawrence, A.R., 1958. The physicochemical aspects of the sense of taste. J. Chem. Educ. 35, 436[2](2) Birch, G.G., Shallenberger, R.S., 1976. Structural relationships of sugars to taste. Crit. Rev. Food Sci. Nutr. 8, 57–95[3](3) Sakurai T et al, 2010. The human bitter taste receptor, hTAS2R16, discriminates slight differences in the configuration of disaccharides. Biochemical and Biophysical Research Communications, 402 (4), 595–601, non bitter[1](1) Ferguson, L.N., Lawrence, A.R., 1958. The physicochemical aspects of the sense of taste. J. Chem. Educ. 35, 436[2](2) Birch, G.G., Shallenberger, R.S., 1976. Structural relationships of sugars to taste. Crit. Rev. Food Sci. Nutr. 8, 57–95",,,,,,,,,,,,
PMTDB00860,C1=C2C(=CC(=C1O)O)OC3=C(C2=O)C(=CC(=C3C4C(C(C(C(O4)CO)O)O)O)O)O,bitter; bitter masking;,"bitter[1](1) Alexander L et al, 2019. Bitter profiling of phenolic fractions of green Cyclopia genistoides herbal tea. Food Chemistry, 276, 626–635. https://doi.org/10.1016/j.foodchem.2018.10.030; bitter masking[1](1) Alexander L et al, 2019. Bitter profiling of phenolic fractions of green Cyclopia genistoides herbal tea. Food Chemistry, 276, 626–635. https://doi.org/10.1016/j.foodchem.2018.10.030;",,,,,,,,,,,,
PMTDB00861,COC(=O)CC1C2(C)C(OC3CC(C(C)=C23)C2=CC(=O)OC2O)C2OCC3(C)C2C1(C)C=CC3=O,bitter,"bitter[1](1) Siddiqui S et al, 1986. Margosinolide and isomargosinolide, two new tetranortriteprenoids from Azadirachta indica a, juss (Meliaceae). Tetrahedron 42: 4849–4856",,,,,,,,,,,,
PMTDB00862,CC(CCC(C(C)(C)O)OC1C(C(C(C(O1)COC2C(C(C(C(O2)CO)O)O)O)O)O)OC3C(C(C(C(O3)CO)O)O)O)C4CCC5(C4(CC(C6(C5CC=C7C6CCC(C7(C)C)OC8C(C(C(C(O8)CO)OC9C(C(C(C(O9)CO)O)O)O)O)O)C)O)C)C,sweet,"sweet[1](1) Jia, Zhonghua; et al., 2009. A Minor, Sweet Cucurbitane Glycoside from Siraitia Grosvenorii. Journal: Natural Product Communications. Volume: 4. (1)Issue: 6[2](2) Jia, Z., Yang, X., 2011. Novel Sweetener ISO-Mogroside V",,,,,,,,,,,,
PMTDB00863,COC1=C2C=COC2=C(C3=C1C=CC(=O)O3)OC,bitter,"bitter[1](1) Wiener A et al, 2012. BitterDB: a database of bitter compounds. Nucleic Acids Res 2012, 40 (Database issue): D413-419[2](2) Mancuso G et al, 2015. Phytochemicals from Ruta graveolens Activate TAS2R Bitter Taste Receptors and TRP Channels Involved in Gustation and Nociception. Molecules 20, 18907–18922[3](3) Yu M et al, 2020. Sensory-guided identification of bitter compounds in Hangbaizhi (Angelica Dahurica). Food Res. Int. 129, 108880",,,,,,,,,,,,
PMTDB00864,C1CCN(CC1)C(=O)C=CC=CC2=CC3=C(C=C2)OCO3,pungent,"pungent[1](1) Yamamoto, Y. et al, 1974. Studies on the Pungent Constituents in Black Pepper (Piper nigrum L.). Nippon Shokuhin Kogyo Gakkaishi 21, 476–482[2](2) Ternes, W., Krause, E.L., 2002. Characterization and determination of piperine and piperine isomers in eggs. Anal. Bioanal. Chem. 374, 155–160",,,,,,,,,,,,
PMTDB00865,[H]C1(OCC2OC(OC(C)C)C(O)C(O)C2O)OCC(O)(CO)C1O,bitter,"bitter[1](1) King, N.L.R., Bradbury, J.H., 1995. Bitterness of cassava: Identification of a new apiosyl glucoside and other compounds that affect its bitter taste. J. Sci. Food Agric. 68, 223–230",,,,,,,,,,,,
PMTDB00866,CC(C)N=C=S,pungent (aromatic),"pungent (aromatic)[1](1) Bell, L. et al, 2018. Taste and flavor perceptions of glucosinolates, isothiocyanates, and related compounds. Mol. Nutr. Food Res. 62, 1700990[2](2) Borgonovo G, et al, 2019. Isothiocyanates and Glucosinolates from Sisymbrium officinale (L.) Scop. (“the Singers’’ Plant""): Isolation and in Vitro Assays on the Somatosensory and Pain Receptor TRPA1 Channel.” Molecules 24. doi: 10.3390/molecules24050949.",,,,,,,,,,,,
PMTDB00867,CC1CCC(C(C1)O)C(=C)C,cooling,"cooling[1](1) Behrendt, H.-J. et al, 2004. Characterization of the mouse cold-menthol receptor TRPM8 and vanilloid receptor type-1 VR1 using a fluorometric imaging plate reader (FLIPR) assay. Br. J. Pharmacol. 141, 737–745[2](2) Leffingwell, J.C., 2014. Chemoreception & Tobacco",,,,,,,,,,,,
PMTDB00868,C1=CC(=C(C=C1C2=C(C(=O)C3=C(C=C(C=C3O2)O)O)OC4C(C(C(C(O4)CO)O)O)O)O)O,"Bitter (contradictory evidence): bitter, non bitter; astringent; bitter enhancing;","Bitter (contradictory evidence): bitter[1](1) Dresel, M. et al, 2015. Sensomics Analysis of Key Bitter Compounds in the Hard Resin of Hops (Humulus lupulus L.) and Their Contribution to the Bitter Profile of Pilsner-Type Beer. J. Agric. Food Chem. 63, 3402–3418[2](2) Wiener A, Shudler M, et al, 2012. BitterDB: a database of bitter compounds. Nucleic Acids Res 40: D413–D419, non bitter[7](7) Stark, T., Bareuther, S., Hofmann, T., 2005. Sensory-Guided Decomposition of Roasted Cocoa Nibs (Theobroma cacao) and Structure Determination of Taste-Active Polyphenols. J. Agric. Food Chem. 53, 5407–5418; astringent[1](1) Dresel, M. et al, 2015. Sensomics Analysis of Key Bitter Compounds in the Hard Resin of Hops (Humulus lupulus L.) and Their Contribution to the Bitter Profile of Pilsner-Type Beer. J. Agric. Food Chem. 63, 3402–3418[3](3) Gonzalo-Diago, A. et al, 2014. Contribution of low molecular weight phenols to bitter taste and mouthfeel properties in red wines. Food Chem. 154, 187–198[4](4) Scharbert, S. et al, 2004. Identification of the Astringent Taste Compounds in Black Tea Infusions by Combining Instrumental Analysis and Human Bioresponse. J. Agric. Food Chem. 52, 3498–3508[5](5) Scharbert, S., Hofmann, T., 2005. Molecular definition of black tea taste by means of quantitative studies, taste reconstitution, and omission experiments. J. Agric. Food Chem. 53, 5377–5384[6](6) Schwarz, B., Hofmann, T., 2007. Sensory-guided decomposition of red currant juice (Ribes rubrum) and structure determination of key astringent compounds. J. Agric. Food Chem. 55, 1394–1404[7](7) Stark, T., Bareuther, S., Hofmann, T., 2005. Sensory-Guided Decomposition of Roasted Cocoa Nibs (Theobroma cacao) and Structure Determination of Taste-Active Polyphenols. J. Agric. Food Chem. 53, 5407–5418; bitter enhancing[8](8) Reichelt K V, Hoffmann-Lücke P, et al, 2012. Phytochemical characterization of South African bush tea (Athrixia phylicoides DC.). South African J Bot 83: 1–8.;",,,,,,,,,,,,
PMTDB00869,COC1=C(C=CC(=C1)C2=C(C(=O)C3=C(C=C(C=C3O2)O)O)O)O,bitter,"bitter[1](1) Roland WSU et al, 2013. Bitter Taste Receptor Activation by Flavonoids and Isoflavonoids: Modeled Structural Requirements for Activation of hTAS2R14 and hTAS2R39. J Agric Food Chem 61: 10454–10466[2](2) Behrens, M., Meyerhof, W., 2017. The vertebrate gustatory system, in: Guichard, E., Salles, C., Morzel, M., Le Bon, A.-M. (Eds.), Flavour From Food to Perception. John Wiley & Sons, Ltd, Chichester, West Sussex Hoboken, NJ, pp. 57–78.[3](3) Wiener A et al, 2012. BitterDB: a database of bitter compounds. Nucleic Acids Res 2012, 40 (Database issue): D413-419[4](4) FooDB (WWW Document), n.d. URL http: //foodb.ca/",,,,,,,,,,,,
PMTDB00870,COC1=C(C=CC(=C1)C2=C(C(=O)C3=C(C=C(C=C3O2)O)O)OC4C(C(C(C(O4)CO)O)O)O)O,astringent; non bitter,"astringent[1](1) Hufnagel JC, Hofmann T, 2008. Orosensory-directed identification of astringent mouthfeel and bitter-tasting compounds in red wine. J Agric Food Chem 56: 1376–1386[2](2) Hufnagel, J.C., Hofmann, T., 2008. Quantitative reconstruction of the nonvolatile sensometabolome of a red wine. J. Agric. Food Chem. 56, 9190–9199; non bitter[1](1) Hufnagel JC, Hofmann T, 2008. Orosensory-directed identification of astringent mouthfeel and bitter-tasting compounds in red wine. J Agric Food Chem 56: 1376–1386",,,,,,,,,,,,
PMTDB00871,CC1=CC2C(CCC(=C)C(CC1O)O)C(=C)C(=O)O2,bitter,"bitter[1](1) Tang W, Eisenbrang G, 1992. Chinese Drugs of Plant Origin. Chemistry, Pharmacology, and Use in Traditional and Modem Medicine, Springer. doi: 10.1007/978-3-642-73739-8_8",,,,,,,,,,,,
PMTDB00872,C1C(C(C(C(O1)C2=C(C(=C3C(=C2O)C(=O)C=C(O3)C4=CC=C(C=C4)O)C5C(C(C(C(O5)CO)O)O)O)O)O)O)O,bitter (insufficient evidence); astringent (insufficient evidence);,"bitter (insufficient evidence)[1](1) Zhu, M. et al, 2017. Metabolomic profiling delineate taste qualities of tea leaf pubescence. Food Res. Int. 94, 36–44; astringent (insufficient evidence)[1](1) Zhu, M. et al, 2017. Metabolomic profiling delineate taste qualities of tea leaf pubescence. Food Res. Int. 94, 36–44;",,,,,,,,,,,,
PMTDB00873,CC12CCC(C(=C)C1CC3C(C2)OC(=O)C3=C)O,bitter,"bitter[1](1) Hegnauer, R., Hegnauer, M., 1966. Chemotaxonomie der pflanzen: dicotyledoneae: daphniphyllaceae-lythraceae. Birkhäuser Basel[2](2) Miller, R.B., Behare, E.S., 1974. Stereoselective synthesis of sesquiterpene lactones. Total synthesis of (+-)-isotelekin. J. Am. Chem. Soc. 96, 8102–8106",,,,,,,,,,,,
PMTDB00874,CC=C(C)C(=O)OC1C=C(CCC2(C1(C(=O)CC2C(C)C)C)O)C,bitter,"bitter[1](1) Schmiech L et al, 2008. Reinvestigation of the bitter compounds In carrots (Daucus carota l.) by using a molecular sensory science approach. J Agric Food Chem https://doi.org/10.1021/jf8023358",,,,,,,,,,,,
PMTDB00875,C1=CC(=CC=C1C2=CC(=O)C3=C(O2)C=C(C(=C3O)C4C(C(C(C(O4)CO)O)O)O)O)O,"astringent; bitter (contradictory evidence): bitter (insufficient evidence), non bitter; tasteless;","astringent[1](1) Stark, T., Bareuther, S., Hofmann, T., 2005. Sensory-Guided Decomposition of Roasted Cocoa Nibs (Theobroma cacao) and Structure Determination of Taste-Active Polyphenols. J. Agric. Food Chem. 53, 5407–5418[2](2) Zhu, M. et al, 2017. Metabolomic profiling delineate taste qualities of tea leaf pubescence. Food Res. Int. 94, 36–44; bitter (contradictory evidence): bitter (insufficient evidence)[2](2) Zhu, M. et al, 2017. Metabolomic profiling delineate taste qualities of tea leaf pubescence. Food Res. Int. 94, 36–44, non bitter[1](1) Stark, T., Bareuther, S., Hofmann, T., 2005. Sensory-Guided Decomposition of Roasted Cocoa Nibs (Theobroma cacao) and Structure Determination of Taste-Active Polyphenols. J. Agric. Food Chem. 53, 5407–5418; tasteless[3](3) Olennikov, N.D. et al, 2015. Bitter Gentian Teas: Nutritional and Phytochemical Profiles, Polysaccharide Characterisation and Bioactivity. Molecules 20, 20014–20030;",,,,,,,,,,,,
PMTDB00876,CC(=CCC1=C2C(=C(C=C1O)OC)C(=O)CC(O2)C3=CC=C(C=C3)O)C,bitter,"bitter[1](1) Intelmann D et al, 2009. Three TAS2R Bitter Taste Receptors Mediate the Psychophysical Responses to Bitter Compounds of Hops (Humulus lupulus L.) and Beer. Chemosensory Perception 2, 118-132, DOI 10.1007/s12078-009-9049-1[2](2) Wiener A et al, 2012. BitterDB: a database of bitter compounds. Nucleic Acids Res 2012, 40 (Database issue): D413-419[3](3) Dresel M et al, 2015. Sensomics analysis of key bitter compounds in the hard resin of hops (Humulus lupulus L.) and their contribution to the bitter profile of Pilsner-type beer. J Agric Food Chem 63 (13): 3402-18.",,,,,,,,,,,,
PMTDB00877,CC(=CCC1=C(C(C(=O)C2=C1OC(CC2=O)C3=CC=C(C=C3)O)(CC=C(C)C)CC=C(C)C)O)C,bitter,"bitter[1](1) Wiener A et al, 2012. BitterDB: a database of bitter compounds. Nucleic Acids Res 2012, 40 (Database issue): D413-419[2](2) Dresel M, Dunkel A, Hofmann T (2015). Sensomics analysis of key bitter compounds in the hard resin of hops (Humulus lupulus L.) and their contribution to the bitter profile of Pilsner-type beer. J Agric Food Chem 63 (13): 3402-18.",,,,,,,,,,,,
PMTDB00878,CC12CC(CC(=C)C1CC3C(C2)OC(=O)C3=C)O,bitter,"bitter[1](1) Hegnauer, R., Hegnauer, M., 1966. Chemotaxonomie der pflanzen: dicotyledoneae: daphniphyllaceae-lythraceae. Birkhäuser Basel",,,,,,,,,,,,
PMTDB00879,COC1=C(C=CC(=C1)C2=CC(=O)C3=C(O2)C=C(C(=C3O)OC)O)O,bitter-masking,"bitter-masking[1](1) Fletcher JN et al, 2011. In Vitro Evaluation of Flavonoids from Eriodictyon californicum for Antagonist Activity against the Bitterness Receptor hTAS2R31. J. Agric. Food Chem. 59, 13117–13121.",,,,,,,,,,,,
PMTDB00880,CC12CCC3C(=O)OC(CC3(C1C4C5C(C2(C(=O)O4)O)O5)C)C6=COC=C6,bitter,"bitter[1](1) Barton DHR et al, 1962. 939. Diterpenoid bitter principles. Part IV. Investigations on the constitution of palmarin. J. Chem. Soc. 4809–4815[2](2) Overton, K.H. et al, 1966. The stereochemistry of the Colombo root bitter principles. J. Chem. Soc. C Org. 1482–1490",,,,,,,,,,,,
PMTDB00881,COC1=C(C2=C[N+]3=C(C=C2C=C1)C4=CC(=C(C=C4CC3)O)OC)OC,bitter,"bitter[1](1) Behrens M et al, 2018. Bitter substances from plants used in traditional Chinese medicine exert biased activation of human bitter taste receptors. Chem Biol Drug Des. 91 (2): 422-433[2](2) Sharma K, Kansal A, Chopra S, 2013. Premenstrual syndrome, body fat and bitter taste receptor gene TAS2R38 among adult Kullu females of Himachal Pradesh, India. Anthropol Anz 70: 203–219[3](3) Liang, X.-G. et al, 2014. Research on bitter components from Coptis chinensis based on electronic tongue. Zhongguo Zhong yao za zhi= Zhongguo zhongyao zazhi= China J. Chinese Mater. medica 39, 3326–3329",,,,,,,,,,,,
PMTDB00882,CC(C)C(=C)CC1C(C2C3CCC4C5(CCC(C(C5CCC4(C3(C(C2(O1)O)O)C)C)(C)C)OC6C(C(C(C(O6)CO)O)O)O)C)(C)O,bitter,"bitter[1](1) Schühly, W., Heilmann, J., et al., 2000. Novel Triterpene Saponins from Zizyphus joazeiro. HCA, 83: 1509-1516.",,,,,,,,,,,,
PMTDB00883,CC1C2CCC3(C(C2OC1=O)C(C=CC3=O)(C)O)C,bitter,"bitter[1](1) Khafagy, S.M., Tosson, S., 1968. Crystallographic, optical and chromatographic studies of judaicin, bitter principle of Artemisia judaica l. Planta Med. 16, 446–449[2](2) Galal, E.E. et al, 1968. Pharmacological and tox icological studies of judaicin, a crystalline bitter principle isolat ed from Artemisia judacca. Drug Res 1, 129–162[3](3) Khafagy, S.M., Abdel Salam, M.A., El Ghazooly, M.G., 1976. A colorimetric method for the estimation of judaicin, bitter principle of Artemisia judaica. Planta Med. 30, 21–24",,,,,,,,,,,,
PMTDB00884,C1=CC2=C(C(=O)C=CC2=O)C(=C1)O,bitter (low evidence),"bitter (low evidence)[1](1) Willis, R.J., 2000. Juglans spp., juglone and allelopathy. Allelopath. J. 7, 1–55[2](2) Norris DM, 1976. How Certain Insects Take the Bitter with the Sweet. Bull Entomol Soc Am 22: 27–30",,,,,,,,,,,,
PMTDB00885,C1=CC(=CC=C1C2=C(C(=O)C3=C(C=C(C=C3O2)O)O)O)O,bitter; astringent; umami (insufficient evidence),"bitter[1](1) Roland WSU et al, 2013. Bitter Taste Receptor Activation by Flavonoids and Isoflavonoids: Modeled Structural Requirements for Activation of hTAS2R14 and hTAS2R39. J Agric Food Chem 61: 10454–10466.[2](2) Wiener, A., Shudler, M., Levit, A., Niv, M.Y., 2012. BitterDB: a database of bitter compounds. Nucleic Acids Res. 40, D413–D419[3](3) Levit, A. et al, 2014. The bitter pill: clinical drugs that activate the human bitter taste receptor TAS2R14. FASEB J. Off. Publ. Fed. Am. Soc. Exp. Biol. 28, 1181–1197[4](4) Dadic, M., Belleau, G., 1973. Polyphenols and beer flavor, in: Proc. Am. Soc. Brew. Chem. pp. 107–114; astringent[4](4) Dadic, M., Belleau, G., 1973. Polyphenols and beer flavor, in: Proc. Am. Soc. Brew. Chem. pp. 107–114[5](5) Gonzalo-Diago, A. et al, 2014. Contribution of low molecular weight phenols to bitter taste and mouthfeel properties in red wines. Food Chem. 154, 187–198; umami (insufficient evidence)[6](6) Zhu, M.et al., 2017. Metabolomic profiling delineate taste qualities of tea leaf pubescence. Food Res. Int. 94, 36–44",,,,,,,,,,,,
PMTDB00886,C1=CC(=CC=C1C2=C(C(=O)C3=C(C=C(C=C3O2)O)O)OC4C(C(C(C(O4)CO)O)O)O)O,astringent,"astringent[1](1) Scharbert, S. et al, 2004. Identification of the Astringent Taste Compounds in Black Tea Infusions by Combining Instrumental Analysis and Human Bioresponse. J. Agric. Food Chem. 52, 3498–3508",,,,,,,,,,,,
PMTDB00887,CC1C(C(C(C(O1)OC2C(C(C(OC2OC3=C(OC4=CC(=CC(=C4C3=O)O)O)C5=CC=C(C=C5)O)CO)O)O)O)O)O,bitter (insufficient evidence); astringent (insufficient evidence),"bitter (insufficient evidence)[1](1) Zhu, M.et al., 2017. Metabolomic profiling delineate taste qualities of tea leaf pubescence. Food Res. Int. 94, 36–44; astringent (insufficient evidence)[1](1) Zhu, M.et al., 2017. Metabolomic profiling delineate taste qualities of tea leaf pubescence. Food Res. Int. 94, 36–44",,,,,,,,,,,,
PMTDB00888,CC1C(C(C(C(O1)OCC2C(C(C(C(O2)OC3=C(OC4=CC(=CC(=C4C3=O)O)O)C5=CC=C(C=C5)O)O)O)O)O)O)O,bitter (insufficient evidence); astringent (insufficient evidence),"bitter (insufficient evidence)[1](1) Zhu, M.et al., 2017. Metabolomic profiling delineate taste qualities of tea leaf pubescence. Food Res. Int. 94, 36–44; astringent (insufficient evidence)[1](1) Zhu, M.et al., 2017. Metabolomic profiling delineate taste qualities of tea leaf pubescence. Food Res. Int. 94, 36–44",,,,,,,,,,,,
PMTDB00889,CC1OC(OCC2OC(OC3=C(OC4=CC(O)=CC(O)=C4C3=O)C3=CC=C(O)C=C3)C(OC3OC(C)C(O)C(O)C3O)C(O)C2O)C(O)C(O)C1O,astringent,"astringent[1](1) Schwarz, B., Hofmann, T., 2007. Sensory-guided decomposition of red currant juice (Ribes rubrum) and structure determination of key astringent compounds. J. Agric. Food Chem. 55, 1394–1404",,,,,,,,,,,,
PMTDB00890,CC1OC(OCC2OC(OC3=C(OC4=CC(OC5OC(CO)C(O)C(O)C5O)=CC(O)=C4C3=O)C3=CC=C(O)C=C3)C(OC3OC(C)C(O)C(O)C3O)C(O)C2O)C(O)C(O)C1O,astringent,"astringent[1](1) Schwarz, B., Hofmann, T., 2007. Sensory-guided decomposition of red currant juice (Ribes rubrum) and structure determination of key astringent compounds. J. Agric. Food Chem. 55, 1394–1404",,,,,,,,,,,,
PMTDB00891,CC1OC(OCC2OC(OC3=C(OC4=C(C(O)=CC(O)=C4)C3=O)C3=CC=C(O)C=C3)C(O)C(O)C2O)C(O)C(O)C1O,"astringent; bitter (contradictory evidence) bitter, non bitter;","astringent[1](1) Belitz HD, Grosch W, Schieberle P, 2009. Food chemistry, 4th ed, Food Chemistry. Springer Berlin Heidelberg. doi: 10.1007/978-3-540-69934-7[2](2) Zhu M et al, 2017. Metabolomic profiling delineate taste qualities of tea leaf pubescence. Food Res. Int. 94, 36–44[3](3) Scharbert S et al, 2004. Identification of the Astringent Taste Compounds in Black Tea Infusions by Combining Instrumental Analysis and Human Bioresponse. J. Agric. Food Chem. 52, 3498–3508; bitter (contradictory evidence) bitter[2](2) Zhu M et al, 2017. Metabolomic profiling delineate taste qualities of tea leaf pubescence. Food Res. Int. 94, 36–44, non bitter[4](4) Matsuo K et al, 1972. Bitter constituents of Forsythia viridissima. Phytochemistry, 11, 1522–1523;",,,,,,,,,,,,
PMTDB00892,CC1OC(OCC2OC(OC3=C(OC4=C(C(O)=CC(O)=C4)C3=O)C3=CC=C(O)C=C3)C(O)C(O)C2O)C(O)C(OC2OC(CO)C(O)C(O)C2O)C1O,astringent,"astringent[1](1) Scharbert, S. et al, 2004. Identification of the Astringent Taste Compounds in Black Tea Infusions by Combining Instrumental Analysis and Human Bioresponse. J. Agric. Food Chem. 52, 3498–3508",,,,,,,,,,,,
PMTDB00893,CC1OC(OCC2OC(OC3=C(OC4=C(C(O)=CC(O)=C4)C3=O)C3=CC=C(O)C=C3)C(O)C(O)C2O)C(O)C(OC2OC(CO)C(O)C(O)C2O)C1O,astringent,"astringent[1](1) Scharbert, S. et al, 2004. Identification of the Astringent Taste Compounds in Black Tea Infusions by Combining Instrumental Analysis and Human Bioresponse. J. Agric. Food Chem. 52, 3498–3508",,,,,,,,,,,,
PMTDB00894,CC1OC(OCC2OC(OC3=C(OC4=C(C(O)=CC(O)=C4)C3=O)C3=CC=C(O)C=C3)C(O)C(O)C2O)C(O)C(O)C1O,astringent,"astringent[1](1) Scharbert, S. et al, 2004. Identification of the Astringent Taste Compounds in Black Tea Infusions by Combining Instrumental Analysis and Human Bioresponse. J. Agric. Food Chem. 52, 3498–3508",,,,,,,,,,,,
PMTDB00895,C1=CC(=CC=C1C2=C(C(=O)C3=C(C=C(C=C3O2)O)O)OC4C(C(C(C(O4)COC(=O)CC(=O)O)O)O)O)O,astringent;,"astringent[1](1) Schwarz, B., Hofmann, T., 2007. Sensory-guided decomposition of red currant juice (Ribes rubrum) and structure determination of key astringent compounds. J. Agric. Food Chem. 55, 1394–1404;",,,,,,,,,,,,
PMTDB00896,CCCCCCCC=CC=CC(=O)NCC(C)C,pungent (iritating),"pungent (iritating)[1](1) Obst K et al, 2017. Sensory active piperine analogues from Macropiper excelsum and their effects on intestinal nutrient uptake in Caco-2 cells. Phytochemistry, 135, 181–190.",,,,,,,,,,,,
PMTDB00897,CC1(CCC(C2(C1CC(C34C2CCC(C3O)C(=C)C4=O)O)C)O)C,bitter,"bitter[1](1) Fujita E, Node M, 1984. Diterpenoids of Rabdosia Species, in: Fujita E, Johne S, Kasai R, Node M, Tanaka O, Herz W, Grisebach H, Kirby GW, Tamm C (Eds.), Fortschritte Der Chemie Organischer Naturstoffe / Progress in the Chemistry of Organic Natural Products. Springer Vienna, Vienna, pp. 77–157. doi: 10.1007/978-3-7091-8759-3_3",,,,,,,,,,,,
PMTDB00898,COC1=C(OC2=C(C1=O)C=CC3=C2C=CO3)C4=CC=CC=C4,bitter (insufficient evidence); tingling (insufficient evidence);,"bitter (insufficient evidence)[1](1) Rao NVS et al, 1939. A note on the preparation and reactions of Karanjin. Proc. Indian Acad. Sci. - Sect. A 10, 65; tingling (insufficient evidence)[1](1) Rao NVS et al, 1939. A note on the preparation and reactions of Karanjin. Proc. Indian Acad. Sci. - Sect. A 10, 65;",,,,,,,,,,,,
PMTDB00899,CC1=CC(=O)C2=C(C3=C(C(=C2O1)OC)OC=C3)OC,bitter,"bitter[1](1) Huttrer, C.P., Dale, E., 1951. The Chemistry and the Physiological Action of Khellin and Related Products. Chem. Rev. 48, 543–579[2](2) Smith, A. et al, 2001. The Merck Index, Thirteenth Edition. (CD-ROM), Merck Co., Inc., Whitehouse Station. New Jersey, USA.[3](3) Wiener A et al, 2012. BitterDB: a database of bitter compounds. Nucleic Acids Res 2012, 40 (Database issue): D413-419",,,,,,,,,,,,
PMTDB00900,CC1C2CC(=O)OC3C2(C(C(C1O)O)C4(C(C3)C(=CC(=O)C4O)C)C)C,bitter,"bitter[1](1) Cocker W, 1966. Some aspects of the chemistry of diterpene bitter principles. Planta Med 14: 78–85, DOI: 10.1055/s-0028-1100084",,,,,,,,,,,,
PMTDB00902,COC1=C(C=CC(=C1)C(=O)OCC23C4C(C=COC4OC5C(C(C(C(O5)CO)O)O)O)C(C2O3)O)O,bitter,"bitter[1](1) Khare CP, 2004. Indian Herbal Remedies: Rational Western Therapy, Ayurvedic and Other Traditional Usage, Botany. Springer Berlin Heidelberg, Berlin, Heidelberg. doi: 10.1007/978-3-642-18659-2_1[2](2) Singh AS, 2011. Herbalism, Phytochemistry and Ethnopharmacology. Science Publishers, CRC Press Taylor & Francis Group, Enfield USA",,,,,,,,,,,,
PMTDB00903,CC(C(=O)O)O,sour; astringent; pungent,"sour[1](1) Moskowitz, H.R., 1971. Ratio scales of acid sourness. Percept. Psychophys. 9, 371–374[2](2) Warmke, R. et al, 1996. Evaluation of taste compounds of Swiss cheese (Emmentaler). Eur. Food Res. Technol. 203, 230–235[3](3) Neta ERDC et al, 2007. The Chemistry and Physiology of Sour Taste—A Review. J Food Sci 72: R33-8.[4](4) Polya G, 2003. Biochemical Targets of Plant Bioactive Compounds: A Pharmacological Reference Guide to Sites of Action and Biological Effects. CRC Press[5](5) Wollmann N et al, 2013. Decoding the taste of wine using a sensomic approach. In: Ferreira V, López R (eds) Flavour Sci. Proc. from XIII Weurman Flavour Res. Symp. Elsevier Science, pp 525–532[6](6) Sowalsky, R.A., Noble, A.C., 1998. Comparison of the effects of concentration, pH and anion species on astringency and sourness of organic acids. Chem. Senses 23, 343–349[7](7) Izawa, K. et al, 2010. 4.16 - Human–Environment Interactions – Taste, in: Liu, H.-W. (Ben), Mander, L.B.T.-C.N.P.I.I. (Eds.), . Elsevier, Oxford, pp. 631–671[8](8) Noble, A.N.N.C., Philbrick, K.C., Boulton, R.B., 1986. Comparison Of Sourness Of Organic Acid Anions At Equal Ph And Equal Titratable Acidity. J. Sens. Stud. 1, 1–8[9](9) Rubico, S.M., McDaniel, M.R., 1992. Sensory evaluation of acids by free-choice profiling. Chem. Senses 17, 273–289[10](10) Straub, A.M., 1992. Power function determination for sourness and time-intensity measurements of sourness and astrigency for selected acids.MSc Thesis, Oregon State University, USA.[11](11) Li, H., Liu, F., 2015. The chemistry of sour taste and the strategy to reduce the sour taste of beer. Food Chem. 185, 200–204[12](12) Taylor, N.W., 1928. Acid penetration into living tissues. J. Gen. Physiol. 11, 207–219[13](13) Siebert, K.J., 1999. Modeling the flavor thresholds of organic acids in beer as a function of their molecular properties. Food Qual. Prefer. 10, 129–137[14](14) Pangborn, R.M., 1963. Relative Taste Intensities of Selected Sugars and Organic Acids. J. Food Sci. 28, 726–733[15](15) Fabian, F.W., Blum, H.B., 1943. Relative taste-potency of some basic food constituents and their competitive and, compensatory action. Food Res. 8, 179–193[16](16) Amerine, M.A., Pangborn, R.M., Roessler, E.B., 1965. CHAPTER 2 - The Sense of Taste, in: Amerine, M.A., Pangborn, R.M., Roessler, E.B. (Eds.), Principles of Sensory Evaluation of Food. Academic Press, pp. 28–144. doi: https://doi.org/10.1016/B978-1-4832-0018-7.50006-4[17](17) Taylor, N.W. et al, 1930. Quantitative measurements on the acid taste and their bearing on the nature of the nerve receptor. Protoplasma 10, 84–97; astringent[9](9) Rubico, S.M., McDaniel, M.R., 1992. Sensory evaluation of acids by free-choice profiling. Chem. Senses 17, 273–289[10](10) Straub, A.M., 1992. Power function determination for sourness and time-intensity measurements of sourness and astrigency for selected acids.MSc Thesis, Oregon State University, USA.; pungent[8](8) Noble, A.N.N.C., Philbrick, K.C., Boulton, R.B., 1986. Comparison Of Sourness Of Organic Acid Anions At Equal Ph And Equal Titratable Acidity. J. Sens. Stud. 1, 1–8",,,,,,,,,,,,
PMTDB00904,CC1=C2C(C3C(C(C1)O)C(=C)C(=O)O3)C(=CC2=O)CO,bitter,"bitter[1](1) Belitz H, Wieser H, 1985. Bitter compounds: Occurrence and structure‐activity relationships. Food Rev Int 1: 271–354.[2](2) Chialva F, Dada G, 1990. Bitterness in alcoholic beverages. In: Rouseff RL (ed) Bitternes foods beverages. Dev. Food Sci. vol. 25. Elsevier Science Publishers B.V., pp 103–122[3](3) Fenwick GR, Curl CL, Griffiths NM et al, 1990. Bitter principles in food plants. In: Rouseff RL (ed) Bitternes foods beverages. Dev. Food Sci. vol. 25. Elsevier Science Publishers B.V., Amsterdam, pp 205–250[4](4) Suchý, M. et al, 1962. Recent advances in the chemistry of the sesquiterpenes. Russ. Chem. Rev. 31, 474.[5](5) Korte, F., Barkemeyer, H., Korte, I., 1959. Neuere Ergebnisse der Chemie pflanzlicher Bitterstoffe, in: Abelson, P.H., Barkemeyer, H., Bernauer, K., Dimond, A.E., Inhoffen, H.H., Irmscher, K., Korte, F., Korte, I., Kuhn, H., Schroeder, W.A., Stowe, B.B., Venkataraman, K., Zechmeister, L. (Eds.), Fortschritte Der Chemie Organischer Naturstoffe / Progress in the Chemistry of Organic Natural Products / Progrès Dans La Chimie Des Substances Organiques Naturelles. Springer Vienna, Vienna, pp. 124–182. doi: 10.1007/978-3-7091-8052-5_3[6](6) Holzer K, Zinke A, 1953. Über die Bitterstoffe der Zichorie (Cichorium intybus L). Monatshefte für Chemie und verwandte Teile anderer Wissenschaften 84: 901–909[7](7) WesoŁowska A, Nikiforuk A, et al, 2006. Analgesic and sedative activities of lactucin and some lactucin-like guaianolides in mice. J Ethnopharmacol 107: 254–258 (animal)[8](8) Wiener A et al, 2012. BitterDB: a database of bitter compounds. Nucleic Acids Res 2012, 40 (Database issue): D413-419[9](9) Chadwick, M. et al, 2016. Perception of bitterness, sweetness and liking of different genotypes of lettuce. Food Chem. 197, 66–74[10](10) Van Beek T.A. et al, Bitter sesquiterpene lactones from chicory roots, Journal of Agricultural and Food Chemistry 1990 38 (4), 1035-1037",,,,,,,,,,,,
PMTDB00905,CC1=C2C(C3C(C(C1)O)C(=C)C(=O)O3)C(=CC2=O)COC(=O)C(=O)O,bitter,"bitter[1](1) Wiener A et al, 2012. BitterDB: a database of bitter compounds. Nucleic Acids Res 2012, 40 (Database issue): D413-419[2](2) Chadwick M, Gawthrop F, Michelmore RW, Wagstaff C, Methven L, 2016. Perception of bitterness, sweetness and liking of different genotypes of lettuce. Food Chem 197 (Pt A): 66-74.",,,,,,,,,,,,
PMTDB00906,CC1=C2C(C3C(C(C1)OC(=O)CC4=CC=C(C=C4)O)C(=C)C(=O)O3)C(=CC2=O)CO,bitter,"bitter[1](1) Belitz H, Wieser H, 1985. Bitter compounds: Occurrence and structure‐activity relationships. Food Rev Int 1: 271–354.[2](2) Chialva F, Dada G, 1990. Bitterness in alcoholic beverages. In: Rouseff RL (ed) Bitternes foods beverages. Dev. Food Sci. vol. 25. Elsevier Science Publishers B.V., pp 103–122[3](3) Fenwick GR, Curl CL, Griffiths NM et al, 1990. Bitter principles in food plants. In: Rouseff RL (ed) Bitternes foods beverages. Dev. Food Sci. vol. 25. Elsevier Science Publishers B.V., Amsterdam, pp 205–250[4](4) Holzer K, Zinke A, 1953. Über die Bitterstoffe der Zichorie (Cichorium intybus L). Monatshefte für Chemie und verwandte Teile anderer Wissenschaften 84: 901–909[5](5) Korte, F., Barkemeyer, H., Korte, I., 1959. Neuere Ergebnisse der Chemie pflanzlicher Bitterstoffe, in: Abelson, P.H., Barkemeyer, H., Bernauer, K., Dimond, A.E., Inhoffen, H.H., Irmscher, K., Korte, F., Korte, I., Kuhn, H., Schroeder, W.A., Stowe, B.B., Venkataraman, K., Zechmeister, L. (Eds.), Fortschritte Der Chemie Organischer Naturstoffe / Progress in the Chemistry of Organic Natural Products / Progrès Dans La Chimie Des Substances Organiques Naturelles. Springer Vienna, Vienna, pp. 124–182. doi: 10.1007/978-3-7091-8052-5_3[6](6) WesoŁowska A, Nikiforuk A, et al, 2006. Analgesic and sedative activities of lactucin and some lactucin-like guaianolides in mice. J Ethnopharmacol 107: 254–258[7](7) Chadwick, M. et al, 2016. Perception of bitterness, sweetness and liking of different genotypes of lettuce. Food Chem. 197, 66–74[8](8) Wiener A et al, 2012. BitterDB: a database of bitter compounds. Nucleic Acids Res 2012, 40 (Database issue): D413-419[9](9) Van Beek T.A. et al, Bitter sesquiterpene lactones from chicory roots, Journal of Agricultural and Food Chemistry 1990 38 (4), 1035-1037",,,,,,,,,,,,
PMTDB00907,CC1=C2C(C3C(C(C1)OC(=O)CC4=CC=C(C=C4)O)C(=C)C(=O)O3)C(=CC2=O)COC(=O)C(=O)O,bitter,"bitter[1](1) Wiener A et al, 2012. BitterDB: a database of bitter compounds. Nucleic Acids Res 2012, 40 (Database issue): D413-419[2](2) Chadwick M, Gawthrop F, Michelmore RW, Wagstaff C, Methven L (2016). Perception of bitterness, sweetness and liking of different genotypes of lettuce. Food Chem 197 (Pt A): 66-74.",,,,,,,,,,,,
PMTDB00908,CC(C(=O)O)N,sweet; bitter (insufficient evidence),"sweet[1](1) Kato, H. et al, 1989. Role of Free Amino Acids and Peptides in Food Taste, in: Teranishi, R., Buterry, R.G., Shahidi, F. (Eds.), In Flavor Chemistry Trends and Developments, Vol 388. American chemical society: Washington, DC, UK, pp. 158–175[2](2) Kubickova J, Grosch W, 1998. Evaluation of Flavour Compounds of Camembert Cheese. Int Dairy J 8: 11–16[3](3) Sonntag, T. et al, 2010. Sensory-guided identification of N- (1-methyl-4-oxoimidazolidin-2-ylidene)-alpha-amino acids as contributors to the thick-sour and mouth-drying orosensation of stewed beef juice. J. Agric. Food Chem. 58, 6341–6350[4](4) Schiffman, S.S. et al, 1981. Comparison of taste qualities and thresholds of D- and L-amino acids. Physiol. Behav. 27, 51–59[5](5) Schiffman, S.S. et al, 1979. Increased taste thresholds of amino acids with age. Am. J. Clin. Nutr. 32, 1622–1627[6](6) Solms, J., 1969. Taste of amino acids, peptides, and proteins. J. Agric. Food Chem. 17, 686–688[7](7) Delompré, T. et al, 2019. Taste Perception of Nutrients Found in Nutritional Supplements: A Review. Nutrients 11. doi: 10.3390/nu11092050[8](8) Belitz, H.D., Grosch, W., Schieberle, P., 2009. Food chemistry, 4th ed, Food Chemistry. Springer Berlin Heidelberg. doi: 10.1007/978-3-540-69934-7[9](9) Yoshida, T.et al., 2019. Differential scanning fluorimetric analysis of the amino-acid binding to taste receptor using a model receptor protein, the ligand-binding domain of fish T1r2a/T1r3. PLoS One 14, e0218909[10](10) Nuemket N, et al. Structural basis for perception of diverse chemical substances by T1r taste receptors. Nat Commun. 2017; 8: 15530.; bitter (insufficient evidence)[4](4) Schiffman, S.S. et al, 1981. Comparison of taste qualities and thresholds of D- and L-amino acids. Physiol. Behav. 27, 51–59",,,,,,,,,,,,
PMTDB00909,CC1C(C(CC(O1)OC2CCC3(C(C2)CCC4C3CC(C5(C4(CCC5C6=CC(=O)OC6)O)C)O)C)O)OC7CC(C(C(O7)C)OC8CC(C(C(O8)C)OC9C(C(C(C(O9)CO)O)O)O)OC(=O)C)O,bitter,"bitter[1](1) Chen Y, Sun L, Du G-H, 2018. Digoxin, in: Du G-H (Ed.), Natural Small Molecule Drugs from Plants. Springer Singapore, Singapore, pp. 49–58. doi: 10.1007/978-981-10-8022-7_8",,,,,,,,,,,,
PMTDB00910,COC1=CC=C(C=C1)C2=COC3=CC(=CC(=C3C2=O)O)OC4C(C(C(C(O4)COC5C(C(CO5)(CO)O)O)O)O)O,bitter; astringent;,"bitter[1](1) Malhotra, A.et al, 1965. Isolation of lanceolarin, a new glycoside of biochanin-A, from the root-bark of Dalbergia lanceolaria. Tetrahedron Lett. 6, 3191–3196[2](2) Malhotra, A.et al, 1967. Lanceolarin, a new isoflavone glycoside of Dalbergia lanceolaria. Tetrahedron 23, 405–409; astringent[1](1) Malhotra, A.et al, 1965. Isolation of lanceolarin, a new glycoside of biochanin-A, from the root-bark of Dalbergia lanceolaria. Tetrahedron Lett. 6, 3191–3196[2](2) Malhotra, A.et al, 1967. Lanceolarin, a new isoflavone glycoside of Dalbergia lanceolaria. Tetrahedron 23, 405–409;",,,,,,,,,,,,
PMTDB00911,CC(CCC=C(C)C)C1CCC2(C1(CCC3=C2CCC4C3(CCC(C4(C)C)O)C)C)C,sweet (low evidence),"sweet (low evidence)[1](1) Hedin PA, Miles LR, et al, 1968. Constituents of cotton bud. Formulation of boll weevil feeding stimulant mixtures. J Agric Food Chem 16: 505–513",,,,,,,,,,,,
PMTDB00912,CCN1CC2(CCC(C34C2CC(C31)C5(CC(C6CC4C5(C6OC)O)OC)O)OC)OC(=O)C7=CC=CC=C7NC(=O)C,bitter,"bitter[1](1) Wiener A et al, 2012. BitterDB: a database of bitter compounds. Nucleic Acids Res 2012, 40 (Database issue): D413-419.[2](2) Smith, A. et al, 2001. The Merck Index, Thirteenth Edition. (CD-ROM), Merck Co., Inc., Whitehouse Station. New Jersey, USA.",,,,,,,,,,,,
PMTDB00913,C1C(C(C(C(O1)O)O)O)O,sweet,"sweet[1](1) Wishart DS et al, 2009. HMDB: a knowledgebase for the human metabolome. Nucleic Acids Res 37: D603-10[2](2) Ahmed, J. et al, 2011. SuperSweet—a resource on natural and artificial sweetening agents. Nucleic Acids Res. 39, D377–D382[3](3) Shallenberger, R.S., et al, 1969. Sweet taste of D and L-sugars and amino-acids and the steric nature of their chemo-receptor site. Nature 221, 555–556[4](4) Birch, G.G., Shamil, S., 1988. Structure, sweetness and solution properties of small carbohydrate molecules. J. Chem. Soc. Faraday Trans. 1 Phys. Chem. Condens. Phases 84, 2635–2640[5](5) Birch, G.G., Shamil, S., 1986. Structure/activity relationships in sweetness. Food Chem. 21, 245–258[6](6) Moskowitz, H.R., 1971. The Sweetness and Pleasantness of Sugars. Am. J. Psychol. 84, 387–405",,,,,,,,,,,,
PMTDB00914,C(CC(C(=O)O)N)CN=C(N)N,bitter; sweet (in fish),"bitter[1](1) Haefeli R, Glaser D, 1990. Taste responses and thresholds obtained with the primary amino acids in humans. Leb und Technol 23: 523–527[2](2) Kubickova J, Grosch W, 1998. Evaluation of Flavour Compounds of Camembert Cheese. Int Dairy J 8: 11–16[3](3) Sonntag, T. et al, 2010. Sensory-guided identification of N- (1-methyl-4-oxoimidazolidin-2-ylidene)-alpha-amino acids as contributors to the thick-sour and mouth-drying orosensation of stewed beef juice. J. Agric. Food Chem. 58, 6341–6350[4](4) Suzuki T et al , 2016. Oral L-citrulline supplementation enhances cycling time trial performance in healthy trained men: Double-blind randomized placebo-controlled 2-way crossover study. J Int Soc Sports Nutr 13: 6[5](5) Kato, H. et al, 1989. Role of Free Amino Acids and Peptides in Food Taste, in: Teranishi, R., Buterry, R.G., Shahidi, F. (Eds.), In Flavor Chemistry Trends and Developments, Vol 388. American chemical society: Washington, DC, UK, pp. 158–175[6](6) Delompré, T. et al, 2019. Taste Perception of Nutrients Found in Nutritional Supplements: A Review. Nutrients 11. doi: 10.3390/nu11092050; sweet (in fish)[7](7) Yoshida, T.et al., 2019. Differential scanning fluorimetric analysis of the amino-acid binding to taste receptor using a model receptor protein, the ligand-binding domain of fish T1r2a/T1r3. PLoS One 14, e0218909[8](8) Nuemket N, et al. Structural basis for perception of diverse chemical substances by T1r taste receptors. Nat Commun. 2017; 8: 15530.",,,,,,,,,,,,
PMTDB00915,CC=C(C)C(=O)OC(C)C(C1=CC2=C(C(=C1)OC)OCO2)OC(=O)C(=CC)C,bitter,"bitter[1](1) Schmiech L et al, 2008. Reinvestigation of the bitter compounds In carrots (Daucus carota l.) by using a molecular sensory science approach. J Agric Food Chem 56, 10252–10260",,,,,,,,,,,,
PMTDB00916,CC=C(C)C(=O)OC(C1=CC2=C(C(=C1)OC)OCO2)C(C)OC(=O)C3(C(O3)C)C,bitter,"bitter[1](1) Schmiech L et al, 2008. Reinvestigation of the bitter compounds In carrots (Daucus carota l.) by using a molecular sensory science approach. J Agric Food Chem 56, 10252–10260",,,,,,,,,,,,
PMTDB00917,C(C(C(=O)O)N)C(=O)N,bitter; umami-like; sour; tasteless,"bitter[1](1) Schiffman SS et al, 1981. Comparison of taste qualities and thresholds of D- and L-amino acids. Physiol Behav 27: 51–59[2](2) Schiffman, S.S. et al, 1979. Increased taste thresholds of amino acids with age. Am. J. Clin. Nutr. 32, 1622–1627[3](3) Haefeli R, Glaser D, 1990. Taste responses and thresholds obtained with the primary amino acids in humans. Leb und Technol 23: 523–527; umami-like[4](4) Delompré, T. et al, 2019. Taste Perception of Nutrients Found in Nutritional Supplements: A Review. Nutrients 11 (9). pii: E2050; sour[5](5) Sonntag, T. et al, 2010. Sensory-guided identification of N- (1-methyl-4-oxoimidazolidin-2-ylidene)-alpha-amino acids as contributors to the thick-sour and mouth-drying orosensation of stewed beef juice. J. Agric. Food Chem. 58, 6341–6350; tasteless[6](6) Kato, H. et al, 1989. Role of Free Amino Acids and Peptides in Food Taste, in: Teranishi, R., Buterry, R.G., Shahidi, F. (Eds.), In Flavor Chemistry Trends and Developments, Vol 388. American chemical society: Washington, DC, UK, pp. 158–175",,,,,,,,,,,,
PMTDB00918,C(C(C(=O)O)N)C(=O)O,sour; bitter; umami;,"sour[1](1 ) Kato, H. et al, 1989. Role of Free Amino Acids and Peptides in Food Taste, in: Teranishi, R., Buterry, R.G., Shahidi, F. (Eds.), In Flavor Chemistry Trends and Developments, Vol 388. American chemical society: Washington, DC, UK, pp. 158–175[2](2) Kawai, M.et al, 2012. Gustatory sensation of l-and d-amino acids in humans. Amino Acids 43, 2349–2358[3](3) Schiffman SS et al, 1981. Comparison of taste qualities and thresholds of D- and L-amino acids. Physiol Behav 27: 51–59[4](4) Schlichtherle-Cerny, H., Grosch, W., 1998. Evaluation of taste compounds of stewed beef juice. Zeitschrift für Leb. und -forsch. A 207, 369–376; bitter[3](3) Schiffman SS et al, 1981. Comparison of taste qualities and thresholds of D- and L-amino acids. Physiol Behav 27: 51–59[4](4) Schlichtherle-Cerny, H., Grosch, W., 1998. Evaluation of taste compounds of stewed beef juice. Zeitschrift für Leb. und -forsch. A 207, 369–376; umami[1](1 ) Kato, H. et al, 1989. Role of Free Amino Acids and Peptides in Food Taste, in: Teranishi, R., Buterry, R.G., Shahidi, F. (Eds.), In Flavor Chemistry Trends and Developments, Vol 388. American chemical society: Washington, DC, UK, pp. 158–175[5](5) Schiffman, S.S. et al, 1979. Increased taste thresholds of amino acids with age. Am. J. Clin. Nutr. 32, 1622–1627[6](6) Hufnagel, J.C., Hofmann, T., 2008. Quantitative reconstruction of the nonvolatile sensometabolome of a red wine. J. Agric. Food Chem. 56, 9190–9199[7](7) Sonntag, T. et al, 2010. Sensory-guided identification of N- (1-methyl-4-oxoimidazolidin-2-ylidene)-alpha-amino acids as contributors to the thick-sour and mouth-drying orosensation of stewed beef juice. J. Agric. Food Chem. 58, 6341–6350[8](8) Kaneko S et al, 2006. Molecular and Sensory Studies on the Umami Taste of Japanese Green Tea. J. Agric. Food Chem. 54, 2688–2694;",,,,,,,,,,,,
PMTDB00919,CN1CCC2=CC(=C(C=C2C1CC3=CC(=C(C=C3)OC)OC)OC)OC,bitter,"bitter[1](1) Anderson, H.T., 1949. The plant alkaloids, 4th ed. J. & A. Churchill Ltd, The Blakiston Company. p.804[2](2) Wortmann, H., 1874. Beitrag zur Kenntniss der Wirkung des Laudanosins. Facultät zu Marburg[3](3) Glasby, J., 1975. Encyclopedia of the Alkaloids: Volume 2. Springer Science & Business media",,,,,,,,,,,,
PMTDB00920,CCCCCCCCCCCC(=O)O,fatty,"fatty[1](1) Güler Z, 2005. Quantification of free fatty acids and flavor characteristics of Kasar cheeses. J. Food Lipids 12, 209–221",,,,,,,,,,,,
PMTDB00921,CC1(C2CCC1(C(C2)O)C)C,pungent; bitter,"pungent[1](1) Sheng L-S, Qiang G-F, Du G-H, 2018. l-Borneolum, in: Du, G.-H. (Ed.), Natural Small Molecule Drugs from Plants. Springer Singapore, Singapore, pp. 277–282. doi: 10.1007/978-981-10-8022-7_46[2](2) Burdock GA, 2010. Fenaroli’s Handbook of Flavor Ingredients, Sixth. CRC Press, Taylor and Francis Group, Boca Raton London New York; bitter[1](1) Sheng L-S, Qiang G-F, Du G-H, 2018. l-Borneolum, in: Du, G.-H. (Ed.), Natural Small Molecule Drugs from Plants. Springer Singapore, Singapore, pp. 277–282. doi: 10.1007/978-981-10-8022-7_46",,,,,,,,,,,,
PMTDB00922,C(C(C(=O)O)N)S,sweet; bitter; umami,"sweet[1](1) Haefeli R, Glaser D, 1990. Taste responses and thresholds obtained with the primary amino acids in humans. Leb und Technol 23: 523–527[2](2) Haefeli, R.J.et al, 1998. Taste Responses to Amino Acids in Common Marmosets (Callithrix jacchus jacchus, Callitrichidae) a Non-human Primate in Comparison to Humans. LWT - Food Sci. Technol. 31, 371–376. https://doi.org/https://doi.org/10.1006/fstl.1998.0375; bitter[1](1) Haefeli R, Glaser D, 1990. Taste responses and thresholds obtained with the primary amino acids in humans. Leb und Technol 23: 523–527[2](2) Haefeli, R.J.et al, 1998. Taste Responses to Amino Acids in Common Marmosets (Callithrix jacchus jacchus, Callitrichidae) a Non-human Primate in Comparison to Humans. LWT - Food Sci. Technol. 31, 371–376. https://doi.org/https://doi.org/10.1006/fstl.1998.0375; umami[3](3) Nelson, G.et al., 2002. An amino-acid taste receptor. Nature 416, 199–202. doi: 10.1038/nature726",,,,,,,,,,,,
PMTDB00923,CC1=C2CCC(=C)C2=C3C(=C(C(=O)O3)C=O)C=C1,bitter,"bitter[1](1) Mai F, Glomb M A, 2016. Structural and Sensory Characterization of Novel Sesquiterpene Lactones from Iceberg Lettuce. Journal of Agricultural and Food Chemistry, 64 (1), 295–301",,,,,,,,,,,,
PMTDB00924,CC(C(CCCCCCC=CCC=CCC=CCC=CCC=CCC=CCC(C(C)N)O)O)N,pungent (insufficient evidence),"pungent (insufficient evidence)[1](1) Borgonovo G et al, 2019. Isothiocyanates and Glucosinolates from Sisymbrium officinale (L.) Scop. (“the Singers’’ Plant""): Isolation and in Vitro Assays on the Somatosensory and Pain Receptor TRPA1 Channel.” Molecules 24.[2](2) Giorgi A et al, 2017. Extracts and compounds active on TRP ion channels from Waldheimia glabra, a ritual medicinal plant from Himalaya. Phytomedicine 32, 80–87",,,,,,,,,,,,
PMTDB00925,CC(C(CCCCCCC=CCC=CCC=CCC=CC=CC(CC=CCC(C(C)N)O)O)O)N,pungent (insufficient evidence),"pungent (insufficient evidence)[1](1) Borgonovo G et al, 2019. Isothiocyanates and Glucosinolates from Sisymbrium officinale (L.) Scop. (“the Singers’’ Plant""): Isolation and in Vitro Assays on the Somatosensory and Pain Receptor TRPA1 Channel.” Molecules 24.[2](2) Giorgi A et al, 2017. Extracts and compounds active on TRP ion channels from Waldheimia glabra, a ritual medicinal plant from Himalaya. Phytomedicine 32, 80–87.",,,,,,,,,,,,
PMTDB00926,C1=CC(=C(C=C1C2C(C(C3=C(C=C(C=C3O2)O)O)O)O)O)O,astringent,"astringent[1](1) Joslyn, M.A., Goldstein, J.L., 1964. Astringency of Fruits and Fruit Products in Relation to Phenolic Content, in: Chichester, C.O., Mrak, E.M., Stewart, G.F.B.T.-A. in F.R. (Eds.), . Academic Press, pp. 179–217[2](1) Lea AGH, 1990. Bitterness and astringency: the procyanidins of fermented apple ciders. In: Rouseff RL (ed) Bitternes foods beverages. Dev. Food Sci. vol. 25. Elsevier Science Publishers B.V., Amsterdam, pp 123–143[3](2) Mathew AG, Lakshminarayana S, 1969. Polyphenols of immature sapota fruit. Phytochemistry 8: 507–509[4](3) Ito S, Joslyn MA, 1965. Apple Leucoanthocyanins. J Food Sci 30: 44–51",,,,,,,,,,,,
PMTDB00927,C1=C(C=C(C(=C1O)O)O)C2C(C(C3=C(C=C(C=C3O2)O)O)O)OC4C(C(C(C(O4)CO)O)O)O,astringent,"astringent[1](1) Ito, S., Oshima, Y., 1962. Studies on the tannin of Japanese persimmon (Diospyros kaki L.) Part I. Isolation of leucoanthocyanin from kaki fruit. Agric. Biol. Chem. 26, 156–161[2](2) Joslyn, M.A., Goldstein, J.L., 1964. Astringency Principles, Changes in Phenolic Content in Persimmons during Ripening and Processing. J. Agric. Food Chem. 12, 511–520",,,,,,,,,,,,
PMTDB00928,C1=CC(=CC=C1C2C(C(C3=C(C=C(C=C3O2)O)O)O)O)O,astringent,"astringent[1](1) Mathew AG, Lakshminarayana S, 1969. Polyphenols of immature sapota fruit. Phytochemistry 8: 507–509",,,,,,,,,,,,
PMTDB00930,CC1C(C(C(C(O1)O)O)O)O,sweet,"sweet[1](1) Moskowitz, H.R., 1971. The Sweetness and Pleasantness of Sugars. Am. J. Psychol. 84, 387–405. https://doi.org/10.2307/1420470[2](2) Tinti, J.M., Nofre, C., 2001. Responses of the ant Lasius niger to various compounds perceived as sweet in humans: a structure-activity relationship study. Chem. Senses 26, 231–237",,,,,,,,,,,,
PMTDB00931,C(CC(=O)O)C(C(=O)O)N,sour; bitter; salty; umami-like; sweet (in fish),"sour[1](1) Schiffman, S.S. et al, 1981. Comparison of taste qualities and thresholds of D- and L-amino acids. Physiol. Behav. 27, 51–59[2](2) Schiffman, S.S. et al, 1979. Increased taste thresholds of amino acids with age. Am. J. Clin. Nutr. 32, 1622–1627[3](3) Kato, H. et al, 1989. Role of Free Amino Acids and Peptides in Food Taste, in: Teranishi, R., Buterry, R.G., Shahidi, F. (Eds.), In Flavor Chemistry Trends and Developments, Vol 388. American chemical society: Washington, DC, UK, pp. 158–175[4](4) Kawai, M. et al., 2012. Gustatory sensation of l-and d-amino acids in humans. Amino Acids 43, 2349–2358.; bitter[1](1) Schiffman, S.S. et al, 1981. Comparison of taste qualities and thresholds of D- and L-amino acids. Physiol. Behav. 27, 51–59[2](2) Schiffman, S.S. et al, 1979. Increased taste thresholds of amino acids with age. Am. J. Clin. Nutr. 32, 1622–1627; salty[1](1) Schiffman, S.S. et al, 1981. Comparison of taste qualities and thresholds of D- and L-amino acids. Physiol. Behav. 27, 51–59[2](2) Schiffman, S.S. et al, 1979. Increased taste thresholds of amino acids with age. Am. J. Clin. Nutr. 32, 1622–1627; umami-like[5](5) Kubickova J, Grosch W, 1998. Evaluation of Flavour Compounds of Camembert Cheese. Int Dairy J 8: 11–16[6](6) Hufnagel, J.C., Hofmann, T., 2008. Quantitative reconstruction of the nonvolatile sensometabolome of a red wine. J. Agric. Food Chem. 56, 9190–9199[7](7) Scharbert, S., Hofmann, T., 2005. Molecular definition of black tea taste by means of quantitative studies, taste reconstitution, and omission experiments. J. Agric. Food Chem. 53, 5377–5384[8](8) Kaneko S et al, 2006. Molecular and Sensory Studies on the Umami Taste of Japanese Green Tea. J. Agric. Food Chem. 54, 2688–2694; sweet (in fish)[9](9) Yoshida, T.et al., 2019. Differential scanning fluorimetric analysis of the amino-acid binding to taste receptor using a model receptor protein, the ligand-binding domain of fish T1r2a/T1r3. PLoS One 14, e0218909[10](10) Nuemket N, et al. Structural basis for perception of diverse chemical substances by T1r taste receptors. Nat Commun. 2017; 8: 15530.",,,,,,,,,,,,
PMTDB00932,C(CC(=O)N)C(C(=O)O)N,"sour, umami; sweet;","sour[1](1) Kawai, M. et al., 2012. Gustatory sensation of l-and d-amino acids in humans. Amino Acids 43, 2349–2358., umami[1](1) Kawai, M. et al., 2012. Gustatory sensation of l-and d-amino acids in humans. Amino Acids 43, 2349–2358.[2](2) Hufnagel, J.C., Hofmann, T., 2008. Quantitative reconstruction of the nonvolatile sensometabolome of a red wine. J. Agric. Food Chem. 56, 9190–9199[3](3) Sonntag, T. et al, 2010. Sensory-guided identification of N- (1-methyl-4-oxoimidazolidin-2-ylidene)-alpha-amino acids as contributors to the thick-sour and mouth-drying orosensation of stewed beef juice. J. Agric. Food Chem. 58, 6341–6350; sweet[4](4) Schiffman, S.S. et al, 1981. Comparison of taste qualities and thresholds of D- and L-amino acids. Physiol. Behav. 27, 51–59[5](5) Yoshida, T.et al., 2019. Differential scanning fluorimetric analysis of the amino-acid binding to taste receptor using a model receptor protein, the ligand-binding domain of fish T1r2a/T1r3. PLoS One 14, e0218909[6](6) Nuemket N, et al. Structural basis for perception of diverse chemical substances by T1r taste receptors. Nat Commun. 2017; 8: 15530.;",,,,,,,,,,,,
PMTDB00933,C1=C(NC=N1)CC(C(=O)O)N,bitter,"bitter[1](1) Schiffman SS et al, 1981. Comparison of taste qualities and thresholds of D- and L-amino acids. Physiol Behav 27: 51–59[2](2) Kato, H. et al, 1989. Role of Free Amino Acids and Peptides in Food Taste, in: Teranishi, R., Buterry, R.G., Shahidi, F. (Eds.), In Flavor Chemistry Trends and Developments, Vol 388. American chemical society: Washington, DC, UK, pp. 158–175[3](3) Brieskorn CH, 1990. Physiological and therapeutical aspects of bitter compounds. In: Rouseff RL (ed) Bitternes in foods and beverages. Developments in Food Science vol. 25. Elsevier Science Publishers B.V., Amsterdam, pp 15–33[4](4) Haefeli R, Glaser D, 1990. Taste responses and thresholds obtained with the primary amino acids in humans. Leb und Technol 23: 523–527[5](5) Kubickova J, Grosch W, 1998. Evaluation of Flavour Compounds of Camembert Cheese. Int Dairy J 8: 11–16[6](6) Hufnagel JC, Hofmann T, 2008. Orosensory-directed identification of astringent mouthfeel and bitter-tasting compounds in red wine. J Agric Food Chem 56: 1376–1386[7](7) Belitz, H.D., Grosch, W., Schieberle, P., 2009. Food chemistry, 4th ed, Food Chemistry. Springer Berlin Heidelberg. doi: 10.1007/978-3-540-69934-7[8](8) Sonntag, T. et al, 2010. Sensory-guided identification of N- (1-methyl-4-oxoimidazolidin-2-ylidene)-alpha-amino acids as contributors to the thick-sour and mouth-drying orosensation of stewed beef juice. J. Agric. Food Chem. 58, 6341–6350[9](9) Burdock GA, 2010. Fenaroli’s Handbook of Flavor Ingredients, Sixth. CRC Press, Taylor and Francis Group, Boca Raton London New York[10](10) Rodgers, S. et al, 2006. Characterizing bitterness: identification of key structural features and development of a classification model. J. Chem. Inf. Model. 46, 569–576[11](11) Wiener A et al, 2012. BitterDB: a database of bitter compounds. Nucleic Acids Res 2012, 40 (Database issue): D413-419",,,,,,,,,,,,
PMTDB00934,CC1(C2CCC3(C(C2(CCC1OC4C(C(C(C(O4)C(=O)O)O)O)OC5C(C(C(C(O5)C(=O)O)O)O)O)C)C(=O)C=C6C3(CCC7(C6CC(CC7)(C)C(=O)OC8C(C(C(C(O8)CO)O)O)O)C)C)C)C,sweet;,"sweet[1](1) Kitagawa, I., 2002. Licorice root. A natural sweetener and an important ingredient in Chinese medicine. Pure Appl. Chem. 74, 1189–1198[2](2) Kitagawa, I.et al., 1993. Saponin and sapogenol. XLIX. On the constitutents of the roots of glycyrrhiza inflata BATALIN from Xinjiang, China. Characterization of two sweet oleanane-type triterpene oligoglycosides, apioglycyrrhizin and araboglycyrrhizin. Chem. Pharm. Bull. 41, 1350–1357;",,,,,,,,,,,,
PMTDB00935,CC12CCC(CC1C3=CC(=O)C4C5(CCC(C(C5CCC4(C3(CC2)C)C)(C)CO)OC6C(C(C(C(O6)C(=O)O)O)O)OC7C(C(C(C(O7)C(=O)O)O)O)O)C)(C)C(=O)O,sweet;,"sweet[1](1) Kitagawa, I., 2002. Licorice root. A natural sweetener and an important ingredient in Chinese medicine. Pure Appl. Chem. 74, 1189–1198[2](2) Kitagawa, I.et al., 1993. Saponin and sapogenol. XLIX. On the constitutents of the roots of glycyrrhiza inflata BATALIN from Xinjiang, China. Characterization of two sweet oleanane-type triterpene oligoglycosides, apioglycyrrhizin and araboglycyrrhizin. Chem. Pharm. Bull. 41, 1350–1357;",,,,,,,,,,,,
PMTDB00936,CC1(C2CCC3(C(C2(CCC1OC4C(C(C(C(O4)C(=O)O)O)O)OC5C(C(C(C(O5)C(=O)O)O)O)O)C)C(=O)C=C6C3(CCC7(C6CC(CC7)(C)C(=O)O)C)C)C)C,sweet;,"sweet[1](1) Kitagawa, I., 2002. Licorice root. A natural sweetener and an important ingredient in Chinese medicine. Pure Appl. Chem. 74, 1189–1198[2](2) Kitagawa, I.et al., 1993. Saponin and sapogenol. XLIX. On the constitutents of the roots of glycyrrhiza inflata BATALIN from Xinjiang, China. Characterization of two sweet oleanane-type triterpene oligoglycosides, apioglycyrrhizin and araboglycyrrhizin. Chem. Pharm. Bull. 41, 1350–1357;",,,,,,,,,,,,
PMTDB00937,CN1CCC2=CC(=C(C=C2C1CC3=CC=C(C=C3)O)OC4=C(C=CC(=C4)CC5C6=CC(=C(C=C6CCN5C)OC)OC)O)OC,bitter,"bitter[1](1) Behrens M et al, 2018. Bitter substances from plants used in traditional Chinese medicine exert biased activation of human bitter taste receptors. Chem Biol Drug Des. 91 (2): 422-433",,,,,,,,,,,,
PMTDB00938,CC=C1C(C(=COC1OC2C(C(C(C(O2)CO)O)O)O)C(=O)OC)CC(=O)OCCC3=CC=C(C=C3)O,bitter,"bitter[1](2) Fenwick GR, Curl CL, Griffiths NM, et al, 1990. Bitter principles in food plants. In: Rouseff RL (ed) Bitternes in foods and beverages. Developments in Food Science vol. 25. Elsevier Science Publishers B.V., Amsterdam, pp 205–250[2](2) Kubo I, Matsumoto A, Takase I, 1985. A multichemical defense mechanism of bitter olive Olea europaea (oleaceae). J Chem Ecol 11: 251–263",,,,,,,,,,,,
PMTDB00939,CC1=CCC(CC1)C(=C)C,bitter; sweet;,"bitter[1](1) The Japanese pharmacopoeia, 15th ed, 2006. . The Minister of Health, Labour and Welfare, Japan; sweet[2](2) Arctander, S., 1969. Perfume and Flavor Chemicals (Aroma Chemicals) Vol.1. Allured Publishing Corporation;",,,,,,,,,,,,
PMTDB00940,CC1(C2CC(=O)C3(C(C24COC(=O)CC4O1)CCC5(C36C(O6)C(=O)OC5C7=CC(=O)OC7O)C)C)C,bitter,"bitter[1](1) Kefford, J.F., 1960. The Chemical Constituents of Citrus Fruits, in: Chichester, C.O., Mrak, E.M., Stewart, G.F.B.T.-A. in F.R. (Eds.), . Academic Press, pp. 285–372[2](2) Chandler, B. V., and Kefford, J. F. 1953. The chemistry of bitterness in orange juice. 4. Limonexic acid. Australian J . Sci. 16, 28",,,,,,,,,,,,
PMTDB00941,CC1(C2CC(=O)C3(C(C24COC(=O)CC4O1)CCC5(C36C(O6)C(=O)OC5C7=COC=C7)C)C)C,bitter,"bitter[1](1) Belitz H, Wieser H, 1985. Bitter compounds: Occurrence and structure‐activity relationships. Food Rev Int 1: 271–354.[2](2) Brieskorn, C.H., 1990. Physiological and therapeutical aspects of bitter compounds, in: Rouseff, R.L. (Ed.), Bitternes in Foods and Beverages. Developments in Food Science Vol. 25. Elsevier Science Publishers B.V., Amsterdam, pp. 15–33[3](3) Warmke, R., Belitz, H.D., 1993. Influence of glutamic acid on the bitter taste of various compounds. Z. Lebensm. Unters. Forsch. 197, 132–133[4](4) Drewnowski A, Gomez-Carneros C, 2000. Bitter taste, phytonutrients, and the consumer: a review. Am J Clin Nutr 72: 1424–35[5](5) Meyerhof Wet al, 2010. The molecular receptive ranges of human TAS2R bitter taste receptors. Chem Senses 35: 157–170[6](6) Kefford JF , 1960. The Chemical Constituents of Citrus Fruits. In: Chichester CO, Mrak EM, Stewart GFBT-A in FR (eds). Academic Press, pp 285–372[7](7)Wiener A et al, 2012. BitterDB: a database of bitter compounds. Nucleic Acids Res 2012, 40 (Database issue): D413-419",,,,,,,,,,,,
PMTDB00942,CC(=CCCC(C)(C=C)O)C,pungent (spicy); sweet; floral; woody; green; apple; pear; oily; waxy; citrus; non-pungent;,"pungent (spicy)[1](1) Burdock, GA (ed.), 2001. Fenaroli's Handbook of Flavor Ingredients. 5th ed.Boca Raton, p. 1864[2](2) Furia, T.E. (ed.). CRC Handbook of Food Additives. 2nd ed. Volume 2. Boca Raton, Florida: CRC Press, Inc., 1980., p. 283; sweet[1](1) Burdock, GA (ed.), 2001. Fenaroli's Handbook of Flavor Ingredients. 5th ed.Boca Raton, p. 1864; floral[1](1) Burdock, GA (ed.), 2001. Fenaroli's Handbook of Flavor Ingredients. 5th ed.Boca Raton, p. 1864; woody[1](1) Burdock, GA (ed.), 2001. Fenaroli's Handbook of Flavor Ingredients. 5th ed.Boca Raton, p. 1864; green[3](3) Burdock GA (ed), 2010. Fenaroli’s Handbook of Flavor Ingredients, Sixth. CRC Press, Taylor and Francis Group, Boca Raton London New York, p.2159; apple[3](3) Burdock GA (ed), 2010. Fenaroli’s Handbook of Flavor Ingredients, Sixth. CRC Press, Taylor and Francis Group, Boca Raton London New York, p.2159; pear[3](3) Burdock GA (ed), 2010. Fenaroli’s Handbook of Flavor Ingredients, Sixth. CRC Press, Taylor and Francis Group, Boca Raton London New York, p.2159; oily[3](3) Burdock GA (ed), 2010. Fenaroli’s Handbook of Flavor Ingredients, Sixth. CRC Press, Taylor and Francis Group, Boca Raton London New York, p.2159; waxy[3](3) Burdock GA (ed), 2010. Fenaroli’s Handbook of Flavor Ingredients, Sixth. CRC Press, Taylor and Francis Group, Boca Raton London New York, p.2159; citrus[3](3) Burdock GA (ed), 2010. Fenaroli’s Handbook of Flavor Ingredients, Sixth. CRC Press, Taylor and Francis Group, Boca Raton London New York, p.2159; non-pungent[4](4) Riera, C E et al. 2009. “Compounds from Sichuan and Melegueta Peppers Activate, Covalently and Non-Covalently, TRPA1 and TRPV1 Channels.” British Journal of Pharmacology 157 (8): 1398–1409;",,,,,,,,,,,,
PMTDB00943,CC(C)(C#N)OC1C(C(C(C(O1)CO)O)O)O,bitter,"bitter[1](1) Wiener A, Shudler M, et al, 2012. BitterDB: a database of bitter compounds. Nucleic Acids Res 2012, 40 (Database issue): D413-419[2](2) Fenwick GR et al, 1990. Bitter principles in food plants. In: Rouseff RL (ed) Bitternes in foods and beverages. Developments in Food Science vol. 25. Elsevier Science Publishers B.V., Amsterdam, pp 205–250[3](3) King, N.L.R., Bradbury, J.H., 1995. Bitterness of cassava: Identification of a new apiosyl glucoside and other compounds that affect its bitter taste. J. Sci. Food Agric. 68, 223–230",,,,,,,,,,,,
PMTDB00944,CCCCCC=CCC=CCCCCCCCC(=O)O,"bitter, pungent, astringent, fatty","bitter[1](1) Wieser, H. et al, 1984. Untersuchungen über den Bittergeschmack von Emulsionen höherer Fettsäuren. Zeitschrift für Leb. Und-forsch. 179, 447–449[2](2) Fenwick, G.R. et al, 1990. Bitter principles in food plants. In: Rouseff RL (ed) Bitternes in foods and beverages. Developments in Food Science vol. 25. Elsevier Science Publishers B.V., Amsterdam, pp 205–250[3](3) Grosch, W., Laskawy, G., 1984. Contribution of linoleic acid to the bitter taste of poppy seeds (Papaver somniferum). Zeitschrift fur Leb. Und-forsch. 178, 257–259[4](4) Belitz, H.D., Grosch, W., Schieberle, P., 2009. Food chemistry, 4th ed, Food Chemistry. Springer Berlin Heidelberg. doi: 10.1007/978-3-540-69934-7[6](6) Ebba, S. et al, 2012. The examination of fatty acid taste with edible strips. Physiol. Behav. 106, 579–586[7](7) Ley, J.P. et al, 2005. Evaluation of bitter masking flavanones from Herba Santa (Eriodictyon californicum (H. and A.) Torr., Hydrophyllaceae). J. Agric. Food Chem. 53, 6061–6066[8](8) Lainer J et al, 2019. Characterization of Bitter-Tasting Oxylipins in Poppy Seeds (Papaver somniferum L.). J. Agric. Food Chem., pungent[1](1) Wieser, H. et al, 1984. Untersuchungen über den Bittergeschmack von Emulsionen höherer Fettsäuren. Zeitschrift für Leb. Und-forsch. 179, 447–449[2](2) Fenwick, G.R. et al, 1990. Bitter principles in food plants. In: Rouseff RL (ed) Bitternes in foods and beverages. Developments in Food Science vol. 25. Elsevier Science Publishers B.V., Amsterdam, pp 205–250[3](3) Grosch, W., Laskawy, G., 1984. Contribution of linoleic acid to the bitter taste of poppy seeds (Papaver somniferum). Zeitschrift fur Leb. Und-forsch. 178, 257–259[4](4) Belitz, H.D., Grosch, W., Schieberle, P., 2009. Food chemistry, 4th ed, Food Chemistry. Springer Berlin Heidelberg. doi: 10.1007/978-3-540-69934-7, astringent[5](5) Stephan, A., Steinhart, H., 2000. Bitter taste of unsaturated free fatty acids in emulsions: contribution to the off-flavour of soybean lecithins. Eur. Food Res. Technol. 212, 17–25, fatty[6](6) Ebba, S. et al, 2012. The examination of fatty acid taste with edible strips. Physiol. Behav. 106, 579–586",,,,,,,,,,,,
PMTDB00945,CCCCCC=CCC=CCCCCCCCC(=O)OCC,bitter; pungent (scratchy),"bitter[1](1) Lainer J et al, 2019. Characterization of Bitter-Tasting Oxylipins in Poppy Seeds (Papaver somniferum L.). J. Agric. Food Chem.; pungent (scratchy)[1](1) Lainer J et al, 2019. Characterization of Bitter-Tasting Oxylipins in Poppy Seeds (Papaver somniferum L.). J. Agric. Food Chem.",,,,,,,,,,,,
PMTDB00946,C1C(OC2=C(C1=O)C=CC(=C2)O)C3=CC=C(C=C3)O,bitter,"bitter[1](1) Roland WSU et al, 2013. Bitter Taste Receptor Activation by Flavonoids and Isoflavonoids: Modeled Structural Requirements for Activation of hTAS2R14 and hTAS2R39. J Agric Food Chem 61: 10454–10466[2](2) Behrens, M., Meyerhof, W., 2017. The vertebrate gustatory system, in: Guichard, E., Salles, C., Morzel, M., Le Bon, A.-M. (Eds.), Flavour From Food to Perception. John Wiley & Sons, Ltd, Chichester, West Sussex Hoboken, NJ, pp. 57–78.[3](3) Wiener A, Shudler M, et al, 2012. BitterDB: a database of bitter compounds. Nucleic Acids Res 2012, 40 (Database issue): D413-419[4](4) Harada, Y.et al, 2019. Role of Bitter Taste Receptors in Regulating Gastric Accommodation in Guinea Pigs. J. Pharmacol. Exp. Ther. 369, 466–472",,,,,,,,,,,,
PMTDB00947,CCC(C)C(C(=O)O)N,bitter,"bitter[1](1) Kato, H. et al, 1989. Role of Free Amino Acids and Peptides in Food Taste, in: Teranishi, R., Buterry, R.G., Shahidi, F. (Eds.), In Flavor Chemistry Trends and Developments, Vol 388. American chemical society: Washington, DC, UK, pp. 158–175[2](2) Haefeli R, Glaser D, 1990. Taste responses and thresholds obtained with the primary amino acids in humans. Leb und Technol 23: 523–527[3](3) Kubickova J, Grosch W (1998) Evaluation of Flavour Compounds of Camembert Cheese. Int Dairy J 8: 11–16[4](4) Belitz, H.D., Grosch, W., Schieberle, P., 2009. Food chemistry, 4th ed, Food Chemistry. Springer Berlin Heidelberg. doi: 10.1007/978-3-540-69934-7[5](5) Wiener A et al, 2012. BitterDB: a database of bitter compounds. Nucleic Acids Res 2012, 40 (Database issue): D413-419[6](6) Schiffman, S.S. et al, 1979. Increased taste thresholds of amino acids with age. Am. J. Clin. Nutr. 32, 1622–1627[7](7) Schiffman SS et al, 1981. Comparison of taste qualities and thresholds of D- and L-amino acids. Physiol Behav 27: 51–59[8](8) Delompré, T. et al, 2019. Taste Perception of Nutrients Found in Nutritional Supplements: A Review. Nutrients 11 (9). pii: E2050[9](9) The Japanese pharmacopoeia, 15th ed, 2006. . The Minister of Health, Labour and Welfare, Japan",,,,,,,,,,,,
PMTDB00948,CC(C)CC(C(=O)O)N,bitter,"bitter[1](1) Kato, H. et al, 1989. Role of Free Amino Acids and Peptides in Food Taste, in: Teranishi, R., Buterry, R.G., Shahidi, F. (Eds.), In Flavor Chemistry Trends and Developments, Vol 388. American chemical society: Washington, DC, UK, pp. 158–175[2](2) Ishibashi, N., Arita, Y., Kanehisa, H., Kouge, K., Okai, H., Fukui, S., 1987. Bitterness of Leucine-containing Peptides. Agric. Biol. Chem. 51, 2389–2394. doi: 10.1080/00021369.1987.10868411[3](3) Lehmann, P.A.F., 1978. The correlation of sweetness and bitterness of enantiomeric aminoacids. Life Sci. 22, 1631–1635[4](4) Haefeli R, Glaser D, 1990. Taste responses and thresholds obtained with the primary amino acids in humans. Leb und Technol 23: 523–527[5](5) Brieskorn, C.H., 1990. Physiological and therapeutical aspects of bitter compounds, in: Rouseff, R.L. (Ed.), Bitternes in Foods and Beverages. Developments in Food Science Vol. 25. Elsevier Science Publishers B.V., Amsterdam, pp. 15–33[6](6) Kubickova J, Grosch W, 1998. Evaluation of Flavour Compounds of Camembert Cheese. Int Dairy J 8: 11–16[7](7) Belitz, H.D., Grosch, W., Schieberle, P., 2009. Food chemistry, 4th ed, Food Chemistry. Springer Berlin Heidelberg. doi: 10.1007/978-3-540-69934-7[8](8) Schiffman SS et al, 1981. Comparison of taste qualities and thresholds of D- and L-amino acids. Physiol Behav 27: 51–59[9](9) Wiener A et al, 2012. BitterDB: a database of bitter compounds. Nucleic Acids Res 2012, 40 (Database issue): D413-419[10](10) The Japanese pharmacopoeia, 15th ed, 2006. . The Minister of Health, Labour and Welfare, Japan",,,,,,,,,,,,
PMTDB00949,C(CCN)CC(C(=O)O)N,bitter;,"bitter[1](1) Haefeli R, Glaser D, 1990. Taste responses and thresholds obtained with the primary amino acids in humans. Leb und Technol 23: 523–527[2](2) Kubickova J, Grosch W, 1998. Evaluation of Flavour Compounds of Camembert Cheese. Int Dairy J 8: 11–16[3](3) Sonntag, T. et al, 2010. Sensory-guided identification of N- (1-methyl-4-oxoimidazolidin-2-ylidene)-alpha-amino acids as contributors to the thick-sour and mouth-drying orosensation of stewed beef juice. J. Agric. Food Chem. 58, 6341–6350[4](4) Belitz, H.D., Grosch, W., Schieberle, P., 2009. Food chemistry, 4th ed, Food Chemistry. Springer Berlin Heidelberg. doi: 10.1007/978-3-540-69934-7[5](5) Kato, H. et al, 1989. Role of Free Amino Acids and Peptides in Food Taste, in: Teranishi, R., Buterry, R.G., Shahidi, F. (Eds.), In Flavor Chemistry Trends and Developments, Vol 388. American chemical society: Washington, DC, UK, pp. 158–175[6](6) Wiener A et al, 2012. BitterDB: a database of bitter compounds. Nucleic Acids Res 2012, 40 (Database issue): D413-419;",,,,,,,,,,,,
PMTDB00950,C(C(C(=O)O)O)C(=O)O,sour; astringent,"sour[1](1) Moskowitz, H.R., 1971. Ratio scales of acid sourness. Percept. Psychophys. 9, 371–374[2](2) Rubico, S.M., McDaniel, M.R., 1992. Sensory evaluation of acids by free-choice profiling. Chem. Senses 17, 273–289[3](3) Sowalsky, R.A., Noble, A.C., 1998. Comparison of the effects of concentration, pH and anion species on astringency and sourness of organic acids. Chem. Senses 23, 343–349[4](4) Izawa, K. et al, 2010. 4.16 - Human–Environment Interactions – Taste, in: Liu, H.-W. (Ben), Mander, L.B.T.-C.N.P.I.I. (Eds.), . Elsevier, Oxford, pp. 631–671[5](5) Steglich, W., Fugmann, B., Lang-Fugmann, S., 2000. Römpp encyclopedia natural products. Georg Thieme Verlag, Leverkusen, Ratingen, Munich, Germany. 784 pp[6](6) Wollmann N, Hufnagel J-C, Hoffman T (2013) Decoding the taste of wine using a sensomic approach. In: Ferreira V, López R (eds) Flavour Sci. Proc. from XIII Weurman Flavour Res. Symp. Elsevier Science, pp 525–532[7](7) Amerine, M.A., Pangborn, R.M., Roessler, E.B., 1965. CHAPTER 2 - The Sense of Taste, in: Amerine, M.A., Pangborn, R.M., Roessler, E.B. (Eds.), Principles of Sensory Evaluation of Food. Academic Press, pp. 28–144. doi: https://doi.org/10.1016/B978-1-4832-0018-7.50006-4[8](8) Fabian, F.W., Blum, H.B., 1943. Relative taste-potency of some basic food constituents and their competitive and, compensatory action. Food Res. 8, 179–193[9](9) Siebert, K.J., 1999. Modeling the flavor thresholds of organic acids in beer as a function of their molecular properties. Food Qual. Prefer. 10, 129–137[10](10) Li, H., Liu, F., 2015. The chemistry of sour taste and the strategy to reduce the sour taste of beer. Food Chem. 185, 200–204[11](11) Straub, A.M., 1992. Power function determination for sourness and time-intensity measurements of sourness and astrigency for selected acids.MSc Thesis, Oregon State University, USA[12](12) Wishart DS et al, 2009. HMDB ID: a knowledgebase for the human metabolome. Nucleic Acids Res 37: D603-10[13](13) Scharbert, S., Hofmann, T., 2005. Molecular definition of black tea taste by means of quantitative studies, taste reconstitution, and omission experiments. J. Agric. Food Chem. 53, 5377–5384[14](14) Taylor, N.W. et al, 1930. Quantitative measurements on the acid taste and their bearing on the nature of the nerve receptor. Protoplasma 10, 84–97[15](15) Sonntag, T. et al, 2010. Sensory-guided identification of N- (1-methyl-4-oxoimidazolidin-2-ylidene)-alpha-amino acids as contributors to the thick-sour and mouth-drying orosensation of stewed beef juice. J. Agric. Food Chem. 58, 6341–6350[16](16) Hufnagel JC, Hofmann T, 2008. Orosensory-directed identification of astringent mouthfeel and bitter-tasting compounds in red wine. J Agric Food Chem 56: 1376–1386[17](17) Neta ERDC et al, 2007. The Chemistry and Physiology of Sour Taste—A Review. J Food Sci 72: R33-8.[18](18) Polya G, 2003. Biochemical Targets of Plant Bioactive Compounds: A Pharmacological Reference Guide to Sites of Action and Biological Effects. CRC Press[19](19) Marsh, K.B. et al, 2006. Perception of flavour in standardised fruit pulps with additions of acids or sugars. Food Qual. Prefer. 17, 376–386; astringent[2](2) Rubico, S.M., McDaniel, M.R., 1992. Sensory evaluation of acids by free-choice profiling. Chem. Senses 17, 273–289[3](3) Sowalsky, R.A., Noble, A.C., 1998. Comparison of the effects of concentration, pH and anion species on astringency and sourness of organic acids. Chem. Senses 23, 343–349[11](11) Straub, A.M., 1992. Power function determination for sourness and time-intensity measurements of sourness and astrigency for selected acids.MSc Thesis, Oregon State University, USA",,,,,,,,,,,,
PMTDB00951,CSCCC(C(=O)O)N,bitter; sweet (insufficient evidence),"bitter[1](1) Kato, H. et al, 1989. Role of Free Amino Acids and Peptides in Food Taste, in: Teranishi, R., Buterry, R.G., Shahidi, F. (Eds.), In Flavor Chemistry Trends and Developments, Vol 388. American chemical society: Washington, DC, UK, pp. 158–175[2](2) Schiffman, S.S. et al, 1981. Comparison of taste qualities and thresholds of D- and L-amino acids. Physiol. Behav. 27, 51–59[3](3) Schiffman, S.S. et al, 1979. Increased taste thresholds of amino acids with age. Am. J. Clin. Nutr. 32, 1622–1627[4](4) Kawai, M. et al., 2012. Gustatory sensation of l-and d-amino acids in humans. Amino Acids 43, 2349–2358.; sweet (insufficient evidence)[2](2) Schiffman, S.S. et al, 1981. Comparison of taste qualities and thresholds of D- and L-amino acids. Physiol. Behav. 27, 51–59[3](3) Schiffman, S.S. et al, 1979. Increased taste thresholds of amino acids with age. Am. J. Clin. Nutr. 32, 1622–1627[5](5) Haefeli R, Glaser D, 1990. Taste responses and thresholds obtained with the primary amino acids in humans. Leb und Technol 23: 523–527",,,,,,,,,,,,
PMTDB00952,CN1C(CCCC1CC(=O)C2=CC=CC=C2)CC(C3=CC=CC=C3)O,bitter,"bitter[1](1) Chu S-F, Kong L-L, Chen N-H, 2018. Lobeline, in: Du G-H (Ed.), Natural Small Molecule Drugs from Plants. Springer Singapore, Singapore, pp. 283–287. doi: 10.1007/978-981-10-8022-7_47[2](2) Aniszewski T, 2015. Chapter 1 - Definition, typology, and occurrence of alkaloids. In Alkaloids (2nd ed., pp. 1–97). https://doi.org/https://doi.org/10.1016/B978-0-444-59433-4.00001-8",,,,,,,,,,,,
PMTDB00953,CC1C(CC2C1C(OC=C2C(=O)O)OC3C(C(C(C(O3)CO)O)O)O)O,"Bitter (contradictory evidence): bitter, non bitter; salty","Bitter (contradictory evidence): bitter[1](1) Oszmiański, J., Kucharska, A.Z., 2018. Effect of pre-treatment of blue honeysuckle berries on bioactive iridoid content. Food Chem. 240, 1087–1091[2](2) Houghton, P.J., Ming, L.L., 1985. Iridoids from Desfostainia Spinosa. Phytochemistry 24, 1841–1842[3](3) Suh, H.-W. et al, 2015. A bitter herbal medicine Gentiana scabra root extract stimulates glucagon-like peptide-1 secretion and regulates blood glucose in db/db mouse. J. Ethnopharmacol. 172, 219–226[4](4) Khan, I.A., Abourashed, E.A., 2010. Leung’s Encyclopedia of Common Natural Ingredients Used in Food, Drugs, and Cosmetics, 3rd ed. John Wiley & Sons, Inc., Hoboken, New Jersey, non bitter[5](5) Olennikov, N.D.et al, 2015. Bitter Gentian Teas: Nutritional and Phytochemical Profiles, Polysaccharide Characterisation and Bioactivity. Molecules 20, 20014–20030; salty[5](5) Olennikov, N.D.et al, 2015. Bitter Gentian Teas: Nutritional and Phytochemical Profiles, Polysaccharide Characterisation and Bioactivity. Molecules 20, 20014–20030",,,,,,,,,,,,
PMTDB00954,CC1C(CC2C1C(OC=C2C(=O)OC)OC3C(C(C(C(O3)CO)O)O)O)O,bitter,"bitter[1](1) Singh AS, 2011. Herbalism, Phytochemistry and Ethnopharmacology. Science Publishers, CRC Press Taylor & Francis Group, Enfield USA[2](2) Korte F, Barkemeyer H, Korte I, 1959. Neuere Ergebnisse der Chemie pflanzlicher Bitterstoffe, in: Abelson PH, Barkemeyer H, Bernauer K, Dimond AE, Inhoffen HH, Irmscher K, Korte F, Korte I, Kuhn H, Schroeder WA, Stowe BB, Venkataraman K, Zechmeister L (Eds.), Fortschritte Der Chemie Organischer Naturstoffe / Progress in the Chemistry of Organic Natural Products / Progrès Dans La Chimie Des Substances Organiques Naturelles. Springer Vienna, Vienna, pp. 124–182. doi: 10.1007/978-3-7091-8052-5_3",,,,,,,,,,,,
PMTDB00955,CC1(CC(CC2(C1=CC(=O)O2)C)O)C,bitter,"bitter[1](1) Willuhn, G., Westhaus, R.-G., 1987. Loliolide (calendin) from Calendula officinalis. Planta Med. 53, 304.[2](2) Suchý, M., Herout, V., 1961. Plant substances. XI. Calendin-The bitter principle from Calendula officinalis L. Collect. Czechoslov. Chem. Commun. 26, 890–892[3](3) Hegnauer, R., Hegnauer, M., 1966. Chemotaxonomie der pflanzen: dicotyledoneae: daphniphyllaceae-lythraceae. Birkhäuser Basel",,,,,,,,,,,,
PMTDB00956,CCC(C)(C#N)OC1C(C(C(C(O1)CO)O)O)O,bitter,"bitter[1](1) Fenwick GR, Curl CL, Griffiths NM, Heaney R.K. Price K.R., 1990. Bitter principles in food plants. In: Rouseff RL (ed) Bitternes in foods and beverages. Developments in Food Science vol. 25. Elsevier Science Publishers B.V., Amsterdam, pp 205–250[2](2) King, N.L.R., Bradbury, J.H., 1995. Bitterness of cassava: Identification of a new apiosyl glucoside and other compounds that affect its bitter taste. J. Sci. Food Agric. 68, 223–230[3](3) Ntie-Kang, F., 2019. Mechanistic role of plant-based bitter principles and bitterness prediction for natural product studies II: prediction tools and case studies. Phys. Sci. Rev. 4, 1–16",,,,,,,,,,,,
PMTDB00957,CC(=CCC1C(C2C3CCC4C5(CCC(C(C5CCC4(C3(C(C2(O1)O)O)C)C)(C)C)OC6C(C(C(CO6)O)O)OC7C(C(C(C(O7)CO)O)OC8C(C(CO8)(CO)O)O)OC9C(C(C(C(O9)CO)O)O)O)C)(C)O)C,bitter,"bitter[1](1) Schühly, W., Heilmann, J., et al., 2000. Novel Triterpene Saponins from Zizyphus joazeiro. HCA, 83: 1509-1516.",,,,,,,,,,,,
PMTDB00958,C1=CC=C(C=C1)CC(C(=O)O)N,bitter,"bitter[1](1) Kato, H. et al, 1989. Role of Free Amino Acids and Peptides in Food Taste, in: Teranishi, R., Buterry, R.G., Shahidi, F. (Eds.), In Flavor Chemistry Trends and Developments, Vol 388. American chemical society: Washington, DC, UK, pp. 158–175[2](2) Ishibashi, N. et al, 1987. Bitterness of Phenylalanine- and Tyrosine-containing Peptides. Agric. Biol. Chem. 51, 3309–3313[3](3) Lehmann, P.A.F., 1978. The correlation of sweetness and bitterness of enantiomeric aminoacids. Life Sci. 22, 1631–1635[4](4) Haefeli R, Glaser D, 1990. Taste responses and thresholds obtained with the primary amino acids in humans. Leb und Technol 23: 523–527[5](5) Steglich, W., Fugmann, B., Lang-Fugmann, S., 2000. Römpp encyclopedia natural products. Georg Thieme Verlag, Leverkusen, Ratingen, Munich, Germany. 784 pp[6](6) Behrens M et al, 2004. The human taste receptor hTAS2R14 responds to a variety of different bitter compounds. Biochem Biophys Res Commun 319: 479–485[7](7) Belitz, H.D., Grosch, W., Schieberle, P., 2009. Food chemistry, 4th ed, Food Chemistry. Springer Berlin Heidelberg. doi: 10.1007/978-3-540-69934-7[8](8) Kohl, S. et al, 2013. Amino acids and peptides activate at least five members of the human bitter taste receptor family. J. Agric. Food Chem. 61, 53–60[9](9) Schiffman SS et al, 1981. Comparison of taste qualities and thresholds of D- and L-amino acids. Physiol Behav 27: 51–59[10](10) Schiffman, S.S. et al, 1979. Increased taste thresholds of amino acids with age. Am. J. Clin. Nutr. 32, 1622–1627[11](11) Bassoli, A. et al, 2014. The taste of D-and L-amino acids: In vitro binding assays with cloned human bitter (TAS2Rs) and sweet (TAS1R2/TAS1R3) receptors. Food Chem. 150, 27–33[12](12) Ji, M. et al, 2014. Identification of Novel Compounds for Human Bitter Taste Receptors. Chem. Biol. Drug Des. 84, 63–74[13](13) Hufnagel, J.C., Hofmann, T., 2008. Quantitative reconstruction of the nonvolatile sensometabolome of a red wine. J. Agric. Food Chem. 56, 9190–9199[14](14) Sonntag, T. et al, 2010. Sensory-guided identification of N- (1-methyl-4-oxoimidazolidin-2-ylidene)-alpha-amino acids as contributors to the thick-sour and mouth-drying orosensation of stewed beef juice. J. Agric. Food Chem. 58, 6341–6350[15](15) Belitz H, Wieser H, 1985. Bitter compounds: Occurrence and structure‐activity relationships. Food Rev Int 1: 271–354.[16](16) Wiener A et al, 2012. BitterDB: a database of bitter compounds. Nucleic Acids Res 2012, 40 (Database issue): D413-419[17](17) Kubickova J, Grosch W, 1998. Evaluation of Flavour Compounds of Camembert Cheese. Int Dairy J 8: 11–16[18](18) Brieskorn, C.H., 1990. Physiological and therapeutical aspects of bitter compounds, in: Rouseff, R.L. (Ed.), Bitternes in Foods and Beverages. Developments in Food Science Vol. 25. Elsevier Science Publishers B.V., Amsterdam, pp. 15–33",,,,,,,,,,,,
PMTDB00959,C1CC(NC1)C(=O)O,"sweet, bitter, salty (insufficient evidence), sour (insufficient evidence)","sweet[1](1) Schiffman SS et al, 1981. Comparison of taste qualities and thresholds of D- and L-amino acids. Physiol Behav 27: 51–59[2](2) Kubickova J, Grosch W, 1998. Evaluation of Flavour Compounds of Camembert Cheese. Int Dairy J 8: 11–16[3](3) Haefeli R, Glaser D, 1990. Taste responses and thresholds obtained with the primary amino acids in humans. Leb und Technol 23: 523–527[4](4) Ahmed J, Preissner S, Dunkel M, et al (2011) SuperSweet—a resource on natural and artificial sweetening agents. Nucleic Acids Res 39: D377–D382[5](5) Scharbert, S., Hofmann, T., 2005. Molecular definition of black tea taste by means of quantitative studies, taste reconstitution, and omission experiments. J. Agric. Food Chem. 53, 5377–5384[6](6) Delompré, T. et al, 2019. Taste Perception of Nutrients Found in Nutritional Supplements: A Review. Nutrients 11 (9). pii: E2050[7](7) Belitz, H.D., Grosch, W., Schieberle, P., 2009. Food chemistry, 4th ed, Food Chemistry. Springer Berlin Heidelberg. doi: 10.1007/978-3-540-69934-7[8](8) Kato, H. et al, 1989. Role of Free Amino Acids and Peptides in Food Taste, in: Teranishi, R., Buterry, R.G., Shahidi, F. (Eds.), In Flavor Chemistry Trends and Developments, Vol 388. American chemical society: Washington, DC, UK, pp. 158–175, bitter[7](7) Belitz, H.D., Grosch, W., Schieberle, P., 2009. Food chemistry, 4th ed, Food Chemistry. Springer Berlin Heidelberg. doi: 10.1007/978-3-540-69934-7[8](8) Kato, H. et al, 1989. Role of Free Amino Acids and Peptides in Food Taste, in: Teranishi, R., Buterry, R.G., Shahidi, F. (Eds.), In Flavor Chemistry Trends and Developments, Vol 388. American chemical society: Washington, DC, UK, pp. 158–175, salty (insufficient evidence)[1](1) Schiffman SS et al, 1981. Comparison of taste qualities and thresholds of D- and L-amino acids. Physiol Behav 27: 51–59[10](10) Schiffman, S.S. et al, 1979. Increased taste thresholds of amino acids with age. Am. J. Clin. Nutr. 32, 1622–1627, sour (insufficient evidence)[1](1) Schiffman SS et al, 1981. Comparison of taste qualities and thresholds of D- and L-amino acids. Physiol Behav 27: 51–59[10](10) Schiffman, S.S. et al, 1979. Increased taste thresholds of amino acids with age. Am. J. Clin. Nutr. 32, 1622–1627",,,,,,,,,,,,
PMTDB00960,C(C(C(=O)O)N)O,sweet; sour; umami;,"sweet[1](1) Kato, H. et al, 1989. Role of Free Amino Acids and Peptides in Food Taste, in: Teranishi, R., Buterry, R.G., Shahidi, F. (Eds.), In Flavor Chemistry Trends and Developments, Vol 388. American chemical society: Washington, DC, UK, pp. 158–175[2](2) Schlichtherle-Cerny, H., Grosch, W., 1998. Evaluation of taste compounds of stewed beef juice. Zeitschrift für Leb. und -forsch. A 207, 369–376[3](3) Sonntag, T. et al, 2010. Sensory-guided identification of N- (1-methyl-4-oxoimidazolidin-2-ylidene)-alpha-amino acids as contributors to the thick-sour and mouth-drying orosensation of stewed beef juice. J. Agric. Food Chem. 58, 6341–6350[4](4) Haefeli R, Glaser D, 1990. Taste responses and thresholds obtained with the primary amino acids in humans. Leb und Technol 23: 523–527[5](5) Belitz, H.D., Grosch, W., Schieberle, P., 2009. Food chemistry, 4th ed, Food Chemistry. Springer Berlin Heidelberg. doi: 10.1007/978-3-540-69934-7[6](6) Steglich, W., Fugmann, B., Lang-Fugmann, S., 2000. Römpp encyclopedia natural products. Georg Thieme Verlag, Leverkusen, Ratingen, Munich, Germany. 784 pp[7](7) Kawai, M.et al, 2012. Gustatory sensation of l-and d-amino acids in humans. Amino Acids 43, 2349–2358; sour[7](7) Kawai, M.et al, 2012. Gustatory sensation of l-and d-amino acids in humans. Amino Acids 43, 2349–2358[9](9) Schiffman SS et al, 1981. Comparison of taste qualities and thresholds of D- and L-amino acids. Physiol Behav 27: 51–59; umami[7](7) Kawai, M.et al, 2012. Gustatory sensation of l-and d-amino acids in humans. Amino Acids 43, 2349–2358[10](10) Shi, J. et al, 2017. T1R1/T1R3 Taste Receptor Suppresses Granulocyte-Mediated Neuroinflammation after Spinal Cord Injury. J. Neurotrauma 34, 2353–2363 (animal);",,,,,,,,,,,,
PMTDB00961,C1C(C(C(C(O1)(CO)O)O)O)O,sweet,"sweet[1](1) Tinti, J.M., Nofre, C., 2001. Responses of the ant Lasius niger to various compounds perceived as sweet in humans: a structure-activity relationship study. Chem. Senses 26, 231–237[2](2) Ahmed, J. Et al, 2011. SuperSweet—a resource on natural and artificial sweetening agents. Nucleic Acids Res. 39, D377–D382[3](3) Moskowitz, H.R., 1971. The Sweetness and Pleasantness of Sugars. Am. J. Psychol. 84, 387–405",,,,,,,,,,,,
PMTDB00962,CCNC(=O)CCC(C(=O)O)N,astringent; umami; sweet,"astringent[1](1) Kaneko S et al, 2006. Molecular and Sensory Studies on the Umami Taste of Japanese Green Tea. J. Agric. Food Chem. 54, 2688–2694. https://doi.org/10.1021/jf0525232; umami[1](1) Kaneko S et al, 2006. Molecular and Sensory Studies on the Umami Taste of Japanese Green Tea. J. Agric. Food Chem. 54, 2688–2694. https://doi.org/10.1021/jf0525232; sweet[1](1) Kaneko S et al, 2006. Molecular and Sensory Studies on the Umami Taste of Japanese Green Tea. J. Agric. Food Chem. 54, 2688–2694. https://doi.org/10.1021/jf0525232",,,,,,,,,,,,
PMTDB00963,CC(C(C(=O)O)N)O,"sweet, bitter (insufficient evidence), sour (insufficient evidence), fatty (insufficient evidence)","sweet[1](1) Schiffman SS et al, 1981. Comparison of taste qualities and thresholds of D- and L-amino acids. Physiol Behav 27: 51–59[2](2) Kato, H. et al, 1989. Role of Free Amino Acids and Peptides in Food Taste, in: Teranishi, R., Buterry, R.G., Shahidi, F. (Eds.), In Flavor Chemistry Trends and Developments, Vol 388. American chemical society: Washington, DC, UK, pp. 158–175[3](3) Haefeli R, Glaser D, 1990. Taste responses and thresholds obtained with the primary amino acids in humans. Leb und Technol 23: 523–527[4](4) Belitz, H.D., Grosch, W., Schieberle, P., 2009. Food chemistry, 4th ed, Food Chemistry. Springer Berlin Heidelberg. doi: 10.1007/978-3-540-69934-7[5](5) Yu H et al, 2015. Characterization of Chinese rice wine taste attributes using liquid chromatographic analysis, sensory evaluation, and an electronic tongue. J Chromatogr B 997: 129–135[6](6) Schiffman, S.S. et al, 1979. Increased taste thresholds of amino acids with age. Am. J. Clin. Nutr. 32, 1622–1627[7](7) Kubickova, J., Grosch, W., 1998. Evaluation of Flavour Compounds of Camembert Cheese. Int Dairy J. 8, 11–16[8](8) Sonntag, T.et al, 2010. Sensory-guided identification of N- (1-methyl-4-oxoimidazolidin-2-ylidene)-alpha-amino acids as contributors to the thick-sour and mouth-drying orosensation of stewed beef juice. J. Agric. Food Chem. 58, 6341–6350[9](9) Warmke, R. et al, 1996. Evaluation of taste compounds of Swiss cheese (Emmentaler). Eur. Food Res. Technol. 203, 230–235, bitter (insufficient evidence)[1](1) Schiffman SS et al, 1981. Comparison of taste qualities and thresholds of D- and L-amino acids. Physiol Behav 27: 51–59, sour (insufficient evidence)[1](1) Schiffman SS et al, 1981. Comparison of taste qualities and thresholds of D- and L-amino acids. Physiol Behav 27: 51–59, fatty (insufficient evidence)[1](1) Schiffman SS et al, 1981. Comparison of taste qualities and thresholds of D- and L-amino acids. Physiol Behav 27: 51–59",,,,,,,,,,,,
PMTDB00964,C1=CC=C2C(=C1)C(=CN2)CC(C(=O)O)N,bitter; astringent;,"bitter[1](1) Schiffman, S.S. et al, 1979. Increased taste thresholds of amino acids with age. Am. J. Clin. Nutr. 32, 1622–1627[2](2) Kato, H. et al, 1989. Role of Free Amino Acids and Peptides in Food Taste, in: Teranishi, R., Buterry, R.G., Shahidi, F. (Eds.), In Flavor Chemistry Trends and Developments, Vol 388. American chemical society: Washington, DC, UK, pp. 158–175[3](3) Belitz H, Wieser H, 1985. Bitter compounds: Occurrence and structure‐activity relationships. Food Rev Int 1: 271–354.[4](4) Lehmann, P.A.F., 1978. The correlation of sweetness and bitterness of enantiomeric aminoacids. Life Sci. 22, 1631–1635[5](5) Haefeli R, Glaser D, 1990. Taste responses and thresholds obtained with the primary amino acids in humans. Leb und Technol 23: 523–527[6](6) The Japanese pharmacopoeia, 15th ed, 2006. . The Minister of Health, Labour and Welfare, Japan[7](7) Warmke, R., Belitz, H.D., 1993. Influence of glutamic acid on the bitter taste of various compounds. Z. Lebensm. Unters. Forsch. 197, 132–133[8](8) Wiener A et al, 2012. BitterDB: a database of bitter compounds. Nucleic Acids Res 2012, 40 (Database issue): D413-419[9](9) Belitz, H.D., Grosch, W., Schieberle, P., 2009. Food chemistry, 4th ed, Food Chemistry. Springer Berlin Heidelberg. doi: 10.1007/978-3-540-69934-7[10](10) Kohl, S. et al, 2013. Amino acids and peptides activate at least five members of the human bitter taste receptor family. J. Agric. Food Chem. 61, 53–60[11](11) Bassoli, A. et al, 2014. The taste of D-and L-amino acids: In vitro binding assays with cloned human bitter (TAS2Rs) and sweet (TAS1R2/TAS1R3) receptors. Food Chem. 150, 27–33[12]12) Schwarz, B., & Hofmann, T. (2007). Sensory-guided decomposition of red currant juice (Ribes rubrum) and structure determination of key astringent compounds. Journal of Agricultural and Food Chemistry, 55 (4), 1394–1404; astringent[12]12) Schwarz, B., & Hofmann, T. (2007). Sensory-guided decomposition of red currant juice (Ribes rubrum) and structure determination of key astringent compounds. Journal of Agricultural and Food Chemistry, 55 (4), 1394–1404;",,,,,,,,,,,,
PMTDB00965,C1CCN2CC3CC(C2C1)CN4C3CCCC4=O,bitter,"bitter[1](1) Bleitgen R et al, 1979. Die Lupine—ein Beitrag zur Nahrungsversorgung in den Anden. Z. Ernahrungswiss. 18, 104–111[2](2) Bassoli A, Borgonovo G, Busnelli G, 2007. Alkaloids and the Bitter Taste. In: Fattorusso E, Taglialatela-Scafati O (eds) Modern Alkaloids: Structure, Isolation, Synthesis and Biology. Wiley-VCH Verlag GmbH & Co. KGaA, Weinheim, Germany, pp 53–72",,,,,,,,,,,,
PMTDB00966,C1CCN2CCCC(C2C1)CO,bitter,"bitter[1](1) Bleitgen, R. et al, 1979. Die Lupine—ein Beitrag zur Nahrungsversorgung in den Anden. Z. Ernahrungswiss. 18, 104–111.[2](2) Wiener A et al, 2012. BitterDB: a database of bitter compounds. Nucleic Acids Res 2012, 40 (Database issue): D413-419[3](3) Bassoli A, Borgonovo G, Busnelli G, 2007. Alkaloids and the Bitter Taste. In: Fattorusso E, Taglialatela-Scafati O (eds) Modern Alkaloids: Structure, Isolation, Synthesis and Biology. Wiley-VCH Verlag GmbH & Co. KGaA, Weinheim, Germany, pp 53–72, doi.org/10.1002/9783527621071.ch3[4]",,,,,,,,,,,,
PMTDB00967,CC(C)CC(=O)C1=C(C(=C(C(C1=O)(CC=C(C)C)CC=C(C)C)O)CC=C(C)C)O,bitter,"bitter[1](1) Korte, F., Barkemeyer, H., Korte, I., 1959. Neuere Ergebnisse der Chemie pflanzlicher Bitterstoffe, in: Abelson, P.H., Barkemeyer, H., Bernauer, K., Dimond, A.E., Inhoffen, H.H., Irmscher, K., Korte, F., Korte, I., Kuhn, H., Schroeder, W.A., Stowe, B.B., Venkataraman, K., Zechmeister, L. (Eds.), Fortschritte Der Chemie Organischer Naturstoffe / Progress in the Chemistry of Organic Natural Products / Progrès Dans La Chimie Des Substances Organiques Naturelles. Springer Vienna, Vienna, pp. 124–182. doi: 10.1007/978-3-7091-8052-5_3[2](2) Korte, F., 1953. Die pflanzlichen Bitterstoffe. Arch. Pharm. (Weinheim). 286, 295–307[3](3) Intelmann, D. et al, 2009, Three TAS2R Bitter Taste Receptors Mediate the Psychophysical Responses to Bitter Compounds of Hops (Humulus lupulus L.) and Beer. Chemosensory Perception 2, 118-132[4](4) The Merck Index, Thirteenth Edition, 2001. . Merck & Co., Inc., Whitehouse Station, New Jersey, USA, New Jersey, USA[5](5) Wiener A et al, 2012. BitterDB: a database of bitter compounds. Nucleic Acids Res 2012, 40 (Database issue): D413-419",,,,,,,,,,,,
PMTDB00968,CC1=C(C(CC(C1)O)(C)C)C=CC(=CC=CC(=CC=CC=C(C)C=CC=C(C)C=CC2C(=CC(CC2(C)C)O)C)C)C,bitter,"bitter[1](1) Kubo, M.T.K.et al, 2013. Transference of lutein during cheese making, color stability, and sensory acceptance of Prato cheese. Food Sci. Technol. 33, 82–88[2](2) Meyerhof, W., 2005. Elucidation of mammalian bitter taste, in: Reviews of Physiology, Biochemistry and Pharmacology. Springer, pp. 37–72",,,,,,,,,,,,
PMTDB00969,C1=CC(=C(C=C1C2=CC(=O)C3=C(C=C(C=C3O2)O)O)O)O,bitter,"bitter[1](1) Roland WSU et al, 2013. Bitter Taste Receptor Activation by Flavonoids and Isoflavonoids: Modeled Structural Requirements for Activation of hTAS2R14 and hTAS2R39. J Agric Food Chem 61: 10454–10466[2](2) Behrens, M., Meyerhof, W., 2017. The vertebrate gustatory system, in: Guichard, E., Salles, C., Morzel, M., Le Bon, A.-M. (Eds.), Flavour From Food to Perception. John Wiley & Sons, Ltd, Chichester, West Sussex Hoboken, NJ, pp. 57–78.[3](3) Wiener A et al, 2012. BitterDB: a database of bitter compounds. Nucleic Acids Res 2012, 40 (Database issue): D413-419[4](4) Steglich W, Fugmann F, Lang-Fugmann S et al, 2000. Encyclopedia of Natural Products, 1st ed. Georg Thieme Verlag",,,,,,,,,,,,
PMTDB00970,CC(C)C(C(=O)O)N,"bitter, sweet, salty (insufficient evidence)","bitter[1](1) Schiffman, S.S. et al, 1979. Increased taste thresholds of amino acids with age. Am. J. Clin. Nutr. 32, 1622–1627[2](2) Schiffman SS et al, 1981. Comparison of taste qualities and thresholds of D- and L-amino acids. Physiol Behav 27: 51–59[3](3) Kato, H. et al, 1989. Role of Free Amino Acids and Peptides in Food Taste, in: Teranishi, R., Buterry, R.G., Shahidi, F. (Eds.), In Flavor Chemistry Trends and Developments, Vol 388. American chemical society: Washington, DC, UK, pp. 158–175[4](4) Warmke, R., Belitz, H.D., 1993. Influence of glutamic acid on the bitter taste of various compounds. Z. Lebensm. Unters. Forsch. 197, 132–133[5](5) Kubickova J, Grosch W, 1998. Evaluation of Flavour Compounds of Camembert Cheese. Int Dairy J 8: 11–16[6](6) Hufnagel JC, Hofmann T, 2008. Orosensory-directed identification of astringent mouthfeel and bitter-tasting compounds in red wine. J Agric Food Chem 56: 1376–1386[7](7) Hedin PA et al, 1968. Constituents of cotton bud. Formulation of boll weevil feeding stimulant mixtures. J Agric Food Chem 16: 505–513[8](8) Sonntag, T. et al, 2010. Sensory-guided identification of N- (1-methyl-4-oxoimidazolidin-2-ylidene)-alpha-amino acids as contributors to the thick-sour and mouth-drying orosensation of stewed beef juice. J. Agric. Food Chem. 58, 6341–6350[9](9) The Japanese pharmacopoeia, 15th ed, 2006. The Minister of Health, Labour and Welfare, Japan[10](10) Wiener A et al, 2012. BitterDB: a database of bitter compounds. Nucleic Acids Res 2012, 40 (Database issue): D413-419[11](11) Delompré, T. et al, 2019. Taste Perception of Nutrients Found in Nutritional Supplements: A Review. Nutrients 11 (9). pii: E2050, sweet[1](1) Schiffman, S.S. et al, 1979. Increased taste thresholds of amino acids with age. Am. J. Clin. Nutr. 32, 1622–1627[7](7) Hedin PA et al, 1968. Constituents of cotton bud. Formulation of boll weevil feeding stimulant mixtures. J Agric Food Chem 16: 505–513[9](9) The Japanese pharmacopoeia, 15th ed, 2006. The Minister of Health, Labour and Welfare, Japan[11](11) Delompré, T. et al, 2019. Taste Perception of Nutrients Found in Nutritional Supplements: A Review. Nutrients 11 (9). pii: E2050, salty (insufficient evidence)[7](7) Hedin PA et al, 1968. Constituents of cotton bud. Formulation of boll weevil feeding stimulant mixtures. J Agric Food Chem 16: 505–513",,,,,,,,,,,,
PMTDB00971,CCN1CC2(CCC(C34C2C(C(C31)(C5(CC(C6CC4C5C6OC)OC)O)O)OC)OC)CO,bitter,"bitter[1](1) Wiener A et al, 2012. BitterDB: a database of bitter compounds. Nucleic Acids Res 2012, 40 (Database issue): D413-419[2](2) Sohn CE, 1894. Dictionary of the active principles of plants : alkaloids, bitter principles, glucosides, their sources, nature, and chemical characteristics, with tabular summary, classification of reactions, and full botanical and general indexes. Baillière, Tindall and Cox, London[3](3) The Merck Index, Thirteenth Edition, 2001. . Merck & Co., Inc., Whitehouse Station, New Jersey, USA, New Jersey, USA",,,,,,,,,,,,
PMTDB00972,CC1CC2CC(=O)C3CCCN4C3(C1)C2CCC4,bitter,"bitter[1](1) Wiener A et al, 2012. BitterDB: a database of bitter compounds. Nucleic Acids Res 2012, 40 (Database issue): D413-419[2](2) Smith, A. et al, 2001. The Merck Index, Thirteenth Edition. (CD-ROM), Merck Co., Inc., Whitehouse Station. New Jersey, USA.",,,,,,,,,,,,
PMTDB00973,COC1=CC(=CC(=C1O)OC)C2C(C(CC3=CC(=C(C(=C23)OC)O)OC)CO)CO,bitter,"bitter[1](1) Marchal, A., Cretin, B. N., et al., 2015. Contribution of oak lignans to wine taste: chemical identification, sensory characterization and quantification, Tetrahedron, 2015;71 (20): 3148-3156",,,,,,,,,,,,
PMTDB00979,CC1C(C(C(C(O1)OCC2C(C(C(C(O2)OC3CCC4(C5CCC6C7C(=O)OC(C7(OC(C6(C5(CCC4C3(C)C)C)C)OC8C(C(C(C(O8)CO)O)O)O)C)CC=C(C)C)C)O)O)O)O)O)O,bitter,"bitter[1](1) Seaforth, C.E. et al, 1992. Mabioside A, a new saponin from Colubrina elliptica. Tetrahedron Lett. 33, 4111–4114[2](2) Tinto, W.F. et al., 1993. New bitter saponins from the bark of Colubrina elliptica: 1H and 13C assignments by 2D NMR spectroscopy. Magn. Reson. Chem. 31, 859–864",,,,,,,,,,,,
PMTDB00980,CC1C(C(C(C(O1)OCC2C(C(C(C(O2)OC3CCC4(C5CCC6C7C(=O)OC(C7(OC(=O)C6(C5(CCC4C3(C)C)C)C)CO)CC=C(C)C)C)O)O)O)O)O)O,bitter,"bitter[1](1) Tinto, W.F. et al., 1993. New bitter saponins from the bark of Colubrina elliptica: 1H and 13C assignments by 2D NMR spectroscopy. Magn. Reson. Chem. 31, 859–864",,,,,,,,,,,,
PMTDB00981,CC1C(C(C(C(O1)OCC2C(C(C(C(O2)OC3CCC4(C5CCC6C7=C(COC(=O)C6(C5(CCC4C3(C)C)C)C)C(OC7=O)CC=C(C)C)C)O)O)O)O)O)O,bitter,"bitter[1](1) Tinto, W.F. et al., 1993. New bitter saponins from the bark of Colubrina elliptica: 1H and 13C assignments by 2D NMR spectroscopy. Magn. Reson. Chem. 31, 859–864",,,,,,,,,,,,
PMTDB00982,CC1CCC2(CCC3(C(=CCC4C3(CC(C5C4(CC(C(C5(C)CO)O)O)C)O)C)C2C1C)C)C(=O)O,umami (tasteSensor) (insufficient evidence),"umami (tasteSensor) (insufficient evidence)[1](1) Islam, A.K.M.S. et al., 2003. Taste Profiling of Centella Asiatica by a Taste Sensor. Sensors Mater. 15, 209–218",,,,,,,,,,,,
PMTDB00983,CC1CCC2(CCC3(C(=CCC4C3(CC(C5C4(CC(C(C5(C)CO)O)O)C)O)C)C2C1C)C)C(=O)OC6C(C(C(C(O6)COC7C(C(C(C(O7)CO)OC8C(C(C(C(O8)C)O)O)O)O)O)O)O)O,umami (tasteSensor) (insufficient evidence),"umami (tasteSensor) (insufficient evidence)[1](1) Islam, A.K.M.S. et al., 2003. Taste Profiling of Centella Asiatica by a Taste Sensor. Sensors Mater. 15, 209–218",,,,,,,,,,,,
PMTDB00984,C1=CC(=CC=C1CC2(C(=O)C3=C(O2)C=C(C=C3OC4C(C(C(C(O4)CO)O)O)O)O)O)O,astringent;,"astringent[1](1) Schwarz, B., Hofmann, T., 2007. Sensory-guided decomposition of red currant juice (Ribes rubrum) and structure determination of key astringent compounds. J. Agric. Food Chem. 55, 1394–1404;",,,,,,,,,,,,
PMTDB00985,C[N+]1(CCC2=CC(=C(C3=C2C1CC4=C3C(=C(C=C4)OC)O)O)OC)C,bitter (electronic tongue) (insufficient evidence),"bitter (electronic tongue) (insufficient evidence)[1](1) Liang, X.-G. et al, 2014. Research on bitter components from Coptis chinensis based on electronic tongue. Zhongguo Zhong yao za zhi= Zhongguo zhongyao zazhi= China J. Chinese Mater. medica 39, 3326–3329",,,,,,,,,,,,
PMTDB00986,C(=CC(=O)O)C(=O)O,sour; bitter; astringent;,"sour[1](1) Taylor, N.W. et al., 1930. Quantitative measurements on the acid taste and their bearing on the nature of the nerve receptor. Protoplasma 10, 84–97[2](2) Sáenz-Navajas, M.-P. et al., 2012. Contribution of Nonvolatile Composition to Wine Flavor. Food Rev. Int. 28, 389–411; bitter[3](3) Yu, H.et al., 2018. Taste characteristics of Chinese bayberry juice characterized by sensory evaluation, chromatography analysis, and an electronic tongue. J. Food Sci. Technol. 55, 1624–1631; astringent[3](3) Yu, H.et al., 2018. Taste characteristics of Chinese bayberry juice characterized by sensory evaluation, chromatography analysis, and an electronic tongue. J. Food Sci. Technol. 55, 1624–1631;",,,,,,,,,,,,
PMTDB00987,C1=CC(=CC=C1C2=COC3=CC(=CC(=C3C2=O)O)OC4C(C(C(C(O4)COC(=O)CC(=O)O)O)O)O)O,bitter; astringent,"bitter[1](1) Roland, W.S.U. et al, 2011. Soy Isoflavones and Other Isoflavonoids Activate the Human Bitter Taste Receptors hTAS2R14 and hTAS2R39. J. Agric. Food Chem. 59, 11764–11771[2](2) Roland WSU et al, 2013. Bitter Taste Receptor Activation by Flavonoids and Isoflavonoids: Modeled Structural Requirements for Activation of hTAS2R14 and hTAS2R39. J Agric Food Chem 61: 10454–10466[3](3) Kudou, S. et al, 1991. Malonyl Isoflavone Glycosides in Soybean Seeds (Glycine max Merrill). Agric. Biol. Chem. 55, 2227–2233; astringent[3](3) Kudou, S. et al, 1991. Malonyl Isoflavone Glycosides in Soybean Seeds (Glycine max Merrill). Agric. Biol. Chem. 55, 2227–2233",,,,,,,,,,,,
PMTDB00988,C(C1C(C(C(C(O1)OC2C(OC(C(C2O)O)O)CO)O)O)O)O,sweet,"sweet[1](1) Amerine, M.A., Pangborn, R.M., Roessler, E.B., 1965. CHAPTER 2 - The Sense of Taste, in: Amerine, M.A., Pangborn, R.M., Roessler, E.B. (Eds.), Principles of Sensory Evaluation of Food. Academic Press, pp. 28–144. doi: https://doi.org/10.1016/B978-1-4832-0018-7.50006-4[2](2) Fabian, F.W., Blum, H.B., 1943. Relative taste-potency of some basic food constituents and their competitive and, compensatory action. Food Res. 8, 179–193[3](3) Moskowitz, H.R., 1971. The Sweetness and Pleasantness of Sugars. Am. J. Psychol. 84, 387–405[4](4) Lee C-K, Birch GG, 1975. Structural functions of taste in the sugar series: Binding characteristics of disaccharides. J Sci Food Agric 26: 1513–1521[5](5) Belitz, H.D., Grosch, W., Schieberle, P., 2009. Food chemistry, 4th ed, Food Chemistry. Springer Berlin Heidelberg. doi: 10.1007/978-3-540-69934-7[6](6) Tinti, J.M., Nofre, C., 2001. Responses of the ant Lasius niger to various compounds perceived as sweet in humans: a structure-activity relationship study. Chem. Senses 26, 231–237[7](7) Kearsley, M.W.et al., 1980. The production and properties of glucose syrups. III. Sweetness of glucose syrups and related carbohydrates. Starch‐Stärke 32, 244–247.",,,,,,,,,,,,
PMTDB00989,COC1=CC(=CC(=C1O)OC)C2=[O+]C3=CC(=CC(=C3C=C2OC4C(C(C(C(O4)CO)O)O)O)O)O,bitter; astringent,"bitter[1](1) Wiener A et al, 2012. BitterDB: a database of bitter compounds. Nucleic Acids Res 2012, 40 (Database issue): D413-419[2](2) Grassin-Delyle S et al, 2013. The expression and relaxant effect of bitter taste receptors in human bronchi. Respir. Res. 14, 134[3](3) Gambuti A et al, 2013. Evolution of Phenolic Compounds and4Astringency during Aging of Red Wine: E ff ect of Oxygen Exposure before and after Bottling. J.Agric.Food Chem. 61: 1618–1627[4](4) Naik SR, Ganesh RK, 2013. Development and Discovery Avenues in Bioactive Natural Products for Glycemic Novel, in: Atta-ur-Rahman, F. (Ed.), Therapeutics Studies in Natural Products Chemistry. Vol. 39. p. 504, doi.org/10.1016/B978-0-444-62615-8.00012-6[5](5) Soares S et al, 2013. Different Phenolic Compounds Activate Distinct Human Bitter Taste Receptors. J Agric Food Chem 61: 1525–1533.; astringent[6](6) Soares, S, et al., 2020. Oral interactions between a green tea flavanol extract and red wine anthocyanin extract using a new cell-based model: insights on the effect of different oral epithelia. Sci. Rep. 10, 1–16[7](7) Paissoni, M.A.et al , 2018. Chemical and sensorial investigation of in-mouth sensory properties of grape anthocyanins. Sci. Rep. 8, 17098",,,,,,,,,,,,
PMTDB00990,C(C(C(C(C(CO)O)O)O)O)O,sweet,"sweet[1](1) Amerine, M.A., Pangborn, R.M., Roessler, E.B., 1965. CHAPTER 2 - The Sense of Taste, in: Amerine, M.A., Pangborn, R.M., Roessler, E.B. (Eds.), Principles of Sensory Evaluation of Food. Academic Press, pp. 28–144. doi: https://doi.org/10.1016/B978-1-4832-0018-7.50006-4[2](2) Hedin PA, Miles LR, et al, 1968. Constituents of cotton bud. Formulation of boll weevil feeding stimulant mixtures. J Agric Food Chem 16: 505–513[3](3) Moskowitz, H.R., 1971. The Sweetness and Pleasantness of Sugars. Am. J. Psychol. 84, 387–405[4](4) Steglich, W., Fugmann, B., Lang-Fugmann, S., 2000. Römpp encyclopedia natural products. Georg Thieme Verlag, Leverkusen, Ratingen, Munich, Germany. 784 pp[5](5) Kim N-C, Kinghorn AD, 2002. Sweet-tasting and sweetness-modifying constituents of plants. In: Atta-ur-Rahman BT-S in NPC (ed) Bioact. Nat. Prod. (Part H). Elsevier, pp 3–57[6](6) FooDB (WWW Document), n.d. URL http: //foodb.ca/",,,,,,,,,,,,
PMTDB00991,COC(=O)CC1C2(C)C(OC3CC(C(C)=C23)C2=CC(O)OC2=O)C2OCC3(C)C2C1(C)C=CC3=O,bitter,"bitter[1](1) Siddiqui S, Faizi S, et al, 1986. Margosinolide and isomargosinolide, two new tetranortriteprenoids from azadirachta indica a, juss (Meliaceae). Tetrahedron 42: 4849–4856",,,,,,,,,,,,
PMTDB00992,CC1CC2C3C(CCCC3(C1(CCC4=COC=C4)O)C)(C(=O)O2)C,bitter,"bitter[1](1) Cocker, W., 1966. Some aspects of the chemistry of diterpene bitter principles. Planta Med. 14, 78–85[2](2) Cocker, W. et al., 1953. 519. The constitution of Marrubiin. Part I. J. Chem. Soc. 2540–2548[3](3) Lawson, A., Eustice, E.D., 1939. 133. Marrubin, the bitter principle of horehound (Marrubium vulgare). J. Chem. Soc. 587–589[4](4) Brockhoff A et al, 2007. Broad tuning of the human bitter taste receptor hTAS2R46 to various sesquiterpene lactones, clerodane and labdane diterpenoids, strychnine, and denatonium. J Agric Food Chem 55: 6236–6243[5](5) Haagen-Smit AJ, Nimmo CC, 1963. Chemistry of Isoprenoid Compounds. In: Skulachev VP, Semenza G (eds). Elsevier, pp 115–168, doi.org/10.1016/B978-1-4831-9718-0.50013-8 lnk_{https://www.sciencedirect.com/science/article/pii/B9781483197180500[6](6) Wiener A et al, 2012. BitterDB: a database of bitter compounds. Nucleic Acids Res 2012, 40 (Database issue): D413-419",,,,,,,,,,,,
PMTDB00993,CC12CC(=O)C3=C(C1CCC45C2C(CC(C4)C(C5O)(COC6C(C(C(C(O6)CO)O)O)O)O)O)C=CO3,bitter,"bitter[1](1) McCamey, D. A., Thorpe, T. M., & McCarthy, J. P. 1990. Coffe bitterness. In R. L. Rouseff (Ed.), Bitternes in foods and beverages. Developments in Food Science vol. 25 (pp. 171–182). Amsterdam: Elsevier Science Publishers B.V.[2](2) Hamonniere, M. et al, 1976. Structure du mascaroside principe Amer de Coffea vianneyi. 7. Colloque International Sur La Chimie Des Cafés Verts, Torrefies et Leurs Derives1975Hambourg (Alemania, RF), (633.73063 C714 1975). Association Scientifique Internationale du Café, París (Francia)[3](3) Rostolan, J. de et al. 1974. Isolation of a crystalline bitter product from beans of a Mascarocoffea, Coffea vianneyi [mascaroside[4](4) Ducruix, A. et al, 1977. The crystal and molecular structure of mascaroside, a new bitter glycoside from coffee beans. Acta Crystallogr. Sect. B Struct. Crystallogr. Cryst. Chem. 33, 2846–2850",,,,,,,,,,,,
PMTDB00994,COC1=C(C=CC(=C1)CC2COC(=O)C2CC3=CC(=C(C=C3)OC4C(C(C(C(O4)CO)O)O)O)OC)O,bitter,"bitter[1](1) Palter R, Lundin RE, 1970. A bitter principle of safflower; matairesinol monoglucoside. Phytochemistry 9: 2407–2409[2](2) Palter R, et al, 1972. A cathartic lignan glycoside isolated from Carthamus tinctorus. Phytochemistry 11: 2871–2874[3](3) Lyon, C.K.et al, 1979. Removal of deleterious glucosides from safflower meal. J. Am. Oil Chem. Soc. 56, 560–564[4](4) Matsuo, K.et al, 1972. Bitter constituents of Forsythia viridissima. Phytochemistry 11, 1522–1523",,,,,,,,,,,,
PMTDB00995,CC1CCC2(CCC3(C)C(=CCC4C5(C)CCC(OC6OCC(O)C(O)C6O)C(C)(CO)C5CCC34C)C2C1(C)O)C(O)=O,bitter,"bitter[1](1) Taketa, Alexandre T. C.; BREITMAIER, Eberhard, 2004. Triterpenes and triterpenoidal glycosides from the fruits of Ilex paraguariensis (Maté). J. Braz. Chem. Soc. 2004,15 (2): 205-211",,,,,,,,,,,,
PMTDB00996,CC1C2C(CC(=C3C(C2OC1=O)C(=CC3=O)C)C)OC(=O)C,bitter,"bitter[1](1) Chialva F, Dada G, 1990. Bitterness in alcoholic beverages. In: Rouseff RL (ed) Bitternes in foods and beverages. Developments in Food Science vol. 25. Elsevier Science Publishers B.V., pp 103–122[2](2) White, E.H., Winter, R.E.K., 1963. Natural products from Achillea lanulosa. Tetrahedron Lett. 4, 137–140",,,,,,,,,,,,
PMTDB00997,CC1C2C(CC(=C3C=CC(C3C2OC1=O)(C)O)C)OC(=O)C,bitter,"bitter[1](1) Chialva F, Dada G, 1990. Bitterness in alcoholic beverages. In: Rouseff RL (ed) Bitternes in foods and beverages. Developments in Food Science vol. 25. Elsevier Science Publishers B.V., pp 103–122[2](2) Ohloff, G.et al, 1985. Flavor chemistry. Food Rev. Int. 1, 99–148",,,,,,,,,,,,
PMTDB00998,C1CC2C3CCCN4C3C(CCC4)CN2C(=O)C1,bitter,"bitter[1](1) Wiener A et al, 2012. BitterDB: a database of bitter compounds. Nucleic Acids Res 2012, 40 (Database issue): D413-419[2](2) Wang Y, Feng Y. Wu Y, Liang S, Xu D. Sensory evaluation of the taste of berberine hydrochloride using an Electronic Tongue. Fitoterapia 2013, 86: 137-143[3](3) Behrens M et al, 2018. Bitter substances from plants used in traditional Chinese medicine exert biased activation of human bitter taste receptors. Chem Biol Drug Des. 91 (2): 422-433[4](4) Li P et al, 2019. Matrine Mediates Inflammatory Response via Gut Microbiota in TNBS-Induced Murine Colitis. Front. Physiol. 10. (animal)",,,,,,,,,,,,
PMTDB01000,COC1=C(C2=C(COC2=O)C=C1)OC,bitter (insufficient evidence),"bitter (insufficient evidence)[1](1) Sohn CE, 1894. Dictionary of the active principles of plants : alkaloids, bitter principles, glucosides, their sources, nature, and chemical characteristics, with tabular summary, classification of reactions, and full botanical and general indexes. Baillière, Tindall and Cox, London",,,,,,,,,,,,
PMTDB01001,CC1(C2CC=C3C(C2(CCC1=O)C)CCC4(C3(CCC4C5CC(OC5O)C6C(O6)(C)C)C)C)C,bitter (insufficient evidence) (low evidence),"bitter (insufficient evidence) (low evidence)[1](1) Jacobson M, 1977. Isolation and Identification of Toxic Agents from Plants. In: Host Plant Resist. to Pests. American Chemical Society, pp 10–153",,,,,,,,,,,,
PMTDB01002,C(C1C(C(C(C(O1)OCC2C(C(C(C(O2)O)O)O)O)O)O)O)O,sweet,"sweet[1](1) Lee C-K, Birch GG, 1975. Structural functions of taste in the sugar series: Binding characteristics of disaccharides. J Sci Food Agric 26: 1513–1521.[2](2) Moskowitz, H.R., 1971. The Sweetness and Pleasantness of Sugars. Am. J. Psychol. 84, 387–405",,,,,,,,,,,,
PMTDB01003,C1=CC=C(C(=C1)C=CC(=O)O)OC2C(C(C(C(O2)CO)O)O)O,bitter,"bitter[1](1) Wiener A et al, 2012. BitterDB: a database of bitter compounds. Nucleic Acids Res 2012, 40 (Database issue): D413-419[2](2) Shinoda, J., Imaida, M., 1934. On coumarine-glucoside and a synthesis of melilotoside. J. Pharm. Soc. Japan 54, 610.",,,,,,,,,,,,
PMTDB01004,CC1C2C(CC3C2(CCC4C3CC=C5C4(CCC(C5)OC6C(C(C(C(O6)CO)O)OC7C(C(C(C(O7)CO)O)O)O)O)C)C)OC1(CCC(C)COC8C(C(C(C(O8)CO)O)O)O)O,bitter,"bitter[1](1) Aubert S, Daunay M.C., Pochard E, 1989. Saponosides stéroïdiques de l’aubergine (Solanum melongena L.) I. Intérêt alimentaire, méthodologie d’analyse, localisation dans le fruit. Agron EDP Sci 9: 641–651[2](2) Daunay M.C., 2008. Eggplant. In: Prohens J., Nuez F. (e",,,,,,,,,,,,
PMTDB01005,CC(=CCCC(C)(C=C)O)C(=O)OC1CC2C(C(OC=C2C(=O)O1)OC3C(C(C(C(O3)CO)O)O)O)C=C,bitter,"bitter[1](1) Chialva F, Dada G , 1990. Bitterness in alcoholic beverages. In: Rouseff RL (ed) Bitternes in foods and beverages. Developments in Food Science vol. 25. Elsevier Science Publishers B.V., pp 103–122",,,,,,,,,,,,
PMTDB01006,CC1CCC2=C(C1)OC=C2C,bitter,"bitter[1](1) Brockhoff A et al, 2007. Broad tuning of the human bitter taste receptor hTAS2R46 to various sesquiterpene lactones, clerodane and labdane diterpenoids, strychnine, and denatonium. J Agric Food Chem 55: 6236–6243[2](2) Arctander, S., 1969. Perfume and Flavor Chemicals (Aroma Chemicals) Vol.1. Allured Publishing Corporation[3](3) De Lucia, M.et al, 2007. Nitration versus nitrosation chemistry of menthofuran: remarkable fragmentation and dimerization pathways and expeditious entry into dehydromenthofurolactone. J. Org. Chem. 72, 10123–10129",,,,,,,,,,,,
PMTDB01007,CC1CCC(C(C1)O)C(C)C,"pungent, bitter, sweet","pungent[1](1) Prescott, J., Stevenson, R.J., 1995. Pungency in food perception and preference. Food Rev. Int. 11, 665–698[2](2) Hirasa K, Takemasa M (1998) Spice science and technology. CRC Press[3](3) The Japanese pharmacopoeia, 15th ed, 2006. . The Minister of Health, Labour and Welfare, Japan[4](4) Green, B.G., Schullery, M.T., 2003. Stimulation of bitterness by capsaicin and menthol: differences between lingual areas innervated by the glossopharyngeal and chorda tympani nerves. Chem. Senses 28, 45–55, bitter[4](4) Green, B.G., Schullery, M.T., 2003. Stimulation of bitterness by capsaicin and menthol: differences between lingual areas innervated by the glossopharyngeal and chorda tympani nerves. Chem. Senses 28, 45–55[5](5) Wiener A et al, 2012. BitterDB: a database of bitter compounds. Nucleic Acids Res 2012, 40 (Database issue): D413-419, sweet[6](6) Arctander, S., 1969. Perfume and Flavor Chemicals (Aroma Chemicals) Vol.1. Allured Publishing Corporation",,,,,,,,,,,,
PMTDB01008,CC1CCC(C(=O)C1)C(C)C,bitter,"bitter[1](1) Wiener A et al, 2012. BitterDB: a database of bitter compounds. Nucleic Acids Res 2012, 40 (Database issue): D413-419.[2](2) Smith, A. et al, 2001. The Merck Index, Thirteenth Edition. (CD-ROM), Merck Co., Inc., Whitehouse Station. New Jersey, USA.",,,,,,,,,,,,
PMTDB01009,CC1CCC(C(C1)OC(=O)CC(C)C)C(C)C,bitter;,"bitter[1](1) Burdock GA, 2010. Fenaroli’s Handbook of Flavor Ingredients, Sixth. CRC Press, Taylor and Francis Group, Boca Raton London New York[2](2) Wiener A et al, 2012. BitterDB: a database of bitter compounds. Nucleic Acids Res 2012, 40 (Database issue): D413-419;",,,,,,,,,,,,
PMTDB01010,CC1=C2C(O)C(=O)OC3CC4C(C)(C)OC5CC(=O)OCC45C(CC1)C23C,bitter,"bitter[1](1) Dreyer, D.L., 1964. A biogenetic proposal for the simaroubaceous bitter principles. Experientia 20, 297–299",,,,,,,,,,,,
PMTDB01011,CC(=CC(=O)O)C(=O)O,sour (insufficient evidence),"sour (insufficient evidence)[1](1) Taylor, N.W., 1928. A physico-chemical theory of sweet and bitter taste excitation based on the properties of the plasma membrane. Protoplasma 4, 1–17",,,,,,,,,,,,
PMTDB01012,CC(C)C(=O)C1=C(C2=C(C(=C1O)CC=C(C)C)OC(=O)C=C2C3=CC=CC=C3)O,bitter,"bitter[1](1) Dutta P, Deb NC, et al, 1940. A preliminary note on mesuol, the bitter principle of Mesua ferrea. J Indian Chem Soc 17: 277–279[2](2) Chakraborty DP, Bose P, 1960. On the constitution of mesuol, the bitter antibiotic principle of Mesua ferea linn. Part 1. Proc Natl Inst Sci India 26: 1–11[3](3) Hegnauer, R., Hegnauer, M., 1966. Chemotaxonomie der pflanzen: dicotyledoneae: daphniphyllaceae-lythraceae. Birkhäuser Basel",,,,,,,,,,,,
PMTDB01013,COC1=C2C(=CC3=C1OC=C3)C=CC(=O)O2,"bitter, pungent","bitter[1](1) Mancuso, G. et al, 2015. Phytochemicals from Ruta graveolens Activate TAS2R Bitter Taste Receptors and TRP Channels Involved in Gustation and Nociception. Molecules 20, 18907–18922[2](2) Lossow, K. et al, 2016. Comprehensive Analysis of Mouse Bitter Taste Receptors Reveals Different Molecular Receptive Ranges for Orthologous Receptors in Mice and Humans. J. Biol. Chem. 291, 15358–15377[3](3) Loutfy, M.A., Hassan, M.A., 1981. Methoxsalen, in: Florey, K.B.T.-A.P. of D.S. (Ed.), . Academic Press, pp. 427–454. doi: https://doi.org/10.1016/S0099-5428 (08)60149-5[4](4) The Merck Index, Thirteenth Edition, 2001. . Merck & Co., Inc., Whitehouse Station, New Jersey, USA, New Jersey, USA, pungent[1](1) Mancuso, G. et al, 2015. Phytochemicals from Ruta graveolens Activate TAS2R Bitter Taste Receptors and TRP Channels Involved in Gustation and Nociception. Molecules 20, 18907–18922[3](3) Loutfy, M.A., Hassan, M.A., 1981. Methoxsalen, in: Florey, K.B.T.-A.P. of D.S. (Ed.), . Academic Press, pp. 427–454. doi: https://doi.org/10.1016/S0099-5428 (08)60149-5[4](4) The Merck Index, Thirteenth Edition, 2001. . Merck & Co., Inc., Whitehouse Station, New Jersey, USA, New Jersey, USA",,,,,,,,,,,,
PMTDB01014,COC(=O)C=CC=CCCC1=CC2=C(C=C1)OCO2,umami; bitter; pungent (burning); salty,"umami[1](1) Obst K et al, 2017. Sensory active piperine analogues from Macropiper excelsum and their effects on intestinal nutrient uptake in Caco-2 cells. Phytochemistry, 135, 181–190.; bitter[1](1) Obst K et al, 2017. Sensory active piperine analogues from Macropiper excelsum and their effects on intestinal nutrient uptake in Caco-2 cells. Phytochemistry, 135, 181–190.; pungent (burning)[1](1) Obst K et al, 2017. Sensory active piperine analogues from Macropiper excelsum and their effects on intestinal nutrient uptake in Caco-2 cells. Phytochemistry, 135, 181–190.; salty[1](1) Obst K et al, 2017. Sensory active piperine analogues from Macropiper excelsum and their effects on intestinal nutrient uptake in Caco-2 cells. Phytochemistry, 135, 181–190.",,,,,,,,,,,,
PMTDB01015,COC(=O)C=CC1=CC=CC=C1,sweet,"sweet[1](1) Arctander, S., 1969. Perfume and Flavor Chemicals (Aroma Chemicals) Vol.1. Allured Publishing Corporation[2](2) Fink, K. et al, 2004. Determination of 2H/1H and 13C/12C Isotope Ratios of (E)-Methyl Cinnamate from Different Sources Using Isotope Ratio Mass Spectrometry. J. Agric. Food Chem. 52, 3065–3068[3](3) Velíšek, J. et al, 1982. The neutral volatile components of Czechoslovak plum brandy. Zeitschrift für Leb. und Forsch. 174, 463–466",,,,,,,,,,,,
PMTDB01016,COC(=O)C1=CC(=C(C(=C1)O)O)O,astringent; non bitter,"astringent[1](1) Hufnagel, J.C., Hofmann, T., 2008. Quantitative reconstruction of the nonvolatile sensometabolome of a red wine. J. Agric. Food Chem. 56, 9190–9199; non bitter[1](1) Hufnagel, J.C., Hofmann, T., 2008. Quantitative reconstruction of the nonvolatile sensometabolome of a red wine. J. Agric. Food Chem. 56, 9190–9199",,,,,,,,,,,,
PMTDB01017,COC(=O)C1=CC=CC=C1O,pungent; sweet;,"pungent[1](1) Bandell M et al, 2004. Noxious cold ion channel TRPA1 is activated by pungent compounds and bradykinin. Neuron, 41 (6), 849–857; sweet[2](2) Burdock GA, 2010. Fenaroli’s Handbook of Flavor Ingredients, Sixth. CRC Press, Taylor and Francis Group, Boca Raton London New York;",,,,,,,,,,,,
PMTDB01018,CC=CC=CC(=O)OC,sweet;,"sweet[1](1) Burdock GA, 2010. Fenaroli’s Handbook of Flavor Ingredients, Sixth. CRC Press, Taylor and Francis Group, Boca Raton London New York;",,,,,,,,,,,,
PMTDB01019,COC(=O)CCC1=CC=CC=C1,pungent; sweet,"pungent[1](1) Burdock GA, 2010. Fenaroli’s Handbook of Flavor Ingredients, Sixth. CRC Press, Taylor and Francis Group, Boca Raton London New York; sweet[1](1) Burdock GA, 2010. Fenaroli’s Handbook of Flavor Ingredients, Sixth. CRC Press, Taylor and Francis Group, Boca Raton London New York",,,,,,,,,,,,
PMTDB01020,CCC(CO)NC(=O)C1CN(C2CC3=CNC4=CC=CC(=C34)C2=C1)C,bitter,"bitter[1](1) Smith, A. et al, 2001. The Merck Index, Thirteenth Edition. (CD-ROM), Merck Co., Inc., Whitehouse Station. New Jersey, USA.[2](2) Bassoli A, Borgonovo G, Busnelli G, 2007. Alkaloids and the Bitter Taste. In: Fattorusso E, Taglialatela-Scafati O (eds) Modern Alkaloids: Structure, Isolation, Synthesis and Biology. Wiley-VCH Verlag GmbH & Co. KGaA, Weinheim, Germany, pp 53–72",,,,,,,,,,,,
PMTDB01021,CNC1=CC=CC=C1C(=O)OC,pungent,"pungent[1](1) Correa E et al, 2016. Methyl-N-methylanthranilate, a pungent compound from Citrus reticulata Blanco leaves. Pharm. Biol. 54, 569–571",,,,,,,,,,,,
PMTDB01022,CC1C2C(CC3C2(CCC4C3CC=C5C4(CCC(C5)OC6C(C(C(C(O6)CO)OC7C(C(C(C(O7)C)O)O)O)O)OC8C(C(C(C(O8)C)O)O)O)C)C)OC1(CCC(C)COC9C(C(C(C(O9)CO)O)O)O)OC,bitter,"bitter[1](1) Dawid, C., Hofmann, T., 2011. Characterization of the key bitter tastants in white asparagus (Asparagus officinalis L.) by means of a sensomics approach, in: Hofmann, T., Meyerhof, W., Schieberle, P. (Eds.), Advances and Challenges in Flavor Chemistry & Biology, DFA, Freising, Deutschland. pp. 112–116[2](2) Brueckner, B., Schwarzbach, A., Schrödter, R., 2010. Correlation between sugar and saponin contents and sensory attributes of white asparagus. J. für Verbraucherschutz und Leb. 5, 305–311.[3](3) Dawid, C., Hofmann, T., 2014. Quantitation and bitter taste contribution of saponins in fresh and cooked white asparagus (Asparagus officinalis L.). Food Chem. 145, 427–436",,,,,,,,,,,,
PMTDB01023,C1=CC(=CC(=C1)O)C(=O)O,bitter; sour; sweet; astringent,"bitter[1](1) Huang CJ, Zayas JF, 1991. Phenolic Acid Contributions to Taste Characteristics of Corn Germ Protein Flour Products. J Food Sci 56: 1308–1310.[2](2) Peleg, H., Noble, A.C., 1995. Perceptual Properties of Benzoic Acid Derivatives. Chem. Senses 20, 393–400; sour[2](2) Peleg, H., Noble, A.C., 1995. Perceptual Properties of Benzoic Acid Derivatives. Chem. Senses 20, 393–400; sweet[2](2) Peleg, H., Noble, A.C., 1995. Perceptual Properties of Benzoic Acid Derivatives. Chem. Senses 20, 393–400; astringent[2](2) Peleg, H., Noble, A.C., 1995. Perceptual Properties of Benzoic Acid Derivatives. Chem. Senses 20, 393–400",,,,,,,,,,,,
PMTDB01024,CC1(C)CCCC2(C)C(CC\C=C(/CC=O)C=O)C3(CO3)CCC12,pungent,"pungent[1](1) Abe M., Ozawa Y,, 2002. Biosci. Biotechnol. Biochem., 66 (12), 2698–2700, 2002, Labdane-type Diterpene Dialdehyde, Pungent Principle of Myoga, Zingiber mioga Roscoe[2](2) Abe, M, et al., 2008. Mioganal, a novel pungent principle in myoga (Zingiber mioga Roscoe) and a quantitative evaluation of its pungency. Bioscience, biotechnology, and biochemistry 72.10 (2008): 2681-2686",,,,,,,,,,,,
PMTDB01025,CC1(CCCC2(C1CCC3C2CC=C(C(=C3)C=O)C=O)C)C,pungent,"pungent[1](1) Abe, Masako, et al., 2008. ""Mioganal, a novel pungent principle in myoga (Zingiber mioga Roscoe) and a quantitative evaluation of its pungency."" Bioscience, biotechnology, and biochemistry 72.10 (2008): 2681-2686.",,,,,,,,,,,,
PMTDB01026,CC(CCC(C(C)(C)O)OC1C(C(C(C(O1)CO)O)O)O)C2CCC3(C2(CC(C4(C3CC=C5C4CCC(C5(C)C)OC6C(C(C(C(O6)CO)O)O)O)C)O)C)C,bitter,"bitter[1](1) Li, D., Ikeda, T., et al., 2006. Cucurbitane glycosides from unripe fruits of Lo Han Kuo (Siraitia grosvenori). Chemical and pharmaceutical bulletin, 54 (10), 1425-1428.",,,,,,,,,,,,
PMTDB01027,CC(CCC(C(C)(C)O)OC1C(C(C(C(O1)COC2C(C(C(C(O2)CO)O)O)O)O)O)O)C3CCC4(C3(CC(C5(C4CC=C6C5CCC(C6(C)C)OC7C(C(C(C(O7)CO)O)O)O)C)O)C)C,bitter,"bitter[1](1) Li, D. et al, 2007. Seasonal variation of mogrosides in Lo Han Kuo (Siraitia grosvenori) fruits. J. Nat. Med. 61, 307–312[2](2) Wang, L. Et al, 2014. Cucurbitane glycosides derived from mogroside IIE: structure-taste relationships, antioxidant activity, and acute toxicity. Molecules 19, 12676–12689.",,,,,,,,,,,,
PMTDB01028,CC(CCC(C(C)(C)O)OC1C(C(C(C(O1)CO)O)O)OC2C(C(C(C(O2)CO)O)O)O)C3CCC4(C3(CC(C5(C4CC=C6C5CCC(C6(C)C)OC7C(C(C(C(O7)COC8C(C(C(C(O8)CO)O)O)O)O)O)O)C)O)C)C,sweet,"sweet[1](1) Kim N-C, Kinghorn AD, 2002. Sweet-tasting and sweetness-modifying constituents of plants. In: Atta-ur-Rahman BT-S in NPC (ed) Bioact. Nat. Prod. (Part H). Elsevier, pp 3–57[2](2) Matsumoto, K. et al, 1990. Minor cucurbitane-glycosides from fruits of Siraitia grosvenori (Cucurbitaceae). Chem. Pharm. Bull. 38, 2030–2032[3](3) Jia, Z., Yang, X., 2009. A minor, sweet cucurbitane glycoside from Siraitia grosvenorii. Nat. Prod. Commun. 4, 769–772",,,,,,,,,,,,
PMTDB01029,CC(CCC(C(C)(C)O)OC1C(C(C(C(O1)COC2C(C(C(C(O2)CO)O)O)O)O)O)O)C3CCC4(C3(CC(C5(C4CC=C6C5CCC(C6(C)C)OC7C(C(C(C(O7)COC8C(C(C(C(O8)CO)O)O)O)O)O)O)C)O)C)C,sweet,"sweet[1](1) Jia, Z., Yang, X., 2009. A minor, sweet cucurbitane glycoside from Siraitia grosvenorii. Nat. Prod. Commun. 4, 769–772",,,,,,,,,,,,
PMTDB01030,CC(CCC(C(C)(C)O)OC1C(C(C(C(O1)COC2C(C(C(C(O2)CO)O)O)O)O)O)OC3C(C(C(C(O3)CO)O)O)O)C4CCC5(C4(CC(C6(C5CC=C7C6CCC(C7(C)C)OC8C(C(C(C(O8)COC9C(C(C(C(O9)CO)O)O)O)O)O)O)C)O)C)C,sweet,"sweet[1](1) Kim N-C, Kinghorn AD, 2002. Sweet-tasting and sweetness-modifying constituents of plants. In: Atta-ur-Rahman BT-S in NPC (ed) Bioact. Nat. Prod. (Part H). Elsevier, pp 3–57[2](2) Kinghorn, A.D.et al., 1986. Sweetening agents of plant origin. CRC. Crit. Rev. Plant Sci. 4, 79–120[3](3) Takemoto, T. et al, 1983. Studies on the constituents of fructus Momordicae. I. On the sweet principle. Yakugaku zasshi J. Pharm. Soc. Japan 103, 1151[4](4) Matsumoto, K. et al, 1990. Minor cucurbitane-glycosides from fruits of Siraitia grosvenori (Cucurbitaceae). Chem. Pharm. Bull. 38, 2030–2032",,,,,,,,,,,,
PMTDB01031,CC(CCC(C(C)(C)O)OC1C(C(C(C(O1)COC2C(C(C(C(O2)CO)O)O)O)O)O)OC3C(C(C(C(O3)CO)O)O)O)C4CCC5(C4(CC(C6(C5CC=C7C6CCC(C7(C)C)OC8C(C(C(C(O8)COC9C(C(C(C(O9)CO)O)O)O)O)O)OC1C(C(C(C(O1)CO)O)O)O)C)O)C)C,sweet,"sweet[1](1) Kinghorn, A.D.et al., 1986. Sweetening agents of plant origin. CRC. Crit. Rev. Plant Sci. 4, 79–120[2](2) Takemoto, T. et al, 1983. Studies on the constituents of fructus Momordicae. I. On the sweet principle. Yakugaku zasshi J. Pharm. Soc. Japan 103, 1151",,,,,,,,,,,,
PMTDB01032,CC(CCC(OC1OC(COC2OC(CO)C(O)C(O)C2O)C(O)C(O)C1OC1OC(CO)C(O)C(O)C1O)C(C)(C)O)C1CCC2(C)C3CC=C4C(CCC(OC5OC(COC6OC(COC7OC(CO)C(O)C(O)C7O)C(O)C(O)C6O)C(O)C(O)C5O)C4(C)C)C3(C)C(O)CC12C,sweet; bitter,"sweet[1](1) Charan, R. et al., 2019. Mogroside VIa1, new isomer of mogroside VI isolated from Luo Han Guo. IOSR J. Appl. Chem 12, 1–7; bitter[1](1) Charan, R. et al., 2019. Mogroside VIa1, new isomer of mogroside VI isolated from Luo Han Guo. IOSR J. Appl. Chem 12, 1–7",,,,,,,,,,,,
PMTDB01033,CC(CCC(OC1OC(COC2OC(CO)C(O)C(O)C2O)C(O)C(O)C1OC1OC(COC2OC(CO)C(O)C(O)C2O)C(O)C(O)C1O)C(C)(C)O)C1CCC2(C)C3CC=C4C(CCC(OC5OC(COC6OC(CO)C(O)C(O)C6O)C(O)C(O)C5O)C4(C)C)C3(C)C(O)CC12C,sweet;,"sweet[1](1) Charan, R. et al., 2019. Mogroside VIa1, new isomer of mogroside VI isolated from Luo Han Guo. IOSR J. Appl. Chem 12, 1–7;",,,,,,,,,,,,
PMTDB01034,{mollugogenol A} CC1(C(CCC2(C1C(CC3(C2CCC4C3(CC(C5C4(CCC5C(C)(C)O)C)O)C)C)O)C)O)C_qwyx {mollugogenol B} CC(C)C1=C2C=CC3(C(C2(CC1)C)CCC4C3(CC(C5C4(CCC(C5(C)C)O)C)O)C)C,bitter (insufficient evidence),bitter (insufficient evidence)[1](1) Sanyal PK (1968) Chemical investigation of some plants of the family Verbenaceae (PhD Thesis),,,,,,,,,,,,
PMTDB01035,CC(CC(C=C(C)C)O)C1CCC2(C1(CCC3(C2C(C=C4C3CCC(C4(C)C)O)O)C=O)C)C,bitter,"bitter[1](1) Wiener A et al, 2012. BitterDB: a database of bitter compounds. Nucleic Acids Res 2012, 40 (Database issue): D413-419[2](2) Yasuda, M. , Iwamoto, M. , Okabe, H. , Yamauchi, T., 1984. Structures of momordicines I, II and III, the bitter principles in the leaves and vines of Momordica charantia L. Chemical & Pharmaceutical Bulletin, 32, 2044–2047.[3](3) Izawa K, Amino Y, Kohmura M, Ueda Y, Kuroda M, 2010. 4.16 - Human–Environment Interactions – Taste. Comprehensive Natural Products II. Chemistry and Biology; 4: 631-671",,,,,,,,,,,,
PMTDB01036,C1=CC=C2C(=C1)C(=CN2)CC(CC(C(=O)O)N)(C(=O)O)O,sweet,"sweet[1](1) Fry, J.C. et al., 2012. The sweetness concentration-response of r,r-monatin, a naturally occurring high-potency sweetener. J. Food Sci. 77, S362-4[2](2) Vleggaar, R. et al., 1992. Structure elucidation of monatin, a high-intensity sweetener isolated from the plant Schlerochiton ilicifolius. J. Chem. Soc. Perkin Trans. 1 3095–3098[3](3) Kinghorn, A.D., Fullas, F., Hussain, R.A., 1995. Structure-activity relationship of highly sweet natural products, in: Atta-ur-Rahman, B.T.-S. in N.P.C. (Ed.), Structure and Chemistry (Part C). Elsevier, pp. 3–41",,,,,,,,,,,,
PMTDB01038,CC1C(=O)OC2CCN3C2C(=CC3)COC(=O)C(C1(C)O)(C)O,bitter,"bitter[1](1) Bassoli A, Borgonovo G, Busnelli G, 2007. Alkaloids and the Bitter Taste. In: Fattorusso E, Taglialatela-Scafati O (eds) Modern Alkaloids: Structure, Isolation, Synthesis and Biology. Wiley-VCH Verlag GmbH & Co. KGaA, Weinheim, Germany, pp 53–72[2](2) Boppré, M., 1986. Insects pharmacophagously utilizing defensive plant chemicals (Pyrrolizidine alkaloids). Naturwissenschaften 73, 17–26",,,,,,,,,,,,
PMTDB01039,C1=CC(=C(C=C1O)O)C2=C(C(=O)C3=C(C=C(C=C3O2)O)O)O,bitter; sweet,"bitter[1](1) Roland WSU et al, 2013. Bitter Taste Receptor Activation by Flavonoids and Isoflavonoids: Modeled Structural Requirements for Activation of hTAS2R14 and hTAS2R39. J Agric Food Chem 61: 10454–10466[2](2) Behrens, M., Meyerhof, W., 2017. The vertebrate gustatory system, in: Guichard, E., Salles, C., Morzel, M., Le Bon, A.-M. (Eds.), Flavour From Food to Perception. John Wiley & Sons, Ltd, Chichester, West Sussex Hoboken, NJ, pp. 57–78.[3](3) Wiener A et al, 2012. BitterDB: a database of bitter compounds. Nucleic Acids Res 2012, 40 (Database issue): D413-419[4](4) Taylor, N.W., 1928. A physico-chemical theory of sweet and bitter taste excitation based on the properties of the plasma membrane. Protoplasma 4, 1–17; sweet[4](4) Taylor, N.W., 1928. A physico-chemical theory of sweet and bitter taste excitation based on the properties of the plasma membrane. Protoplasma 4, 1–17",,,,,,,,,,,,
PMTDB01040,CN1CCC23C4C1CC5=C2C(=C(C=C5)O)OC3C(C=C4)O,bitter,"bitter[1](1) Bassoli A, Borgonovo G, Busnelli G, 2007. Alkaloids and the Bitter Taste. In: Fattorusso E, Taglialatela-Scafati O (eds) Modern Alkaloids: Structure, Isolation, Synthesis and Biology. Wiley-VCH Verlag GmbH & Co. KGaA, Weinheim, Germany, pp 53–72[2](2) Zellner, D.A. et al, 1985. Rats learn to like the taste of morphine. Behav. Neurosci. 99, 290[3](3) Yamauchi, Y. et al., 2002. A New Whole-mouth gustatory Test Procedure: I. Thresholds and Principal Components Analysis in Healthy Men and Women. Acta Otolaryngol. 122, 39–48",,,,,,,,,,,,
PMTDB01041,COC1=C(C=CC(=C1)C=CC(=O)NCCC2=CNC3=C2C=C(C=C3)O)O,bitter,"bitter[1](1) Backes M et al, 2015. Rubemamine and Rubescenamine, Two Naturally Occurring N-Cinnamoyl Phenethylamines with Umami-Taste-Modulating Properties. J Agric Food Chem 63: 8694–8704",,,,,,,,,,,,
PMTDB01042,CC12CC(=O)C3=C(C1CCC45C2C(CC(C4)C(C5)(CO)O)OC6C(C(C(C(O6)CO)O)O)O)C=CO3,bitter,"bitter[1](1) Prewo, R. et al, 1990. Crystal structure of mozambioside, a diterpene glycoside of Coffea pseudozanguebariae. Phytochemistry 29, 990–992[2](2) Lang R et al, 2015. Mozambioside Is an Arabica-Specific Bitter-Tasting Furokaurane Glucoside in Coffee Beans. J. Agric. Food Chem. 63, 10492–10499",,,,,,,,,,,,
PMTDB01043,CC1C(C(C(C(O1)OC2C(C(OC(C2OC3C(C(C(C(O3)C)O)O)O)OCC=C(C)CCC=C(C)CCC=C(C)COC4C(C(C(C(O4)CO)O)OC5C(C(C(C(O5)C)O)O)O)OC6C(C(C(C(O6)C)O)O)O)CO)O)O)O)O,sweet;,"sweet[1](1) Chung, M. et al, 1997. Dereplication of saccharide and polyol constituents of candidate sweet‐tasting plants: isolation of the sesquiterpene glycoside mukurozioside IIb as a sweet principle of Sapindus rarak. Phytochem. Anal. An Int. J. Plant Chem. Biochem. Tech. 8, 49–54.;",,,,,,,,,,,,
PMTDB01044,C1=C(C=C(C(=C1O)O)O)C2=C(C(=O)C3=C(C=C(C=C3O2)O)O)O,bitter; astringent,"bitter[1](1) Roland WSU et al, 2013. Bitter Taste Receptor Activation by Flavonoids and Isoflavonoids: Modeled Structural Requirements for Activation of hTAS2R14 and hTAS2R39. J Agric Food Chem 61: 10454–10466[2](2) Wiener A et al, 2012. BitterDB: a database of bitter compounds. Nucleic Acids Res 2012, 40 (Database issue): D413-419[3](3) Behrens, M., Meyerhof, W., 2017. The vertebrate gustatory system, in: Guichard, E., Salles, C., Morzel, M., Le Bon, A.-M. (Eds.), Flavour From Food to Perception. John Wiley & Sons, Ltd, Chichester, West Sussex Hoboken, NJ, pp. 57–78.[4](4) Zoecklein, B.W., Fugelsang, K.C., Gump, B.H., Nury, F.S., 1990. Phenolic compounds and wine color, in: Production Wine Analysis. Springer, pp. 129–168[5](5) Dadic, M., Belleau, G., 1973. Polyphenols and beer flavor, in: Proc. Am. Soc. Brew. Chem. pp. 107–114; astringent[5](5) Dadic, M., Belleau, G., 1973. Polyphenols and beer flavor, in: Proc. Am. Soc. Brew. Chem. pp. 107–114",,,,,,,,,,,,
PMTDB01045,CC1OC(OCC2OC(OC3=C(OC4=CC(O)=CC(O)=C4C3=O)C3=CC(O)=C(O)C(O)=C3)C(O)C(O)C2O)C(O)C(O)C1OC1OC(CO)C(O)C(O)C1O,Bitter (insufficient evidence); astringent (insufficient evidence),"Bitter (insufficient evidence)[1](1) Zhu, M.et al., 2017. Metabolomic profiling delineate taste qualities of tea leaf pubescence. Food Res. Int. 94, 36–44; astringent (insufficient evidence)[1](1) Zhu, M.et al., 2017. Metabolomic profiling delineate taste qualities of tea leaf pubescence. Food Res. Int. 94, 36–44",,,,,,,,,,,,
PMTDB01046,CC1OC(OCC2OC(OC3=C(OC4=CC(O)=CC(O)=C4C3=O)C3=CC(O)=C(O)C(O)=C3)C(O)C(O)C2O)C(O)C(O)C1OC1OC(CO)C(O)C(O)C1O,Bitter (insufficient evidence); astringent (insufficient evidence),"Bitter (insufficient evidence)[1](1) Zhu, M.et al., 2017. Metabolomic profiling delineate taste qualities of tea leaf pubescence. Food Res. Int. 94, 36–44; astringent (insufficient evidence)[1](1) Zhu, M.et al., 2017. Metabolomic profiling delineate taste qualities of tea leaf pubescence. Food Res. Int. 94, 36–44",,,,,,,,,,,,
PMTDB01047,CC1C(C(C(C(O1)OCC2C(C(C(C(O2)OC3=C(OC4=CC(=CC(=C4C3=O)O)O)C5=CC(=C(C(=C5)O)O)O)O)O)O)O)O)O,astringent,"astringent[1](1) Scharbert, S. et al, 2004. Identification of the Astringent Taste Compounds in Black Tea Infusions by Combining Instrumental Analysis and Human Bioresponse. J. Agric. Food Chem. 52, 3498–3508[2](2) Scharbert, S., Hofmann, T., 2005. Molecular definition of black tea taste by means of quantitative studies, taste reconstitution, and omission experiments. J. Agric. Food Chem. 53, 5377–5384",,,,,,,,,,,,
PMTDB01048,CC1C(C(C(C(O1)OCC2C(C(C(C(O2)OC3=C(OC4=CC(=CC(=C4C3=O)O)O)C5=CC(=C(C(=C5)O)O)O)OC6C(C(C(C(O6)C)O)O)O)O)O)O)O)O,astringent,"astringent[1](1) Schwarz, B., Hofmann, T., 2007. Sensory-guided decomposition of red currant juice (Ribes rubrum) and structure determination of key astringent compounds. J. Agric. Food Chem. 55, 1394–1404",,,,,,,,,,,,
PMTDB01049,OC1COC(OC2=C(OC3=CC(O)=CC(O)=C3C2=O)C2=CC(O)=C(O)C(O)=C2)C(O)C1O,bitter; astringent,"bitter[1](1) Laaksonen, O. Et al., 2010. Chemical factors contributing to orosensory profiles of bilberry (Vaccinium myrtillus) fractions. Eur. Food Res. Technol. 231, 271–285[2](2) Laaksonen, O. et al., 2011. Orosensory contributing compounds in crowberry (Empetrum nigrum) press-byproducts. Food Chem. 124, 1514–1524; astringent[1](1) Laaksonen, O. Et al., 2010. Chemical factors contributing to orosensory profiles of bilberry (Vaccinium myrtillus) fractions. Eur. Food Res. Technol. 231, 271–285[2](2) Laaksonen, O. et al., 2011. Orosensory contributing compounds in crowberry (Empetrum nigrum) press-byproducts. Food Chem. 124, 1514–1524",,,,,,,,,,,,
PMTDB01050,C1=C(C=C(C(=C1O)O)O)C2=C(C(=O)C3=C(C=C(C=C3O2)O)O)OC4C(C(C(C(O4)CO)O)O)O,astringent; bitter;,"astringent[1](1) Laaksonen, O. Et al., 2010. Chemical factors contributing to orosensory profiles of bilberry (Vaccinium myrtillus) fractions. Eur. Food Res. Technol. 231, 271–285[2](2) Xu, Y.-Q. et al., 2018. Quantitative analyses of the bitterness and astringency of catechins from green tea. Food Chem. 258, 16–24[3](3) Zhang, Y.N., Chen, G.S., Liu, Y., Xu, Y., Wang, F., Chen, J., Yin, J., 2015. Analysis of the bitter and astringent taste of baked green tea and their chemical contributors. J. Tea Sci. 4, 377–383[4](4) Scharbert, S., Hofmann, T., 2005. Molecular definition of black tea taste by means of quantitative studies, taste reconstitution, and omission experiments. J. Agric. Food Chem. 53[5](5) Sandell, M. et al, 2009. Orosensory Profiles and Chemical Composition of Black Currant (Ribes nigrum) Juice and Fractions of Press Residue. J. Agric. Food Chem. 57, 3718–3728; bitter[1](1) Laaksonen, O. Et al., 2010. Chemical factors contributing to orosensory profiles of bilberry (Vaccinium myrtillus) fractions. Eur. Food Res. Technol. 231, 271–285;",,,,,,,,,,,,
PMTDB01051,C1=C(C=C(C(=C1O)O)O)C2=C(C(=O)C3=C(C=C(C=C3O2)O)O)OC4C(C(C(C(O4)CO)O)O)O,bitter; astringent,"bitter[1](1) Laaksonen, O. Et al., 2010. Chemical factors contributing to orosensory profiles of bilberry (Vaccinium myrtillus) fractions. Eur. Food Res. Technol. 231, 271–285; astringent[1](1) Laaksonen, O. Et al., 2010. Chemical factors contributing to orosensory profiles of bilberry (Vaccinium myrtillus) fractions. Eur. Food Res. Technol. 231, 271–285[2](2) Gonzalo-Diago, A. et al, 2014. Contribution of low molecular weight phenols to bitter taste and mouthfeel properties in red wines. Food Chem. 154, 187–198[3](3) Scharbert, S. et al, 2004. Identification of the Astringent Taste Compounds in Black Tea Infusions by Combining Instrumental Analysis and Human Bioresponse. J. Agric. Food Chem. 52, 3498–3508",,,,,,,,,,,,
PMTDB01052,CCCCCCCCCCCCCC(=O)O,fatty,"fatty[1](1) Arctander, S., 1969. Perfume and Flavor Chemicals (Aroma Chemicals) Vol.1. Allured Publishing Corporation",,,,,,,,,,,,
PMTDB01053,COC1=CC(=CC2=C1OCO2)CC=C,pungent; bitter,"pungent[1](1) Wagner H, Bladt S, 1996. Drugs with Pungent-Tasting Principles BT - Plant Drug Analysis: A Thin Layer Chromatography Atlas. Springer Berlin Heidelberg, Berlin, Heidelberg, pp 291–303; bitter[2](2) Ulrich, D.et al., 2015. Influence of cultivar and harvest year on the volatile profiles of leaves and roots of carrots (Daucus carota spp. sativus Hoffm.). J. Agric. Food Chem. 63, 3348–3356[3](3) Kramer, M. et al, 2012. Effect of ethylene and 1-methylcyclopropene on bitter compounds in carrots (Daucus carota L.). Postharvest Biol. Technol. 73, 28–36",,,,,,,,,,,,
PMTDB01054,C1=CC(=CC=C1CCNC(=O)C=CC2=CC(=C(C=C2)O)O)O,"bitter, pungent","bitter[1](1) Backes M et al, 2015. Rubemamine and Rubescenamine, Two Naturally Occurring N-Cinnamoyl Phenethylamines with Umami-Taste-Modulating Properties. J Agric Food Chem 63: 8694–8704, pungent[2](2) Ley, J.P., Krammer, G., Muche, S., Kindel, G., Reiβ, I., 2008. Use of ferulic acid amides as flavor compounds. U.S. Patent No. 7,378,121",,,,,,,,,,,,
PMTDB01055,C1=CC(=CC=C1C=CC(=O)NCCC2=CC(=C(C=C2)O)O)O,bitter,"bitter[1](1) Backes M et al, 2015. Rubemamine and Rubescenamine, Two Naturally Occurring N-Cinnamoyl Phenethylamines with Umami-Taste-Modulating Properties. J Agric Food Chem 63: 8694–8704",,,,,,,,,,,,
PMTDB01056,C1CCN(CC1)C(=O)C=CC2=CC=CC=C2,pungent (hot); umami,"pungent (hot)[1](1) Obst K et al, 2017. Sensory active piperine analogues from Macropiper excelsum and their effects on intestinal nutrient uptake in Caco-2 cells. Phytochemistry, 135, 181–190.; umami[1](1) Obst K et al, 2017. Sensory active piperine analogues from Macropiper excelsum and their effects on intestinal nutrient uptake in Caco-2 cells. Phytochemistry, 135, 181–190.",,,,,,,,,,,,
PMTDB01057,COC1=CC=C(C=C1)CCNC(=O)C=CC2=CC(=C(C=C2)OC)OC,umami,"umami[1](1) Backes, M. et al, 2015. Rubemamine and Rubescenamine, Two Naturally Occurring N-Cinnamoyl Phenethylamines with Umami-Taste-Modulating Properties. J. Agric. Food Chem. 63, 8694–8704 (citing Frerot et al, 2015)[2](2) Frerot, E. et al., 2015. New Umami Amides: Structure–Taste Relationship Studies of Cinnamic Acid Derived Amides and the Natural Occurrence of an Intense Umami Amide in Zanthoxylum piperitum. J. Agric. Food Chem. 63, 7161–7168",,,,,,,,,,,,
PMTDB01058,C1C(OC2=CC(=CC(=C2C1=O)O)O)C3=CC=C(C=C3)O,bitter,"bitter[1](1) Behrens M et al, 2018. Bitter substances from plants used in traditional Chinese medicine exert biased activation of human bitter taste receptors. Chem. Biol. Drug Des. n/a-n/a. doi: 10.1111/cbdd.13089[2](2) Roland WSU et al, 2013. Bitter Taste Receptor Activation by Flavonoids and Isoflavonoids: Modeled Structural Requirements for Activation of hTAS2R14 and hTAS2R39. J. Agric. Food Chem. 61, 10454–10466. doi: 10.1021/jf403387p[3](3) Wiener A et al, 2012. BitterDB: a database of bitter compounds. Nucleic Acids Res 2012, 40 (Database issue): D413-419",,,,,,,,,,,,
PMTDB01059,CC1C(C(C(C(O1)OC2C(C(C(OC2OC3=CC(=C4C(=O)CC(OC4=C3)C5=CC=C(C=C5)O)O)CO)O)O)O)O)O,bitter,"bitter[1](1) Horowitz, R.M., Gentili, B., 1969. Taste and structure in phenolic glycosides. J. Agric. Food Chem. 17, 696–700[2](2) Brieskorn, C.H., 1990. Physiological and therapeutical aspects of bitter compounds, in: Rouseff, R.L. (Ed.), Bitternes in Foods and Beverages. Developments in Food Science Vol. 25. Elsevier Science Publishers B.V., Amsterdam, pp. 15–33[3](3) Meyerhof Wet al, 2010. The molecular receptive ranges of human TAS2R bitter taste receptors. Chem Senses 35: 157–170[4](4) Drewnowski A, Gomez-Carneros C, 2000. Bitter taste, phytonutrients, and the consumer: a review. Am J Clin Nutr 72: 1424–35[5](5) Guadagni, D.G et al, 1973. Effect of some citrus juice constituents on taste thresholds for limonin and naringin bitterness. J. Sci. Food Agric. 24, 1277–1288[6](6) Puri, A., 1990. Removal of bitter compounds from citrus products by adsorption techniques. Dev. food Sci. 25, 325–336[7](7) Hasegawa, S., Berhow, M.A., Fong, C.H., 1996. Analysis of bitter principles in Citrus, in: Fruit Analysis. Springer, pp. 59–80[8](8) Steglich, W., Fugmann, B., Lang-Fugmann, S., 2000. Römpp encyclopedia natural products. Georg Thieme Verlag, Leverkusen, Ratingen, Munich, Germany. 784 pp[9](9) The Merck Index, Thirteenth Edition, 2001. . Merck & Co., Inc., Whitehouse Station, New Jersey, USA, New Jersey, USA[10](10) Belitz, H.D., Grosch, W., Schieberle, P., 2009. Food chemistry, 4th ed, Food Chemistry. Springer Berlin Heidelberg. doi: 10.1007/978-3-540-69934-7[11](11) Koyama, N., Kurihara, K., 1972. Mechanism of bitter taste reception: Interaction of bitter compounds with monolayers of Lipids from bovine circumvallate papillae. BBA - Biomembr. 288, 22–26[12](12) Glendinning, J.I., 1994. Is the bitter rejection response always adaptive? Physiol. Behav. 56, 1217–1227[13](13) Wang, Y.-H.et al, 2018. Naringin, in: Du, G.-H. (Ed.), Natural Small Molecule Drugs from Plants. Springer Singapore, Singapore, pp. 595–600",,,,,,,,,,,,
PMTDB01060,CC1C(C(C(C(O1)OCC2C(C(C(C(O2)OC3=CC(=C4C(=O)CC(OC4=C3)C5=CC=C(C=C5)O)O)O)O)O)O)O)O,"Bitter (contradictory evidence): bitter, non bitter; tasteless; bitter tastant precursor (bitter aglycon)","Bitter (contradictory evidence): bitter[1](1) Kamiya S, Konishi F, Esaki S, 1975. The Synthesis of Narirutin. Agr. BioI. Chem., 39 (3), 733-4, non bitter[2](2) Lee HS, Kim JG, 2003. Effects of debittering on red grapefruit juice concentrate. Food Chemistry, 82 (2):177-180; tasteless[3](3) Frydman, A.et al, 2013. The molecular and enzymatic basis of bitter/non‐bitter flavor of citrus fruit: evolution of branch‐forming rhamnosyltransferases under domestication. Plant J. 73, 166–178.[4](4) Gordon, R.M.et al., 2021. Performance of macroporous resins for debittering HLB-affected grapefruit juice and its impacts on furanocoumarin and consumer sensory acceptability. Food Chem. 352, 129367; bitter tastant precursor (bitter aglycon)[5](5) Behrens M et al, 2018. Bitter substances from plants used in traditional Chinese medicine exert biased activation of human bitter taste receptors. Chem Biol Drug Des. 91 (2): 422-433",,,,,,,,,,,,
PMTDB01061,C1=CC(=CC=C1CCNC(=O)C=CC2=CC(=C(C=C2)O)O)O,pungent,"pungent[1](1) Ley JP, Krammer G, Muche S, Kindel G, Reiβ I, 2008. Use of ferulic acid amides as flavor compounds. U.S. Patent No. 7,378,121",,,,,,,,,,,,
PMTDB01062,COC1=C(C=CC(=C1)CCNC(=O)C=CC2=CC(=C(C=C2)O)OC)O,pungent,"pungent[1](1) Ley, Jakob Peter, Krammer, G., Muche, S., Kindel, G., Reiβ, I., 2008. Use of ferulic acid amides as flavor compounds. U.S. Patent No. 7,378,121[2](2) Ley JP, Krammer G, Kindel G, Bertram HJ, 2004. Pungency of Various Substituted Hydroxycinnamic Amides of Hydroxyphenethylamines., in: Hoikkala, A., Soidinsalo, O., Wähälä, K. (Eds.), In Polyphenol Communications. Eds. University of Helsinki, Helsinki, Finland, pp. 269–270",,,,,,,,,,,,
PMTDB01063,CC1(CCCC2(C1CCC(=C)C2CCC3=CCOC3=O)C)COC4C(C(C(C(O4)CO)O)O)O,"Bitter (contradictory evidence): bitter (low evidence), non bitter","Bitter (contradictory evidence): bitter (low evidence)[1](1) Zhang, X. et al, 2018. Determination of Bitterness of Andrographis Herba Based on Electronic Tongue Technology and Discovery of the Key Compounds of Bitter Substances. Molecules 23, 3362, non bitter[2](2) Kleipool, R.J.C., 1952. Constituents of Andrographis paniculata Nees. Nature 169, 33–34 (counterevidence)[3](3) Tang W, Eisenbrang G, 1992. Chinese Drugs of Plant Origin. Chemistry, Pharmacology, and Use in Traditional and Modem Medicine. Springer (counterevidence)",,,,,,,,,,,,
PMTDB01064,CC1C(C(C(C(O1)OC2C(OC3=CC(=CC(=C3C2=O)O)O)C4=CC(=C(C=C4)O)O)O)O)O,sweet,"sweet[1](1) Kasai, R.et al, 1988. Sweet dihydroflavonol rhamnoside from leaves of Engelhardtia chrysolepis, a Chinese folk medicine, Hung-qi. Chem. Pharm. Bull. 36, 4167–4170.[2](2) Kasai, R., 1989. Studies on sweet dihydroflavonol glycosides from leaves of huang-qi. Tech J Food Chem Chem. 1, 69–71[3](3) Mizutani, K., Kambara, T., Masuda, H., Tamura, Y., Tanaka, O., Tokuda, H., Nishino, H., Kozuka, M., 1997. Antitumor-Promoting Activities of Dihydroflavonols from Kohki Tea, the Leaves of Engelhardtia chrysolepis, in: Food Factors for Cancer Prevention. Springer, pp. 607–612.",,,,,,,,,,,,
PMTDB01065,CC1C(C(C(C(O1)OC2C(C(C(OC2OC3=CC(=C4C(=O)CC(OC4=C3)C5=CC(=C(C=C5)O)O)O)CO)O)O)O)O)O,bitter,"bitter[1](1) Belitz HD, Grosch W, Schieberle P, 2009. Food chemistry, 4th ed, Food Chemistry. Springer Berlin Heidelberg. https://doi.org/10.1007/978-3-540-69934-7[2](2) Harborne J, Baxter H, Moss GP, 1999. Phytochemical dictionary : a handbook of bioactive compounds from plants, 2nd ed. CRC Press. Taylor & Francis[3](3) Horowitz RM, Gentili B, 1969. Taste and structure in phenolic glycosides. J. Agric. Food Chem. 17, 696–700. lnk_{https://pubs.acs.org/doi/10.1021/jf60164a",,,,,,,,,,,,
PMTDB01066,CC1C(C(C(C(O1)OC2C(C(C(OC2OC3=CC(=C4C(=O)CC(OC4=C3)C5=CC(=C(C=C5)OC)O)O)CO)O)O)O)O)O,bitter,"bitter[1](1) Horowitz, R.M., Gentili, B., 1969. Taste and structure in phenolic glycosides. J. Agric. Food Chem. 17, 696–700[2](2) Brieskorn, C.H., 1990. Physiological and therapeutical aspects of bitter compounds, in: Rouseff, R.L. (Ed.), Bitternes in Foods and Beverages. Developments in Food Science Vol. 25. Elsevier Science Publishers B.V., Amsterdam, pp. 15–33[3](3) Hasegawa, S., Berhow, M.A., Fong, C.H., 1996. Analysis of bitter principles in Citrus, in: Fruit Analysis. Springer, pp. 59–80[4](5) Steglich, W., Fugmann, B., Lang-Fugmann, S., 2000. Römpp encyclopedia natural products. Georg Thieme Verlag, Leverkusen, Ratingen, Munich, Germany. 784 pp[5](5) Belitz, H.D., Grosch, W., Schieberle, P., 2009. Food chemistry, 4th ed, Food Chemistry. Springer Berlin Heidelberg. doi: 10.1007/978-3-540-69934-7[6](6) Meyerhof Wet al, 2010. The molecular receptive ranges of human TAS2R bitter taste receptors. Chem Senses 35: 157–170",,,,,,,,,,,,
PMTDB01067,CC(CCC(OC1OC(OC2OC(CO)C(O)C(O)C2O)C(O)C(O)C1COC1OC(CO)C(O)C(O)C1O)C(C)(C)O)C1CCC2(C)C3CC=C4C(CCC(OC5OC(COC6OC(CO)C(O)C(O)C6O)C(O)C(O)C5OC5OC(CO)C(O)C(O)C5O)C4(C)C)C3(C)C(O)CC12C,sweet,"sweet[1](1) Ahmed J et al, 2011. SuperSweet-A resource on natural and artificial sweetening agents. Nucleic Acids Res. https://doi.org/10.1093/nar/gkq917",,,,,,,,,,,,
PMTDB01068,CC1C=C(C(=O)C2(C1CC3C4(C2C(=O)C(=C(C4CC(O3)O)C)OC)C)C)OC,bitter,"bitter[1](1) Wiener A et al, 2012. BitterDB: a database of bitter compounds. Nucleic Acids Res 2012, 40 (Database issue): D413-419[2](2) Smith, A. et al, 2001. The Merck Index, Thirteenth Edition. (CD-ROM), Merck Co., Inc., Whitehouse Station. New Jersey, USA.",,,,,,,,,,,,
PMTDB01069,CC(=CCCC(=CC=O)C)C,bitter; pungent (aromatic),"bitter[1](1) Burdock GA, 2010. Fenaroli’s Handbook of Flavor Ingredients, Sixth. CRC Press, Taylor and Francis Group, Boca Raton London New York[2](2) Wiener A et al, 2012. BitterDB: a database of bitter compounds. Nucleic Acids Res 2012, 40 (Database issue): D413-419; pungent (aromatic)[3](3) Machmudah S et al, 2009. Extraction of pungent components from Japanese pepper (Xanthoxylum piperitum DC.) using supercritical CO2. Sep Purif Technol 68: 159–164[4](4) Ahmed, E.M.et al, 1978. Flavor and odor thresholds in water of selected orange juice components. J. Agric. Food Chem. 26, 187–191",,,,,,,,,,,,
PMTDB01070,CC(=CCCC(=CCO)C)C,bitter,"bitter[1](1) Burdock GA, 2010. Fenaroli’s Handbook of Flavor Ingredients, Sixth. CRC Press, Taylor and Francis Group, Boca Raton London New York[2](2) Wiener A et al, 2012. BitterDB: a database of bitter compounds. Nucleic Acids Res 2012, 40 (Database issue): D413-419",,,,,,,,,,,,
PMTDB01071,CC(C)CC(=O)OCC=C(C)CCC=C(C)C,bitter;,"bitter[1](1) Burdock GA, 2010. Fenaroli’s Handbook of Flavor Ingredients, Sixth. CRC Press, Taylor and Francis Group, Boca Raton London New York[2](2) Wiener A et al, 2012. BitterDB: a database of bitter compounds. Nucleic Acids Res 2012, 40 (Database issue): D413-419;",,,,,,,,,,,,
PMTDB01072,COC1=C(C=CC(=C1)C=CC(=O)NCC(C2=CC=C(C=C2)O)O)O,bitter,"bitter[1](1) Backes M et al, 2015. Rubemamine and Rubescenamine, Two Naturally Occurring N-Cinnamoyl Phenethylamines with Umami-Taste-Modulating Properties. J Agric Food Chem 63: 8694–8704",,,,,,,,,,,,
PMTDB01073,C1=CC(=CN=C1)C(=O)O,sour,"sour[1](1) Larrañaga, M.D., Lewis, R.J., Lewis, R.A., 2016. Hawley’s Condensed Chemical Dictionary, Sixteenth Edition, Hawley’s Condensed Chemical Dictionary, Sixteenth Edition. John Wiley & Sons, Inc., Hoboken, NJ, USA. doi: 10.1002/9781119312468[2](2) Kim, S.et al, 2016. PubChem Substance and Compound databases. Nucleic Acids Res. 44, D1202–D1213. doi: 10.1093/nar/gkv951",,,,,,,,,,,,
PMTDB01074,CC1CCC2(CCC3(C(=CCC4C3(CCC5C4(CC(C(C5(C)CO)O)O)C)C)C2C1(C)O)C)C(=O)OC6C(C(C(C(O6)CO)O)O)O,bitter,"bitter[1](1) Ohtani K et al, 1992. Minor diterpene glycosides from sweet leaves of Rubus suavissimus. Phytochemistry, 31 (5), 1553–1559",,,,,,,,,,,,
PMTDB01075,CC1C=C(C(=O)C2(C1CC3C4(C2C(C(C(C4CC(O3)O)(C)O)OC)O)C)C)OC,bitter,"bitter[1](1) Murae, T.et al, 1971. Bitter principles of Picrasma ailanthoides Planchon: Nigakihemiacetals A, B and C, and nigakilactones G, H and I. Tetrahedron 27, 5147–5155.[2](2) Harborne J, Baxter H, Moss GP, 1999. Phytochemical dictionary : a handbook of bioactive compounds from plants, 2nd ed. CRC Press. Taylor & Francis",,,,,,,,,,,,
PMTDB01076,CC1C=C(C(=O)C2(C1CC3C4(C2C(C(C(C4CC(O3)O)C)O)O)C)C)OC,bitter,"bitter[1](1) Murae, T. et al, 1971. Bitter principles of Picrasma ailanthoides Planchon: Nigakihemiacetals A, B and C, and nigakilactones G, H and I. Tetrahedron 27, 5147–5155.",,,,,,,,,,,,
PMTDB01077,CC1C=C(C(=O)C2(C1CC3C4(C2C(C(C(C4CC(=O)O3)C)O)O)C)C)OC,bitter,"bitter[1](1) Murae, T. et al., 1971. Bitter principles of Picrasma ailanthoides planchon. Nigakilactones A, B, C, D, E and F. Tetrahedron 27, 1545–1555",,,,,,,,,,,,
PMTDB01078,CC1C=C(C(=O)C2(C1CC3C4(C2C(C(C(C4CC(=O)O3)C)OC)O)C)C)OC,bitter,"bitter[1](1) Murae, T. et al., 1971. Bitter principles of Picrasma ailanthoides planchon. Nigakilactones A, B, C, D, E and F. Tetrahedron 27, 1545–1555",,,,,,,,,,,,
PMTDB01079,CC1C=C(C(=O)C2(C1CC3C4(C2C(C(C(C4CC(=O)O3)C)OC)OC(=O)C)C)C)OC,bitter,"bitter[1](1) Murae, T. et al., 1971. Bitter principles of Picrasma ailanthoides planchon. Nigakilactones A, B, C, D, E and F. Tetrahedron 27, 1545–1555",,,,,,,,,,,,
PMTDB01080,CC1C=C(C(=O)C2(C1CC3C4(C2C(C(C(C4CC(=O)O3)(C)O)OC)OC(=O)C)C)C)OC,bitter,"bitter[1](1) Murae, T. et al., 1971. Bitter principles of Picrasma ailanthoides planchon. Nigakilactones A, B, C, D, E and F. Tetrahedron 27, 1545–1555",,,,,,,,,,,,
PMTDB01081,CC1C=C(C(=O)C2(C1CC3C4(C2C(C(C(C4CC(=O)O3)(C)O)OC)O)C)C)OC,bitter,"bitter[1](1) Murae, T. et al., 1971. Bitter principles of Picrasma ailanthoides planchon. Nigakilactones A, B, C, D, E and F. Tetrahedron 27, 1545–1555",,,,,,,,,,,,
PMTDB01082,CC1C=C(C(=O)C2(C1CC3C4(C2C(C(C(C4(CC(=O)O3)O)(C)O)OC)O)C)C)OC,bitter,"bitter[1](1) Murae, T.et al, 1971. Bitter principles of Picrasma ailanthoides Planchon: Nigakihemiacetals A, B and C, and nigakilactones G, H and I. Tetrahedron 27, 5147–5155.",,,,,,,,,,,,
PMTDB01083,CC1C=C(C(=O)C2(C1CC3C4(C2C(C(C(C4=CC(=O)O3)(C)O)OC)O)C)C)OC,bitter,"bitter[1](1) Murae, T. et al., 1971. The Structures of Nigakilactones K and L. Chem. Pharm. Bull. 19, 2426–2428[2](2) Murae, T. et al., 1973. Bitter principles of Picrasma ailanthoides planchon: Nigakilactones J, K, L, M and N. Tetrahedron 29, 1515–1522",,,,,,,,,,,,
PMTDB01084,CC1C=C(C(=O)C2(C1CC3C4(C2C5C(C(C4CC(=O)O3)(C)O)OCO5)C)C)OC,bitter,"bitter[1](1) Murae, T. et al., 1971. The Structures of Nigakilactones K and L. Chem. Pharm. Bull. 19, 2426–2428[2](2) Murae, T. et al., 1973. Bitter principles of Picrasma ailanthoides planchon: Nigakilactones J, K, L, M and N. Tetrahedron 29, 1515–1522",,,,,,,,,,,,
PMTDB01085,CC1C=C(C(=O)C2(C1CC3C4(C2C(C(C(C4(CC(=O)O3)O)C)O)O)C)C)OC,bitter,"bitter[1](1) Murae, T. et al., 1973. Bitter principles of Picrasma ailanthoides planchon: Nigakilactones J, K, L, M and N. Tetrahedron 29, 1515–1522",,,,,,,,,,,,
PMTDB01086,CC1C=C(C(=O)C2(C1CC3C4(C2C(C(C(C4CC(=O)O3)(C)O)O)O)C)C)OC,bitter,"bitter[1](1) Murae, T. et al., 1973. Bitter principles of Picrasma ailanthoides planchon: Nigakilactones J, K, L, M and N. Tetrahedron 29, 1515–1522",,,,,,,,,,,,
PMTDB01087,COC1=C(O)C=CC(=C1)C(=O)OC\C(=C\COC1OC(CO)C(O)C(O)C1O)C#N,astringent;,"astringent[1](1) Schwarz, B., Hofmann, T., 2007. Sensory-guided decomposition of red currant juice (Ribes rubrum) and structure determination of key astringent compounds. J. Agric. Food Chem. 55, 1394–1404[2](2) Schwarz, B., Hofmann, T., 2007. Isolation, structure determination, and sensory activity of mouth-drying and astringent nitrogen-containing phytochemicals isolated from red currants (Ribes rubrum). J. Agric. Food Chem. 55, 1405–1410;",,,,,,,,,,,,
PMTDB01088,OCC1OC(OC\C=C(\COC(=O)C2=CC=C(O)C=C2)C#N)C(O)C(O)C1O,astringent;,"astringent[1](1) Schwarz, B., Hofmann, T., 2007. Sensory-guided decomposition of red currant juice (Ribes rubrum) and structure determination of key astringent compounds. J. Agric. Food Chem. 55, 1394–1404[2](2) Schwarz, B., Hofmann, T., 2007. Isolation, structure determination, and sensory activity of mouth-drying and astringent nitrogen-containing phytochemicals isolated from red currants (Ribes rubrum). J. Agric. Food Chem. 55, 1405–1410;",,,,,,,,,,,,
PMTDB01089,CC1=C2C(CC1C3=COC=C3)OC4C2(C(C5(C(C4OC(=O)C)C(C=CC5=O)(C)C(=O)OC)C)CC(=O)OC)C,bitter,"bitter[1](1) Siddiqui S, 1942. A note on isolation of three new bitter principles from the neem oil. Curr Sci 11 (7): 278–279[2](2) Jacobson M, 1977. Isolation and Identification of Toxic Agents from Plants. In: Host Plant Resist. to Pests. AMERICAN CHEMICAL SOCIETY, pp 10–153[3](3) Steglich, W., Fugmann, B., Lang-Fugmann, S., 2000. Römpp encyclopedia natural products. Georg Thieme Verlag, Leverkusen, Ratingen, Munich, Germany. 784 pp",,,,,,,,,,,,
PMTDB01090,CC(=O)OC1CC2C(C(=O)C=CC2(C3C1(C45C(O4)C(=O)C(C5(CC3)C)C6=COC=C6)C)C)(C)C,bitter,"bitter[1](1) Siddiqui S, 1942. A note on isolation of three new bitter principles from the neem oil. Curr Sci 11 (7): 278–279",,,,,,,,,,,,
PMTDB01091,COC1=C(C=C(C=C1)C2=CC(=O)C3=C(O2)C(=C(C(=C3OC)OC)OC)OC)OC,bitter,"bitter[1](1) Drewnowski A, Gomez-Carneros C, 2000. Bitter taste, phytonutrients, and the consumer: a review. Am J Clin Nutr 72: 1424–35[2](2)Wiener A et al, 2012. BitterDB: a database of bitter compounds. Nucleic Acids Res 2012, 40 (Database issue): D413-419[3](3) Kuroda, Y. et al, 2016. Activation of human bitter taste receptors by polymethoxylated flavonoids. Biosci. Biotechnol. Biochem. 80, 2014–2017",,,,,,,,,,,,
PMTDB01092,CC=C(C)C(=O)OC1CC(=CCC(C(=CC2C1C(=C)C(=O)O2)C)O)C,bitter,"bitter[1](1) Wiener A et al, 2012. BitterDB: a database of bitter compounds. Nucleic Acids Res 2012, 40 (Database issue): D413-419[2](2) Brockhoff A et al, 2007. Broad tuning of the human bitter taste receptor hTAS2R46 to various sesquiterpene lactones, clerodane and labdane diterpenoids, strychnine, and denatonium. J Agric Food Chem 55: 6236–6243",,,,,,,,,,,,
PMTDB01093,CC1(CCC2C3(C1C(OC3)O)C4C(CC5CC4(C(=O)C5=C)C(=O)O2)O)C,bitter,"bitter[1](1) Fujita E, Node M, 1984. Diterpenoids of Rabdosia Species, in: Fujita E, Johne S, Kasai R, Node M, Tanaka O, Herz W, Grisebach H, Kirby GW, Tamm C (Eds.), Fortschritte Der Chemie Organischer Naturstoffe / Progress in the Chemistry of Organic Natural Products. Springer Vienna, Vienna, pp. 77–157. doi: 10.1007/978-3-7091-8759-3_3",,,,,,,,,,,,
PMTDB01094,CC(=O)OC1CC(=O)OC(C2C1(C3CCC4(C(OC(=O)C5C4(C3(C(=O)C2)C)O5)C6=COC=C6)C)C)(C)C,"bitter, astringent","bitter[1](1) Kefford JF, 1960. The Chemical Constituents of Citrus Fruits. In: Chichester CO, Mrak EM, Stewart GFBT-A in FR (eds). Academic Press, pp 285–372[2](2) Haagen-Smit AJ, Nimmo CC, 1963. Chemistry of Isoprenoid Compounds. In: Skulachev VP, Semenza G (eds). Elsevier, pp 115–168[3](3) Dreyer DL, 1965. Citrus Bitter Principles. III. Isolation of Deacetylnomilin and Deoxylimonin. J. Org. Chem. 30, 749–751[4](4) Rouseff RL, 1982. Nomilin, a new bitter component in grapefruit juice. J Agric Food Chem 30, 504–507. doi: 10.1021/jf00111a022[5](5) Rouseff RL, Matthews RF, 1984. Nomilin, Taste Threshold and Relative Bitterness. J. Food Sci. 49: 777–779, doi.org/10.1007/978-3-642-79660-9_4[6](6) Hasegawa S, Berhow MA, Fong CH, 1996. Analysis of bitter principles in Citrus, in: Fruit Analysis. Springer, pp. 59–80[7](7) Wiener A et al, 2012. BitterDB: a database of bitter compounds. Nucleic Acids Res 2012, 40 (Database issue): D413-419[8](8) Dea S et al, 2013. Interactions and Thresholds of Limonin and Nomilin in Bitterness Perception in Orange Juice and Other Matrices. J. Sens. Stud. 28: 311–323[9](9) Behrens M et al, 2018. Bitter substances from plants used in traditional Chinese medicine exert biased activation of human bitter taste receptors. Chem Biol Drug Des. 91 (2): 422-433, astringent[5](5) Rouseff RL, Matthews RF, 1984. Nomilin, Taste Threshold and Relative Bitterness. J. Food Sci. 49: 777–779, doi.org/10.1007/978-3-642-79660-9_4",,,,,,,,,,,,
PMTDB01095,CC(=O)OC(CC(=O)O)C1(C2CCC3(C(OC(=O)C4C3(C2(C(=O)CC1C(C)(C)O)C)O4)C5=COC=C5)C)C,bitter,"bitter[1](1) Hasegawa S, Berhow MA, Fong CH, 1996. Analysis of bitter principles in Citrus, in: Fruit Analysis. Springer, pp. 59–80.",,,,,,,,,,,,
PMTDB01096,CCCCCCCCC=O,bitter,"bitter[1](1) Ahmed, 1978. Flavor and odor thresholds in water of selected orange juice components",,,,,,,,,,,,
PMTDB01097,CCCCCCCCC(=O)NCC1=CC(=C(C=C1)O)OC,pungent,"pungent[1](1) Sarpras M et al, 2016. Comparative analysis of fruit metabolites and pungency candidate genes expression between Bhut jolokia and other Capsicum species. PLoS One 11, 1–19[2](2) Caballero B, Trugo LC, Finglas PM, 2003. Encyclopedia of food sciences and nutrition, 2nd ed. Academic Press[3](3) Nelson EK, 1919. Vanillyl-acyl amides. J. Am. Chem. Soc. 41, 2121–2130[4](4) Todd Jr PH et al, 1977. Determination of pungency due to capsicum by gas-liquid chromatography. J. Food Sci. 42, 660–665[5](5) Krajewska AM, Powers JJ, 1988. Sensory properties of naturally occurring capsaicinoids. J. Food Sci. 53, 902–905.",,,,,,,,,,,,
PMTDB01098,[H]C12CC\C(=C/C(=O)OCCNC)C(C)C1([H])C(O)CC1([H])C(C)(C)C(O)CCC21C,bitter,"bitter[2](2) Bassoli A, Borgonovo G, Busnelli G, 2007. Alkaloids and the Bitter Taste. In: Fattorusso E, Taglialate la-Scafati O (eds) Modern Alkaloids: Structure, Isolation, Synthesis and Biology. Wiley-VCH Verlag GmbH & Co. KGaA, Weinheim, Germany, pp 53–72",,,,,,,,,,,,
PMTDB01099,CC1C2C(CCC1=CC(=O)OCCNC)C3(CCCC(C3CC2O)(C)C(=O)OC)C,bitter,"bitter[1](1) Bassoli A, Borgonovo G, Busnelli G, 2007. Alkaloids and the Bitter Taste. In: Fattorusso E, Taglialatela-Scafati O (eds) Modern Alkaloids: Structure, Isolation, Synthesis and Biology. Wiley-VCH Verlag GmbH & Co. KGaA, Weinheim, Germany, pp 53–72",,,,,,,,,,,,
PMTDB01100,CC(C)CCCCCC(=O)NCC1=CC(=C(C=C1)O)OC,pungent,"pungent[1](1) Masada Y et al, 1971. Analysis of the pungent principles of capsicum annuum by combined gas chromatography-mass spectrometry. J Food Sci 36: 858–860[2](2) Govindarajan VS, 1979. Pungency: The Stimuli and Their Evaluation. In: Boudreau JC (ed) Food Tast. Chem. American Chemical Society, pp 3–53[3](3) Kosuge S, Furuta M, 1970. Studies on the Pungent Principle of Capsicum. Agric Biol Chem 34: 248–256.[4]4) Todd Jr, PH et al, 1977. Determination of pungency due to capsicum by gas-liquid chromatography. J. Food Sci. 42, 660–665[5](5) Kiple KF, Ornelas KC, 2000. The Cambridge world history of food. Vol.1. Cambridge University Press[6](6) Peng, B. et al, 2012. Studies on the synthesis, pungency and anti-biofouling performance of capsaicin analogues. Sci. China Chem. 55, 435–442[7](7) Belitz, H.D., Grosch, W., Schieberle, P., 2009. Food chemistry, 4th ed, Food Chemistry. Springer Berlin Heidelberg. doi: 10.1007/978-3-540-69934-7",,,,,,,,,,,,
PMTDB01101,COC1=C(C=CC(=C1)CC2COC(=O)C2(CC3=CC(=C(C=C3)OC4C(C(C(C(O4)CO)O)O)O)OC)O)O,bitter,"bitter[1](1) Wszelaki N et al, 2010. Screening of traditional European herbal medicines for acetylcholinesterase and butyrylcholinesterase inhibitory activity. Acta Pharm",,,,,,,,,,,,
PMTDB01102,CN1CCC2=CC3=C(C(=C2C1C4C5=C(C(=C(C=C5)OC)OC)C(=O)O4)OC)OCO3,bitter,"bitter[1](1) Behrens M., et al, 2008. US8309314B2 - Agonists of bitter taste receptors and uses thereof - Google Patents [WWW Document[2](2) Meyerhof Wet al, 2010. The molecular receptive ranges of human TAS2R bitter taste receptors. Chem Senses 35: 157–170[3](3) Wiener A et al, 2012. BitterDB: a database of bitter compounds. Nucleic Acids Res 2012, 40 (Database issue): D413-419[4](4) Martin, L.T.P.et al, 2019. Bitter taste receptors are expressed in human epithelial ovarian and prostate cancers cells and noscapine stimulation impacts cell survival. Mol. Cell. Biochem. 454, 203–214",,,,,,,,,,,,
PMTDB01103,COC1=C(C=CC(=C1)CCNC(=O)C=CC2=CC(=C(C=C2)O)OC)O,bitter; pungent,"bitter[1](1) Backes M et al, 2015. Rubemamine and Rubescenamine, Two Naturally Occurring N-Cinnamoyl Phenethylamines with Umami-Taste-Modulating Properties. J. Agric. Food Chem. 63, 8694–8704. https://doi.org/10.1021/acs.jafc.5b04402; pungent[2](2) Ley JP, Krammer G, Kindel G, Bertram HJ, 2004. Pungency of Various Substituted Hydroxycinnamic Amides of Hydroxyphenethylamines., in: Hoikkala, A., Soidinsalo, O., Wähälä, K. (Eds.), In Polyphenol Communications. Eds. University of Helsinki, Helsinki, Finland, pp. 269–270[3](3) Ley J P, Krammer G, Muche S, Kindel G, Reiβ I, 2008. Use of ferulic acid amides as flavor compounds. U.S. Patent No. 7,378,121",,,,,,,,,,,,
PMTDB01104,COC1=C(C=CC(=C1)C=CC(=O)NCCC2=CC(=C(C=C2)O)O)O,bitter; pungent,"bitter[1](1) Backes M et al, 2015. Rubemamine and Rubescenamine, Two Naturally Occurring N-Cinnamoyl Phenethylamines with Umami-Taste-Modulating Properties. J Agric Food Chem 63: 8694–8704; pungent[2](2) Ley, J.P., Krammer, G., Muche, S., Kindel, G., Reiβ, I., 2008. Use of ferulic acid amides as flavor compounds. U.S. Patent No. 7,378,121",,,,,,,,,,,,
PMTDB01105,CC=C1C(C(=COC1OC2C(C(C(C(O2)CO)O)O)O)C(=O)OC)CC(=O)OCC3C(C(C(C(O3)OCCC4=CC=C(C=C4)O)O)O)O,bitter,"bitter[1](1) Iouye, H., T. Nishioka, 1972. Monoterpene glucosides and related natural products, XXI. Structure of nuezhenide, a bitter tasting D-glucoside from Ligustrum lucidum and Ligucoside japonicum. Tetrahedron 28 (1972):",,,,,,,,,,,,
PMTDB01106,CC1CCC2C(CCC([N+]2(C1)[O-])C3=COC=C3)C,bitter,"bitter[1](1) Smith A, Heckelman P E, Obenchain JR, Gallipeau JAR, D’Arecca M A, Budavari S, 2001. The Merck Index, Thirteenth Edition. (CD-ROM), Merck & Co., Inc., Whitehouse Station, New Jersey, USA.",,,,,,,,,,,,
PMTDB01107,CC12CCC3C(C(CC(=O)C3(C14C(O4)C(=O)OC2C5=COC=C5)C)C(C)(C)O)(C)C=CC(=O)O,bitter,"bitter[1](1) Hasegawa S, Berhow MA, Fong CH, 1996. Analysis of bitter principles in Citrus, in: Fruit Analysis. Springer, pp. 59–80.",,,,,,,,,,,,
PMTDB01108,CC1(C2CC(=O)C3(C(C2(C=CC(=O)O1)C)CCC4(C35C(O5)C(=O)OC4C6=COC=C6)C)C)C,"Bitter (contradictory evidence): bitter, non bitter;","Bitter (contradictory evidence): bitter[1](1) Emerson, O.H., 1951. Bitter principles of citrus. II. Relation of nomilin and obacunone1. J. Am. Chem. Soc. 73, 2621–2623[2](2) Kefford JF, 1960. The Chemical Constituents of Citrus Fruits. In: Chichester CO, Mrak EM, Stewart GFBT-A in FR (eds). Academic Press, pp 285–372[3](3) Harborne J, Baxter H, Moss GP, 1999. Phytochemical dictionary : a handbook of bioactive compounds from plants, 2nd ed. CRC Press. Taylor & Francis[4](4) Nakanishi K, Goto T, Shô Itô, 1974. Natural products chemistry. Nat Prod Chem[5](5) Haagen-Smit AJ, Nimmo CC, 1963. Chemistry of Isoprenoid Compounds. In: Skulachev VP, Semenza G (eds). Elsevier, pp 115–168, non bitter[6](6) Roy, G.M., 1990. The applications and future implications of bitterness reduction and inhibition in food products. Crit. Rev. Food Sci. Nutr. 29, 59–71[7](7) Hasegawa, S., 1999. Limonin bitterness in citrus juices, in: Flavor Chemistry. Springer, pp. 89–106.;",,,,,,,,,,,,
PMTDB01109,CCC12COC(=O)C(C)C1C1OC(=O)C(C)C1C(C2)OC(=O)C(C)CO,bitter,"bitter[1](1) Koshimizu, K.et al, 1994. Use of Vernonia amygdalina by wild chimpanzee: Possible roles of its bitter and related constituents. Physiology and Behavior, 56 (6), 1209–1216",,,,,,,,,,,,
PMTDB01110,CCCCCCCC=O,bitter,bitter[1](1),,,,,,,,,,,,
PMTDB01111,CC1C2C(CC3C2(CCC4C3CCC5C4(CCC(C5)OC6C(C(C(C(O6)CO)OC7C(C(C(CO7)O)O)O)O)OC8C(C(C(C(O8)CO)O)O)O)C)C)OC1(CCC(C)COC9C(C(C(C(O9)CO)O)O)O)O,bitter,"bitter[1](1) Wiener A et al, 2012. BitterDB: a database of bitter compounds. Nucleic Acids Res 2012, 40 (Database issue): D413-419[2](2) Kawano K, Sakai K, Sato H, Sakamura S, 1975. A Bitter Principle of Asparagus: Isolation and Structure of Furostanol Saponin in Asparagus Storage Root. Agricultural and Biological Chemistry;39 (10): 1999-2002",,,,,,,,,,,,
PMTDB01112,CC1C(C(CC(O1)OC2CCC3(C(C2)CCC4C3CCC5(C4(CC(C5C6=CC(=O)OC6)OC(=O)C)O)C)C)OC)O,bitter,"bitter[1](1) Sohn CE, 1894. Dictionary of the active principles of plants : alkaloids, bitter principles, glucosides, their sources, nature, and chemical characteristics, with tabular summary, classification of reactions, and full botanical and general indexes. Baillière, Tindall and Cox, London[2](2) Shaw, D., Pearn, J., 1979. Oleander poisoning. Med. J. Aust. 2, 267–269.",,,,,,,,,,,,
PMTDB01113,CCCCCCCCC=CCCCCCCCC(=O)O,"bitter, pungent; pungent (scratchy), astringent","bitter[1](1) Wieser, H. et al, 1984. Untersuchungen über den Bittergeschmack von Emulsionen höherer Fettsäuren. Zeitschrift für Leb. Und-forsch. 179, 447–449[2](2) Belitz, H.D., Grosch, W., Schieberle, P., 2009. Food chemistry, 4th ed, Food Chemistry. Springer Berlin Heidelberg. doi: 10.1007/978-3-540-69934-7[3](3) Grosch, W., Laskawy, G., 1984. Contribution of linoleic acid to the bitter taste of poppy seeds (Papaver somniferum). Zeitschrift fur Leb. Und-forsch. 178, 257–259[4](4) Lainer J et al, 2019. Characterization of Bitter-Tasting Oxylipins in Poppy Seeds (Papaver somniferum L.). J. Agric. Food Chem., pungent[1](1) Wieser, H. et al, 1984. Untersuchungen über den Bittergeschmack von Emulsionen höherer Fettsäuren. Zeitschrift für Leb. Und-forsch. 179, 447–449[2](2) Belitz, H.D., Grosch, W., Schieberle, P., 2009. Food chemistry, 4th ed, Food Chemistry. Springer Berlin Heidelberg. doi: 10.1007/978-3-540-69934-7[3](3) Grosch, W., Laskawy, G., 1984. Contribution of linoleic acid to the bitter taste of poppy seeds (Papaver somniferum). Zeitschrift fur Leb. Und-forsch. 178, 257–259; pungent (scratchy)[4](4) Lainer J et al, 2019. Characterization of Bitter-Tasting Oxylipins in Poppy Seeds (Papaver somniferum L.). J. Agric. Food Chem., astringent[2](2) Belitz, H.D., Grosch, W., Schieberle, P., 2009. Food chemistry, 4th ed, Food Chemistry. Springer Berlin Heidelberg. doi: 10.1007/978-3-540-69934-7",,,,,,,,,,,,
PMTDB01114,CC=C(C=O)C(CC=O)CC(=O)OCCC1=CC=C(C=C1)O,Pungent (burning); bitter; astringent;,"Pungent (burning)[1](1) Andrewes, P.et al., 2003. Sensory properties of virgin olive oil polyphenols: identification of deacetoxy-ligstroside aglycon as a key contributor to pungency. J. Agric. Food Chem. 51, 1415–1420.[2](2) Cicerale S et al, 2009. Sensory Characterization of the Irritant Properties of Oleocanthal, a Natural Anti-Inflammatory Agent in Extra Virgin Olive Oils. Chem. Senses 34, 333–339.[3](3) Peyrot des Gachons, C. et al., 2011. Unusual pungency from extra-virgin olive oil is attributable to restricted spatial expression of the receptor of oleocanthal. J. Neurosci. 31, 999–1009; bitter[1](1) Andrewes, P.et al., 2003. Sensory properties of virgin olive oil polyphenols: identification of deacetoxy-ligstroside aglycon as a key contributor to pungency. J. Agric. Food Chem. 51, 1415–1420.; astringent[1](1) Andrewes, P.et al., 2003. Sensory properties of virgin olive oil polyphenols: identification of deacetoxy-ligstroside aglycon as a key contributor to pungency. J. Agric. Food Chem. 51, 1415–1420.;",,,,,,,,,,,,
PMTDB01115,CC=C1C(C(=COC1OC2C(C(C(C(O2)CO)O)O)O)C(=O)OC)CC(=O)OCCC3=CC(=C(C=C3)O)O,bitter,"bitter[1](1) Panizzi, L.M. et al, 1960. Constituzione della oleuropeina, glucoside, glucoside amaro e ad azione ipotensiva dell ‘olivo. Chim. Ita 90, 1449–1485[2](2) Walter, W.M.et al, 1973. Preparation of antimicrobial compounds by hydrolysis of oleuropein from green olives. Appl. Microbiol. 26, 773–776[3](3) Belitz H, Wieser H, 1985. Bitter compounds: Occurrence and structure‐activity relationships. Food Rev Int 1: 271–354.[4](4) Fenwick GR, Curl CL, Griffiths NM, et al, 1990. Bitter principles in food plants. In: Rouseff RL (ed) Bitternes in foods and beverages. Developments in Food Science vol. 25. Elsevier Science Publishers B.V., Amsterdam, pp 205–250[5](5) The Merck Index, Thirteenth Edition, 2001. . Merck & Co., Inc., Whitehouse Station, New Jersey, USA, New Jersey, USA[6](6) Behrens M et al, 2018. Bitter substances from plants used in traditional Chinese medicine exert biased activation of human bitter taste receptors. Chem Biol Drug Des. 91 (2): 422-433[7](7) Brockhoff A et al, 2007. Broad tuning of the human bitter taste receptor hTAS2R46 to various sesquiterpene lactones, clerodane and labdane diterpenoids, strychnine, and denatonium. J Agric Food Chem 55: 6236–6243[8](8) Belitz, H.D., Grosch, W., Schieberle, P., 2009. Food chemistry, 4th ed, Food Chemistry. Springer Berlin Heidelberg. doi: 10.1007/978-3-540-69934-7",,,,,,,,,,,,
PMTDB01116,CC=C1C(C(=COC1O)C(=O)OC)CC(=O)OCCC2=CC(=C(C=C2)O)O,bitter; pungent,"bitter[1](1) Walter, W.M.et al, 1973. Preparation of antimicrobial compounds by hydrolysis of oleuropein from green olives. Appl. Microbiol. 26, 773–776; pungent[1](1) Walter, W.M.et al, 1973. Preparation of antimicrobial compounds by hydrolysis of oleuropein from green olives. Appl. Microbiol. 26, 773–776",,,,,,,,,,,,
PMTDB01117,COC1=CC=C(C=C1)C2=COC3=C(C2=O)C=CC(=C3)OC4C(C(C(C(O4)CO)O)O)O,bitter; astringent;,"bitter[1](1) Belitz H, Wieser H, 1985. Bitter compounds: Occurrence and structure‐activity relationships. Food Rev Int 1: 271–354.; astringent[1](1) Belitz H, Wieser H, 1985. Bitter compounds: Occurrence and structure‐activity relationships. Food Rev Int 1: 271–354.;",,,,,,,,,,,,
PMTDB01118,CC1=CC(=CC(=C1)O)O,sweet,"sweet[1](1) Collie, N., Myers, W.S., 1893. VII.—The formation of orcinol and other condensation products from dehydracetic acid. J. Chem. Soc. Trans. 63, 122–128[2](2) Steglich W, Fugmann B, Lang-Fugmann S, 2000. Römpp encyclopedia natural products. Georg Thieme Verlag, Leverkusen, Ratingen, Munich, Germany. 784 pp",,,,,,,,,,,,
PMTDB01119,CC1(CCC(C23C1C(C(C45C2CCC(C4O)C(=C)C5=O)(OC3)O)O)O)C,bitter,"bitter[1](1) Kubota, T., Kubo, I., 1969. The two bitter principles of Isodon shikokianus Kudo. Bull. Chem. Soc. Jpn. 42, 1778[2](2) Fujita E, Node M, 1984. Diterpenoids of Rabdosia Species, in: Fujita E, Johne S, Kasai R, Node M, Tanaka O, Herz W, Grisebach H, Kirby GW, Tamm C (Eds.), Fortschritte Der Chemie Organischer Naturstoffe / Progress in the Chemistry of Organic Natural Products. Springer Vienna, Vienna, pp. 77–157. doi: 10.1007/978-3-7091-8759-3_3",,,,,,,,,,,,
PMTDB01120,CC1CCC(OC1OC2C(C(C(C(O2)C)O)O)O)C(C)C3CCC4C3(CCC5C4CC(=O)C6C5(CCC(C6)OC7C(C(C(C(O7)CO)O)O)OC8C(C(C(C(O8)C)O)O)O)C)C,sweet,"sweet[1](1) Jizba, J. et al., 1971. The structure of osladin-the sweet principle of the rhizomes of polypodium vulgare L. Tetrahedron Lett. 12, 1329–1332[2](2) Nishizawa, M.; Yamada, H. Intensely Sweet Saponin Osladin: Synthetic and Structural Study, In Saponins Used in Food and Agriculture, Waller, G.R.; Yamasaki, K., Eds.; Plenum Press: New York, 1996; Advances in Experimental Medicine and Biology, Vol. 405, pp. 25-36[3](3) Steglich W, Fugmann B, Lang-Fugmann S, 2000. Römpp encyclopedia natural products. Georg Thieme Verlag, Leverkusen, Ratingen, Munich, Germany. 784 pp[4](4) Ahmed J et al, 2011. SuperSweet-A resource on natural and artificial sweetening agents. Nucleic Acids Res. https://doi.org/10.1093/nar/gkq917",,,,,,,,,,,,
PMTDB01121,CC1C(C(C(C(O1)OC2CC(C3(C4C(CCC3(C2)O)C5(CCC(C5(CC4O)C)C6=CC(=O)OC6)O)CO)O)O)O)O,bitter; astringent,"bitter[1](1) Sohn CE, 1894. Dictionary of the active principles of plants : alkaloids, bitter principles, glucosides, their sources, nature, and chemical characteristics, with tabular summary, classification of reactions, and full botanical and general indexes. Baillière, Tindall and Cox, London[2](2) Lossow, K. et al, 2016. Comprehensive Analysis of Mouse Bitter Taste Receptors Reveals Different Molecular Receptive Ranges for Orthologous Receptors in Mice and Humans. J. Biol. Chem. 291, 15358–15377[3](3) Wiener A, Shudler M, et al, 2012. BitterDB: a database of bitter compounds. Nucleic Acids Res 2012, 40 (Database issue): D413-419[4](4) Horton, J.A.G., Davison, M.H.A., 1955. Ouabain in the treatment of shock. Br. J. Anaesth. 27, 139–144.; astringent[5](5) Malcolm, S.B., 1991. Cardenolide-mediated interactions between plants and herbivores, in: Herbivores: Their Interactions with Secondary Plant Metabolites. The Chemical Participants. pp. 251–296",,,,,,,,,,,,
PMTDB01122,C(=O)(C(=O)O)O,sour,"sour[1](1) Amerine, M.A., Pangborn, R.M., Roessler, E.B., 1965. CHAPTER 2 - The Sense of Taste, in: Amerine, M.A., Pangborn, R.M., Roessler, E.B. (Eds.), Principles of Sensory Evaluation of Food. Academic Press, pp. 28–144. doi: https://doi.org/10.1016/B978-1-4832-0018-7.50006-4[2](2) Scharbert, S., Hofmann, T., 2005. Molecular definition of black tea taste by means of quantitative studies, taste reconstitution, and omission experiments. J. Agric. Food Chem. 53, 5377–5384[3](3) Li, H., Liu, F., 2015. The chemistry of sour taste and the strategy to reduce the sour taste of beer. Food Chem. 185, 200–204[4](4) Taylor, N.W., 1928. Acid penetration into living tissues. J. Gen. Physiol. 11, 207–219[5](5) Taylor, N.W. et al, 1930. Quantitative measurements on the acid taste and their bearing on the nature of the nerve receptor. Protoplasma 10, 84–97[6](6) Sáenz-Navajas et al, 2012. Contribution of Nonvolatile Composition to Wine Flavor. Food Rev. Int. 28, 389–411[7](7) Polya G, 2003. Biochemical Targets of Plant Bioactive Compounds: A Pharmacological Reference Guide to Sites of Action and Biological Effects. CRC Press",,,,,,,,,,,,
PMTDB01123,CN1CCC2=CC(=C(C3=C2C1CC4=CC=C(C=C4)OC5=C(C=CC(=C5)CC6C7=CC(=C(C=C7CCN6C)OC)O3)O)OC)OC,bitter,"bitter[1](1) Sohn CE, 1894. Dictionary of the active principles of plants : alkaloids, bitter principles, glucosides, their sources, nature, and chemical characteristics, with tabular summary, classification of reactions, and full botanical and general indexes. Baillière, Tindall and Cox, London[2](2) Wishart DS et al, 2009. HMDB: a knowledgebase for the human metabolome. Nucleic Acids Res 37: D603-10[3](3) drugfuture",,,,,,,,,,,,
PMTDB01124,C1CC2C3CCC[N+]4(C3C(CCC4)CN2C(=O)C1)[O-],bitter,"bitter[1](1) Behrens M et al, 2018. Bitter substances from plants used in traditional Chinese medicine exert biased activation of human bitter taste receptors. Chem Biol Drug Des. 91 (2): 422-433",,,,,,,,,,,,
PMTDB01125,CC1(C(O1)COC2=C3C=CC(=O)OC3=CC4=C2C=CO4)C,bitter,"bitter[1](1) Yu M et al, 2020. Sensory-guided identification of bitter compounds in Hangbaizhi (Angelica Dahurica). Food Res. Int. 129, 108880",,,,,,,,,,,,
PMTDB01126,CC(C)(C(COC1=C2C=CC(=O)OC2=CC3=C1C=CO3)O)O,bitter,"bitter[1](1) Yu M et al, 2020. Sensory-guided identification of bitter compounds in Hangbaizhi (Angelica Dahurica). Food Res. Int. 129, 108880",,,,,,,,,,,,
PMTDB01127,C(C1C(C(C(C(O1)OCC2C(C(C(O2)(CO)O)O)O)O)O)O)O,sweet,"sweet[1](1) Tinti, J.M., Nofre, C., 2001. Responses of the ant Lasius niger to various compounds perceived as sweet in humans: a structure-activity relationship study. Chem. Senses 26, 231–237[2](2) Ooshima, T. et al, 1983. Non-cariogenicity of the disaccharide palatinose in experimental dental caries of rats. Infect. Immun. 39, 43–49",,,,,,,,,,,,
PMTDB01128,CC12CCC3C(=O)OC(CC3(C1C4C5C(C2(C(=O)O4)O)O5)C)C6=COC=C6,bitter,"bitter[1](1) Barton, D.H.R., Elad, D., 1956. 408. Colombo root bitter principles. Part I. The functional groups of Columbin. J. Chem. Soc. 2085–2090[2](2) Barton, D.H.R. et al, 1962. 939. Diterpenoid bitter principles. Part IV. Investigations on the constitution of palmarin. J. Chem. Soc. 4809–4815[3](3) Oliver-Bever, B., 1968. Selecting local drug plants in Nigeria. Botanical and chemical relationship in three families. Q. J. Crude Drug Res. 8, 1194–1211[4](4) Nakanishi K, Goto T, Ito S, et al, 1974. Natural products chemistry. Nat Prod Chem",,,,,,,,,,,,
PMTDB01129,COC1=C(C2=C[N+]3=C(C=C2C=C1)C4=CC(=C(C=C4CC3)OC)OC)OC,bitter,"bitter[1](1) Sharma K, Kansal A, et al, 2013. Premenstrual syndrome, body fat and bitter taste receptor gene TAS2R38 among adult Kullu females of Himachal Pradesh, India. Anthropol Anz 70: 203–219[2](2) Yu, Z.-R., Du, G.-H., 2018. Palmatine, in: Du, G.-H. (Ed.), Natural Small Molecule Drugs from Plants. Springer Singapore, Singapore, pp. 607–612",,,,,,,,,,,,
PMTDB01130,CCCCCCCCCCCCCCCC(=O)O,bitter; pungent (scratchy),"bitter[1](1) Lainer J et al, 2019. Characterization of Bitter-Tasting Oxylipins in Poppy Seeds (Papaver somniferum L.). J. Agric. Food Chem.; pungent (scratchy)[1](1) Lainer J et al, 2019. Characterization of Bitter-Tasting Oxylipins in Poppy Seeds (Papaver somniferum L.). J. Agric. Food Chem.",,,,,,,,,,,,
PMTDB01131,C1=CC(=CC=C1C(=O)O)N,bitter,"bitter[1](1) Belitz H, Wieser H, 1985. Bitter compounds: Occurrence and structure‐activity relationships. Food Rev Int 1: 271–354.[2](2) Belitz, H.D., Grosch, W., Schieberle, P., 2009. Food chemistry, 4th ed, Food Chemistry. Springer Berlin Heidelberg. doi: 10.1007/978-3-540-69934-7",,,,,,,,,,,,
PMTDB01132,CC(C)(CO)C(C(=O)NCCC(=O)O)O,bitter; sweet,"bitter[1](1) Lossow, K. et al, 2016. Comprehensive Analysis of Mouse Bitter Taste Receptors Reveals Different Molecular Receptive Ranges for Orthologous Receptors in Mice and Humans. J. Biol. Chem. 291, 15358–15377[2](2) Wiener A et al, 2012. BitterDB: a database of bitter compounds. Nucleic Acids Res 2012, 40 (Database issue): D413-419[3](3) Pantothenic Acid Uses, Benefits &amp; Dosage - Drugs.com Herbal Database [WWW Document[4](4) Kim, S.et al, 2016. PubChem Substance and Compound databases. Nucleic Acids Res. 44, D1202–D1213; sweet[3](3) Pantothenic Acid Uses, Benefits &amp; Dosage - Drugs.com Herbal Database [WWW Document[4](4) Kim, S.et al, 2016. PubChem Substance and Compound databases. Nucleic Acids Res. 44, D1202–D1213",,,,,,,,,,,,
PMTDB01133,COC1=C(C=C(C=C1)CC2=NC=CC3=CC(=C(C=C32)OC)OC)OC,bitter,"bitter[1](1) Glendinning, J.I., 1994. Is the bitter rejection response always adaptive? Physiol. Behav. 56, 1217–1227[2](2) Sainz, E. et al, 2007. Functional characterization of human bitter taste receptors. Biochem. J. 403, 537–543.[3](3) Meyerhof W. et al, 2010. The molecular receptive ranges of human TAS2R bitter taste receptors. Chem Senses 35: 157–170[4](4) Born, S.et al, 2013. The human bitter taste receptor TAS2R10 is tailored to accommodate numerous diverse ligands. J. Neurosci. 33, 201–213[5](5) Behrens M., et al, 2008. US8309314B2 - Agonists of bitter taste receptors and uses thereof - Google Patents [WWW Document[6](6) Lossow, K. et al, 2016. Comprehensive Analysis of Mouse Bitter Taste Receptors Reveals Different Molecular Receptive Ranges for Orthologous Receptors in Mice and Humans. J. Biol. Chem. 291, 15358–15377[7](7) Behrens, M., Meyerhof, W., 2017. The vertebrate gustatory system, in: Guichard, E., Salles, C., Morzel, M., Le Bon, A.-M. (Eds.), Flavour From Food to Perception. John Wiley & Sons, Ltd, Chichester, West Sussex Hoboken, NJ, pp. 57–78.",,,,,,,,,,,,
PMTDB01134,CC1CC(CC(=O)O1)OC2C(C(C(C(O2)CO)O)O)O,bitter,"bitter[1](1) Tschesche, R.et al, 1971. Über Glykoside mit lacton‐bildendem Aglykon, III. Über Parasorbosid, den glykosidischen Vorläufer der Parasorbinsäure, aus Vogelbeeren. Chem. Ber. 104, 1420–1428[2](2) Fenwick GR, Curl CL, Griffiths NM, Heaney R.K. Price K.R., 1990. Bitter principles in food plants. In: Rouseff RL (ed) Bitternes in foods and beverages. Developments in Food Science vol. 25. Elsevier Science Publishers B.V., Amsterdam, pp 205–250",,,,,,,,,,,,
PMTDB01135,CC1CCC2(C(C3C(O2)CC4C3(CCC5C4CCC6C5(CCC(C6)OC7C(C(C(C(O7)COC8C(C(C(C(O8)CO)O)O)O)OC9C(C(C(C(O9)C)O)O)O)O)OC2C(C(C(C(O2)CO)O)O)O)C)C)C)OC1,bitter (insufficient evidence),"bitter (insufficient evidence)[1](1) Sohn CE, 1894. Dictionary of the active principles of plants : alkaloids, bitter principles, glucosides, their sources, nature, and chemical characteristics, with tabular summary, classification of reactions, and full botanical and general indexes. Baillière, Tindall and Cox, London[2](2) Power, F.B., Salway, A.H., 1914. XXV.—Chemical examination of sarsaparilla root. J. Chem. Soc. Trans. 105, 201–219",,,,,,,,,,,,
PMTDB01136,CC1CCC2C(C3(C1(C=CC3=O)O)C)OC(=O)C2=C,bitter,"bitter[1](1) Wiener A et al, 2012. BitterDB: a database of bitter compounds. Nucleic Acids Res 2012, 40 (Database issue): D413-419[2](2) Brockhoff A et al, 2007. Broad tuning of the human bitter taste receptor hTAS2R46 to various sesquiterpene lactones, clerodane and labdane diterpenoids, strychnine, and denatonium. J Agric Food Chem 55: 6236–6243",,,,,,,,,,,,
PMTDB01137,CC1=CCCC2(C(O2)C3C(CC1)C(=C)C(=O)O3)C,bitter,"bitter[1](1) Meyerhof Wet al, 2010. The molecular receptive ranges of human TAS2R bitter taste receptors. Chem Senses 35: 157–170[2](2) Brockhoff A et al, 2007. Broad tuning of the human bitter taste receptor hTAS2R46 to various sesquiterpene lactones, clerodane and labdane diterpenoids, strychnine, and denatonium. J Agric Food Chem 55: 6236–6243[3](3) FooDB (WWW Document), n.d. URL http: //foodb.ca/[4](4) Behrens M., et al, 2008. US8309314B2 - Agonists of bitter taste receptors and uses thereof - Google Patents [WWW Document[5](5) Behrens, M., Meyerhof, W., 2017. The vertebrate gustatory system, in: Guichard, E., Salles, C., Morzel, M., Le Bon, A.-M. (Eds.), Flavour From Food to Perception. John Wiley & Sons, Ltd, Chichester, West Sussex Hoboken, NJ, pp. 57–78.[6](6) Wiener A et al, 2012. BitterDB: a database of bitter compounds. Nucleic Acids Res 2012, 40 (Database issue): D413-419",,,,,,,,,,,,
PMTDB01138,C1=CC(=CC=C1C=CC(=O)O)O,bitter; astringent; sour;,"bitter[1](1) Huang, C.J., Zayas, J.F., 1991. Phenolic Acid Contributions to Taste Characteristics of Corn Germ Protein Flour Products. J. Food Sci. 56, 1308–1310[2](2) Coelho, M.et al, 2016. Influence of harvesting factors on sensory attributes and phenolic and aroma compounds composition of Cymbopogon citratus leaves infusions. Food Res. Int. 89, 1029–1037[3](3) Wollmann N, Hufnagel J-C, Hoffman T, 2013. Decoding the taste of wine using a sensomic approach. In: Ferreira V, López R (eds) Flavour Sci. Proc. from XIII Weurman Flavour Res. Symp. Elsevier Science, pp 525–532[4](4) Dadic, M., Belleau, G., 1973. Polyphenols and beer flavor, in: Proc. Am. Soc. Brew. Chem. pp. 107–114; astringent[1](1) Huang, C.J., Zayas, J.F., 1991. Phenolic Acid Contributions to Taste Characteristics of Corn Germ Protein Flour Products. J. Food Sci. 56, 1308–1310[5](5) Hufnagel JC, Hofmann T, 2008. Orosensory-directed identification of astringent mouthfeel and bitter-tasting compounds in red wine. J Agric Food Chem 56: 1376–1386[7](7) Maga, J.A., Lorenz, K., 1973. Taste threshold values for phenolic acids which can influence flavor properties of certain flours, grains and oilseeds. Cereal Sci. Today.; sour[4](4) Dadic, M., Belleau, G., 1973. Polyphenols and beer flavor, in: Proc. Am. Soc. Brew. Chem. pp. 107–114;",,,,,,,,,,,,
PMTDB01139,CCOC(=O)C=CC1=CC=C(C=C1)O,bitter; astringent,"bitter[1](1) Wollmann N, Hufnagel J-C, Hoffman T, 2013. Decoding the taste of wine using a sensomic approach. In: Ferreira V, López R (eds) Flavour Sci. Proc. from XIII Weurman Flavour Res. Symp. Elsevier Science, pp 525–532[2](2) Dresel, M. et al, 2015. Sensomics Analysis of Key Bitter Compounds in the Hard Resin of Hops (Humulus lupulus L.) and Their Contribution to the Bitter Profile of Pilsner-Type Beer. J. Agric. Food Chem. 63, 3402–3418; astringent[1](1) Wollmann N, Hufnagel J-C, Hoffman T, 2013. Decoding the taste of wine using a sensomic approach. In: Ferreira V, López R (eds) Flavour Sci. Proc. from XIII Weurman Flavour Res. Symp. Elsevier Science, pp 525–532",,,,,,,,,,,,
PMTDB01140,CC1=CC=C(C=C1)C(C)C,aromatic,"aromatic[1](1) Chen CC, Ho CT, 1988. Gas chromatographic analysis of volatile components of ginger oil (Zingiber officinale Roscoe) extracted with liquid carbon dioxide. J Agric Food Chem 36: 322–328[2](2) Zhao, C. et al, 2009. Comparative analysis of essential oils from eight herbal medicines with pungent flavor and cool nature by GC–MS and chemometric resolution methods. J. Sep. Sci. 32, 660–670",,,,,,,,,,,,
PMTDB01142,CC1(C2CCC3(C(C2(CCC1OC4C(C(C(C(O4)C(=O)O)O)O)OC5C(C(C(C(O5)C(=O)O)O)O)O)C=O)CCC6C3(CCC7(C6=CC(CC7)(C)C(=O)O)C)C)C)C,sweet,"sweet[1](1) Kinghorn AD et al, 1986. Sweetening agents of plant origin. CRC. Crit. Rev. Plant Sci. 4, 79–120[2](3) Hashimoto Y, Ogura M and Ishizone H, Periandrins extracted from plants of the genus Periandra, U.S. Patent 4,320,225, March 16, 1982[3]",,,,,,,,,,,,
PMTDB01143,CC12CCC(C)(CC1C1=CCC3C(C)(CCC4C(C)(C)C(CCC34C=O)OC3OC(C(O)C(O)C3OC3OC(C(O)C(O)C3O)C(O)=O)C(O)=O)C1(C)CC2)C(O)=O,sweet,"sweet[1](1) Hashimoto, Y.et al, 1980. Periandrin II and IV, triterpene glycosides from Periandra dulcis. Phytochemistry 19, 2411–2415[2](2) Kinghorn AD et al, 1986. Sweetening agents of plant origin. CRC. Crit. Rev. Plant Sci. 4, 79–120[3](3) Hashimoto Y, Ogura M and Ishizone H, Periandrins extracted from plants of the genus Periandra, U.S. Patent 4,320,225, March 16, 1982",,,,,,,,,,,,
PMTDB01144,CC1(C2CCC3(C(C2(CCC1OC4C(C(C(C(O4)C(=O)O)O)O)OC5C(C(C(C(O5)C(=O)O)O)O)O)CO)CCC6C3(CCC7(C6=CC(CC7)(C)C(=O)O)C)C)C)C,sweet,"sweet[1](1) Hashimoto, Y.et al, 1982. Periandrin III, a novel sweet triterpene glycoside from Periandra dulcis. Phytochemistry 21, 2335–2337.[2](2) Kinghorn AD et al, 1986. Sweetening agents of plant origin. CRC. Crit. Rev. Plant Sci. 4, 79–120[3](3) Hashimoto Y, Ogura M and Ishizone H, Periandrins extracted from plants of the genus Periandra, U.S. Patent 4,320,225, March 16, 1982",,,,,,,,,,,,
PMTDB01145,CC1(C)C(CCC2(CO)C1CCC1(C)C2CC=C2C3CC(C)(CCC3(C)CCC12C)C(O)=O)OC1OC(C(O)C(O)C1OC1OC(C(O)C(O)C1O)C(O)=O)C(O)=O,sweet,"sweet[1](1) Hashimoto, Y.et al, 1980. Periandrin II and IV, triterpene glycosides from Periandra dulcis. Phytochemistry 19, 2411–2415[2](2) Kinghorn AD et al, 1986. Sweetening agents of plant origin. CRC. Crit. Rev. Plant Sci. 4, 79–120[3](3) Hashimoto Y, Ogura M and Ishizone H, Periandrins extracted from plants of the genus Periandra, U.S. Patent 4,320,225, March 16, 1982",,,,,,,,,,,,
PMTDB01146,CC1(C2CCC3(C(C2(CCC1OC4C(C(C(C(O4)C(=O)O)O)O)OC5C(C(C(CO5)O)O)O)C=O)CCC6C3(CCC7(C6=CC(CC7)(C)C(=O)O)C)C)C)C,sweet,"sweet[1](1) Suttisri, R. et al., 1993. Periandrin V, a further sweet triterpene glycoside from Periandra dulcis. Phytochemistry 34, 405–408.",,,,,,,,,,,,
PMTDB01147,CC(C)CCC(=O)C1=COC=C1,pungent (insufficient evidence),"pungent (insufficient evidence)[1](1) Borgonovo, G., Zimbaldi, N., et al, 2019. Isothiocyanates and Glucosinolates from Sisymbrium officinale (L.) Scop. (“the Singers’’ Plant""): Isolation and in Vitro Assays on the Somatosensory and Pain Receptor TRPA1 Channel.” Molecules 24.[2](2) Giorgi, A., Bassoli, A., et al, 2017. Extracts and compounds active on TRP ion channels from Waldheimia glabra, a ritual medicinal plant from Himalaya. Phytomedicine 32, 80–87.[3](3) Cattaneo, A.M. et al, 2017. Perilla derived compounds mediate human TRPA1 channel activity. Med Aromat Plants (Los Angel) 6 (1): 1-8",,,,,,,,,,,,
PMTDB01148,CC(=C)C1CCC(=CC1)C=NO,sweet; bitter; sour,"sweet[1](1) Acton, E.M. et al, 1970. Structure-taste relations in oximes related to perillartine. J. Agric. Food Chem. 18, 1061–1068[2](2) Lehmann PAF, 1978. The correlation of sweetness and bitterness of enantiomeric aminoacids. Life Sci. 22, 1631–1635; bitter[1](1) Acton, E.M. et al, 1970. Structure-taste relations in oximes related to perillartine. J. Agric. Food Chem. 18, 1061–1068[2](2) Lehmann PAF, 1978. The correlation of sweetness and bitterness of enantiomeric aminoacids. Life Sci. 22, 1631–1635; sour[1](1) Acton, E.M. et al, 1970. Structure-taste relations in oximes related to perillartine. J. Agric. Food Chem. 18, 1061–1068",,,,,,,,,,,,
PMTDB01149,CC1C(C(CC(O1)OC2CCC3(C4CCC5(C(CCC5(C4CCC3(C2)O)O)C6=CC(=O)OC6)C)C)OC)OC7C(C(C(C(O7)CO)O)O)O,bitter,"bitter[1](1) Jacobs, W.A., Hoffmann, A., 1928. Periplocymarin and periplogenin. J. Biol. Chem. 79, 519–530",,,,,,,,,,,,
PMTDB01150,CC1C(C(CC(O1)OC2CCC3(C4CCC5(C(CCC5(C4CCC3(C2)O)O)C6=CC(=O)OC6)C)C)OC)O,bitter,"bitter[1](1) Jacobs, W.A., Hoffmann, A., 1928. Periplocymarin and periplogenin. J. Biol. Chem. 79, 519–530[2](2) Smith, A., Heckelman, P.E., Obenchain, J.R., Gallipeau, J.A.R., D’Arecca, M.A., Budavari, S., 2001. The Merck Index, Thirteenth Edition, Merck Co., Inc., Whitehouse Station. New Jersey, USA.[3](3) Wiener A, Shudler M, et al, 2012. BitterDB: a database of bitter compounds. Nucleic Acids Res 2012, 40 (Database issue): D413-419",,,,,,,,,,,,
PMTDB01151,CC12CCC(CC1(CCC3C2CCC4(C3(CCC4C5=CC(=O)OC5)O)C)O)O,bitter (insufficient evidence),"bitter (insufficient evidence)[1](1) Jacobs, W.A., Hoffmann, A., 1928. Periplocymarin and periplogenin. J. Biol. Chem. 79, 519–530",,,,,,,,,,,,
PMTDB01152,C(C(C(C(C(C(CO)O)O)O)O)O)O,sweet,"sweet[1](1) Moskowitz, H.R., 1971. The Sweetness and Pleasantness of Sugars. Am. J. Psychol. 84, 387–405[2](2) Cabrera Reyes de Ruiz, R., 2018. Rendimiento y caracterización Físico-Química de Perseitol obtenido del exudado de la corteza de Persea Americana Mill. (Palta)[3](3) Ahmed J et al, 2011. SuperSweet-A resource on natural and artificial sweetening agents. Nucleic Acids Res. https://doi.org/10.1093/nar/gkq917",,,,,,,,,,,,
PMTDB01153,CCCCCC=CCC=CCCCCCCCC(=O)CC(COC(=O)C)O,bitter,"bitter[1](1) Wiener A et al, 2012. BitterDB: a database of bitter compounds. Nucleic Acids Res 2012, 40 (Database issue): D413-419[2](2) Degenhardt AG, Hofmann T, 2010. Bitter-tasting and kokumi-enhancing molecules in thermally processed avocado (Persea americana Mill.). J Agric Food Chem 58 (24): 12906-15.",,,,,,,,,,,,
PMTDB01154,C[N+]12CCC3=CC(=C(C=C3C1CC4=CC(=C(C=C4C2)OC)O)O)OC,bitter,"bitter[1](1) Yue X et al, 2018. Berberine activates bitter taste responses of enteroendocrine STC-1 cells. Mol. Cell. Biochem. 447, 21–32[2](2) Liang, J.et al, 2017. Expression and functional activity of bitter taste receptors in primary renal tubular epithelial cells and M-1 cells. Mol. Cell. Biochem. 428, 193–202",,,,,,,,,,,,
PMTDB01155,CC(C)CC(=O)OCCC1=CC=CC=C1,bitter; sweet,"bitter[1](1) Burdock GA, 2010. Fenaroli’s Handbook of Flavor Ingredients, Sixth. CRC Press, Taylor and Francis Group, Boca Raton London New York[2](2) Wiener A et al, 2012. BitterDB: a database of bitter compounds. Nucleic Acids Res 2012, 40 (Database issue): D413-419; sweet[1](1) Burdock GA, 2010. Fenaroli’s Handbook of Flavor Ingredients, Sixth. CRC Press, Taylor and Francis Group, Boca Raton London New York",,,,,,,,,,,,
PMTDB01156,C1=CC=C(C=C1)CCN=C=S,"bitter, pungent, pungent (aromatic)","bitter[1](1) Fenwick GR, Curl CL, Griffiths NM, et al (1990) Bitter principles in food plants. In: Rouseff RL (ed) Bitternes in foods and beverages. Developments in Food Science vol. 25. Elsevier Science Publishers B.V., Amsterdam, pp 205–250[2](2) Meyerhof Wet al, 2010. The molecular receptive ranges of human TAS2R bitter taste receptors. Chem Senses 35: 157–170[3](3) Lossow, K. et al, 2016. Comprehensive Analysis of Mouse Bitter Taste Receptors Reveals Different Molecular Receptive Ranges for Orthologous Receptors in Mice and Humans. J. Biol. Chem. 291, 15358–15377[4](4) Wiener A et al, 2012. BitterDB: a database of bitter compounds. Nucleic Acids Res 2012, 40 (Database issue): D413-419[5](5) FooDB (WWW Document), n.d. URL http: //foodb.ca/, pungent[6](6) Bell, L. et al, 2018. Taste and flavor perceptions of glucosinolates, isothiocyanates, and related compounds. Mol. Nutr. Food Res. 62, 1700990, pungent (aromatic)[7](7) Obst, K., 2014. Phytochemical Characterization and Sensory Evaluation of Macropiper excelsum. Fakultät Wissenschaftszentrum Weihenstephan. Dissertation",,,,,,,,,,,,
PMTDB01157,CC(=CCCC(C)(C=C)O)C(=O)OCC1C(C(C(C(O1)OC2=CC=C(C=C2)O)O)O)O,bitter,"bitter[1](1) Junior P, 1989. Weitere Untersuchungen zur Verteilung und Struktur der Bitterstoffe vonMenyanthes trifoliata. Planta Medica, 55 (01), 83–87. doi: 10.1055/s-2006-961835[2](2) Hase T, Iwagawa T, 1982. Bitter principles of Viburnum suspensum. Chemistry Letters. 1982 Jan 5;11 (1): 13-4.",,,,,,,,,,,,
PMTDB01158,CC1OC(OC2C(O)C(O)C(CO)OC2OC2CCC3(C)C(CCC(C)=C3CCC3=COC=C3)C2(C)C)C(O)C(O)C1O,sweet,"sweet[1](1) Tanaka T et al, 1985. Sweet and bitter principles of the Chinese plant drug, Bai-Yun-Shen: revision of the assignment of the source plant and isolation of two new diterpene glycosides. Chem. Pharm. Bull. 33, 4275–4280.",,,,,,,,,,,,
PMTDB01160,CC1=C(C2(CCC(C(C2CC1)(C)C)OC3C(C(C(C(O3)CO)O)O)OC4C(C(C(C(O4)CO)O)O)O)C)CCC5=COC=C5,bitter,"bitter[1](1) Tanaka T et al, 1985. Sweet and bitter principles of the Chinese plant drug, Bai-Yun-Shen: revision of the assignment of the source plant and isolation of two new diterpene glycosides. Chem. Pharm. Bull. 33, 4275–4280.",,,,,,,,,,,,
PMTDB01161,C1=CC(=CC=C1CCC(=O)C2=C(C=C(C=C2O)O)O)O,bitter; sweet,"bitter[1](1) Wiener A et al, 2012. BitterDB: a database of bitter compounds. Nucleic Acids Res 2012, 40 (Database issue): D413-419[2](2) Behrens, M., Meyerhof, W., 2017. The vertebrate gustatory system, in: Guichard, E., Salles, C., Morzel, M., Le Bon, A.-M. (Eds.), Flavour From Food to Perception. John Wiley & Sons, Ltd, Chichester, West Sussex Hoboken, NJ, pp. 57–78.[3](3) Pluskal T, Weng J-K, 2017. Natural product modulators of human sensations and mood: molecular mechanisms and therapeutic potential. Chem. Soc. Rev. https://doi.org/10.1039/C7CS00411G[4](4) Roland WSU et al, 2013. Bitter Taste Receptor Activation by Flavonoids and Isoflavonoids: Modeled Structural Requirements for Activation of hTAS2R14 and hTAS2R39. J. Agric. Food Chem. 61, 10454–10466. doi: 10.1021/jf403387p lnk_{https://pubs.acs.org/doi/full/10.1021/jf403387p?src=rec; sweet[5](5) Ley JP, Paetz S, Blings M, Riess T, Krammer GE, 2008. Structural analogues of hispolon as flavor modifiers, in: 12th Weurman Symposium, Interlaken, Switzerland. pp. 1–4",,,,,,,,,,,,
PMTDB01162,C1=CC(=CC=C1CCC(=O)C2=C(C=C(C=C2OC3C(C(C(C(O3)CO)O)O)O)O)O)O,bitter; astringent; sweet,"bitter[1](1) de Koninck, L., 1836. Memoire sur les proprietes et l’analyse de la phloridzine. Van Linthout et Vandenzande. p31[2](2) Lea AGH, 1990. Bitterness and astringency: the procyanidins of fermented apple ciders. In: Rouseff RL (ed) Bitternes foods beverages. Dev. Food Sci. vol. 25. Elsevier Science Publishers B.V., Amsterdam, pp 123–143[3](3) Harborne J, Baxter H, Moss GP, 1999. Phytochemical dictionary : a handbook of bioactive compounds from plants, 2nd ed. CRC Press. Taylor & Francis[4](4) Wiener A et al, 2012. BitterDB: a database of bitter compounds. Nucleic Acids Res 2012, 40 (Database issue): D413-419[5](5) Behrens M et al, 2018. Bitter substances from plants used in traditional Chinese medicine exert biased activation of human bitter taste receptors. Chem Biol Drug Des. 91 (2): 422-433[6](6) Haghighi, M., et al, 2018. Design and fabrication of pectin-coated nanoliposomal delivery systems for a bioactive polyphenolic: Phloridzin. Int. J. Biol. Macromol. 112, 626–637[7](7) The Merck Index, Thirteenth Edition, 2001. . Merck & Co., Inc., Whitehouse Station, New Jersey, USA, New Jersey, USA; astringent[1](1) de Koninck, L., 1836. Memoire sur les proprietes et l’analyse de la phloridzine. Van Linthout et Vandenzande. p31[6](6) Haghighi, M., et al, 2018. Design and fabrication of pectin-coated nanoliposomal delivery systems for a bioactive polyphenolic: Phloridzin. Int. J. Biol. Macromol. 112, 626–637; sweet[7](7) The Merck Index, Thirteenth Edition, 2001. . Merck & Co., Inc., Whitehouse Station, New Jersey, USA, New Jersey, USA[8](8) Rui-Lin, N. et al, 1982. Phlorizin and trilobatin, sweet dihydrochalcone-glucosides from leaves of Lithocarpus litseifolius (Hance) Rehd. (Fagaceae). Agric. Biol. Chem. 46, 1933–1934.",,,,,,,,,,,,
PMTDB01163,C1=C(C=C(C=C1O)O)O,sweet,"sweet[1](1) Cheron JB et al, 2017. Sweetness prediction of natural compounds. Food Chem 221: 1421–1425[2](2) Taylor, N.W., 1928. A physico-chemical theory of sweet and bitter taste excitation based on the properties of the plasma membrane. Protoplasma 4, 1–17[3](3) The Merck Index, Thirteenth Edition, 2001. . Merck & Co., Inc., Whitehouse Station, New Jersey, USA, New Jersey, USA",,,,,,,,,,,,
PMTDB01164,C1=CC(=CC=C1C(=O)O)O,"astringent; bitter (contradictory evidence): bitter, non bitter; sour","astringent[1](1) Huang CJ, Zayas JF, 1991. Phenolic Acid Contributions to Taste Characteristics of Corn Germ Protein Flour Products. J Food Sci 56: 1308–1310[3](3) Dadic, M., Belleau, G., 1973. Polyphenols and beer flavor, in: Proc. Am. Soc. Brew. Chem. pp. 107–114[4](4) Hufnagel, J.C., Hofmann, T., 2008. Quantitative reconstruction of the nonvolatile sensometabolome of a red wine. J. Agric. Food Chem. 56, 9190–9199; bitter (contradictory evidence): bitter[2](2) Peleg, H., Noble, A.C., 1995. Perceptual Properties of Benzoic Acid Derivatives. Chem. Senses 20, 393–400[3](3) Dadic, M., Belleau, G., 1973. Polyphenols and beer flavor, in: Proc. Am. Soc. Brew. Chem. pp. 107–114, non bitter[4](4) Hufnagel, J.C., Hofmann, T., 2008. Quantitative reconstruction of the nonvolatile sensometabolome of a red wine. J. Agric. Food Chem. 56, 9190–9199; sour[2](2) Peleg, H., Noble, A.C., 1995. Perceptual Properties of Benzoic Acid Derivatives. Chem. Senses 20, 393–400[3](3) Dadic, M., Belleau, G., 1973. Polyphenols and beer flavor, in: Proc. Am. Soc. Brew. Chem. pp. 107–114",,,,,,,,,,,,
PMTDB01165,COCC(CC1=CC(=C(C=C1)OC)OC)C(CC2=CC(=C(C=C2)OC)OC)COC,bitter,"bitter[1](1) Sohn CE, 1894. Dictionary of the active principles of plants : alkaloids, bitter principles, glucosides, their sources, nature, and chemical characteristics, with tabular summary, classification of reactions, and full botanical and general indexes. Baillière, Tindall and Cox, London",,,,,,,,,,,,
PMTDB01166,COCC(Cc1ccc(OC)c(OC)c1)C(COC)Cc1ccc(OC)c(OC)c1,bitter,"bitter[1](1) Krishnamurti, G. V, Seshadri, T.R., 1946. The bitter principle ofPhyllanthus niruri, in: Proceedings of the Indian Academy of Sciences-Section A. Springer, p. 357.[2](2) Row, L.R. et al., 1966. Crystalline constituents of euphorbiaceae—V: New lignans from Phyllanthus niruri Linn—The constitution of phyllanthin. Tetrahedron 22, 2899–2908[3](3) Hegnauer, R., Hegnauer, M., 1966. Chemotaxonomie der pflanzen: dicotyledoneae: daphniphyllaceae-lythraceae. Birkhäuser Basel",,,,,,,,,,,,
PMTDB01167,COC1=C(C=C(C=C1)C2CC3=C(C(=CC=C3)O)C(=O)O2)O,sweet,"sweet[1](1) Belitz, H.D., Grosch, W., Schieberle, P., 2009. Food chemistry, 4th ed, Food Chemistry. Springer Berlin Heidelberg. doi: 10.1007/978-3-540-69934-7[2](2) Ahmed J et al, 2011. SuperSweet-A resource on natural and artificial sweetening agents. Nucleic Acids Res. https://doi.org/10.1093/nar/gkq917[3](3) Yamato, M. et al., 1977. Chemical Structure and Sweet Taste of Isocoumarin and Related Compounds. VIII. Chem. Pharm. Bull. (Tokyo). 25, 700–705",,,,,,,,,,,,
PMTDB01168,CC12CC(C3(C45C1C(=O)C(O4)(C6C(CCC5(C(=O)O3)O)C7(C(=CC6O)CC=CC7=O)C)O)C)OC(=O)C2=C,bitter,"bitter[1](1) Matsuura, T.et al, 1969. Bitter principles of Physalis alkekengi var francheti: structure of physalin A. Tetrahedron Lett. 10, 1083–1086[2](2) Matsuura, T.et al, 1970. Structures of physalin A and physalin B, 13, 14-seco-16, 24-cyclo-steroids from Physalis alkekengi var. Francheti. J. Chem. Soc. C Org. 664–670",,,,,,,,,,,,
PMTDB01169,CC12CC3C4(C56C1C(=O)C(O5)(C7CC=C8CC=CC(=O)C8(C7CCC6(C(=O)O4)O)C)OCC2C(=O)O3)C,bitter,"bitter[1](1) Matsuura, T., Kawai, M., 1969. Bitter principles of physalis alkekengi var francheti: structure of physalin B. Tetrahedron Lett. 10, 1765–1766[2](2) Matsuura, T.et al, 1969. Bitter principles of Physalis alkekengi var francheti: structure of physalin A. Tetrahedron Lett. 10, 1083–1086",,,,,,,,,,,,
PMTDB01170,CC12CC(C3(C45C1C(=O)C(O4)(C6CC=C7CC=CC(=O)C7(C6CCC5(C(=O)O3)O)C)O)C)OC(=O)C2=C,bitter,"bitter[1](1) Kawai M, Matsuura T, 1970. The structure of physalin C: A bitter principle of Physalis Alkekengi var. Francheti. Tetrahedron 26, 1743–1745",,,,,,,,,,,,
PMTDB01171,CC12CCN(C1N(C3=C2C=C(C=C3)OC(=O)NC)C)C,bitter,"bitter[1](1) Sohn CE, 1894. Dictionary of the active principles of plants: alkaloids, bitter principles, glucosides, their sources, nature, and chemical characteristics, with tabular summary, classification of reactions, and full botanical and general indexes. Baillière, Tindall and Cox, London[2](2) Hedner, E.et al, 2001. Stimulation of minor salivary glands by intraoral treatment with the cholinesterase inhibitor physostigmine in man. Eur. J. Oral Sci. 109, 371–374",,,,,,,,,,,,
PMTDB01172,C1(C(C(C(C(C1OP(=O)(O)O)OP(=O)(O)O)OP(=O)(O)O)OP(=O)(O)O)OP(=O)(O)O)OP(=O)(O)O,sour,"sour[1](1) Hedin PA, Miles LR, et al, 1968. Constituents of cotton bud. Formulation of boll weevil feeding stimulant mixtures. J Agric Food Chem 16: 505–513[2](2) Moskowitz, H.R., 1971. Ratio scales of acid sourness. Percept. Psychophys. 9, 371–374[3](3) Moskowitz, H.R., 1974. Sourness of acid mixtures. J. Exp. Psychol. 102, 640",,,,,,,,,,,,
PMTDB01173,CC1C(C(C(C(O1)OC2C(C(COC2OC3CCC4C(=CCC5C4(C(=O)CC6(C5(CC(C6C7(C(=O)C=C(O7)C(C)C)C)O)C)C)C)C3(C)C)O)O)O)O)O,bitter,"bitter[1](1) Behrens M et al, 2018. Bitter substances from plants used in traditional Chinese medicine exert biased activation of human bitter taste receptors. Chem Biol Drug Des. 91 (2): 422-433",,,,,,,,,,,,
PMTDB01174,CCN1CC2(C(CC(C34C2C(C(C31)C5(C6C4CC(C6OC(=O)C7=CC=CC=C7)(C(C5O)OC)O)O)OC)OC)O)COC,bitter (insufficient evidence),"bitter (insufficient evidence)[1](1) Sohn CE, 1894. Dictionary of the active principles of plants : alkaloids, bitter principles, glucosides, their sources, nature, and chemical characteristics, with tabular summary, classification of reactions, and full botanical and general indexes. Baillière, Tindall and Cox, London[2](2) Wright, C.R.A., 1877. IV.—The alkaloids of the aconites. Part I. On the crystallisable alkaloïds contained in Aconitum napellus. J. Chem. Soc. 31, 143–156",,,,,,,,,,,,
PMTDB01175,CC1C=C(C(=O)C2(C1CC3C4(C2C(CC(C4CC(=O)O3)(C)C(=O)C5CC(=O)OC5)O)C)C)OC,bitter,"bitter[1](1) Murae, T. et al, 1971. Bitter principles of Picrasma ailanthoides Planchon: Nigakihemiacetals A, B and C, and nigakilactones G, H and I. Tetrahedron 27, 5147–5155.[2](2) Hikino H et al, 1975. Picrasins, simaroubolides of Japanese quassia tree Picrasma quassioides. Phytochemistry, 14 (11), 2473–2481",,,,,,,,,,,,
PMTDB01176,CC1CC(C(=O)C2(C1CC3C4(C2C(=O)C(=C(C4CC(=O)O3)C)OC)C)C)O,bitter,"bitter[1](1) Murae, T. et al, 1971. Bitter principles of Picrasma ailanthoides Planchon: Nigakihemiacetals A, B and C, and nigakilactones G, H and I. Tetrahedron 27, 5147–5155.[2](2) Hikino H et al, 1975. Picrasins, simaroubolides of Japanese quassia tree Picrasma quassioides. Phytochemistry, 14 (11), 2473–2481.",,,,,,,,,,,,
PMTDB01177,CC1CC(C(=O)C2(C1CC3C4(C2C(C(C(C4CC(=O)O3)C)OC)OC(=O)C)C)C)O,bitter,"bitter[1](1) Hikino H et al, 1975. Picrasins, simaroubolides of Japanese quassia tree Picrasma quassioides. Phytochemistry, 14 (11), 2473–2481[2](2) Harborne J, Baxter H, Moss GP, 1999. Phytochemical dictionary : a handbook of bioactive compounds from plants, 2nd ed. CRC Press. Taylor & Francis",,,,,,,,,,,,
PMTDB01178,CC1C=C(C(=O)C2(C1CC3C4(C2C5C(C(C4CC(=O)O3)C)OCO5)C)C)OC,bitter,"bitter[1](1) Hikino H et al, 1975. Picrasins, simaroubolides of Japanese quassia tree Picrasma quassioides. Phytochemistry, 14 (11), 2473–2481.",,,,,,,,,,,,
PMTDB01179,CC1C=C(C(=O)C2(C1CC3C4(C2C5C(C(C4(CC(=O)O3)O)C)OCO5)C)C)OC,bitter,"bitter[1](1) Hikino H et al, 1975. Picrasins, simaroubolides of Japanese quassia tree Picrasma quassioides. Phytochemistry, 14 (11), 2473–2481.",,,,,,,,,,,,
PMTDB01180,CC1=C(C(CC(C1)OC2C(C(C(C(O2)CO)O)O)O)(C)C)C=O,bitter,"bitter[1](1) Belitz H, Wieser H, 1985. Bitter compounds: Occurrence and structure‐activity relationships. Food Rev Int 1: 271–354.[2](2)Chialva F, Dada G, 1990. Bitterness in alcoholic beverages. In: Rouseff RL (ed) Bitternes in foods and beverages. Developments in Food Science vol. 25. Elsevier Science Publishers B.V., pp 103–122[3](3) The Merck Index, Thirteenth Edition, 2001. . Merck & Co., Inc., Whitehouse Station, New Jersey, USA, New Jersey, USA[4](4) Steglich, W., Fugmann, B., Lang-Fugmann, S., 2000. Römpp encyclopedia natural products. Georg Thieme Verlag, Leverkusen, Ratingen, Munich, Germany. 784 pp[5](5) Wiener A et al, 2012. BitterDB: a database of bitter compounds. Nucleic Acids Res 2012, 40 (Database issue): D413-419[6](6) Evans, W.C., 2009. Trease and Evans Pharmacognosy, 16th ed. Elsevier Ltd.[7](7) Sánchez, A.M. et al, 2009. Sensory analysis of picrocrocin from saffron spice: taste detection threshold, in: III International Symposium on Saffron: Forthcoming Challenges in Cultivation, Research and Economics 850. pp. 261–264",,,,,,,,,,,,
PMTDB01181,CC1=C(C(CC(C1)OC2C(C(C(C(O2)CO)O)O)O)(C)C)C(=O)O,bitter (insufficient evidence),"bitter (insufficient evidence)[1](1) Tang W, Eisenbrang G, 1992. Chinese Drugs of Plant Origin. Chemistry, Pharmacology, and Use in Traditional and Modem Medicine. Springer",,,,,,,,,,,,
PMTDB01182,COC1=CC(=CC(=C1OC)OC)C2C3C(COC3=O)C(C4=CC5=C(C=C24)OCO5)O,bitter (insufficient evidence),"bitter (insufficient evidence)[1](1) Phillips CDF, 1886. Materia Medica and Therapeutics: Vegetable Kingdom. Organic Compounds. Animal Kingdom. L & A. Churchill 11, New Burlington Street, London, UK.[2](2) Mackenzie, H.W.G., Dixon, W.E., 1898. The Physiological Action and Therapeutic Properties of Podophyllin, with Special Reference to Indian Podophyllin. Edinb. Med. J. 4, 393.",,,,,,,,,,,,
PMTDB01183,C1=CC=C(C=C1)C=CC(=O)OCC2C(C(C(C(O2)OC3C4C(C=CO3)C(C5C4(O5)CO)O)O)O)O,bitter,"bitter[1](1) Kitagawa I, Hino K, et al, 1971. On the Constituents of Picrorhiza kurrooa. (1). The Structure of Picroside I, a Bitter Principle of the Subterranean Part. Chem Pharm Bull (Tokyo) 19: 2534–2544[2](2) Kitagawa I, Hino K, et al, 1969. Picroside I : A bitter principle of picrorhiza kurrooa. Tetrahedron Lett 10: 3837–3840",,,,,,,,,,,,
PMTDB01184,COC1=C(C=CC(=C1)C(=O)OC2C3C=COC(C3C4(C2O4)CO)OC5C(C(C(C(O5)CO)O)O)O)O,bitter,"bitter[1](1) Behrens M et al, 2018. Bitter substances from plants used in traditional Chinese medicine exert biased activation of human bitter taste receptors. Chem Biol Drug Des. 91 (2): 422-433",,,,,,,,,,,,
PMTDB01185,CC12C3C4C(C(C1(CC5C2(O5)C(=O)O3)O)C(=O)O4)C(C)(C)O,bitter,"bitter[1](1) Behrens M et al, 2004. The human taste receptor hTAS2R14 responds to a variety of different bitter compounds. Biochem Biophys Res Commun 319: 479–485[2](2) Brockhoff A et al, 2007. Broad tuning of the human bitter taste receptor hTAS2R46 to various sesquiterpene lactones, clerodane and labdane diterpenoids, strychnine, and denatonium. J Agric Food Chem 55: 6236–6243[3](3) Behrens, M., Meyerhof, W., 2017. The vertebrate gustatory system, in: Guichard, E., Salles, C., Morzel, M., Le Bon, A.-M. (Eds.), Flavour From Food to Perception. John Wiley & Sons, Ltd, Chichester, West Sussex Hoboken, NJ, pp. 57–78.[4](4) Lossow, K. et al, 2016. Comprehensive Analysis of Mouse Bitter Taste Receptors Reveals Different Molecular Receptive Ranges for Orthologous Receptors in Mice and Humans. J. Biol. Chem. 291, 15358–15377[5](5) Wiener A et al, 2012. BitterDB: a database of bitter compounds. Nucleic Acids Res 2012, 40 (Database issue): D413-419",,,,,,,,,,,,
PMTDB01186,CC(=C)C1C2C3C4(C(C1C(=O)O2)(CC5C4(O5)C(=O)O3)O)C.CC12C3C4C(C(C1(CC5C2(O5)C(=O)O3)O)C(=O)O4)C(C)(C)O,bitter,"bitter[1](1) Sohn CE, 1894. Dictionary of the active principles of plants : alkaloids, bitter principles, glucosides, their sources, nature, and chemical characteristics, with tabular summary, classification of reactions, and full botanical and general indexes. Baillière, Tindall and Cox, London[2](2) Smith, A., Heckelman, P.E., Obenchain, J.R., Gallipeau, J.A.R., D’Arecca, M.A., Budavari, S., 2001. The Merck Index, Thirteenth Edition, Merck Co., Inc., Whitehouse Station. New Jersey, USA.[3](3) Wiener A, Shudler M, et al, 2012. BitterDB: a database of bitter compounds. Nucleic Acids Res 2012, 40 (Database issue): D413-419[4](4) Xu, H.-L.et al, 2018. Picrotoxin, in: Du, G.-H. (Ed.), Natural Small Molecule Drugs from Plants. Springer Singapore, Singapore, pp. 303–307[5](5) Kim, S.et al, 2016. PubChem Substance and Compound databases. Nucleic Acids Res. 44, D1202–D1213",,,,,,,,,,,,
PMTDB01187,CC(=C)C1C2C3C4(C(C1C(=O)O2)(CC5C4(O5)C(=O)O3)O)C,bitter,"bitter[1](1) Meyerhof W, Batram C, et al, 2010. The molecular receptive ranges of human TAS2R bitter taste receptors. Chem Senses 35: 157–170[2](2) Smith, A., Heckelman, P.E., Obenchain, J.R., Gallipeau, J.A.R., D’Arecca, M.A., Budavari, S., 2001. The Merck Index, Thirteenth Edition, Merck Co., Inc., Whitehouse Station. New Jersey, USA.[3](3) Wiener A, Shudler M, et al, 2012. BitterDB: a database of bitter compounds. Nucleic Acids Res 2012, 40 (Database issue): D413-419[4](4) Brockhoff A et al, 2007. Broad tuning of the human bitter taste receptor hTAS2R46 to various sesquiterpene lactones, clerodane and labdane diterpenoids, strychnine, and denatonium. J Agric Food Chem 55: 6236–6243[5](5) Behrens, M., Meyerhof, W., 2017. The vertebrate gustatory system, in: Guichard, E., Salles, C., Morzel, M., Le Bon, A.-M. (Eds.), Flavour From Food to Perception. John Wiley & Sons, Ltd, Chichester, West Sussex Hoboken, NJ, pp. 57–78.[6](6) Korte, F., Barkemeyer, H., Korte, I., 1959. Neuere Ergebnisse der Chemie pflanzlicher Bitterstoffe, in: Abelson, P.H., Barkemeyer, H., Bernauer, K., Dimond, A.E., Inhoffen, H.H., Irmscher, K., Korte, F., Korte, I., Kuhn, H., Schroeder, W.A., Stowe, B.B., Venkataraman, K., Zechmeister, L. (Eds.), Fortschritte Der Chemie Organischer Naturstoffe / Progress in the Chemistry of Organic Natural Products / Progrès Dans La Chimie Des Substances Organiques Naturelles. Springer Vienna, Vienna, pp. 124–182. doi: 10.1007/978-3-7091-8052-5_3[7](7) Nowak, S.et al, 2018. Reengineering the ligand sensitivity of the broadly tuned human bitter taste receptor TAS2R14. Biochim. Biophys. Acta - Gen. Subj. 1862, 2162–2173",,,,,,,,,,,,
PMTDB01188,CC1(CCC2C(=C1)CCC3C2(CCCC3(C)C(=O)O)C)C=C,bitter (insufficient evidence),"bitter (insufficient evidence)[1](1) Sohn CE, 1894. Dictionary of the active principles of plants : alkaloids, bitter principles, glucosides, their sources, nature, and chemical characteristics, with tabular summary, classification of reactions, and full botanical and general indexes. Baillière, Tindall and Cox, London",,,,,,,,,,,,
PMTDB01189,COC1=C(C2=C(C=CO2)C3=C1C=CC(=O)O3)OC,bitter,"bitter[1](1) Herzog J, Hâncu V, 1908. Zur Kenntnis des Pimpinellins. Arch Pharm (Weinheim) 246: 402–414[2](2) Wessely F, Kallab F, 1932. Über die Inhaltsstoffe der Wurzel von Pimpinella saxifraga I. Monatshefte für Chemie und verwandte Teile anderer Wissenshaften 59: 162–175",,,,,,,,,,,,
PMTDB01190,CCCCCC(C(C=CC(CCCCCCCC(=O)O)O)O)O,bitter,"bitter[1](1) Wiener A et al, 2012. BitterDB: a database of bitter compounds. Nucleic Acids Res 2012, 40 (Database issue): D413-419[2](2) Bin Q, Peterson DG (2016). Identification of bitter compounds in whole wheat bread crumb. Food Chem 203: 8-15",,,,,,,,,,,,
PMTDB01191,COC1C(C(C(C(C1O)O)O)O)O,sweet,"sweet[1](1) Honig, D.H.et al, 1971. Isolation of ethyl alpha-D-galactopyranoside and pinitol from hexane-ethanol extracted soybean flakes. J. Agric. Food Chem. 19, 543–546[2](2) Davis, A.et al, 2000. Effect of pinitol treatment on insulin action in subjects with insulin resistance. Diabetes Care 23, 1000–1005[3](3) Park C, Lee J-S, 2012. Mini Review: Natural ingredients for diabetes which are approved by Korean FDA. Biomed. Res. 24",,,,,,,,,,,,
PMTDB01192,C1C(OC2=CC(=CC(=C2C1=O)O)O)C3=CC=CC=C3,bitter,"bitter[1](1) Roland WSU et al, 2013. Bitter Taste Receptor Activation by Flavonoids and Isoflavonoids: Modeled Structural Requirements for Activation of hTAS2R14 and hTAS2R39. J Agric Food Chem 61: 10454–10466[2](2) Behrens, M., Meyerhof, W., 2017. The vertebrate gustatory system, in: Guichard, E., Salles, C., Morzel, M., Le Bon, A.-M. (Eds.), Flavour From Food to Perception. John Wiley & Sons, Ltd, Chichester, West Sussex Hoboken, NJ, pp. 57–78.[3](3) Wiener A et al, 2012. BitterDB: a database of bitter compounds. Nucleic Acids Res 2012, 40 (Database issue): D413-419",,,,,,,,,,,,
PMTDB01193,CC1OC(OC2C(O)C(O)C(CO)OC2OC2=CC(O)=C3C(=O)CC(OC3=C2)C2=CC=CC=C2)C(O)C(O)C1O,bitter,"bitter[1](1) Kutney, James P., et al., 1970. ""Pinocembrin 7-β-neohesperidoside, a flavanone glycoside from Sparattosperma vernicosum."" Phytochemistry 9.8 (1970): 1877-1878.",,,,,,,,,,,,
PMTDB01194,C1CCN(CC1)C(=O)C=CCCC2=CC3=C(C=C2)OCO3,pungent,"pungent[1](1) Traxler JT, 1971. Piperanine, a pungent component of black pepper. J Agric Food Chem 19: 1135–1138[2](2) Wagner H, Bladt S, 1996. Drugs with Pungent-Tasting Principles BT - Plant Drug Analysis: A Thin Layer Chromatography Atlas. Springer Berlin Heidelberg, Berlin, Heidelberg, pp 291–303[3](3) Govindarajan, V.S., 1977. Pepper - chemistry, technology, and quality evaluation. CRC Crit. Rev. Food Sci. Nutr. 9, 115–225[4](4) Chen, K.et al, 2019. Multiple quantitative structure–pungency correlations of capsaicinoids. Food Chem. 283, 611–620",,,,,,,,,,,,
PMTDB01195,C1CCN(CC1)C(=O)C=CC=CCCC2=CC3=C(C=C2)OCO3,astringent; bitter; pungent,"astringent[1](1) Obst K et al, 2017. Sensory active piperine analogues from Macropiper excelsum and their effects on intestinal nutrient uptake in Caco-2 cells. Phytochemistry, 135, 181–190.; bitter[1](1) Obst K et al, 2017. Sensory active piperine analogues from Macropiper excelsum and their effects on intestinal nutrient uptake in Caco-2 cells. Phytochemistry, 135, 181–190.; pungent[1](1) Obst K et al, 2017. Sensory active piperine analogues from Macropiper excelsum and their effects on intestinal nutrient uptake in Caco-2 cells. Phytochemistry, 135, 181–190.",,,,,,,,,,,,
PMTDB01196,C1CCN(CC1)C(=O)C=CC=CC=CC2=CC3=C(C=C2)OCO3,pungent;,"pungent[1](1) Wagner H, Bladt S, 1996. Drugs with Pungent-Tasting Principles BT - Plant Drug Analysis: A Thin Layer Chromatography Atlas. Springer Berlin Heidelberg, Berlin, Heidelberg, pp 291–303[2](2) Dawid, C.et al, 2012. Structural and Sensory Characterization of Key Pungent and Tingling Compounds from Black Pepper (Piper nigrum L.). J. Agric. Food Chem. 60, 2884–2895;",,,,,,,,,,,,
PMTDB01197,CCC1(C(=O)CCNC1=O)CC,bitter,"bitter[1](1) Smith, A., Heckelman, P.E., Obenchain, J.R., Gallipeau, J.A.R., D’Arecca, M.A., Budavari, S., 2001. The Merck Index, Thirteenth Edition, Merck Co., Inc., Whitehouse Station. New Jersey, USA.[2](2) Wiener A, Shudler M, et al, 2012. BitterDB: a database of bitter compounds. Nucleic Acids Res 2012, 40 (Database issue): D413-419",,,,,,,,,,,,
PMTDB01198,C1CCN(CC1)C(=O)C=CC=CC2=CC3=C(C=C2)OCO3,pungent,"pungent[1](1) Marion, L., 1950. Chapter III The Pyrrolidine Alkaloids, in: Manske, R.H.F., Holmes, H.L.B.T.-T.A.C. and P. (Eds.), . Academic Press, pp. 91–106[2](2) Grewe, R.et al, 1970. Über die Inhaltsstoffe des schwarzen Pfeffers. Chem. Ber. 103, 3752–3770.[3](3) Cliff M, Heymann H, 1992. Descriptive analysis of oral pungency. J Sens Stud 7: 279–290[4](4) Wagner H, Bladt S, 1996. Drugs with Pungent-Tasting Principles BT - Plant Drug Analysis: A Thin Layer Chromatography Atlas. Springer Berlin Heidelberg, Berlin, Heidelberg, pp 291–303[5](5) Prescott, J., Stevenson, R.J., 1995. Pungency in food perception and preference. Food Rev. Int. 11, 665–698[6](6) Harborne J, Baxter H, Moss GP, 1999. Phytochemical dictionary : a handbook of bioactive compounds from plants, 2nd ed. CRC Press. Taylor & Francis[7](7) Obst, K., 2014. Phytochemical Characterization and Sensory Evaluation of Macropiper excelsum. Fakultät Wissenschaftszentrum Weihenstephan. Dissertation[8](8) Ley, J.P., Krammer, G., Muche, S., Kindel, G., Reiβ, I., 2008. Use of ferulic acid amides as flavor compounds. U.S. Patent No. 7,378,121.[9](9) Dawid, C.et al, 2012. Structural and Sensory Characterization of Key Pungent and Tingling Compounds from Black Pepper (Piper nigrum L.). J. Agric. Food Chem. 60, 2884–2895[10](10) Govindarajan, V.S., 1977. Pepper - chemistry, technology, and quality evaluation. CRC Crit. Rev. Food Sci. Nutr. 9, 115–225",,,,,,,,,,,,
PMTDB01199,CC(C)CNC(=O)C=CC=CC1=CC2=C(C=C1)OCO2,pungent,"pungent[1](1) Dawid, C.et al, 2012. Structural and Sensory Characterization of Key Pungent and Tingling Compounds from Black Pepper (Piper nigrum L.). J. Agric. Food Chem. 60, 2884–2895",,,,,,,,,,,,
PMTDB01200,C1CCN(CC1)C(=O)CCCCC=CC2=CC3=C(C=C2)OCO3,pungent; not pungent,"pungent[1](1) Richard, H., 1991. Spices and condiments I, pag.411-448 in: Maarse, H. (Ed.), Volatile Compounds in Foods and Beverages. Marcel Dekker Inc., New York.[2](2) Zachariah, T.J., Arthasarathy, V.A., 2008. Black Pepper, in: Parthasarathy, V.A., Chempakam, B., Zachariah, T. John (Eds.), Chemistry of Spices. CABI, Cambridge, pp. 21–40.[3](3) Okumura, Y. et al, 2010. Activation of TRPV1 and TRPA1 by black pepper components. Biosci. Biotechnol. Biochem. 74, 1068–1072; not pungent[5](5) Grewe, R.et al, 1970. Über die Inhaltsstoffe des schwarzen Pfeffers. Chem. Ber. 103, 3752–3770.",,,,,,,,,,,,
PMTDB01201,C1CCN(CC1)C(=O)CCCCCCC=CC2=CC3=C(C=C2)OCO3,pungent; not pungent,"pungent[1](1) Dawid, C.et al, 2012. Structural and Sensory Characterization of Key Pungent and Tingling Compounds from Black Pepper (Piper nigrum L.). J. Agric. Food Chem. 60, 2884–2895[2](2) Zachariah, T.J., Arthasarathy, V.A., 2008. Black Pepper, in: Parthasarathy, V.A., Chempakam, B., Zachariah, T. John (Eds.), Chemistry of Spices. CABI, Cambridge, pp. 21–40.[3](3) Okumura, Y. et al, 2010. Activation of TRPV1 and TRPA1 by black pepper components. Biosci. Biotechnol. Biochem. 74, 1068–1072; not pungent[5](5) Grewe, R.et al, 1970. Über die Inhaltsstoffe des schwarzen Pfeffers. Chem. Ber. 103, 3752–3770)",,,,,,,,,,,,
PMTDB01202,CC(C)CNC(=O)C=CC=CCC1=CC=C(C=C1)OC,pungent (numbness)(insufficient evidence),"pungent (numbness)(insufficient evidence)[1](1) Dunstan, W.R., Garnett, H., 1895. XII.—The constituents of Piper ovatum. J. Chem. Soc. Trans. 67, 94–100[2](2) Gulland, J.M., Hopton, G.U., 1930. II.-Pellitorine, the pungent principle of Anacyclus pyrethrum. J. Chem. Soc. 6–11",,,,,,,,,,,,
PMTDB01203,C1CCN(CC1)C(=O)CCCCCCC=CC2=CC3=C(C=C2)OCO3,pungent,"pungent[1](1) Dawid, C.et al, 2012. Structural and Sensory Characterization of Key Pungent and Tingling Compounds from Black Pepper (Piper nigrum L.). J. Agric. Food Chem. 60, 2884–2895",,,,,,,,,,,,
PMTDB01204,C1CCN(C1)C(=O)C=CC=CC2=CC3=C(C=C2)OCO3,pungent,"pungent[1](1) Grewe, R.et al, 1970. Über die Inhaltsstoffe des schwarzen Pfeffers. Chem. Ber. 103, 3752–3770.[2](2) Strunz GM, 2000. Unsaturated amides from piper species (Piperaceae). Stud Nat Prod Chem 24: 683–738[3](3) Wagner H, Bladt S, 1996. Drugs with Pungent-Tasting Principles BT - Plant Drug Analysis: A Thin Layer Chromatography Atlas. Springer Berlin Heidelberg, Berlin, Heidelberg, pp 291–303[4](4) Dawid, C.et al, 2012. Structural and Sensory Characterization of Key Pungent and Tingling Compounds from Black Pepper (Piper nigrum L.). J. Agric. Food Chem. 60, 2884–2895[5](5) Govindarajan, V.S., 1977. Pepper - chemistry, technology, and quality evaluation. CRC Crit. Rev. Food Sci. Nutr. 9, 115–225[6](6) Mori, K.,et al, 1974. Studies on the pungent constituents in black pepper (Piper nigrum L.). Nippon Shokuhin Kogyo Gakkaishi 21, 466–471[7](7) Belitz, H.D., Grosch, W., Schieberle, P., 2009. Chapter 22: Spices, Salt and Vinegar, in: Food chemistry, 4th ed, Food Chemistry. Springer Berlin Heidelberg. doi: 10.1007/978-3-540-69934-7",,,,,,,,,,,,
PMTDB01205,CCCCCCCCCC1CC(=O)NCCCNCCCCNCCCN1,pungent,"pungent[1](1) Sohn CE, 1894. Dictionary of the active principles of plants : alkaloids, bitter principles, glucosides, their sources, nature, and chemical characteristics, with tabular summary, classification of reactions, and full botanical and general indexes. Baillière, Tindall and Cox, London",,,,,,,,,,,,
PMTDB01206,CC=C1CC(C(C(=O)OCC2CCN3C2C(CC3)OC1=O)(C)O)C,bitter (insufficient evidence),"bitter (insufficient evidence)[1](1) Watt, H. E., 1909. LIX.—The alkaloids of Senecio latifolius. J. Chem. Soc., Trans., 95 (0), 466–477.",,,,,,,,,,,,
PMTDB01207,CC(=CCCC(=CCCC(=CCCC(=CCO)C)CO)C)C,bitter,"bitter[1](1) Wiener A et al, 2012. BitterDB: a database of bitter compounds. Nucleic Acids Res 2012, 40 (Database issue): D413-419[2](2) Smith, A. et al, 2001. The Merck Index, Thirteenth Edition. (CD-ROM), Merck Co., Inc., Whitehouse Station. New Jersey, USA.",,,,,,,,,,,,
PMTDB01208,CC(C1=CC2(C=CC3C2C(OC=C3C(=O)OC)OC4C(C(C(C(O4)CO)O)O)O)OC1=O)O,bitter,"bitter[1](1) Sohn CE, 1894. Dictionary of the active principles of plants : alkaloids, bitter principles, glucosides, their sources, nature, and chemical characteristics, with tabular summary, classification of reactions, and full botanical and general indexes. Baillière, Tindall and Cox, London[2](2) Merck E, 1902. Merck’s index. Eduard Roether, Darmstadt.[3](3) Oliver-Bever, B., 1983. Medicinal plants in tropical west africa III. Anti-infection therapy with higher plants. Journal of Ethnopharmacology, 9 (1), 1–83",,,,,,,,,,,,
PMTDB01209,CC1=CCC(CC1)C(C)C=O,pungent; sour?,"pungent[1](1) Eggink, P.M., Maliepaard, C., Tikunov, Y., Haanstra, J.P.W., Bovy, A.G., Visser, R.G.F., 2012. A taste of sweet pepper: Volatile and non-volatile chemical composition of fresh sweet pepper (Capsicum annuum) in relation to sensory evaluation of taste. Food Chem. 132, 301–310; sour?[1](1) Eggink, P.M., Maliepaard, C., Tikunov, Y., Haanstra, J.P.W., Bovy, A.G., Visser, R.G.F., 2012. A taste of sweet pepper: Volatile and non-volatile chemical composition of fresh sweet pepper (Capsicum annuum) in relation to sensory evaluation of taste. Food Chem. 132, 301–310",,,,,,,,,,,,
PMTDB01210,C1C(C(COC12CN3C(=CC=C3C=O)CO2)O)O,bitter,"bitter[1](1) Wiener A et al, 2012. BitterDB: a database of bitter compounds. Nucleic Acids Res 2012, 40 (Database issue): D413-419[2](2) Wakamatsu J, Stark TD, Hofmann T (2016). Taste-Active Maillard Reaction Products in Roasted Garlic (Allium sativum). J Agric Food Chem 64 (29): 5845-54.",,,,,,,,,,,,
PMTDB01211,CC1(CCCC2(C1CC=C(C2C=O)C=O)C)C,pungent,"pungent[1](1) Ziemba PM et al, 2015. Activation and modulation of recombinantly expressed serotonin receptor type 3A by terpenes and pungent substances. Biochem. Biophys. Res. Commun. 467, 1090–1096[2](2) Beltrán LR et al, 2013. The pungent substances piperine, capsaicin, 6-gingerol and polygodial inhibit the human two-pore domain potassium channels TASK-1, TASK-3 and TRESK. Front. Pharmacol. 4.141[3](3) Abe M., Ozawa Y,, 2002. Biosci. Biotechnol. Biochem., 66 (12), 2698–2700, 2002, Labdane-type Diterpene Dialdehyde, Pungent Principle of Myoga, Zingiber mioga Roscoe[4](4) Abe, M, et al., 2008. Mioganal, a novel pungent principle in myoga (Zingiber mioga Roscoe) and a quantitative evaluation of its pungency. Bioscience, biotechnology, and biochemistry 72.10 (2008): 2681-2686",,,,,,,,,,,,
PMTDB01212,CC1CCC(OC1OC2C(C(C(C(O2)C)O)O)O)C(C)C3CCC4C3(CCC5C4=CC(=O)C6C5(CCC(C6)OC7C(C(C(C(O7)CO)O)O)OC8C(C(C(C(O8)C)O)O)O)C)C,sweet,"sweet[1](1) Kim, J. et al., 1988. Polypodoside A, an intensely sweet constituent of the rhizomes of Polypodium glycyrrhiza. J. Nat. Prod. 51, 1166–1172[2](2) Kim, J., Kinghorn, A. D., 1989. Further steroidal and flavonoid constituents of the sweet plant, Polypodium glycyrrhiza. Phytochemistry, 28 (4), 1225–1228",,,,,,,,,,,,
PMTDB01213,CC1CCC(OC1OC2C(C(C(C(O2)C)O)O)O)C(C)C3CCC4C3(CCC5C4=CC(=O)C6C5(CCC(C6)OC7C(C(C(C(O7)CO)O)O)O)C)C,sweet,"sweet[1](1) Kim, J., Kinghorn, A. D., 1989. Further steroidal and flavonoid constituents of the sweet plant, Polypodium glycyrrhiza. Phytochemistry, 28 (4), 1225–1228",,,,,,,,,,,,
PMTDB01214,CC1C(C(C(C(O1)OC2C(C(C(OC2OC3=CC(=C4C(=O)CC(OC4=C3)C5=CC=C(C=C5)OC)O)CO)O)O)O)O)O,bitter,"bitter[1](1) Hasegawa S, Berhow MA, Fong CH, 1996. Analysis of bitter principles in Citrus, in: Fruit Analysis. Springer, pp. 59–80[2](2) Belitz HD, Grosch W, Schieberle P, 2009. Food chemistry, 4th ed, Food Chemistry. Springer Berlin Heidelberg. doi: 10.1007/978-3-540-69934-7[3](3) Wiener A et al, 2012. BitterDB: a database of bitter compounds. Nucleic Acids Res 2012, 40 (Database issue): D413-419",,,,,,,,,,,,
PMTDB01215,C1C(C(OC2=C1C(=CC(=C2C3C(C(OC4=C3C(=CC(=C4C5C(C(OC6=C(C(=CC(=C56)O)O)C7C(C(OC8=C(C(=CC(=C78)O)O)C9C(C(OC1=CC(=CC(=C91)O)O)C1=CC(=C(C=C1)O)O)O)C1=CC(=C(C=C1)O)O)O)C1=CC(=C(C=C1)O)O)O)O)O)C1=CC(=C(C=C1)O)O)O)O)O)C1=CC(=C(C=C1)O)O)O,bitter; astringent;,"bitter[1](1) Stark, T., Bareuther, S., Hofmann, T., 2005. Sensory-Guided Decomposition of Roasted Cocoa Nibs (Theobroma cacao) and Structure Determination of Taste-Active Polyphenols. J. Agric. Food Chem. 53, 5407–5418; astringent[1](1) Stark, T., Bareuther, S., Hofmann, T., 2005. Sensory-Guided Decomposition of Roasted Cocoa Nibs (Theobroma cacao) and Structure Determination of Taste-Active Polyphenols. J. Agric. Food Chem. 53, 5407–5418;",,,,,,,,,,,,
PMTDB01216,C1C(C(OC2=C1C(=CC(=C2C3C(C(OC4=CC(=CC(=C34)O)O)C5=CC(=C(C=C5)O)O)O)O)O)C6=CC(=C(C=C6)O)O)O,bitter,"bitter[1](1) Wiener A et al, 2012. BitterDB: a database of bitter compounds. Nucleic Acids Res 2012, 40 (Database issue): D413-419[2](2) Hufnagel JC, Hofmann T (2008). Orosensory-directed identification of astringent mouthfeel and bitter-tasting compounds in red wine. J Agric Food Chem 56 (4): 1376-86",,,,,,,,,,,,
PMTDB01217,C1C(C(OC2=C1C(=CC(=C2C3C(C(OC4=CC(=CC(=C34)O)O)C5=CC(=C(C=C5)O)O)O)O)O)C6=CC(=C(C=C6)O)O)O,bitter,"bitter[1](1) Stark, T., Bareuther, S., Hofmann, T., 2005. Sensory-Guided Decomposition of Roasted Cocoa Nibs (Theobroma cacao) and Structure Determination of Taste-Active Polyphenols. J. Agric. Food Chem. 53, 5407–5418[2](2) Wiener A et al, 2012. BitterDB: a database of bitter compounds. Nucleic Acids Res 2012, 40 (Database issue): D413-419[3](3) Hufnagel JC, Hofmann T (2008). Orosensory-directed identification of astringent mouthfeel and bitter-tasting compounds in red wine. J Agric Food Chem 56 (4): 1376-86",,,,,,,,,,,,
PMTDB01218,C1C(C(OC2=C1C(=CC(=C2C3C(C(OC4=CC(=CC(=C34)O)O)C5=CC(=C(C=C5)O)O)O)O)O)C6=CC(=C(C=C6)O)O)OC(=O)C7=CC(=C(C(=C7)O)O)O,astringent,"astringent[1](1) Okuda, T., Mori, K., Hatano, T., 1985. Relationship of the structures of tannins to the binding activities with hemoglobin and methylene blue. Chem. Pharm. Bull. 33, 1424–1433[2](2) Soares, S. et al, 2018. Study of human salivary proline-rich proteins interaction with food tannins. Food Chem. 243, 175–185",,,,,,,,,,,,
PMTDB01219,C1C(C(OC2=C1C(=CC(=C2C3C(C(OC4=CC(=CC(=C34)O)O)C5=CC(=C(C=C5)O)O)O)O)O)C6=CC(=C(C=C6)O)O)O,astringent,"astringent[1](1) Delcour, J.A., Vandenberghe, M.M., Corten, P.F., Dondeyne, P., 1984. Flavor thresholds of polyphenolics in water. Am. J. Enol. Vitic. 35, 134–136.",,,,,,,,,,,,
PMTDB01220,C1C(C(OC2=C1C(=C(C(=C2)O)C3C(C(OC4=CC(=CC(=C34)O)O)C5=CC(=C(C=C5)O)O)O)O)C6=CC(=C(C=C6)O)O)O,bitter; astringent;,"bitter[1](1) Stark, T., Bareuther, S., Hofmann, T., 2005. Sensory-Guided Decomposition of Roasted Cocoa Nibs (Theobroma cacao) and Structure Determination of Taste-Active Polyphenols. J. Agric. Food Chem. 53, 5407–5418; astringent[1](1) Stark, T., Bareuther, S., Hofmann, T., 2005. Sensory-Guided Decomposition of Roasted Cocoa Nibs (Theobroma cacao) and Structure Determination of Taste-Active Polyphenols. J. Agric. Food Chem. 53, 5407–5418;",,,,,,,,,,,,
PMTDB01221,C1C(C(OC2=C1C(=CC(=C2C3C(C(OC4=C(C(=CC(=C34)O)O)C5C(C(OC6=CC(=CC(=C56)O)O)C7=CC(=C(C=C7)O)O)O)C8=CC(=C(C=C8)O)O)O)O)O)C9=CC(=C(C=C9)O)O)O,bitter; astringent;,"bitter[1](1) Stark, T., Bareuther, S., Hofmann, T., 2005. Sensory-Guided Decomposition of Roasted Cocoa Nibs (Theobroma cacao) and Structure Determination of Taste-Active Polyphenols. J. Agric. Food Chem. 53, 5407–5418[2](2) Hufnagel JC, Hofmann T, 2008. Orosensory-directed identification of astringent mouthfeel and bitter-tasting compounds in red wine. J Agric Food Chem 56: 1376–1386; astringent[1](1) Stark, T., Bareuther, S., Hofmann, T., 2005. Sensory-Guided Decomposition of Roasted Cocoa Nibs (Theobroma cacao) and Structure Determination of Taste-Active Polyphenols. J. Agric. Food Chem. 53, 5407–5418[2](2) Hufnagel JC, Hofmann T, 2008. Orosensory-directed identification of astringent mouthfeel and bitter-tasting compounds in red wine. J Agric Food Chem 56: 1376–1386;",,,,,,,,,,,,
PMTDB01222,CC(C)[N+](C)(CCOC(=O)C1C2=CC=CC=C2OC3=CC=CC=C13)C(C)C,bitter (insufficient evidence),"bitter (insufficient evidence)[1](1) Bassoli A, Borgonovo G, Busnelli G, 2007. Alkaloids and the Bitter Taste. In: Fattorusso E, Taglialatela-Scafati O (eds) Modern Alkaloids: Structure, Isolation, Synthesis and Biology. Wiley-VCH Verlag GmbH & Co. KGaA, Weinheim, Germany, pp 53–72",,,,,,,,,,,,
PMTDB01223,CCCOC(=O)CC(C)C,bitter; sweet,"bitter[1](1) Burdock GA, 2010. Fenaroli’s Handbook of Flavor Ingredients, Sixth. CRC Press, Taylor and Francis Group, Boca Raton London New York[2](2) Wiener A et al, 2012. BitterDB: a database of bitter compounds. Nucleic Acids Res 2012, 40 (Database issue): D413-419; sweet[1](1) Burdock GA, 2010. Fenaroli’s Handbook of Flavor Ingredients, Sixth. CRC Press, Taylor and Francis Group, Boca Raton London New York",,,,,,,,,,,,
PMTDB01224,C1=CC(=C(C=C1C(=O)O)O)O,"astringent; bitter (contradictory evidence): bitter, non bitter; sour; sweet","astringent[1](1) Dadic M, Belleau G, 1973. Polyphenols and beer flavor, in: Proc. Am. Soc. Brew. Chem. pp. 107–114.[2](2) Peleg H, Noble AC, 1995. Perceptual Properties of Benzoic Acid Derivatives. Chem. Senses 20, 393–400.[3](3) Hufnagel, J.C., Hofmann, T., 2008. Quantitative reconstruction of the nonvolatile sensometabolome of a red wine. J. Agric. Food Chem. 56, 9190–9199; bitter (contradictory evidence): bitter[1](1) Dadic M, Belleau G, 1973. Polyphenols and beer flavor, in: Proc. Am. Soc. Brew. Chem. pp. 107–114.[2](2) Peleg H, Noble AC, 1995. Perceptual Properties of Benzoic Acid Derivatives. Chem. Senses 20, 393–400., non bitter[3](3) Hufnagel, J.C., Hofmann, T., 2008. Quantitative reconstruction of the nonvolatile sensometabolome of a red wine. J. Agric. Food Chem. 56, 9190–9199; sour[1](1) Dadic M, Belleau G, 1973. Polyphenols and beer flavor, in: Proc. Am. Soc. Brew. Chem. pp. 107–114.[2](2) Peleg H, Noble AC, 1995. Perceptual Properties of Benzoic Acid Derivatives. Chem. Senses 20, 393–400.; sweet[1](1) Dadic M, Belleau G, 1973. Polyphenols and beer flavor, in: Proc. Am. Soc. Brew. Chem. pp. 107–114.[2](2) Peleg H, Noble AC, 1995. Perceptual Properties of Benzoic Acid Derivatives. Chem. Senses 20, 393–400.",,,,,,,,,,,,
PMTDB01225,CCOC(=O)C1=CC(=C(C=C1)O)O,bitter; astringent,"bitter[1](1) Wiener A et al, 2012. BitterDB: a database of bitter compounds. Nucleic Acids Res 2012, 40 (Database issue): D413-419[2](2) Hufnagel JC, Hofmann T (2008). Orosensory-directed identification of astringent mouthfeel and bitter-tasting compounds in red wine. J Agric Food Chem 56 (4): 1376-86[3](3) Gonzalo-Diago, A. et al, 2014. Contribution of low molecular weight phenols to bitter taste and mouthfeel properties in red wines. Food Chem. 154, 187–198; astringent[2](2) Hufnagel JC, Hofmann T (2008). Orosensory-directed identification of astringent mouthfeel and bitter-tasting compounds in red wine. J Agric Food Chem 56 (4): 1376-86[3](3) Gonzalo-Diago, A. et al, 2014. Contribution of low molecular weight phenols to bitter taste and mouthfeel properties in red wines. Food Chem. 154, 187–198",,,,,,,,,,,,
PMTDB01226,CC1C2C(CC3C2(CCC4C3CC=C5C4(CCC(C5)OC6C(C(C(C(O6)CO)OC7C(C(C(C(O7)C)O)O)O)O)OC8C(C(C(C(O8)C)O)O)O)C)C)OC1(CCC(C)COC9C(C(C(C(O9)CO)O)O)O)O,bitter,"bitter[1](1) Dawid, C., Hofmann, T., 2012. Structural and sensory characterization of bitter tasting steroidal saponins from asparagus spears (Asparagus officinalis L.). J. Agric. Food Chem. 60, 11889–11900[2](2) Dawid C, Hofmann T, 2014. Quantitation and bitter taste contribution of saponins in fresh and cooked white asparagus (Asparagus officinalis L.). Food Chem 145: 427–436[3](3) Dawid, C., Hofmann, T., 2011. Characterization of the key bitter tastants in white asparagus (Asparagus officinalis L.) by means of a sensomics approach, in: Hofmann, T., Meyerhof, W., Schieberle, P. (Eds.), Advances and Challenges in Flavor Chemistry & Biology, DFA, Freising, Deutschland. pp. 112–116[4](4) Dawid, C., Hofmann, T., 2012. Identification of sensory-active phytochemicals in asparagus (Asparagus officinalis L.). J. Agric. Food Chem. 60, 11877–11888[5](5) Ganzera M, Sturm S, 2017. Recent advances on HPLC/MS in medicinal plant analysis—An update covering 2011–2016. J Pharm Biomed Anal",,,,,,,,,,,,
PMTDB01227,CCC(C)C(=O)OC1CCC2(C3C1(OC24CC5C6CN7CC(CCC7C(C6C(C(C5(C4C(C3)O)O)O)O)(C)O)C)O)C,bitter (insufficient evidence),"bitter (insufficient evidence)[1](1) Sohn CE, 1894. Dictionary of the active principles of plants : alkaloids, bitter principles, glucosides, their sources, nature, and chemical characteristics, with tabular summary, classification of reactions, and full botanical and general indexes. Baillière, Tindall and Cox, London",,,,,,,,,,,,
PMTDB01229,C1=CC=C(C=C1)C(C#N)OC2C(C(C(C(O2)CO)O)O)O,bitter (insufficient evidence),"bitter (insufficient evidence)[1](1) Shimazaki N, Mimaki Y, et al, 1991. Prunasin and acetylated phenylpropanoic acid sucrose esters, bitter principles from the fruits of Prunus jamasakura and P. maximowiczii. Phytochemistry 30: 1475–1480",,,,,,,,,,,,
PMTDB01230,COC1=CC(=C2C(=C1)OC=C(C2=O)C3=CC=C(C=C3)O)O,bitter,"bitter[1](1) Roland, W.S.U. et al, 2011. Soy Isoflavones and Other Isoflavonoids Activate the Human Bitter Taste Receptors hTAS2R14 and hTAS2R39. J. Agric. Food Chem. 59, 11764–11771[2](2) Roland WSU et al, 2013. Bitter Taste Receptor Activation by Flavonoids and Isoflavonoids: Modeled Structural Requirements for Activation of hTAS2R14 and hTAS2R39. J Agric Food Chem 61: 10454–10466[3](3) Behrens, M., Meyerhof, W., 2017. The vertebrate gustatory system, in: Guichard, E., Salles, C., Morzel, M., Le Bon, A.-M. (Eds.), Flavour From Food to Perception. John Wiley & Sons, Ltd, Chichester, West Sussex Hoboken, NJ, pp. 57–78.[4](4) Wiener A et al, 2012. BitterDB: a database of bitter compounds. Nucleic Acids Res 2012, 40 (Database issue): D413-419",,,,,,,,,,,,
PMTDB01231,C1C(OC2=CC(=CC(=C2C1=O)O)OC3C(C(C(C(O3)CO)O)O)O)C4=CC=C(C=C4)O,"bitter (contradictory evidence): bitter, non bitter; astringent","bitter (contradictory evidence) : bitter[1](1) Wiener A et al, 2012. BitterDB: a database of bitter compounds. Nucleic Acids Res 2012, 40 (Database issue): D413-419[2](2) Rodgers S, Glen RC, Bender A (None). Characterizing bitterness: identification of key structural features and development of a classification model. J Chem Inf Model 46 (2): 569-76, non bitter[3](3) Stark, T., Bareuther, S., Hofmann, T., 2005. Sensory-Guided Decomposition of Roasted Cocoa Nibs (Theobroma cacao) and Structure Determination of Taste-Active Polyphenols. J. Agric. Food Chem. 53, 5407–5418; astringent[3](3) Stark, T., Bareuther, S., Hofmann, T., 2005. Sensory-Guided Decomposition of Roasted Cocoa Nibs (Theobroma cacao) and Structure Determination of Taste-Active Polyphenols. J. Agric. Food Chem. 53, 5407–5418",,,,,,,,,,,,
PMTDB01232,CCN1CC2(C(CC(C34C2C(C(C31)C5(CC(C6(CC4C5C6O)O)OC)O)OC)OC)O)COC,bitter (insufficient evidence),"bitter (insufficient evidence)[1](1) Sohn CE, 1894. Dictionary of the active principles of plants : alkaloids, bitter principles, glucosides, their sources, nature, and chemical characteristics, with tabular summary, classification of reactions, and full botanical and general indexes. Baillière, Tindall and Cox, London",,,,,,,,,,,,
PMTDB01233,CC1C2CCC(N1)CCCCCCCC(=O)OC3CCC(CCCCCCCC(=O)O2)NC3C,bitter (insufficient evidence),"bitter (insufficient evidence)[1](1) Wijaya, C.H., Chen, F., 2013. Flavour of papaya ( Carica papaya L .) fruit 20, 50–71.[2](2) Azmi, S.M.N.et al, 2012. Purification of xanthine oxidase inhibitor from Carica papaya leaves using reversed phase flash column chromatography (RPFCC) - high performance thin layer chromatography (HPTLC). Aust. J. Basic Appl. Sci. 6, 117–122.",,,,,,,,,,,,
PMTDB01234,CC(C(C1=CC=CC=C1)O)NC,bitter,"bitter[1](1) Sohn CE, 1894. Dictionary of the active principles of plants : alkaloids, bitter principles, glucosides, their sources, nature, and chemical characteristics, with tabular summary, classification of reactions, and full botanical and general indexes. Baillière, Tindall and Cox, London[2](2) The Merck Index, Thirteenth Edition, 2001. Merck & Co., Inc., Whitehouse Station, New Jersey, USA, New Jersey, USA[3](3) Wiener A et al, 2012. BitterDB: a database of bitter compounds. Nucleic Acids Res 2012, 40 (Database issue): D413-419",,,,,,,,,,,,
PMTDB01235,CC1C(C(C(C(O1)OC2CC3C(CCC(C3(C)CCC(=O)O)C(=C)C)(C4(C2C(CC4)C(C)(CC=CC(C)(C)O)O)C)C)O)O)O,sweet;,"sweet[1](1) Kennelly, E. J.et al. Novel highly sweet secodammarane glycosides from Pterocarya paliurus. J. Agric. Food Chem. 1995, 43, 2602−2607.;",,,,,,,,,,,,
PMTDB01236,CC(=C)C1CCC2(C(C1(C)CCC(=O)O)CC(C3C2(CCC3C(C)(CC=CC(C)(C)O)O)C)OC4C(C(C(CO4)O)O)O)C,sweet;,"sweet[1](1) Kennelly, E. J.et al. Novel highly sweet secodammarane glycosides from Pterocarya paliurus. J. Agric. Food Chem. 1995, 43, 2602−2607.;",,,,,,,,,,,,
PMTDB01237,CN1C(=CC(=O)C2=C1C=C(C=C2)OC)C3=CC4=C(C=C3)OCO4,bitter (insufficient evidence),"bitter (insufficient evidence)[1](1) Singh AS, 2011. Herbalism , Phytochemistry and Ethnopharmacology. Science Publishers, CRC Press Taylor & Francis Group, Enfield USA[2](2) Goyal MR, 2017. Samprapti vighatana chikitsa of mutrashmari (urinary calculus). J. Ayurveda Physicians Surg. (JAPS) (EISSN 2394-6350) 1[3](3) Patil, V.S. et al, 2016. Comparative study on morpho-anatomy of leaf, stem and root of Boerhaavia diffusa L. (Nyctaginaceae) and its adulterant plants. Brazilian J. Pharm. Sci. 52, 433–442",,,,,,,,,,,,
PMTDB01238,C1C2C(C3C(C(O2)O)OC(=O)C4=CC(=C(C(=C4C5=C(C(=C(C=C5C(=O)O3)O)O)O)O)O)O)OC(=O)C6=CC(=C(C(=C6C7=C(C(=C8C9=C7C(=O)OC2=C(C(=C(C3=C(C(=C(C=C3C(=O)O1)O)O)O)C(=C92)C(=O)O8)O)O)O)O)O)O)O,bitter; astringent,"bitter[1](1) Soares, S. et al, 2018. Human Bitter Taste Receptors Are Activated by Different Classes of Polyphenols. J. Agric. Food Chem. 66, 8814–8823[2](2) Soares, S. et al, 2020. Tannins in Food: Insights into the Molecular Perception of Astringency and Bitter Taste. Molecules 25 (11): 2590; astringent[2](2) Soares, S. et al, 2020. Tannins in Food: Insights into the Molecular Perception of Astringency and Bitter Taste. Molecules 25 (11): 2590[3](3) Silva MS, García-Estévez I, et al, 2017. Molecular Interaction Between Salivary Proteins and Food Tannins. J Agric Food Chem 65: 6415–6424[4](4) Brandão, E. et al, 2017. The role of wine polysaccharides on salivary protein-tannin interaction: A molecular approach. Carbohydr. Polym. 177, 77–85[5](5) Brandão, E. et al, 2020. Inhibition Mechanisms of Wine Polysaccharides on Salivary Protein Precipitation. J. Agric. Food Chem. 68, 2955–2963[6](6) Soares, S.et al., 2019. Interaction between Ellagitannins and Salivary Proline-Rich Proteins. J. Agric. Food Chem. 67, 9579–9590[7](7) Oudane, B. et al, 2018. Isolation, characterization, antioxidant activity, and protein-precipitating capacity of the hydrolyzable tannin punicalagin from pomegranate yellow peel (Punica granatum). J. Mol. Struct. 1156, 390–396",,,,,,,,,,,,
PMTDB01239,CC1=CC(C2C(CC3(C(O3)CC1)C)OC(=O)C2=C)OC(=O)C,bitter,"bitter[1](1) Sohn CE, 1894. Dictionary of the active principles of plants : alkaloids, bitter principles, glucosides, their sources, nature, and chemical characteristics, with tabular summary, classification of reactions, and full botanical and general indexes. Baillière, Tindall and Cox, London[2](2) Schechter, M.S., Haller, H.L., 1939. The Identity of Pyrethrosin with Chrysanthin and Non-identity with Geigerin. J. Am. Chem. Soc. 61, 1607–1609",,,,,,,,,,,,
PMTDB01240,CC(=O)C(=O)O,sour,"sour[1](1) Li, H., Liu, F., 2015. The chemistry of sour taste and the strategy to reduce the sour taste of beer. Food Chem. 185, 200–204[2](2) Taylor, N.W. et al, 1930. Quantitative measurements on the acid taste and their bearing on the nature of the nerve receptor. Protoplasma 10, 84–97[3](3) Polya G, 2003. Biochemical Targets of Plant Bioactive Compounds: A Pharmacological Reference Guide to Sites of Action and Biological Effects. CRC Press[4](4) Hedin PA, Miles LR, et al, 1968. Constituents of cotton bud. Formulation of boll weevil feeding stimulant mixtures. J Agric Food Chem 16: 505–513",,,,,,,,,,,,
PMTDB01241,CC1C=C(C(=O)C2(C1CC3C4(C2C(=O)C(=C(C4CC(=O)O3)C)OC)C)C)OC,bitter,"bitter[1](1) Wiener A et al, 2012. BitterDB: a database of bitter compounds. Nucleic Acids Res 2012, 40 (Database issue): D413-419[2](2) Singh AS, 2011. Herbalism, Phytochemistry and Ethnopharmacology. Science Publishers, CRC Press Taylor & Francis Group, Enfield USA[3](3) Chialva F, Dada G, 1990. Bitterness in alcoholic beverages. In: Rouseff RL (ed) Bitternes in foods and beverages. Developments in Food Science vol. 25. Elsevier Science Publishers B.V., pp 103–122",,,,,,,,,,,,
PMTDB01242,CCC12CCCN(C1)CCC3=C(CC2)NC4=CC=CC=C34,bitter,"bitter[1](1) Sohn CE, 1894. Dictionary of the active principles of plants : alkaloids, bitter principles, glucosides, their sources, nature, and chemical characteristics, with tabular summary, classification of reactions, and full botanical and general indexes. Baillière, Tindall and Cox, London[2](2) Smith, A., Heckelman, P.E., Obenchain, J.R., Gallipeau, J.A.R., D’Arecca, M.A., Budavari, S., 2001. The Merck Index, Thirteenth Edition, Merck Co., Inc., Whitehouse Station. New Jersey, USA.[3](3) Wiener A et al, 2012. BitterDB: a database of bitter compounds. Nucleic Acids Res 2012, 40 (Database issue): D413-419",,,,,,,,,,,,
PMTDB01243,C1=CC(=C(C=C1C2=C(C(=O)C3=C(O2)C=C(C(=C3O)O)O)O)O)O,bitter,"bitter[1](1) Roland WSU et al, 2013. Bitter Taste Receptor Activation by Flavonoids and Isoflavonoids: Modeled Structural Requirements for Activation of hTAS2R14 and hTAS2R39. J Agric Food Chem 61: 10454–10466[2](2) Wiener A, Shudler M, et al, 2012. BitterDB: a database of bitter compounds. Nucleic Acids Res 40: D413–D419",,,,,,,,,,,,
PMTDB01244,C1=CC(=C(C=C1C2=C(C(=O)C3=C(C=C(C=C3O2)O)O)O)O)O,bitter; astringent;,"bitter[1](1) Smith, A. et al, 2001. The Merck Index, Thirteenth Edition. (CD-ROM), Merck Co., Inc., Whitehouse Station. New Jersey, USA.[2](2) Wiener, A., Shudler, M., Levit, A., Niv, M.Y., 2012. BitterDB: a database of bitter compounds. Nucleic Acids Res. 40, D413–D419[3](3) Levit, A. et al, 2014. The bitter pill: clinical drugs that activate the human bitter taste receptor TAS2R14. FASEB J. Off. Publ. Fed. Am. Soc. Exp. Biol. 28, 1181–1197[4](4) Dadic, M., Belleau, G., 1973. Polyphenols and beer flavor, in: Proc. Am. Soc. Brew. Chem. pp. 107–114[5](5) Gonzalo-Diago, A. et al, 2014. Contribution of low molecular weight phenols to bitter taste and mouthfeel properties in red wines. Food Chem. 154, 187–198[6](6) Drewnowski A, Gomez-Carneros C, 2000. Bitter taste, phytonutrients, and the consumer: a review. Am J Clin Nutr 72: 1424–35; astringent[4](4) Dadic, M., Belleau, G., 1973. Polyphenols and beer flavor, in: Proc. Am. Soc. Brew. Chem. pp. 107–114[5](5) Gonzalo-Diago, A. et al, 2014. Contribution of low molecular weight phenols to bitter taste and mouthfeel properties in red wines. Food Chem. 154, 187–198;",,,,,,,,,,,,
PMTDB01245,CC1OC(OCC2OC(OC3=C(OC4=CC(OC5OC(CO)C(O)C(O)C5O)=CC(O)=C4C3=O)C3=CC=C(O)C(O)=C3)C(OC3OC(C)C(O)C(O)C3O)C(O)C2O)C(O)C(O)C1O,astringent;,"astringent[1](1) Schwarz, B., Hofmann, T., 2007. Sensory-guided decomposition of red currant juice (Ribes rubrum) and structure determination of key astringent compounds. J. Agric. Food Chem. 55, 1394–1404;",,,,,,,,,,,,
PMTDB01246,CC1OC(OCC2OC(OC3=C(OC4=CC(O)=CC(O)=C4C3=O)C3=CC=C(O)C(O)=C3)C(OC3OC(C)C(O)C(O)C3O)C(O)C2O)C(O)C(O)C1O,astringent,"astringent[1](1) Schwarz, B., Hofmann, T., 2007. Sensory-guided decomposition of red currant juice (Ribes rubrum) and structure determination of key astringent compounds. J. Agric. Food Chem. 55, 1394–1404",,,,,,,,,,,,
PMTDB01247,CC1OC(OCC2OC(OC3=C(OC4=C(C(O)=CC(O)=C4)C3=O)C3=CC(O)=C(O)C=C3)C(O)C(O)C2O)C(O)C(O)C1OC1OC(CO)C(O)C(O)C1O,astringent,"astringent[1](1) Scharbert, S. et al, 2004. Identification of the Astringent Taste Compounds in Black Tea Infusions by Combining Instrumental Analysis and Human Bioresponse. J. Agric. Food Chem. 52, 3498–3508",,,,,,,,,,,,
PMTDB01248,CC1OC(OCC2OC(OC3=C(OC4=C(C(O)=CC(O)=C4)C3=O)C3=CC(O)=C(O)C=C3)C(O)C(O)C2O)C(O)C(O)C1OC1OC(CO)C(O)C(O)C1O,astringent,"astringent[1](1) Scharbert, S. et al, 2004. Identification of the Astringent Taste Compounds in Black Tea Infusions by Combining Instrumental Analysis and Human Bioresponse. J. Agric. Food Chem. 52, 3498–3508",,,,,,,,,,,,
PMTDB01249,CC1C(C(C(C(O1)OC2=C(OC3=CC(=CC(=C3C2=O)O)O)C4=CC(=C(C=C4)O)O)O)O)O,bitter; astringent,"bitter[1](1) Sohn CE, 1894. Dictionary of the active principles of plants : alkaloids, bitter principles, glucosides, their sources, nature, and chemical characteristics, with tabular summary, classification of reactions, and full botanical and general indexes. Baillière, Tindall and Cox, London[2](2) Coelho M et al, 2016. Influence of harvesting factors on sensory attributes and phenolic and aroma compounds composition of Cymbopogon citratus leaves infusions. Food Res Int 89: 1029–1037[3](3) Hu, X. et al, 2020. TAS2R20 variants confer dietary adaptation to high‐quercitrin bamboo leaves in Qinling giant pandas. Ecol. Evol.00: 1-9[4](4) Riess et al, 2015. Aroma composition to reduce or suppress undesirable bitter and astringent taste impressions of sweeteners. U.S. Patent No. 9,198,451. 1 Dec. 2015[5](5) Meilgaard, M.C. et al, 1979. Beer flavour terminology 1. J. Inst. Brew. 85, 38–42; astringent[4](4) Riess et al, 2015. Aroma composition to reduce or suppress undesirable bitter and astringent taste impressions of sweeteners. U.S. Patent No. 9,198,451. 1 Dec. 2015[5](5) Meilgaard, M.C. et al, 1979. Beer flavour terminology 1. J. Inst. Brew. 85, 38–42",,,,,,,,,,,,
PMTDB01250,COC1=CC2=C(C(C(COC3OC(COC(=O)C4=CC(O)=C(O)C(O)=C4)C(O)C(O)C3O)C(CO)C2)C2=CC(OC)=C(O)C(OC)=C2)C(OC)=C1O,bitter,"bitter[1](1) Sindt L, et al., 2016. Taste-Guided Isolation of Bitter Lignans from Quercus petraea and Their Identification in Wine. J Nat Prod. 2016 Oct 28;79 (10): 2432-2438.",,,,,,,,,,,,
PMTDB01251,COC1=CC2=C(C(C(COC3OC(COC(=O)C4=CC(O)=C(O)C(O)=C4)C(O)C(O)C3O)C(CO)C2)C2=CC(OC)=C(O)C(OC)=C2)C(OC)=C1O,bitter,"bitter[1](1) Sindt L, et al., 2016. Taste-Guided Isolation of Bitter Lignans from Quercus petraea and Their Identification in Wine. J Nat Prod. 2016 Oct 28;79 (10): 2432-2438.",,,,,,,,,,,,
PMTDB01252,C1C(C(C(CC1(C(=O)O)O)O)O)O,bitter; sour; astringent,"bitter[1](1) Maga, J.A., 1978. Simple phenol and phenolic compounds in food flavor. CRC Crit. Rev. Food Sci. Nutr. 10, 323–372[2](2) McCamey, D.A., Thorpe, T.M., McCarthy, J.P., 1990. Coffee bitterness, in: Rouseff, R.L. (Ed.), Bitternes in Foods and Beverages. Developments in Food Science Vol. 25. Elsevier Science Publishers B.V., Amsterdam, pp. 171–182[3](3) Aachary, A.A., Eskin, Michael N A, 2017. Bitterness in Beverages, in: Aliani, M., Eskin, M.N.A. (Eds.), Bitterness: Perception, Chemistry and Food Processing, Wiley Online Books. pp. 83–103[4](4) Frank, O.et al, 2007. Structure determination and sensory analysis of bitter-tasting 4-vinylcatechol oligomers and their identification in roasted coffee by means of LC-MS/MS. J. Agric. Food Chem. 55, 1945–1954[7](7) Marsh, K.B. et al, 2006. Perception of flavour in standardised fruit pulps with additions of acids or sugars. Food Qual. Prefer. 17, 376–386; sour[5](5) Polya G, 2003. Biochemical Targets of Plant Bioactive Compounds: A Pharmacological Reference Guide to Sites of Action and Biological Effects. CRC Press[6](6) Rubico, S.M., McDaniel, M.R., 1992. Sensory evaluation of acids by free-choice profiling. Chem. Senses 17, 273–289[7](7) Marsh, K.B. et al, 2006. Perception of flavour in standardised fruit pulps with additions of acids or sugars. Food Qual. Prefer. 17, 376–386; astringent[6](6) Rubico, S.M., McDaniel, M.R., 1992. Sensory evaluation of acids by free-choice profiling. Chem. Senses 17, 273–289[7](7) Marsh, K.B. et al, 2006. Perception of flavour in standardised fruit pulps with additions of acids or sugars. Food Qual. Prefer. 17, 376–386",,,,,,,,,,,,
PMTDB01253,COC1=CC2=C(C=CN=C2C=C1)C(C3CC4CCN3CC4C=C)O,bitter,"bitter[1](1) Sohn CE, 1894. Dictionary of the active principles of plants : alkaloids, bitter principles, glucosides, their sources, nature, and chemical characteristics, with tabular summary, classification of reactions, and full botanical and general indexes. Baillière, Tindall and Cox, London[2](2) Schober, P.C. et al, 1978. Low stereospecificity of quinine taste receptors. J. Pharm. Pharmacol. 30, 111–112[3](3) Lehmann, P.A.F., 1978. The correlation of sweetness and bitterness of enantiomeric aminoacids. Life Sci. 22, 1631–1635[4](4) Burdock GA, 2010. Fenaroli’s Handbook of Flavor Ingredients, Sixth. CRC Press, Taylor and Francis Group, Boca Raton London New York[5](5) Wiener A et al, 2012. BitterDB: a database of bitter compounds. Nucleic Acids Res 2012, 40 (Database issue): D413-419[6](6) Kim, S.et al, 2016. PubChem Substance and Compound databases. Nucleic Acids Res. 44, D1202–D1213",,,,,,,,,,,,
PMTDB01254,COC1=CC2=C(C=CN=C2C=C1)C(C3CC4CCN3CC4C=C)O,bitter,"bitter[1](1) Belitz H, Wieser H, 1985. Bitter compounds: Occurrence and structure‐activity relationships. Food Rev Int 1: 271–354.[2](2) Warmke, R., Belitz, H.D., 1993. Influence of glutamic acid on the bitter taste of various compounds. Z. Lebensm. Unters. Forsch. 197, 132–133[3](3) Arctander, S., 1969. Perfume and Flavor Chemicals (Aroma Chemicals) Vol.1. Allured Publishing Corporation[4](4) Meyerhof Wet al, 2010. The molecular receptive ranges of human TAS2R bitter taste receptors. Chem Senses 35: 157–170[5](5) Wiener A et al, 2012. BitterDB: a database of bitter compounds. Nucleic Acids Res 2012, 40 (Database issue): D413-419[6](6) Behrens, M., Meyerhof, W., 2017. The vertebrate gustatory system, in: Guichard, E., Salles, C., Morzel, M., Le Bon, A.-M. (Eds.), Flavour From Food to Perception. John Wiley & Sons, Ltd, Chichester, West Sussex Hoboken, NJ, pp. 57–78.[7](7) Bailey, E.H.S., Nichols, E.L., 1888. On the sense of taste. Science (80-. ). 145–146.[8](8) Lossow, K. et al, 2016. Comprehensive Analysis of Mouse Bitter Taste Receptors Reveals Different Molecular Receptive Ranges for Orthologous Receptors in Mice and Humans. J. Biol. Chem. 291, 15358–15377[9](9) Behrens, M. et al, 2014. Tuning properties of avian and frog bitter taste receptors dynamically fit gene repertoire sizes. Mol. Biol. Evol. 31, 3216–3227[10](10) Ley, J.P. et al, 2005. Evaluation of bitter masking flavanones from Herba Santa (Eriodictyon californicum (H. and A.) Torr., Hydrophyllaceae). J. Agric. Food Chem. 53, 6061–6066[11](11) Schober, P.C. et al, 1978. Low stereospecificity of quinine taste receptors. J. Pharm. Pharmacol. 30, 111–112[12](12) Amerine, M.A., Pangborn, R.M., Roessler, E.B., 1965. CHAPTER 2 - The Sense of Taste, in: Amerine, M.A., Pangborn, R.M., Roessler, E.B. (Eds.), Principles of Sensory Evaluation of Food. Academic Press, pp. 28–144. doi: https://doi.org/10.1016/B978-1-4832-0018-7.50006-4",,,,,,,,,,,,
PMTDB01255,CC1(CCC2(CCC3(C(=CCC4C3(CCC5C4(CCC(C5(C)COC6C(C(C(C(O6)CO)O)O)O)OC7C(C(C(C(O7)CO)O)O)O)C)C)C2C1)C)C(=O)OC8C(C(C(CO8)O)OC9C(C(C(C(O9)CO)O)O)O)O)C,bitter,"bitter[1](1) Meyer BN et al, 1990. Bioactivity-directed isolation and characterization of quinoside A: one of the toxic/bitter principles of quinoa seeds (Chenopodium quinoa Willd.). J. Agric. Food Chem. 38, 205–208. https://doi.org/10.1021/jf00091a045",,,,,,,,,,,,
PMTDB01256,CC1CCC2(CCC3(C(=CCC4C3(CCC5C4(CCC(C5(C)C)O)C)C)C2C1C)C(=O)O)C(=O)O,bitter;,"bitter[1](1) The Merck Index, Thirteenth Edition, 2001. . Merck & Co., Inc., Whitehouse Station, New Jersey, USA, New Jersey, USA[2](2) Wiener A et al, 2012. BitterDB: a database of bitter compounds. Nucleic Acids Res 2012, 40 (Database issue): D413-419;",,,,,,,,,,,,
PMTDB01257,CC1CCC2(CCC3(C(=CCC4C3(CCC5C4(CCC(C5(C)C)OC6C(C(C(C(O6)C)O)O)O)C)C)C2C1C)C(=O)O)C(=O)O,bitter,"bitter[1](1) Sohn CE, 1894. Dictionary of the active principles of plants : alkaloids, bitter principles, glucosides, their sources, nature, and chemical characteristics, with tabular summary, classification of reactions, and full botanical and general indexes. Baillière, Tindall and Cox, London[2](2) Broughton, J., 1868. On a false cinchona bark of India. Am. J. Pharm. 350[3](3) Khan, I.A., Abourashed, E.A., 2010. Leung’s Encyclopedia of Common Natural Ingredients Used in Food, Drugs, and Cosmetics, 3rd ed. John Wiley & Sons, Inc., Hoboken, New Jersey",,,,,,,,,,,,
PMTDB01258,CC1(C=CC(=O)C23C1C(C(C45C2CCC(C4)C(=C)C5=O)(OC3)O)O)C,bitter,"bitter[1](1) Wiener A et al, 2012. BitterDB: a database of bitter compounds. Nucleic Acids Res 2012, 40 (Database issue): D413-419[2](2) Yamada Y, Sako N, Ando E, Yamada M, Kikuzaki H, et al. (1999). New Bitter Diterpenes, Rabdosianone I and II, Isolated from Isodon japonicus Hara. Biosci Biotechnol Biochem 63 (3): 524-9.",,,,,,,,,,,,
PMTDB01259,CC(=O)OC1C(=C)C2CCC3C1(C2)C4(C(C5C3(CO4)C(=O)C=CC5(C)C)O)O,bitter,"bitter[1](1) Wiener A et al, 2012. BitterDB: a database of bitter compounds. Nucleic Acids Res 2012, 40 (Database issue): D413-419[2](2) Yamada, Y. et al, 1999. New Bitter Diterpenes, Rabdosianone I and II, Isolated from Isodon japonicus Hara. Biosci. Biotechnol. Biochem. 63, 524–529",,,,,,,,,,,,
PMTDB01260,C(C1C(C(C(C(O1)OCC2C(C(C(C(O2)OC3(C(C(C(O3)CO)O)O)CO)O)O)O)O)O)O)O,sweet,"sweet[1](1) Amerine, M.A., Pangborn, R.M., Roessler, E.B., 1965. CHAPTER 2 - The Sense of Taste, in: Amerine, M.A., Pangborn, R.M., Roessler, E.B. (Eds.), Principles of Sensory Evaluation of Food. Academic Press, pp. 28–144. doi: https://doi.org/10.1016/B978-1-4832-0018-7.50006-4[2](2) Cheron JB et al, 2017. Sweetness prediction of natural compounds. Food Chem 221: 1421–1425[3](3) Lee C-K, Birch GG, 1975. Structural functions of taste in the sugar series: Binding characteristics of disaccharides. J Sci Food Agric 26: 1513–1521[4](4) Tinti, J.M., Nofre, C., 2001. Responses of the ant Lasius niger to various compounds perceived as sweet in humans: a structure-activity relationship study. Chem. Senses 26, 231–237[5](5) Ahmed J, Preissner S, Dunkel M, et al (2011) SuperSweet—a resource on natural and artificial sweetening agents. Nucleic Acids Res 39: D377–D382[6](6) Moskowitz, H.R., 1971. The Sweetness and Pleasantness of Sugars. Am. J. Psychol. 84, 387–405",,,,,,,,,,,,
PMTDB01261,CC12CCCC(C1CCC34C2CCC(C3)(C(=C)C4)OC5C(C(C(C(O5)CO)O)OC6C(C(C(C(O6)CO)O)O)O)OC7C(C(C(C(O7)CO)O)O)O)(C)C(=O)OC8C(C(C(C(O8)CO)O)O)O,sweet; bitter,"sweet[1](1) Ahmed J et al, 2011. SuperSweet-A resource on natural and artificial sweetening agents. Nucleic Acids Res. https://doi.org/10.1093/nar/gkq917[2](2) Kim N-C, Kinghorn AD, 2002. Sweet-tasting and sweetness-modifying constituents of plants. In: Atta-ur-Rahman BT-S in NPC (ed) Bioact. Nat. Prod. (Part H). Elsevier, pp 3–57[3](3) Kinghorn, A.D., Soejarto, D.D., 1989. Intensely sweet compounds of natural origin. Med. Res. Rev. 9, 91–115[4](4) Kinghorn, A.D.et al., 1986. Sweetening agents of plant origin. CRC. Crit. Rev. Plant Sci. 4, 79–120[5](5) Kasai, R., 1981. Sweet diterpene-glycosides of leaves of Stevia rebaudiana Bertoni-Synthesis and structure-sweetness relationship of rebaudiosides-A,-D,-E, and their related glycosids-. Nippon Kagaku Kaishi (Special Artic. Biol. Subst. 181, 726–735.; bitter[6](6) Hellfritsch, C. et al, 2012. Human psychometric and taste receptor responses to steviol glycosides. J. Agric. Food Chem. 60, 6782–6793[7](7) Wiener A et al, 2012. BitterDB: a database of bitter compounds. Nucleic Acids Res 2012, 40 (Database issue): D413-419.[8](8) Ҫiçek, S.S., 2020. Structure-Dependent Activity of Plant-Derived Sweeteners. Molecules 25, 1946.",,,,,,,,,,,,
PMTDB01262,CC12CCCC(C1CCC34C2CCC(C3)(C(=C)C4)OC5C(C(C(C(O5)CO)O)OC6C(C(C(C(O6)CO)O)O)O)OC7C(C(C(C(O7)CO)O)O)O)(C)C(=O)O,sweet; bitter,"sweet[1](1) Ahmed J et al, 2011. SuperSweet-A resource on natural and artificial sweetening agents. Nucleic Acids Res. https://doi.org/10.1093/nar/gkq917[2](2) Kim N-C, Kinghorn AD, 2002. Sweet-tasting and sweetness-modifying constituents of plants. In: Atta-ur-Rahman BT-S in NPC (ed) Bioact. Nat. Prod. (Part H). Elsevier, pp 3–57[3](3) Kinghorn, A.D., Soejarto, D.D., 1989. Intensely sweet compounds of natural origin. Med. Res. Rev. 9, 91–115[4](4) Kinghorn, A.D.et al., 1986. Sweetening agents of plant origin. CRC. Crit. Rev. Plant Sci. 4, 79–120[5](5) Kasai, R., 1981. Sweet diterpene-glycosides of leaves of Stevia rebaudiana Bertoni-Synthesis and structure-sweetness relationship of rebaudiosides-A,-D,-E, and their related glycosids-. Nippon Kagaku Kaishi (Special Artic. Biol. Subst. 181, 726–735.; bitter[6](6) Hellfritsch, C. et al, 2012. Human psychometric and taste receptor responses to steviol glycosides. J. Agric. Food Chem. 60, 6782–6793[7](7) Ҫiçek, S.S., 2020. Structure-Dependent Activity of Plant-Derived Sweeteners. Molecules 25, 1946.[8](8) Wiener A et al, 2012. BitterDB: a database of bitter compounds. Nucleic Acids Res 2012, 40 (Database issue): D413-419.",,,,,,,,,,,,
PMTDB01263,CC1C(C(C(C(O1)OC2C(C(C(OC2OC34CCC5C6(CCCC(C6CCC5(C3)CC4=C)(C)C(=O)OC7C(C(C(C(O7)CO)O)O)O)C)CO)O)OC8C(C(C(C(O8)CO)O)O)O)O)O)O,sweet; bitter,"sweet[1](1) Ahmed J et al, 2011. SuperSweet-A resource on natural and artificial sweetening agents. Nucleic Acids Res. https://doi.org/10.1093/nar/gkq917[2](2) Kim N-C, Kinghorn AD, 2002. Sweet-tasting and sweetness-modifying constituents of plants. In: Atta-ur-Rahman BT-S in NPC (ed) Bioact. Nat. Prod. (Part H). Elsevier, pp 3–57[3](3) Kinghorn, A.D., Soejarto, D.D., 1989. Intensely sweet compounds of natural origin. Med. Res. Rev. 9, 91–115[4](4) Kinghorn, A.D.et al., 1986. Sweetening agents of plant origin. CRC. Crit. Rev. Plant Sci. 4, 79–120[5](5) Kasai, R., 1981. Sweet diterpene-glycosides of leaves of Stevia rebaudiana Bertoni-Synthesis and structure-sweetness relationship of rebaudiosides-A,-D,-E, and their related glycosids-. Nippon Kagaku Kaishi (Special Artic. Biol. Subst. 181, 726–735.; bitter[6](6) Hellfritsch, C. et al, 2012. Human psychometric and taste receptor responses to steviol glycosides. J. Agric. Food Chem. 60, 6782–6793[7](7) Wiener A et al, 2012. BitterDB: a database of bitter compounds. Nucleic Acids Res 2012, 40 (Database issue): D413-419.[8](8) Ҫiçek, S.S., 2020. Structure-Dependent Activity of Plant-Derived Sweeteners. Molecules 25, 1946.",,,,,,,,,,,,
PMTDB01264,CC12CCCC(C1CCC34C2CCC(C3)(C(=C)C4)OC5C(C(C(C(O5)CO)O)OC6C(C(C(C(O6)CO)O)O)O)OC7C(C(C(C(O7)CO)O)O)O)(C)C(=O)OC8C(C(C(C(O8)CO)O)O)OC9C(C(C(C(O9)CO)O)O)O,sweet; bitter,"sweet[1](1) Ahmed J et al, 2011. SuperSweet-A resource on natural and artificial sweetening agents. Nucleic Acids Res. https://doi.org/10.1093/nar/gkq917[2](2) Kim N-C, Kinghorn AD, 2002. Sweet-tasting and sweetness-modifying constituents of plants. In: Atta-ur-Rahman BT-S in NPC (ed) Bioact. Nat. Prod. (Part H). Elsevier, pp 3–57[3](3) Kinghorn, A.D., Soejarto, D.D., 1989. Intensely sweet compounds of natural origin. Med. Res. Rev. 9, 91–115[4](4) Kinghorn, A.D.et al., 1986. Sweetening agents of plant origin. CRC. Crit. Rev. Plant Sci. 4, 79–120[5](5) Kasai, R., 1981. Sweet diterpene-glycosides of leaves of Stevia rebaudiana Bertoni-Synthesis and structure-sweetness relationship of rebaudiosides-A,-D,-E, and their related glycosids-. Nippon Kagaku Kaishi (Special Artic. Biol. Subst. 181, 726–735.[6](6) Sakamoto, I. et al, 1977. Application of 13C NMR spectroscopy to chemistry of plant glycosides: rebaudiosides-D and-E, new sweet diterpene-glucosides of Stevia rebaudiana Bertoni. Chem. Pharm. Bull. 25, 3437–3439; bitter[7](7) Hellfritsch, C. et al, 2012. Human psychometric and taste receptor responses to steviol glycosides. J. Agric. Food Chem. 60, 6782–6793[8](8) Wiener A et al, 2012. BitterDB: a database of bitter compounds. Nucleic Acids Res 2012, 40 (Database issue): D413-419.[9](9) Ҫiçek, S.S., 2020. Structure-Dependent Activity of Plant-Derived Sweeteners. Molecules 25, 1946.",,,,,,,,,,,,
PMTDB01265,CC12CCCC(C1CCC34C2CCC(C3)(C(=C)C4)OC5C(C(C(C(O5)CO)O)O)OC6C(C(C(C(O6)CO)O)O)O)(C)C(=O)OC7C(C(C(C(O7)CO)O)O)OC8C(C(C(C(O8)CO)O)O)O,sweet; bitter,"sweet[1](1) Kim N-C, Kinghorn AD, 2002. Sweet-tasting and sweetness-modifying constituents of plants. In: Atta-ur-Rahman BT-S in NPC (ed) Bioact. Nat. Prod. (Part H). Elsevier, pp 3–57[2](2) Kinghorn, A.D., Soejarto, D.D., Inglett, G.E., 1986. Sweetening agents of plant origin. CRC. Crit. Rev. Plant Sci. 4, 79–120[3](3) Kinghorn, A.D., Soejarto, D.D., 1989. Intensely sweet compounds of natural origin. Med. Res. Rev. 9, 91–115[4](4) Sakamoto, I. et al, 1977. Application of 13C NMR spectroscopy to chemistry of plant glycosides: rebaudiosides-D and-E, new sweet diterpene-glucosides of Stevia rebaudiana Bertoni. Chem. Pharm. Bull. 25, 3437–3439; bitter[5](5) Acevedo, W.et al., 2016. Docking and Molecular Dynamics of Steviol Glycoside–Human Bitter Receptor Interactions. J. Agric. Food Chem. 64, 7585–7596[6](6) Ҫiçek, S.S., 2020. Structure-Dependent Activity of Plant-Derived Sweeteners. Molecules 25, 1946.",,,,,,,,,,,,
PMTDB01266,CC12CCCC(C1CCC34C2CCC(C3)(C(=C)C4)OC5C(C(C(C(O5)CO)O)OC6C(C(C(C(O6)CO)O)O)O)OC7C(C(C(CO7)O)O)O)(C)C(=O)OC8C(C(C(C(O8)CO)O)O)O,sweet; bitter,"sweet[1](1) Ahmed J et al, 2011. SuperSweet-A resource on natural and artificial sweetening agents. Nucleic Acids Res. https://doi.org/10.1093/nar/gkq917[2](2) Starratt, A.N. et al, 2002. Rebaudioside F, a diterpene glycoside from Stevia rebaudiana. Phytochemistry 59, 367–370[3](3) Ҫiçek, S.S., 2020. Structure-Dependent Activity of Plant-Derived Sweeteners. Molecules 25, 1946.; bitter[3](3) Ҫiçek, S.S., 2020. Structure-Dependent Activity of Plant-Derived Sweeteners. Molecules 25, 1946.",,,,,,,,,,,,
PMTDB01267,[H]C12CCC3(CC1(CC3=C)CCC1([H])C(C)(CCCC21C)C(=O)OC1OC(CO)C(OC2OC(CO)C(O)C(O)C2O)C(O)C1OC1OC(CO)C(O)C(O)C1O)OC1OC(COC2OC(CO)C(O)C(O)C2O)C(O)C(O)C1OC1OC(COC2OC(CO)C(OC3OC(CO)C(O)C(O)C3O)C(O)C2OC2OC(CO)C(O)C(O)C2O)C(O)C(O)C1O,sweet,"sweet[1](1) Ma G et al, 2018. New Diterpene Glycosides from Stevia rebaudiana Bertoni: Rebaudioside VIII and Rebaudioside IXd. Nat. Prod. Commun. 13, 1934578X1801301",,,,,,,,,,,,
PMTDB01268,[H]C12CCC3(CC1(CC3=C)CCC1([H])C(C)(CCCC21C)C(=O)OC1OC(COC2OC(CO)C(OC3OC(CO)C(O)C(O)C3O)C(O)C2OC2OC(CO)C(O)C(O)C2O)C(OC2OC(CO)C(O)C(O)C2O)C(O)C1OC1OC(CO)C(O)C(O)C1O)OC1OC(COC2OC(CO)C(O)C(O)C2O)C(O)C(O)C1OC1OC(CO)C(O)C(O)C1O,sweet,"sweet[1](1) Ma G et al, 2018. New Diterpene Glycosides from Stevia rebaudiana Bertoni: Rebaudioside VIII and Rebaudioside IXd. Nat. Prod. Commun. 13, 1934578X1801301",,,,,,,,,,,,
PMTDB01269,[H]C12CCC3(CC1(CC3=C)CCC1([H])C(C)(CCCC21C)C(=O)OC1OC(CO)C(OC2OC(CO)C(O)C(O)C2O)C(O)C1OC1OC(CO)C(O)C(O)C1O)OC1OC(COC2OC(COC3OC(CO)C(OC4OC(CO)C(O)C(O)C4O)C(O)C3OC3OC(CO)C(O)C(O)C3O)C(O)C(O)C2O)C(O)C(O)C1OC1OC(CO)C(O)C(O)C1O,sweet,"sweet[1](1) Ma G et al, 2018. New Diterpene Glycosides from Stevia rebaudiana Bertoni: Rebaudioside VIII and Rebaudioside IXd. Nat. Prod. Commun. 13, 1934578X1801301",,,,,,,,,,,,
PMTDB01270,CC12CCCC(C1CCC34C2CCC(C3)(C(=C)C4)OC5C(C(C(C(O5)CO)O)OC6C(C(C(C(O6)CO)O)O)O)OC7C(C(C(C(O7)CO)O)O)O)(C)C(=O)OC8C(C(C(C(O8)CO)O)OC9C(C(C(C(O9)CO)O)O)O)OC1C(C(C(C(O1)CO)O)O)O,sweet; bitter; astringent;,"sweet[1](1) Prakash, I.et al, 2014. Development of next generation stevia sweetener: Rebaudioside M. Foods 3, 162–175.[2](2) Tao, R., Cho, S., 2020. Consumer-based sensory characterization of steviol glycosides (rebaudioside A, D, and M). Foods 9, 1026.[3](3) Prakash, I. et al., 2013. Isolation, characterization and sensory evaluation of a hexa β-D-glucopyranosyl diterpene from Stevia rebaudiana. Nat. Prod. Commun. 8; bitter[1](1) Prakash, I.et al, 2014. Development of next generation stevia sweetener: Rebaudioside M. Foods 3, 162–175.[2](2) Tao, R., Cho, S., 2020. Consumer-based sensory characterization of steviol glycosides (rebaudioside A, D, and M). Foods 9, 1026.; astringent[2](2) Tao, R., Cho, S., 2020. Consumer-based sensory characterization of steviol glycosides (rebaudioside A, D, and M). Foods 9, 1026.;",,,,,,,,,,,,
PMTDB01271,COC1C(CC2CN3CCC4=C(C3CC2C1C(=O)OC)NC5=C4C=CC(=C5)OC)OC(=O)C6=CC(=C(C(=C6)OC)OC)OC,bitter,"bitter[1](1) Sharma KM, Mukesh B, 2013. Significance of Plant Bitters in the Field of Pharmacognosy. Asian J Pharmacutical Technol Innov 1: 3–12[2](2) Muhtadi, F.J., 1984. Reserpine, in: Analytical Profiles of Drug Substances. Elsevier, pp. 737–765",,,,,,,,,,,,
PMTDB01272,C1=CC(=CC=C1C=CC2=CC(=CC(=C2)O)O)O,bitter,"bitter[1](1) Roland WSU et al, 2013. Bitter Taste Receptor Activation by Flavonoids and Isoflavonoids: Modeled Structural Requirements for Activation of hTAS2R14 and hTAS2R39. J Agric Food Chem 61: 10454–10466[2](2) Lossow, K. et al, 2016. Comprehensive Analysis of Mouse Bitter Taste Receptors Reveals Different Molecular Receptive Ranges for Orthologous Receptors in Mice and Humans. J. Biol. Chem. 291, 15358–15377[3](3) Behrens, M., Meyerhof, W., 2017. The vertebrate gustatory system, in: Guichard, E., Salles, C., Morzel, M., Le Bon, A.-M. (Eds.), Flavour From Food to Perception. John Wiley & Sons, Ltd, Chichester, West Sussex Hoboken, NJ, pp. 57–78.[4](4) Wiener A et al, 2012. BitterDB: a database of bitter compounds. Nucleic Acids Res 2012, 40 (Database issue): D413-419",,,,,,,,,,,,
PMTDB01273,C1CCN2CC3CC(C2C1)CN4C3C(CCC4)O,bitter,"bitter[1](1) Wiener A et al, 2012. BitterDB: a database of bitter compounds. Nucleic Acids Res 2012, 40 (Database issue): D413-419[2](2) Smith, A. et al, 2001. The Merck Index, Thirteenth Edition. (CD-ROM), Merck Co., Inc., Whitehouse Station. New Jersey, USA.",,,,,,,,,,,,
PMTDB01274,CC(C)CNC(=O)C=CC=CCCC=CC1=CC2=C(C=C1)OCO2,pungent,"pungent[1](1) Dawid, C.et al, 2012. Structural and Sensory Characterization of Key Pungent and Tingling Compounds from Black Pepper (Piper nigrum L.). J. Agric. Food Chem. 60, 2884–2895",,,,,,,,,,,,
PMTDB01275,CC=C1CC(C(C(=O)OCC2=CCN3C2C(CC3)OC1=O)(CO)O)C,bitter,"bitter[1](1) Bassoli A, Borgonovo G, Busnelli G, 2007. Alkaloids and the Bitter Taste. In: Fattorusso E, Taglialatela-Scafati O (eds) Mod. Alkaloids Struct. Isol. Synth. Biol. Wiley-VCH Verlag GmbH & Co. KGaA, Weinheim, Germany, pp 53–72",,,,,,,,,,,,
PMTDB01276,COC1=CC(=C2C(=C1)OC(=C(C2=O)O)C3=CC(=C(C=C3)O)O)O,bitter (low evidence) (insufficient evidence),"bitter (low evidence) (insufficient evidence)[1](1) Sohn CE, 1894. Dictionary of the active principles of plants : alkaloids, bitter principles, glucosides, their sources, nature, and chemical characteristics, with tabular summary, classification of reactions, and full botanical and general indexes. Baillière, Tindall and Cox, London",,,,,,,,,,,,
PMTDB01277,C1=CC2=C(C(=C1)O)C(=O)C3=C(C2=O)C=C(C=C3O)C(=O)O,bitter (insufficient evidence),"bitter (insufficient evidence)[1](1) Singh AS, 2011. Herbalism, Phytochemistry and Ethnopharmacology. Science Publishers, CRC Press Taylor & Francis Group, Enfield USA",,,,,,,,,,,,
PMTDB01278,CC(CCC1=CC=C(C=C1)O)OC2C(C(C(C(O2)CO)O)O)O,bitter,"bitter[1](1) Archangelsky, K., 1901. Ueber rhododendrol, rhododendrin und andromedotoxin. Arch. für Exp. Pathol. und Pharmakologie 46, 313–320[2](2) Hegnauer, R., Hegnauer, M., 1966. Chemotaxonomie der pflanzen: dicotyledoneae: daphniphyllaceae-lythraceae. Birkhäuser Basel[3](3) Santamour FS, Vettel HE, 1978. The distribution of rhododendrin in birch (Betula) species. Biochem Syst Ecol 6: 107–108[4](4) The Merck Index, Thirteenth Edition, 2001. . Merck & Co., Inc., Whitehouse Station, New Jersey, USA, New Jersey, USA[5](5) Wiener A et al, 2012. BitterDB: a database of bitter compounds. Nucleic Acids Res 2012, 40 (Database issue): D413-419",,,,,,,,,,,,
PMTDB01279,CC(CCC1=CC=C(C=C1)O)O,Bitter (insufficient evidence),"Bitter (insufficient evidence)[1](1) Archangelsky, K., 1901. Ueber rhododendrol, rhododendrin und andromedotoxin. Arch. für Exp. Pathol. und Pharmakologie 46, 313–320",,,,,,,,,,,,
PMTDB01280,CC1=CC2=C(C=C1C)N(C3=NC(=O)NC(=O)C3=N2)CC(C(C(CO)O)O)O,bitter,"bitter[1](1) Steglich, W., Fugmann, B., Lang-Fugmann, S., 2000. Römpp encyclopedia natural products. Georg Thieme Verlag, Leverkusen, Ratingen, Munich, Germany. 784 pp[2](2) Kuhn, R., 1936. Lactoflavin (vitamin B2). Angew. Chemie 49, 6–10[3](3) Suzuki, Y., Uchida, K., 1971. On Stability of 5’−D−Riboflavin −α−D −glucopyranoside for Light and Its Degree of Bitter Taste. Vitam. 43, 74–77[4](4) Eitenmiller, R.R., Landen Jr, W.O., Ye, L., 2016. Vitamin analysis for the health and food sciences. CRC Press",,,,,,,,,,,,
PMTDB01281,C1C(C(C(C(O1)O)O)O)O,sweet,"sweet[1](1) Moskowitz, H.R., 1971. The Sweetness and Pleasantness of Sugars. Am. J. Psychol. 84, 387–405[2](2) Steele, I.C. et al, 1996. A double blind, placebo controlled, crossover trial of D-ribose in McArdle’s disease. J. Neurol. Sci. 136, 174–177.[3](3) Ahmed J et al, 2011. SuperSweet-A resource on natural and artificial sweetening agents. Nucleic Acids Res. https://doi.org/10.1093/nar/gkq917",,,,,,,,,,,,
PMTDB01282,C1C2C(C3C4C(C5=C(C(=C(C(=C5C(=O)O4)C6=C(C(=C(C(=C6C(=O)O3)C7=C(C(=C(C=C7C(=O)O2)O)O)O)O)O)O)O)O)O)C8=C(C(=C(C9=C8C(=O)OCC2C(C3C4C(C5=C(C(=C(C(=C5C(=O)O4)C4=C(C(=C(C(=C4C(=O)O3)C3=C(C(=C(C=C3C(=O)O2)O)O)O)O)O)O)O)O)O)O)OC(=O)C2=CC(=C(C(=C29)O)O)O)O)O)O)OC(=O)C2=CC(=C(C(=C2C2=C(C(=C(C=C2C(=O)O1)O)O)O)O)O)O,astringent; bitter,"astringent[1](1) Glabasnia A, Hofmann T, 2006. Sensory-Directed Identification of Taste-Active Ellagitannins in American (Quercus alba L.) and European Oak Wood (Quercus robur L.) and Quantitative Analysis in Bourbon Whiskey and Oak-Matured Red Wines. J. Agric. Food Chem. 54, 3380–3390. doi: 10.1021/jf052617b; bitter[1](1) Glabasnia A, Hofmann T, 2006. Sensory-Directed Identification of Taste-Active Ellagitannins in American (Quercus alba L.) and European Oak Wood (Quercus robur L.) and Quantitative Analysis in Bourbon Whiskey and Oak-Matured Red Wines. J. Agric. Food Chem. 54, 3380–3390. doi: 10.1021/jf052617b",,,,,,,,,,,,
PMTDB01283,C1C(C(C(C(O1)(C2C3C4C5C(COC(=O)C6=C(C7=C(C(=C(C=C7C(=O)O5)O)O)O)C(=C(C(=C6C8C9C1C5C(COC(=O)C6=CC(=C(C(=C6C6=C(C(=C(C=C6C(=O)O5)O)O)O)O)O)O)OC(=O)C5=CC(=C(C(=C5C5=C(C(=C(C(=C5O)O)O)C5=C(C8=C(C(=C5O)O)O)C(=O)O9)C(=O)O1)O)O)O)O)O)O)OC(=O)C1=CC(=C(C(=C1C1=C(C(=C(C(=C1O)O)O)C1=C(C2=C(C(=C1O)O)O)C(=O)O3)C(=O)O4)O)O)O)O)O)O)O,astringent; bitter,"astringent[1](1) Glabasnia A, Hofmann T, 2006. Sensory-Directed Identification of Taste-Active Ellagitannins in American (Quercus alba L.) and European Oak Wood (Quercus robur L.) and Quantitative Analysis in Bourbon Whiskey and Oak-Matured Red Wines. J. Agric. Food Chem. 54, 3380–3390. doi: 10.1021/jf052617b; bitter[1](1) Glabasnia A, Hofmann T, 2006. Sensory-Directed Identification of Taste-Active Ellagitannins in American (Quercus alba L.) and European Oak Wood (Quercus robur L.) and Quantitative Analysis in Bourbon Whiskey and Oak-Matured Red Wines. J. Agric. Food Chem. 54, 3380–3390. doi: 10.1021/jf052617b",,,,,,,,,,,,
PMTDB01284,C1C(C(C(C(O1)(C2C3C4C5C(COC(=O)C6=C(C7=C(C(=C(C=C7C(=O)O5)O)O)O)C(=C(C(=C6C8C9C1C5C(COC(=O)C6=CC(=C(C(=C6C6=C(C(=C(C=C6C(=O)O5)O)O)O)O)O)O)OC(=O)C5=CC(=C(C(=C5C5=C(C(=C(C(=C5O)O)O)C5=C(C8=C(C(=C5O)O)O)C(=O)O9)C(=O)O1)O)O)O)O)O)O)OC(=O)C1=CC(=C(C(=C1C1=C(C(=C(C(=C1O)O)O)C1=C(C2=C(C(=C1O)O)O)C(=O)O3)C(=O)O4)O)O)O)O)O)O)O,astringent; bitter,"astringent[1](1) Glabasnia A, Hofmann T, 2006. Sensory-Directed Identification of Taste-Active Ellagitannins in American (Quercus alba L.) and European Oak Wood (Quercus robur L.) and Quantitative Analysis in Bourbon Whiskey and Oak-Matured Red Wines. J. Agric. Food Chem. 54, 3380–3390. doi: 10.1021/jf052617b; bitter[1](1) Glabasnia A, Hofmann T, 2006. Sensory-Directed Identification of Taste-Active Ellagitannins in American (Quercus alba L.) and European Oak Wood (Quercus robur L.) and Quantitative Analysis in Bourbon Whiskey and Oak-Matured Red Wines. J. Agric. Food Chem. 54, 3380–3390. doi: 10.1021/jf052617b",,,,,,,,,,,,
PMTDB01285,C1C2C(C3C4C(C5=C(C(=C(C(=C5C(=O)O4)C6=C(C(=C(C(=C6C(=O)O3)C7=C(C(=C(C=C7C(=O)O2)O)O)O)O)O)O)O)O)O)C8=C(C(=C(C9=C8C(=O)OCC2C(C3C4C(C5=C(C(=C(C(=C5C(=O)O4)C4=C(C(=C(C(=C4C(=O)O3)C3=C(C(=C(C=C3C(=O)O2)O)O)O)O)O)O)O)O)O)O)OC(=O)C2=CC(=C(C(=C29)O)O)O)O)O)O)OC(=O)C2=CC(=C(C(=C2C2=C(C(=C(C=C2C(=O)O1)O)O)O)O)O)O,astringent; bitter,"astringent[1](1) Glabasnia A, Hofmann T, 2006. Sensory-Directed Identification of Taste-Active Ellagitannins in American (Quercus alba L.) and European Oak Wood (Quercus robur L.) and Quantitative Analysis in Bourbon Whiskey and Oak-Matured Red Wines. J. Agric. Food Chem. 54, 3380–3390. doi: 10.1021/jf052617b; bitter[1](1) Glabasnia A, Hofmann T, 2006. Sensory-Directed Identification of Taste-Active Ellagitannins in American (Quercus alba L.) and European Oak Wood (Quercus robur L.) and Quantitative Analysis in Bourbon Whiskey and Oak-Matured Red Wines. J. Agric. Food Chem. 54, 3380–3390. doi: 10.1021/jf052617b",,,,,,,,,,,,
PMTDB01286,C1C(C(C(C(O1)(C2C3C4C5C(COC(=O)C6=CC(=C(C(=C6C7=C(C(=C(C=C7C(=O)O5)O)O)O)O)O)O)OC(=O)C8=CC(=C(C(=C8C9=C(C(=C(C(=C9O)O)O)C1=C(C2=C(C(=C1O)O)O)C(=O)O3)C(=O)O4)O)O)O)O)O)O)O,astringent; bitter,"astringent[1](1) Glabasnia A, Hofmann T, 2006. Sensory-Directed Identification of Taste-Active Ellagitannins in American (Quercus alba L.) and European Oak Wood (Quercus robur L.) and Quantitative Analysis in Bourbon Whiskey and Oak-Matured Red Wines. J. Agric. Food Chem. 54, 3380–3390. doi: 10.1021/jf052617b; bitter[1](1) Glabasnia A, Hofmann T, 2006. Sensory-Directed Identification of Taste-Active Ellagitannins in American (Quercus alba L.) and European Oak Wood (Quercus robur L.) and Quantitative Analysis in Bourbon Whiskey and Oak-Matured Red Wines. J. Agric. Food Chem. 54, 3380–3390. doi: 10.1021/jf052617b",,,,,,,,,,,,
PMTDB01287,CN1CCC2=CC(=C3C=C2C1CC4=CC(=C(C=C4)O)C5=C(C=CC(=C5)CC6C7=C(O3)C(=C(C=C7CCN6C)OC)OC)OC)OC,bitter,"bitter[1](1) Bassoli A, Borgonovo G, Busnelli G, 2007. Alkaloids and the Bitter Taste. In: Fattorusso E, Taglialatela-Scafati O (eds) Modern Alkaloids: Structure, Isolation, Synthesis and Biology. Wiley-VCH Verlag GmbH & Co. KGaA, Weinheim, Germany, pp 53–72",,,,,,,,,,,,
PMTDB01288,C1=CC(=C(C=C1CC(C(=O)O)OC(=O)C=CC2=CC(=C(C=C2)O)O)O)O,bitter; pungent,"bitter[1](1) Coelho M et al, 2016. Influence of harvesting factors on sensory attributes and phenolic and aroma compounds composition of Cymbopogon citratus leaves infusions. Food Res. Int. 89, 1029–1037. doi: 10.1016/j.foodres.2016.07.008[2](2) García, M.J., Prieto, J.L., Guevara, A., Malagon, D., Osorio, C., 2016. Chemical Studies of Yellow Tamarillo (Solanum betaceum Cav.) Fruit Flavor by Using a Molecular Sensory Approach. Mol. . doi: 10.3390/molecules21121729[3](3) Govindarajan VS, 1979. Pungency: The Stimuli and Their Evaluation, in: Boudreau, J.C. (Ed.), Food Taste Chemistry, ACS Symposium Series 115. American Chemical Society, pp. 3–53. doi: doi: 10.1021/bk-1979-0115.ch003[4](4) Hirasa K, Takemasa M, 1998. Spice science and technology. CRC Press.; pungent[1](1) Coelho M et al, 2016. Influence of harvesting factors on sensory attributes and phenolic and aroma compounds composition of Cymbopogon citratus leaves infusions. Food Res. Int. 89, 1029–1037. doi: 10.1016/j.foodres.2016.07.008[2](2) García, M.J., Prieto, J.L., Guevara, A., Malagon, D., Osorio, C., 2016. Chemical Studies of Yellow Tamarillo (Solanum betaceum Cav.) Fruit Flavor by Using a Molecular Sensory Approach. Mol. . doi: 10.3390/molecules21121729[3](3) Govindarajan VS, 1979. Pungency: The Stimuli and Their Evaluation, in: Boudreau, J.C. (Ed.), Food Taste Chemistry, ACS Symposium Series 115. American Chemical Society, pp. 3–53. doi: doi: 10.1021/bk-1979-0115.ch003[4](4) Hirasa K, Takemasa M, 1998. Spice science and technology. CRC Press.",,,,,,,,,,,,
PMTDB01289,COC1=C(C=C(C=C1)C=CC(=O)NCCC2=CC3=C(C=C2)OCO3)OC,umami,"umami[1](1) Backes M et al, 2015. Rubemamine and Rubescenamine, Two Naturally Occurring N-Cinnamoyl Phenethylamines with Umami-Taste-Modulating Properties. J Agric Food Chem 63: 8694–8704",,,,,,,,,,,,
PMTDB01290,CC(=O)\C=C\C=C\C1=CC=C(OC2OC(CO)C(O)C(O)C2O)C(O)=C1,astringent;,"astringent[1](1) Schwarz, B., Hofmann, T., 2007. Sensory-guided decomposition of red currant juice (Ribes rubrum) and structure determination of key astringent compounds. J. Agric. Food Chem. 55, 1394–1404;",,,,,,,,,,,,
PMTDB01291,CC12CCCC(C1CCC34C2CCC(C3)(C(=C)C4)OC5C(C(C(C(O5)CO)O)O)O)(C)C(=O)OC6C(C(C(C(O6)CO)O)O)O,sweet; bitter,"sweet[1](1) Darise et al, 1984. Enzymic Transglucosylation of Rubusoside and the Structure-Sweetness Relationship of Steviol-Bisglycosides, Agricultural and Biological Chemistry, 48: 10, 2483-2488[2](2) Tanaka, T.et al., 1981. Rubusoside (β-D-glucosyl ester of 13-O-β-D-glucosyl-steviol), a sweet principle of Rubus chingii Hu (Rosaceae). Agric. Biol. Chem. 45, 2165–2166[3](3) Hellfritsch, C. et al., 2012. Human psychometric and taste receptor responses to steviol glycosides. J. Agric. Food Chem. 60, 6782–6793; bitter[1](1) Darise et al, 1984. Enzymic Transglucosylation of Rubusoside and the Structure-Sweetness Relationship of Steviol-Bisglycosides, Agricultural and Biological Chemistry, 48: 10, 2483-2488[2](2) Tanaka, T.et al., 1981. Rubusoside (β-D-glucosyl ester of 13-O-β-D-glucosyl-steviol), a sweet principle of Rubus chingii Hu (Rosaceae). Agric. Biol. Chem. 45, 2165–2166[3](3) Hellfritsch, C. et al., 2012. Human psychometric and taste receptor responses to steviol glycosides. J. Agric. Food Chem. 60, 6782–6793[4](4) Wiener A et al, 2012. BitterDB: a database of bitter compounds. Nucleic Acids Res 2012, 40 (Database issue): D413-419",,,,,,,,,,,,
PMTDB01292,C1CN2C(=NC3=CC=CC=C3C2=O)C4=C1C5=CC=CC=C5N4,bitter (electronic tongue),"bitter (electronic tongue)[1](1) Liang, X.et al, 2017. Bitterness and antibacterial activities of constituents from Evodia rutaecarpa. BMC Complement. Altern. Med. 17, 180",,,,,,,,,,,,
PMTDB01293,CC1(C2C(=O)C(C3(C(C24COC(=O)CC4O1)CCC5(C36C(O6)C(=O)OC5C7=COC=C7)C)C)O)C,bitter,"bitter[1](1) Tang W, Eisenbrang G, 1992. Chinese Drugs of Plant Origin. Chemistry, Pharmacology, and Use in Traditional and Modem Medicine, Springer. doi: 10.1007/978-3-642-73739-8_8[2](2) Dreyer D, 1967. Citrus bitter principles. VII. Rutaevin. J. Org. Chem. 32, 3442–3445",,,,,,,,,,,,
PMTDB01294,CC1C(C(C(C(O1)OCC2C(C(C(C(O2)OC3=C(OC4=CC(=CC(=C4C3=O)O)O)C5=CC(=C(C=C5)O)O)O)O)O)O)O)O,astringent; bitter; bitter enhancer,"astringent[1](1) Gonzalo-Diago A, Dizy M, et al., 2014. Contribution of low molecular weight phenols to bitter taste and mouthfeel properties in red wines. Food Chem. 2014 Jul 1;154: 187-98.[2](2) Xu, Y.-Q. et al., 2018. Quantitative analyses of the bitterness and astringency of catechins from green tea. Food Chem. 258, 16–24[3](3) Scharbert, S., Hofmann, T., 2005. Molecular definition of black tea taste by means of quantitative studies, taste reconstitution, and omission experiments. J. Agric. Food Chem. 53[4](4) Koch, I.S., 2011. Development of a sensory lexicon and sensory wheel for rooibos (Aspalathus linearis) and the role of its phenolic composition on taste and mouthfeel (PhD Thesis).[5](5) Zhu, M.et al., 2017. Metabolomic profiling delineate taste qualities of tea leaf pubescence. Food Res. Int. 94, 36–44[6](6) Schwarz, B., Hofmann, T., 2007. Sensory-guided decomposition of red currant juice (Ribes rubrum) and structure determination of key astringent compounds. J. Agric. Food Chem. 55, 1394–1404; bitter[1](1) Gonzalo-Diago A, Dizy M, et al., 2014. Contribution of low molecular weight phenols to bitter taste and mouthfeel properties in red wines. Food Chem. 2014 Jul 1;154: 187-98.[5](5) Zhu, M.et al., 2017. Metabolomic profiling delineate taste qualities of tea leaf pubescence. Food Res. Int. 94, 36–44[7](7) Hou, B.-Y. et al., 2018. Rutin, in: Du, G.-H. (Ed.), Natural Small Molecule Drugs from Plants. Springer Singapore, Singapore, pp. 145–150. https://doi.org/10.1007/978-981-10-8022-7_23[8](8) Sohn CE, 1894. Dictionary of the active principles of plants : alkaloids, bitter principles, glucosides, their sources, nature, and chemical characteristics, with tabular summary, classification of reactions, and full botanical and general indexes. Baillière, Tindall and Cox, London; bitter enhancer[3](3) Scharbert, S., Hofmann, T., 2005. Molecular definition of black tea taste by means of quantitative studies, taste reconstitution, and omission experiments. J. Agric. Food Chem. 53",,,,,,,,,,,,
PMTDB01295,CC=CS(=O)CC(C(=O)[O-])[NH3+],pungency precursor,"pungency precursor[1](1) Sun Yoo K, Pike LM, 1998. Determination of flavor precursor compound s-alk (en)yl-L-cysteine sulfoxides by an HPLC method and their distribution in Allium species. Scientia Horticulturae, 75 (1–2), 1–10",,,,,,,,,,,,
PMTDB01296,CC(C)C12CCC(=C)C1C2,pungent,"pungent[1](1) Arctander, S., 1969. Perfume and Flavor Chemicals (Aroma Chemicals) Vol.1. Allured Publishing Corporation[2](2) Schepetkin, I.A. et al, 2016. Modulation of Human Neutrophil Responses by the Essential Oils from Ferula akitschkensis and Their Constituents. J. Agric. Food Chem. 64, 7156–7170 (vitro)[3](3) Yao, Q.S., Chiou, G.C., 1993. Inhibition of crystallins-induced inflammation in rabbit eyes with five phytogenic compounds. Zhongguo Yao Li Xue Bao 14, 13–17 (animal)",,,,,,,,,,,,
PMTDB01297,COC1=CC(=C2C(=O)CC(OC2=C1)C3=CC=C(C=C3)O)O,bitter masking,"bitter masking[1](1) Fletcher JN et al, 2011. In Vitro Evaluation of Flavonoids from Eriodictyon californicum for Antagonist Activity against the Bitterness Receptor hTAS2R31. J. Agric. Food Chem. 59, 13117–13121.",,,,,,,,,,,,
PMTDB01298,C1=CC=C(C(=C1)CO)OC2C(C(C(C(O2)CO)O)O)O,bitter,"bitter[1](1) Sohn CE, 1894. Dictionary of the active principles of plants : alkaloids, bitter principles, glucosides, their sources, nature, and chemical characteristics, with tabular summary, classification of reactions, and full botanical and general indexes. Baillière, Tindall and Cox, London[2](2) Steglich, W., Fugmann, B., Lang-Fugmann, S., 2000. Römpp encyclopedia natural products. Georg Thieme Verlag, Leverkusen, Ratingen, Munich, Germany. 784 pp[3](3) Bufe B et al, 2002. The human TAS2R16 receptor mediates bitter taste in response to β-glucopyranosides. Nat Genet 32: 397–401[4](4) Meyerhof Wet al, 2010. The molecular receptive ranges of human TAS2R bitter taste receptors. Chem Senses 35: 157–170[5](5) Slack, J.P. et al, 2010. Modulation of bitter taste perception by a small molecule hTAS2R antagonist. Curr. Biol. 20, 1104–1109.[6](6) Wiener A et al, 2012. BitterDB: a database of bitter compounds. Nucleic Acids Res 2012, 40 (Database issue): D413-419[7](7) Ley, J.P. et al, 2005. Evaluation of bitter masking flavanones from Herba Santa (Eriodictyon californicum (H. and A.) Torr., Hydrophyllaceae). J. Agric. Food Chem. 53, 6061–6066[8](8) Sakurai, T. et al, 2010. The human bitter taste receptor, hTAS2R16, discriminates slight differences in the configuration of disaccharides. Biochem. Biophys. Res. Commun. 402, 595–601.",,,,,,,,,,,,
PMTDB01299,C1=CC=C(C(=C1)C(=O)O)O,sweet; sour; astringent; bitter; acrid,"sweet[1](1) Peleg, H., Noble, A. C., 1995. Perceptual Properties of Benzoic Acid Derivatives. Chemical Senses, 20 (4), 393–400[2](2) Shallenberger, R.S., 1993. Taste Chemistry, 1st ed. Springer Science+Business Media Dordrecht, Northampton[3](3) Steglich, W., Fugmann, B., Lang-Fugmann, S., 2000. Römpp encyclopedia natural products. Georg Thieme Verlag, Leverkusen, Ratingen, Munich, Germany. 784 pp[4](4) Taylor, N.W., 1928. A physico-chemical theory of sweet and bitter taste excitation based on the properties of the plasma membrane. Protoplasma 4, 1–17[5](5) Kim, S. et al., 2016. PubChem Substance and Compound databases. Nucleic Acids Res. 44, D1202–D1213; sour[1](1) Peleg, H., Noble, A. C., 1995. Perceptual Properties of Benzoic Acid Derivatives. Chemical Senses, 20 (4), 393–400[2](2) Shallenberger, R.S., 1993. Taste Chemistry, 1st ed. Springer Science+Business Media Dordrecht, Northampton[3](3) Steglich, W., Fugmann, B., Lang-Fugmann, S., 2000. Römpp encyclopedia natural products. Georg Thieme Verlag, Leverkusen, Ratingen, Munich, Germany. 784 pp; astringent[1](1) Peleg, H., Noble, A. C., 1995. Perceptual Properties of Benzoic Acid Derivatives. Chemical Senses, 20 (4), 393–400; bitter[1](1) Peleg, H., Noble, A. C., 1995. Perceptual Properties of Benzoic Acid Derivatives. Chemical Senses, 20 (4), 393–400[6](6) Lossow, K. et al, 2016. Comprehensive Analysis of Mouse Bitter Taste Receptors Reveals Different Molecular Receptive Ranges for Orthologous Receptors in Mice and Humans. J. Biol. Chem. 291, 15358–15377[7](7) Wiener A et al, 2012. BitterDB: a database of bitter compounds. Nucleic Acids Res 2012, 40 (Database issue): D413-419; acrid[5](5) Kim, S. et al., 2016. PubChem Substance and Compound databases. Nucleic Acids Res. 44, D1202–D1213",,,,,,,,,,,,
PMTDB01300,CC1=CCCC(=CC2C(C(C1)O)C(=C)C(=O)O2)CO,bitter (insufficient evidence),"bitter (insufficient evidence)[1](1) Horn G et al, 2015. Cnicus benedictus as a potential low input oil crop. Eur J Lipid Sci Technol 117: 561–566[2](2) Suchý, M. et al, 1967. On terpenes. CLXXXVI. The structure of salonitenolide, a sesquiterpenic lactone of germacrane type from Centaurea salonitana VIS. Collect. Czechoslov. Chem. Commun. 32, 2016–2021",,,,,,,,,,,,
PMTDB01301,CC1=CCC(C2(C1C3C(CC2)C(=C)C(=O)O3)C)O,bitter,"bitter[1](1) Brockhoff A et al, 2007. Broad tuning of the human bitter taste receptor hTAS2R46 to various sesquiterpene lactones, clerodane and labdane diterpenoids, strychnine, and denatonium. J Agric Food Chem 55: 6236–6243[2](2) Wiener A et al, 2012. BitterDB: a database of bitter compounds. Nucleic Acids Res 2012, 40 (Database issue): D413-419",,,,,,,,,,,,
PMTDB01302,CC1=CCCC(=CC(C2C(C1)OC(=O)C2=C)OC(=O)C(C)(CO)O)COC(=O)C,bitter,"bitter[1](1) Suchý, M. et al, 1962. On terpenes. CXXXIX. Isolation and structure of scabiolide, further sesquiterpenic lactone with a ten-membered ring in molecule. Collect. Czechoslov. Chem. Commun. 27, 1905–1913[2](2) Hegnauer, R., Hegnauer, M., 1966. Chemotaxonomie der pflanzen: dicotyledoneae: daphniphyllaceae-lythraceae. Birkhäuser Basel",,,,,,,,,,,,
PMTDB01303,CC(=O)OCC1C(C(C(C(O1)OC2C(C3CCOC(=O)C3=CO2)C=C)OC(=O)C4=CC=CC=C4)OC(=O)C)OC(=O)C5=C(C(=CC=C5)OC6C(C(C(C(O6)CO)O)O)O)O,bitter,"bitter[1](1) Wiener A et al, 2012. BitterDB: a database of bitter compounds. Nucleic Acids Res 2012, 40 (Database issue): D413-419[2](2) Ikeshiro Y, Tomita Y. A New Bitter Secoiridoid Glucoside from Gentiana scabra var. Buergeri. Planta Med 1983; 48 (7): 169-173",,,,,,,,,,,,
PMTDB01304,CC(CCC=C(C)COC1C(C(C(C(O1)CO)O)O)OC2C(C(C(C(O2)CO)O)O)O)C3CCC4(C3(CC(=O)C5(C4CC=C6C5CCC(C6(C)C)OC7C(C(C(C(O7)CO)O)O)O)C)C)C,bitter,"bitter[1](1) Kasai R et al, 1988. Glycosides from Chinese medicinal plant, Hemsleya panacis-scandens, and structure-taste relationship of cucurbitane glycosides. Chemical and pharmaceutical bulletin, 36 (1), 234-243",,,,,,,,,,,,
PMTDB01305,CC(CCC=C(C)COC1C(C(C(C(O1)CO)O)O)OC2C(C(C(C(O2)CO)O)O)O)C3CCC4(C3(CC(C5(C4CC=C6C5CCC(C6(C)C)OC7C(C(C(C(O7)CO)O)O)O)C)O)C)C,sweet,"sweet[1](1) Kasai R et al, 1988. Glycosides from Chinese medicinal plant, Hemsleya panacis-scandens, and structure-taste relationship of cucurbitane glycosides. Chemical and pharmaceutical bulletin, 36 (1), 234-243",,,,,,,,,,,,
PMTDB01306,CC12CCCC34C1CCC(=C)C3CC(OC4OC2=O)C5=COC=C5,bitter,"bitter[1](1) Cocker W, 1966. Some aspects of the chemistry of diterpene bitter principles. Planta Med 14: 78–85[2](2) Sumimoto, M., 1963. Heartwood constituents of Sciadopitys verticillata Sieb. et Zucc.—I: The constitution of sciadin. Tetrahedron 19, 643–655",,,,,,,,,,,,
PMTDB01307,C[C@H]1[C@@H]([C@H]([C@H]([C@@H](O1)O[C@H]2CC[C@@]3([C@H]4CC[C@@]5([C@H](CC[C@@]5([C@@H]4CCC3=C2)O)C6=COC(=O)C=C6)C)C)O)O)O[C@H]7[C@@H]([C@H]([C@@H]([C@H](O7)CO)O)O)O,bitter,"bitter[1](1) The Merck Index, Thirteenth Edition, 2001. . Merck & Co., Inc., Whitehouse Station, New Jersey, USA, New Jersey, USA[2](2) Wiener A et al, 2012. BitterDB: a database of bitter compounds. Nucleic Acids Res 2012, 40 (Database issue): D413-419",,,,,,,,,,,,
PMTDB01308,CC1(CCCC2(C1CCC(C2CCC(C)(C=C)O)(C)O)C)C,bitter,"bitter[1](1) Arctander, S. (1969) Perfume and Flavor Chemicals (Aroma Chemicals) Vol.1. Allured Publishing Corporation",,,,,,,,,,,,
PMTDB01309,COC1=C(C=C2C(=C1)C=CC(=O)O2)O,bitter,"bitter[1](1) Moraal LG, Goedhart PW, 1999. Differences in palatability of Fraxinus excelsior L., for the vole, Microtus arvalis ,and the scale, Pseudochermes fraxini L. In: Lieutier F, Mattson WJ, Wagner MR (eds) Physiol. Genet. Tree-Phytophage Interact. Int. Symp. lnstitut National de la Recherche Agronornique (INRA) International Union of Forestry Research Organizations (IUFRO), Gujan (France), pp 111–121[2](2) Winstel, D.et al., 2020. Role of Oak Coumarins in the Taste of Wines and Spirits: Identification, Quantitation, and Sensory Contribution through Perceptive Interactions. J. Agric. Food Chem. 68, 7434–7443",,,,,,,,,,,,
PMTDB01310,COC1=C(C=C2C(=C1)C=CC(=O)O2)OC3C(C(C(C(O3)CO)O)O)O,bitter,"bitter[1](1) Sohn CE, 1894. Dictionary of the active principles of plants : alkaloids, bitter principles, glucosides, their sources, nature, and chemical characteristics, with tabular summary, classification of reactions, and full botanical and general indexes. Baillière, Tindall and Cox, London[2](2) Gupta GL, Nigam SS, 1970. CHEMICAL EXAMINATION OF THE LEAVES OF MURRAYA KOENIGII. Planta Med 1970; 18 (5): 83-86[3](3) Sokolowsky M, 2014. Modulation des bitteren Geschmacks und seines zeitlichen Verlaufs durch oenologische Verfahren und sensorisch relevante Weininhaltsstoffe bei Weißwein. Cuvillier Verlag, Göttingen, Germany",,,,,,,,,,,,
PMTDB01311,CC(C)C(=O)C3=C(O)C2(O)C(CC1C(C)(C)OC(C=C(/C)C)C12O)C3=O,bitter,"bitter[1](1) Wiener A et al, 2012. BitterDB: a database of bitter compounds. Nucleic Acids Res 2012, 40 (Database issue): D413-419[2](2) Dresel M, Vogt C, Dunkel A, Hofmann T, 2016. The Bitter Chemodiversity of Hops (Humulus lupulus L.). J Agric Food Chem;64 (41): 7789-7799.",,,,,,,,,,,,
PMTDB01312,C1=CC(=CC=C1C2=CC(=O)C3=C(O2)C=C(C(=C3O)O)O)O,bitter,"bitter[1](1) Roland WSU et al, 2013. Bitter Taste Receptor Activation by Flavonoids and Isoflavonoids: Modeled Structural Requirements for Activation of hTAS2R14 and hTAS2R39. J Agric Food Chem 61: 10454–10466[2](2) Behrens, M., Meyerhof, W., 2017. The vertebrate gustatory system, in: Guichard, E., Salles, C., Morzel, M., Le Bon, A.-M. (Eds.), Flavour From Food to Perception. John Wiley & Sons, Ltd, Chichester, West Sussex Hoboken, NJ, pp. 57–78.[3](3) Wiener A et al, 2012. BitterDB: a database of bitter compounds. Nucleic Acids Res 2012, 40 (Database issue): D413-419",,,,,,,,,,,,
PMTDB01313,C1CCN2C(C1)C34CC2C=CC3=CC(=O)O4,bitter,"bitter[1](1) Wang D-S, Fang L-H, Du G-H, 2018. Securinine, in: Du G-H (Ed.), Natural Small Molecule Drugs from Plants. Springer Singapore, Singapore, pp. 325–330. doi: 10.1007/978-981-10-8022-7_54",,,,,,,,,,,,
PMTDB01314,C1C(C(OC2=C1C(=CC(=C2C3C(C(OC4=C3C(=CC5=C4C6C(C(O5)(OC7=CC(=CC(=C67)O)O)C8=CC=C(C=C8)O)O)O)C9=CC=C(C=C9)O)O)O)O)C1=CC=C(C=C1)O)O,sweet,"sweet[1](1) Baek, N.I. et al., 1993. Selligueain A, a novel highly sweet proanthocyanidin from the rhizomes of Selliguea feei. J. Nat. Prod. 56, 1532–1538. https://doi.org/10.1021/np50099a011",,,,,,,,,,,,
PMTDB01315,CC=C1CC(C(C(=O)OCC2=CCN3C2C(CC3)OC1=O)(C)O)C,bitter,"bitter[1](1) Barger, G., Blackie, J.J., 1936. 169. Alkaloids of Senecio. Part II. Senecionine and squalidine. J. Chem. Soc. 743–745[2](2) De Waal, H.L., 1940. Senecio alkaloids. Part III. Chemical investigations upon the Senecio species responsible for"" bread-poisoning"". The isolation of senecionine from Senecio ilicifolius Thunb. and a new alkaloid"" rosmarinine"" from Senecio rosmarinifolius Linn. Onderstepoort J. Veterinary Sci. Anim. lndustry 15, 241–249[3](3) The Merck Index, Thirteenth Edition, 2001. . Merck & Co., Inc., Whitehouse Station, New Jersey, USA, New Jersey, USA[4](4) Wiener A et al, 2012. BitterDB: a database of bitter compounds. Nucleic Acids Res 2012, 40 (Database issue): D413-419[5](5) Bassoli A, Borgonovo G, Busnelli G, 2007. Alkaloids and the Bitter Taste. In: Fattorusso E, Taglialatela-Scafati O (eds) Modern Alkaloids: Structure, Isolation, Synthesis and Biology. Wiley-VCH Verlag GmbH & Co. KGaA, Weinheim, Germany, pp 53–72",,,,,,,,,,,,
PMTDB01316,C1=CC2=C(C=C1O)C(=CN2)CCN,astringent,"astringent[1](1) Schwarz, B., Hofmann, T., 2007. Isolation, structure determination, and sensory activity of mouth-drying and astringent nitrogen-containing phytochemicals isolated from red currants (Ribes rubrum). J. Agric. Food Chem. 55, 1405–1410",,,,,,,,,,,,
PMTDB01317,CC(=O)OC1CCC(C2C13COC(C2O)(C45C3C(CC(C4)C(=C)C5=O)OC(=O)C)O)(C)C,bitter,"bitter[1](1) Kubota, T., Kubo, I., 1969. The two bitter principles of Isodon shikokianus Kudo. Bull. Chem. Soc. Jpn. 42, 1778[2](2) Kubota T, Kubo I, 1969. Bitterness and Chemical Structure. Nature, 223 (5201), 97–99. doi: 10.1038/223097a3",,,,,,,,,,,,
PMTDB01318,CC1C2CC(=O)OC3C24COC(=O)C1(C4C5(C(C3)C(=CC(=O)C5O)C)C)O,bitter,"bitter[1](1) Ishibashi M, et al., 1981. Shinjudilactone, a new bitter principle from Ailanthus altissima Swingle. Chern Lett 1597 -1598[2](2) Ishibashi, M. et al, 1983. Constituents of the Root Bark of Ailanthus altissima S WINGLE. Isolation and X-Ray Crystal Structures of Shinjudilactone and Shinjulactone C and Conversion of Ailanthone into Shinjudilactone. Bull. Chem. Soc. Jpn. 56, 3683–3693",,,,,,,,,,,,
PMTDB01319,[H]C12C3(O)OCC11C([H])(CC4C(C)=CC(OC5OC(CO)C(O)C(O)C5O)C(O)C24C)OC(=O)CC1([H])C(=C)C3O,bitter,"bitter[1](1) Yoshimura, S. et al, 1984. Constituents of seeds of Ailanthus altissima Swingle. Isolation and structures of shinjuglycosides A, B, C, and D. Bull. Chem. Soc. Jpn. 57, 2496–2501.[2](2) Tang W, Eisenbrang G, 1992. Chinese Drugs of Plant Origin. Chemistry, Pharmacology, and Use in Traditional and Modem Medicine. Springer",,,,,,,,,,,,
PMTDB01320,[H]C12CC3([H])C(C)CC(OC4OC(CO)C(O)C(O)C4O)C(=O)C3(C)C3([H])C(OC(C)=O)C(=O)C(C)C([H])(CC(=O)O1)C23C,bitter,"bitter[1](1) Yoshimura, S. et al, 1984. Constituents of seeds of Ailanthus altissima Swingle. Isolation and structures of shinjuglycosides A, B, C, and D. Bull. Chem. Soc. Jpn. 57, 2496–2501.[2](2) Tang W, Eisenbrang G, 1992. Chinese Drugs of Plant Origin. Chemistry, Pharmacology, and Use in Traditional and Modem Medicine. Springer",,,,,,,,,,,,
PMTDB01321,[H]C12CC3([H])C(C)CC(OC4OC(CO)C(O)C(O)C4O)C(=O)C3(C)C3([H])C(O)C(=O)C(C)C([H])(CC(=O)O1)C23C,bitter,"bitter[1](1) Yoshimura, S. et al, 1984. Constituents of seeds of Ailanthus altissima Swingle. Isolation and structures of shinjuglycosides A, B, C, and D. Bull. Chem. Soc. Jpn. 57, 2496–2501.[2](2) Tang W, Eisenbrang G, 1992. Chinese Drugs of Plant Origin. Chemistry, Pharmacology, and Use in Traditional and Modem Medicine. Springer",,,,,,,,,,,,
PMTDB01322,CC1=CC(C(C2(C1CC3C45C2C(C(C(=C)C4CC(=O)O3)O)(OC5)O)C)O)O,bitter,"bitter[1](1) Naora H et al, 1983. Structure determination of bitter principles in Ailanthus altissima. Structure of shinjulactone A and revised structure of ailanthone. Bull. Chem. Soc. Jpn. 56, 3694–3698.",,,,,,,,,,,,
PMTDB01323,CC1C2CC(=O)OC3C2(C(=C(C1=O)O)C(C3)(C)C4C(=CC(=O)O4)C)CO,bitter,"bitter[1](1) Furuno T et al, 1984. Structure Determination of Bitter Principles of Ailanthus altissima. Structures of Shinjulactones B, D, and E. Bull. Chem. Soc. Jpn. 57, 2484–2489. doi: 10.1246/bcsj.57.2484",,,,,,,,,,,,
PMTDB01324,CC1CC(C(C2(C1CC3C45C2C(C(C(C4CC(=O)O3)C)O)(OC5)O)C)O)O,bitter,"bitter[1](1) Furuno T et al, 1984. Structure Determination of Bitter Principles of Ailanthus altissima. Structures of Shinjulactones B, D, and E. Bull. Chem. Soc. Jpn. 57, 2484–2489. doi: 10.1246/bcsj.57.2484",,,,,,,,,,,,
PMTDB01325,CC1=CC(=O)C(C2(C1C(C3C45C2C(C(C(=C)C4CC(=O)O3)O)(OC5)O)O)C)O,bitter,"bitter[1](1) Ishibashi M et al, 1985. Structure determination of a new bitter principle, shinjulactone L, from Ailanthus altissima. Bull. Chem. Soc. Jpn. 58, 2723–2724.",,,,,,,,,,,,
PMTDB01326,CC1C2CC(=O)OC3C2(C4=C(C1=O)OC5(C4(C(C3)C(=CC5=O)C)C)O)CO,bitter,"bitter[1](1) Ishibashi M, Yoshimura S, et al, 1984. Shinjulactone F, a new bitter principle with a 5pH-picrasane skeleton from Ailanthus altissima",,,,,,,,,,,,
PMTDB01327,CC1C2CC(=O)OC3C2(C(C(C1O)O)C4(C(C3)C(=CC(=O)C4O)C)C)CO,bitter,"bitter[1](1) Ishibashi M, Yoshimura S, et al, 1984. Shinjulactone G and H, new bitter principles from Ailanthus altissima",,,,,,,,,,,,
PMTDB01328,CC1CC(C(=O)C2(C1CC3C4(C2C(=O)C(C(C4CC(=O)O3)C)O)C)C)O,bitter,"bitter[1](1) Ishibashi M, Yoshimura S, et al, 1984. Shinjulactone G and H, new bitter principles from Ailanthus altissima",,,,,,,,,,,,
PMTDB01329,CC1CC(C(=O)C2(C1CC3C4(C2C(=O)C(C(C4CC(=O)O3)C)OC(=O)C)C)C)O,bitter,"bitter[1](1) Furuno T et al, 1984. Structure Determination of Bitter Principles of Ailanthus altissima. Structures of Shinjulactones B, D, and E. Bull. Chem. Soc. Jpn. 57, 2484–2489. doi: 10.1246/bcsj.57.2484",,,,,,,,,,,,
PMTDB01330,[H]C12C3(O)OCC11C([H])(CC4([H])C(C)=CC(=O)C(O)C24C)OC(=O)CC1([H])C(O)(CO)C3O,bitter,"bitter[1](1) Niimi Y et al, 1986. Structure Determination of Shinjulactones M and N, New Bitter Principles from Ailanthus altissima SWINGLE . Bull. Chem. Soc. Jpn.59 (5): 1638-1640",,,,,,,,,,,,
PMTDB01331,[H]C12C3(O)OCC11C([H])(CC4([H])C(C)=CC([H])(O)C(O)C24C)OC(=O)C(O)C1([H])C(=C)C3O,bitter,"bitter[1](1) Niimi Y et al, 1986. Structure Determination of Shinjulactones M and N, New Bitter Principles from Ailanthus altissima SWINGLE . Bull. Chem. Soc. Jpn.",,,,,,,,,,,,
PMTDB01332,CC(CCC(C(C)(C)O)OC1C(C(C(C(O1)COC2C(C(C(C(O2)CO)O)O)O)O)O)OC3C(C(C(C(O3)CO)O)O)O)C4CCC5(C4(CC(C6(C5CC=C7C6CCC(C7(C)C)OC8C(C(C(C(O8)CO)O)O)O)C)O)C)C,sweet,"sweet[1](1) Ahmed J et al, 2011. SuperSweet-A resource on natural and artificial sweetening agents. Nucleic Acids Res. https://doi.org/10.1093/nar/gkq917[2](2) Matsumoto, K. et al, 1990. Minor cucurbitane-glycosides from fruits of Siraitia grosvenori (Cucurbitaceae). Chem. Pharm. Bull. 38, 2030–2032.[3](3) Murata, Y. et al, 2006. Sweetness Characteristics of the Triterpene Glycosides in Siraitia grosvenori. Nippon Shokuhin Kagaku Kogaku Kaishi, 53 (10), 527–533",,,,,,,,,,,,
PMTDB01333,COC1=C(C=CC(=C1)C2C(OC3=C(O2)C=C(C=C3)C4C(C(=O)C5=C(C=C(C=C5O4)O)O)O)CO)O,bitter,"bitter[1](1) Wiener A, Shudler M, et al, 2012. BitterDB: a database of bitter compounds. Nucleic Acids Res 2012, 40 (Database issue): D413-419[2](2) Roland WSU et al, 2013. Bitter Taste Receptor Activation by Flavonoids and Isoflavonoids: Modeled Structural Requirements for Activation of hTAS2R14 and hTAS2R39. J Agric Food Chem 61: 10454–10466[3](3) Behrens, M., Meyerhof, W., 2017. The vertebrate gustatory system, in: Guichard, E., Salles, C., Morzel, M., Le Bon, A.-M. (Eds.), Flavour From Food to Perception. John Wiley & Sons, Ltd, Chichester, West Sussex Hoboken, NJ, pp. 57–78.",,,,,,,,,,,,
PMTDB01334,CC1CC(C(=O)C2(C1CC3C4(C2C(CC(C4CC(=O)O3)(C)C(=O)C5CC(=O)OC5)OC(=O)C)C)C)O,bitter,"bitter[1](1) Geissman, T.A., Chandorkar, K.R., 1961. Bitter principles of the Simaroubaceae. I. Chaparrin from Castela nicholsoni. J. Org. Chem. 26, 1217–1220[2](2) Hikino H et al, 1975. Picrasins, simaroubolides of Japanese quassia tree Picrasma quassioides. Phytochemistry, 14 (11), 2473–2481[3](3) Polonsky, J. et al, 1981. Structures of simarinolide and guanepolide (x-ray analysis), new quassinoids from Simaba cf orinocensis. Tetrahedron Lett. 22, 3605–3608",,,,,,,,,,,,
PMTDB01335,COC1=C(C=C(C=C1)C2=CC(=O)C3=C(C(=C(C=C3O2)OC)OC)OC)OC,bitter,"bitter[1](1) Wiener A et al, 2012. BitterDB: a database of bitter compounds. Nucleic Acids Res 2012, 40 (Database issue): D413-419[2](2) Drewnowski A, Gomez-Carneros C (2000). Bitter taste, phytonutrients, and the consumer: a review. Am J Clin Nutr 72 (6): 1424-35",,,,,,,,,,,,
PMTDB01336,C=CCC(=NOS(=O)(=O)[O-])SC1C(C(C(C(O1)CO)O)O)O.[K+],Bitter; astringent; pungent;,"Bitter[1](1) Fenwick, G.R. et al, 1983. Bitterness in brussels sprouts (Brassica oleracea L. var. gemmifera): The role of glucosinolates and their breakdown products. J. Sci. Food Agric. 34, 73–80[2](2) Meyerhof W et al. 2010. The molecular receptive ranges of human TAS2R bitter taste receptors. Chem Senses 35 (2): 157-70.[3](3) Beck TK et al, 2014. The masking effect of sucrose on perception of bitter compounds in brassica vegetables. J. Sens. Stud. 29, 190–200[4](4) Lossow, K. et al, 2016. Comprehensive Analysis of Mouse Bitter Taste Receptors Reveals Different Molecular Receptive Ranges for Orthologous Receptors in Mice and Humans. J. Biol. Chem. 291, 15358–15377[5](5) Wiener A et al, 2012. BitterDB: a database of bitter compounds. Nucleic Acids Res 2012, 40 (Database issue): D413-419[6](6) Behrens, M. et al, 2013. Genetic, functional, and phenotypic diversity in TAS2R38-mediated bitter taste perception. Chem. Senses 38, 475–484; astringent[3](3) Beck TK et al, 2014. The masking effect of sucrose on perception of bitter compounds in brassica vegetables. J. Sens. Stud. 29, 190–200; pungent[3](3) Beck TK et al, 2014. The masking effect of sucrose on perception of bitter compounds in brassica vegetables. J. Sens. Stud. 29, 190–200;",,,,,,,,,,,,
PMTDB01337,COC1=C(C=C(C=C1)CCCOC(=O)CCC2=CC(=C(C=C2)OC)OC)OC,bitter,"bitter[1](1) Wiener A et al, 2012. BitterDB: a database of bitter compounds. Nucleic Acids Res 2012, 40 (Database issue): D413-419[2](2) Brockhoff A et al, 2007. Broad tuning of the human bitter taste receptor hTAS2R46 to various sesquiterpene lactones, clerodane and labdane diterpenoids, strychnine, and denatonium. J Agric Food Chem 55: 6236–6243",,,,,,,,,,,,
PMTDB01338,COC1=C(C2=C(C=C1)C(=C3C=COC3=N2)OC)OC,bitter,"bitter[1](1) Mancuso G. et al, 2015. Phytochemicals from Ruta graveolens Activate TAS2R Bitter Taste Receptors and TRP Channels Involved in Gustation and Nociception. Molecules 20, 18907–18922[2](2) Wiener A et al, 2012. BitterDB: a database of bitter compounds. Nucleic Acids Res 2012, 40 (Database issue): D413-419",,,,,,,,,,,,
PMTDB01339,CS(=O)CC(C(=O)O)N,pungency precursor,"pungency precursor[1](1) Sun Yoo K, Pike LM, 1998. Determination of flavor precursor compound s-alk (en)yl-L-cysteine sulfoxides by an HPLC method and their distribution in Allium species. Scientia Horticulturae, 75 (1–2), 1–10",,,,,,,,,,,,
PMTDB01340,CC1CCC2(C(C3C(O2)CC4C3(CCC5C4CCC6C5(CCC(C6)OC7C(C(C(C(O7)COC8C(C(C(C(O8)CO)O)O)O)OC9C(C(C(C(O9)C)O)O)O)O)OC2C(C(C(C(O2)CO)O)O)O)C)C)C)OC1,bitter (insufficient evidence),"bitter (insufficient evidence)[1](1) Phillips CDF, 1886. Materia Medica and Therapeutics: Vegetable Kingdom. Organic Compounds. Animal Kingdom. L & A. Churchill 11, New Burlington Street, London, UK",,,,,,,,,,,,
PMTDB01341,CC1CCC2C(C3C(N2C1)CC4C3(CCC5C4CC=C6C5(CCC(C6)O)C)C)C,bitter,"bitter[1](1) Belitz, H.D., Grosch, W., Schieberle, P., 2009. Food chemistry, 4th ed, Food Chemistry. Springer Berlin Heidelberg. doi: 10.1007/978-3-540-69934-7[2](2) Wiener A et al, 2012. BitterDB: a database of bitter compounds. Nucleic Acids Res 2012, 40 (Database issue): D413-419",,,,,,,,,,,,
PMTDB01342,CC1CCC2(C(C3C(O2)CC4C3(CCC5C4CC=C6C5(CCC(C6)O)C)C)C)NC1,bitter,"bitter[1](1) Bassoli A, Borgonovo G, Busnelli G, 2007. Alkaloids and the Bitter Taste. In: Fattorusso E, Taglialatela-Scafati O (eds) Mod. Alkaloids Structure Isolation Synthesis Biology. Wiley-VCH Verlag GmbH & Co. KGaA, Weinheim, Germany, pp 53–72",,,,,,,,,,,,
PMTDB01343,CC1CCC2(C(C3C(O2)CC4C3(CCC5C4CC=C6C5(CCC(C6)OC7C(C(C(C(O7)CO)O)OC8C(C(C(C(O8)CO)O)O)O)OC9C(C(C(C(O9)C)O)O)O)C)C)C)NC1,bitter,"bitter[1](1) De Waal HL et al, 1960. Bitter principle of Solanum melongena (egg plant) fruits. J South African Chem Inst XIII: 45–47[2](2) Bagheri et al, 2017. Evaluation of Solasonine Content and Expression Patterns of SGT1 Gene in Different Tissues of Two Iranian Eggplant (Solanum melongena L.) Genotypes, Food Technol Biotechnol. 55 (2): 236–242",,,,,,,,,,,,
PMTDB01344,CC1C(CC2(C(C1(C)CCC(=CC(=O)O)C)CCC=C2C)C)OC(=O)C,bitter,"bitter[1](1) Kusumoto, S. et al, 1968. The structure of solidagonic acid, a bitter principle of goldenrod. Tetrahedron Lett. 9, 4325–4327",,,,,,,,,,,,
PMTDB01345,C(C(C(C(C(CO)O)O)O)O)O,sweet,"sweet[1](1) Amerine, M.A., Pangborn, R.M., Roessler, E.B., 1965. CHAPTER 2 - The Sense of Taste, in: Amerine, M.A., Pangborn, R.M., Roessler, E.B. (Eds.), Principles of Sensory Evaluation of Food. Academic Press, pp. 28–144. doi: https://doi.org/10.1016/B978-1-4832-0018-7.50006-4[2](2) Moskowitz, H.R., 1971. The Sweetness and Pleasantness of Sugars. Am. J. Psychol. 84, 387–405[3](3) Kearsley, M.W.et al., 1980. The production and properties of glucose syrups. III. Sweetness of glucose syrups and related carbohydrates. Starch‐Stärke 32, 244–247.[4](4) Steglich, W., Fugmann, B., Lang-Fugmann, S., 2000. Römpp encyclopedia natural products. Georg Thieme Verlag, Leverkusen, Ratingen, Munich, Germany. 784 pp[5](5) Tinti, J.M., Nofre, C., 2001. Responses of the ant Lasius niger to various compounds perceived as sweet in humans: a structure-activity relationship study. Chem. Senses 26, 231–237[6](6) Kim N-C, Kinghorn AD, 2002. Sweet-tasting and sweetness-modifying constituents of plants. In: Atta-ur-Rahman BT-S in NPC (ed) Bioact. Nat. Prod. (Part H). Elsevier, pp 3–57[7](7) Belitz, H.D., Grosch, W., Schieberle, P., 2009. Food chemistry, 4th ed, Food Chemistry. Springer Berlin Heidelberg. doi: 10.1007/978-3-540-69934-7",,,,,,,,,,,,
PMTDB01346,C1CCN2CC3CC(C2C1)CN4C3CCCC4,bitter,"bitter[1](1) Sohn CE, 1894. Dictionary of the active principles of plants : alkaloids, bitter principles, glucosides, their sources, nature, and chemical characteristics, with tabular summary, classification of reactions, and full botanical and general indexes. Baillière, Tindall and Cox, London[2](2) Bleitgen R et al, 1979. Die Lupine—ein Beitrag zur Nahrungsversorgung in den Anden. Z. Ernahrungswiss. 18, 104–111.[3](3) Wiener A et al, 2012. BitterDB: a database of bitter compounds. Nucleic Acids Res 2012, 40 (Database issue): D413-419[4](4) Aniszewski T, 2015. Chapter 1 - Definition, typology, and occurrence of alkaloids. In: Alkaloids, 2nd ed. Elsevier, Boston, pp 1–97[5](5) Lossow, K. et al, 2016. Comprehensive Analysis of Mouse Bitter Taste Receptors Reveals Different Molecular Receptive Ranges for Orthologous Receptors in Mice and Humans. J. Biol. Chem. 291, 15358–15377",,,,,,,,,,,,
PMTDB01347,CCCS(=O)CC(C(=O)O)N,pungency precursor,"pungency precursor[1](1) Sun Yoo K, Pike LM, 1998. Determination of flavor precursor compound s-alk (en)yl-L-cysteine sulfoxides by an HPLC method and their distribution in Allium species. Scientia Horticulturae, 75 (1–2), 1–10",,,,,,,,,,,,
PMTDB01348,CC=C1CC(C(C(=O)OCC2=CCN3C2C(CC3)OC1=O)(C)O)C,bitter (insufficient evidence),"bitter (insufficient evidence)[1](1) Barger, G., Blackie, J.J., 1936. 169. Alkaloids of Senecio. Part II. Senecionine and squalidine. J. Chem. Soc. 743–745",,,,,,,,,,,,
PMTDB01349,COC1=CC(=CC(=C1O)OC)CC(CO)C(CC2=CC(=C(C(=C2)OC)O)OC)COC3C(C(C(CO3)O)O)O,bitter,"bitter[1](1) Marchal, A., Cretin, B. N., et al., 2015. Contribution of oak lignans to wine taste: chemical identification, sensory characterization and quantification, Tetrahedron, 2015;71 (20): 3148-3156",,,,,,,,,,,,
PMTDB01350,C[N+]1(CCCC1C(=O)[O-])C,sweet; bitter,"sweet[1](1) Manske RH., Holmes HL, 1950. The Alkaloids- Chemistry and Physiology. Academic Press Inc., New York; bitter[2](2) Meyer, S. et al, 2016. Sensomics-assisted elucidation of the tastant code of cooked crustaceans and taste reconstruction experiments. J. Agric. Food Chem. 64, 1164–1175",,,,,,,,,,,,
PMTDB01351,CCCCCCCCCCCCCCCCCC(=O)O,"pungent; bitter (contradictory evidence): non bitter, bitter; fatty;","pungent[1](1) Stephan, A., Steinhart, H., 2000. Bitter taste of unsaturated free fatty acids in emulsions: contribution to the off-flavour of soybean lecithins. Eur. Food Res. Technol. 212, 17–25[4](4) Lainer J et al, 2019. Characterization of Bitter-Tasting Oxylipins in Poppy Seeds (Papaver somniferum L.). J. Agric. Food Chem.; bitter (contradictory evidence): non bitter[1](1) Stephan, A., Steinhart, H., 2000. Bitter taste of unsaturated free fatty acids in emulsions: contribution to the off-flavour of soybean lecithins. Eur. Food Res. Technol. 212, 17–25[2](2) Wieser, H. et al, 1984. Untersuchungen über den Bittergeschmack von Emulsionen höherer Fettsäuren. Zeitschrift für Leb. Und-forsch. 179, 447–449, bitter[3](3) Ebba, S. et al, 2012. The examination of fatty acid taste with edible strips. Physiol. Behav. 106, 579–586[4](4) Lainer J et al, 2019. Characterization of Bitter-Tasting Oxylipins in Poppy Seeds (Papaver somniferum L.). J. Agric. Food Chem.; fatty[3](3) Ebba, S. et al, 2012. The examination of fatty acid taste with edible strips. Physiol. Behav. 106, 579–586;",,,,,,,,,,,,
PMTDB01352,CCC1C2C3CCC(N3CCCC2OC14C=C(C(=O)O4)C)C5CC(C(=O)O5)C,bitter,"bitter[1](1) Bassoli A, Borgonovo G, Busnelli G, 2007. Alkaloids and the Bitter Taste. In: Fattorusso E, Taglialatela-Scafati O (eds) Modern Alkaloids: Structure, Isolation, Synthesis and Biology. Wiley-VCH Verlag GmbH & Co. KGaA, Weinheim, Germany, pp 53–72",,,,,,,,,,,,
PMTDB01353,COC1=CC(=C2C(=O)CC(OC2=C1)C3=CC(=C(C=C3)O)O)O,bitter; herbal; woody; dry;,"bitter[1](1) Ley JP et al, 2005. Evaluation of bitter masking flavanones from Herba Santa (Eriodictyon californicum (H. and A.) Torr., Hydrophyllaceae). J. Agric. Food Chem. 53, 6061–6066. doi: 10.1021/jf0505170; herbal[1](1) Ley JP et al, 2005. Evaluation of bitter masking flavanones from Herba Santa (Eriodictyon californicum (H. and A.) Torr., Hydrophyllaceae). J. Agric. Food Chem. 53, 6061–6066. doi: 10.1021/jf0505170; woody[1](1) Ley JP et al, 2005. Evaluation of bitter masking flavanones from Herba Santa (Eriodictyon californicum (H. and A.) Torr., Hydrophyllaceae). J. Agric. Food Chem. 53, 6061–6066. doi: 10.1021/jf0505170; dry[1](1) Ley JP et al, 2005. Evaluation of bitter masking flavanones from Herba Santa (Eriodictyon californicum (H. and A.) Torr., Hydrophyllaceae). J. Agric. Food Chem. 53, 6061–6066. doi: 10.1021/jf0505170;",,,,,,,,,,,,
PMTDB01354,CC12CCCC(C1CCC34C2CCC(C3)(C(=C)C4)OC5C(C(C(C(O5)CO)O)O)O)(C)C(=O)O,sweet,"sweet[1](1) Ohtani K et al, 1992. Minor diterpene glycosides from sweet leaves of Rubus suavissimus. Phytochemistry, 31 (5), 1553–1559",,,,,,,,,,,,
PMTDB01355,CC12CCCC(C1CCC34C2CCC(C3)(C(=C)C4)OC5C(C(C(C(O5)CO)O)O)OC6C(C(C(C(O6)CO)O)O)O)(C)C(=O)OC7C(C(C(C(O7)CO)O)O)O,"sweet, bitter","sweet[1](1) Ahmed J et al, 2011. SuperSweet-A resource on natural and artificial sweetening agents. Nucleic Acids Res. https://doi.org/10.1093/nar/gkq917[2](2) Kim N-C, Kinghorn AD, 2002. Sweet-tasting and sweetness-modifying constituents of plants. In: Atta-ur-Rahman BT-S in NPC (ed) Bioact. Nat. Prod. (Part H). Elsevier, pp 3–57[3](3) Kinghorn, A.D., Soejarto, D.D., 1989. Intensely sweet compounds of natural origin. Med. Res. Rev. 9, 91–115[4](4) Kamiya, S.et al, 1979. Synthesis and taste of some analogs of stevioside. Agric. Biol. Chem. 43, 1863–1867[5](5) Takemoto, T.et al, 1983. Studies on the constituents of fructus Momordicae. I. On the sweet principle. Yakugaku zasshi J. Pharm. Soc. Japan 103, 1151., bitter[6](6) Hellfritsch, C. et al, 2012. Human psychometric and taste receptor responses to steviol glycosides. J. Agric. Food Chem. 60, 6782–6793[7](7) Wiener A et al, 2012. BitterDB: a database of bitter compounds. Nucleic Acids Res 2012, 40 (Database issue): D413-419.",,,,,,,,,,,,
PMTDB01356,CC12CCC3C(C1(CCC2C4=CC(=O)OC4)O)CCC5(C3(CCC(C5)O)C=O)O,bitter,"bitter[1](1) Chakrabarti, J.K., Sen, N.K., 1954. Bitter Constituents of the Seeds of Corchorus olitorius L., “Corchorgenin”—A New Cardiac-active Aglycone. J. Am. Chem. Soc. 76, 2390–2392[2](2) Khalique, M.A., Ahmed, M., 1952. Corchsularin, a New Bitter Principle from Jute Seeds (Corchorus capsularis, Linn.). Nature 170, 1019[3](3) Soliman, G., Saleh, W., 1950. 453. Constituents of the seeds of Corchorus olitorius, L. Part I. Corchorin and its identity with strophanthidin. J. Chem. Soc. 2198–2200",,,,,,,,,,,,
PMTDB01357,C1CN2CC3=CCOC4CC(=O)N5C6C4C3CC2C61C7=CC=CC=C75,bitter,"bitter[1](1) Brieskorn, C.H., 1990. Physiological and therapeutical aspects of bitter compounds, in: Rouseff, R.L. (Ed.), Bitternes in Foods and Beverages. Developments in Food Science Vol. 25. Elsevier Science Publishers B.V., Amsterdam, pp. 15–33[2](2) Brockhoff A et al, 2007. Broad tuning of the human bitter taste receptor hTAS2R46 to various sesquiterpene lactones, clerodane and labdane diterpenoids, strychnine, and denatonium. J Agric Food Chem 55: 6236–6243[3](3) Gao, L., Du, L.-D., Qin, X.-M., Wang, J.-H., Du, G.-H., 2018. Strychnine, in: Du, G.-H. (Ed.), Natural Small Molecule Drugs from Plants. Springer Singapore, Singapore, pp. 331–336[4](4) Wiener A et al, 2012. BitterDB: a database of bitter compounds. Nucleic Acids Res 2012, 40 (Database issue): D413-419[5](5) Grassin-Delyle, S. et al, 2013. The expression and relaxant effect of bitter taste receptors in human bronchi. Respir. Res. 14, 134[6](6) Slack, J.P. et al, 2010. Modulation of bitter taste perception by a small molecule hTAS2R antagonist. Curr. Biol. 20, 1104–1109.[7](7) Meyerhof Wet al, 2010. The molecular receptive ranges of human TAS2R bitter taste receptors. Chem Senses 35: 157–170[8](8) Lossow, K. et al, 2016. Comprehensive Analysis of Mouse Bitter Taste Receptors Reveals Different Molecular Receptive Ranges for Orthologous Receptors in Mice and Humans. J. Biol. Chem. 291, 15358–15377[9](9) Sainz, E. et al, 2007. Functional characterization of human bitter taste receptors. Biochem. J. 403, 537–543[10](10) Chialva F, Dada G, 1990. Bitterness in alcoholic beverages. In: Rouseff RL (ed) Bitternes in foods and beverages. Developments in Food Science vol. 25. Elsevier Science Publishers B.V., pp 103–122[11](11) Ward, J.C. et al, 1934. Studies on strychnine. III. The effectiveness of sucrose, saccharin and dulcin in masking the bitterness of strychinine. J. Am. Pharm. Assoc. 23, 984–988",,,,,,,,,,,,
PMTDB01358,C1C[N+]2(CC3=CCOC4CC(=O)N5C6C4C3CC2C61C7=CC=CC=C75)[O-],bitter,"bitter[1](1) Brockhoff A et al, 2007. Broad tuning of the human bitter taste receptor hTAS2R46 to various sesquiterpene lactones, clerodane and labdane diterpenoids, strychnine, and denatonium. J Agric Food Chem 55: 6236–6243[2](2) Wiener A, Shudler M, et al, 2012. BitterDB: a database of bitter compounds. Nucleic Acids Res 2012, 40 (Database issue): D413-419",,,,,,,,,,,,
PMTDB01359,CC1(C2CCC34CC(CCC3C2(CCC1O)C)C(C4)(COC5C(C(C(C(O5)CO)O)O)O)O)C,sweet,"sweet[1](1) Hirono S et al, 1990. Sweet and bitter diterpene-glucosides from leaves of Rubus suavissimus. Chem. Pharm. Bull. (Tokyo). 38, 1743–1744[2](2) Wen-hua, Z.et al, 1992. A new sweet diterpene-glucoside in leaves of Rubus suavissimus. J. Integr. Plant Biol. 34 (4): 315-318[3](3) Tanaka, O., 1997. Improvement of taste of natural sweeteners. Pure Appl. Chem. 69, 675–684.",,,,,,,,,,,,
PMTDB01360,CC1(CCCC2(C)C1CCC13CC(=C)C(C1)(CCC23O)OC1OC(CO)C(O)C(O)C1O)C(=O)OC1OC(CO)C(O)C(O)C1O,sweet,"sweet[1](1) Ohtani K et al, 1992. Minor diterpene glycosides from sweet leaves of Rubus suavissimus. Phytochemistry, 31 (5), 1553–1559[2](2) Tanaka, O., 1997. Improvement of taste of natural sweeteners. Pure Appl. Chem. 69, 675–684.",,,,,,,,,,,,
PMTDB01361,CC12CCCC(C)(C1CCC13CC(=C)C(C1)(CCC23)OC1OC(COC(=O)\C=C\C2=CC=C(O)C=C2)C(O)C(O)C1O)C(=O)OC1OC(CO)C(O)C(O)C1O,bitter,"bitter[1](1) Ohtani K et al, 1992. Minor diterpene glycosides from sweet leaves of Rubus suavissimus. Phytochemistry, 31 (5), 1553–1559[2](2) Tanaka, O., 1997. Improvement of taste of natural sweeteners. Pure Appl. Chem. 69, 675–684.",,,,,,,,,,,,
PMTDB01362,CC12CCCC(C)(C1CCC13CC(=C)C(C1)(CCC23)OC1OC(CO)C(O)C(O)C1O)C(=O)OC1OC(COC(=O)\C=C\C2=CC=C(O)C(O)=C2)C(O)C(O)C1O,bitter,"bitter[1](1) Ohtani K et al, 1992. Minor diterpene glycosides from sweet leaves of Rubus suavissimus. Phytochemistry, 31 (5), 1553–1559",,,,,,,,,,,,
PMTDB01363,O.CC1(O)CC23CC1(CCC2C1(C)CCCC(C)(C1CC3)C(O)=O)OC1OC(CO)C(O)C(O)C1O,bitter,"bitter[1](1) Ohtani K et al, 1992. Minor diterpene glycosides from sweet leaves of Rubus suavissimus. Phytochemistry, 31 (5), 1553–1559[2](2) Tanaka, O., 1997. Improvement of taste of natural sweeteners. Pure Appl. Chem. 69, 675–684.",,,,,,,,,,,,
PMTDB01364,O.CC1(O)CC23CC1(CCC2C1(C)CCCC(C)(C1CC3)C(=O)OC1OC(CO)C(O)C(O)C1O)OC1OC(CO)C(O)C(O)C1O,sweet,"sweet[1](1) Ohtani K et al, 1992. Minor diterpene glycosides from sweet leaves of Rubus suavissimus. Phytochemistry, 31 (5), 1553–1559[2](2) Tanaka, O., 1997. Improvement of taste of natural sweeteners. Pure Appl. Chem. 69, 675–684.",,,,,,,,,,,,
PMTDB01365,O.CC12CCCC(C)(C1CCC13CC(CCC21)(OC1OC(CO)C(O)C(O)C1O)C(C=O)=C3)C(=O)OC1OC(CO)C(O)C(O)C1O,sweet,"sweet[1](1) Ohtani K et al, 1992. Minor diterpene glycosides from sweet leaves of Rubus suavissimus. Phytochemistry, 31 (5), 1553–1559[2](2) Tanaka, O., 1997. Improvement of taste of natural sweeteners. Pure Appl. Chem. 69, 675–684.",,,,,,,,,,,,
PMTDB01366,O.CC12CCCC(C)(C1CCC13CC(O)(CO)C(O)(C1)CCC23)C(=O)OC1OC(CO)C(O)C(O)C1O,sweet,"sweet[1](1) Ohtani K et al, 1992. Minor diterpene glycosides from sweet leaves of Rubus suavissimus. Phytochemistry, 31 (5), 1553–1559[2](2) Tanaka, O., 1997. Improvement of taste of natural sweeteners. Pure Appl. Chem. 69, 675–684.",,,,,,,,,,,,
PMTDB01367,O.CC12CCCC(C)(C1CCC13CC(CCC21)(OC1OC(CO)C(O)C(O)C1O)C(CO)=C3)C(=O)OC1OC(CO)C(O)C(O)C1O,sweet,"sweet[1](1) Ohtani K et al, 1992. Minor diterpene glycosides from sweet leaves of Rubus suavissimus. Phytochemistry, 31 (5), 1553–1559[2](2) Tanaka, O., 1997. Improvement of taste of natural sweeteners. Pure Appl. Chem. 69, 675–684.",,,,,,,,,,,,
PMTDB01368,CC1(CO)CCCC2(C)C3CCC4CC3(CC4(O)COC3OC(CO)C(O)C(O)C3O)CCC12,bitter,"bitter[1](1) Tanaka, O., 1997. Improvement of taste of natural sweeteners. Pure Appl. Chem. 69, 675–684.",,,,,,,,,,,,
PMTDB01369,CC12CCCC(C)(C1CCC13CC(CO)C(C1)(CCC23)OC1OC(CO)C(O)C(O)C1O)C(=O)OC1OC(CO)C(O)C(O)C1O,sweet,"sweet[1](1) Tanaka, O., 1997. Improvement of taste of natural sweeteners. Pure Appl. Chem. 69, 675–684.",,,,,,,,,,,,
PMTDB01370,CC12CCCC(C)(C1CCC13CC4(O)COC(CC4(C1)OC1OC(CO)C(O)C(O)C1O)C23)C(=O)OC1OC(CO)C(O)C(O)C1O,bitter,"bitter[1](1) Tanaka, O., 1997. Improvement of taste of natural sweeteners. Pure Appl. Chem. 69, 675–684.",,,,,,,,,,,,
PMTDB01371,CC12CCCC(C)(C1CCC13CC(=O)C(C1)(CCC23)OC1OC(CO)C(O)C(O)C1O)C(=O)OC1OC(CO)C(O)C(O)C1O,sweet,"sweet[1](1) Tanaka, O., 1997. Improvement of taste of natural sweeteners. Pure Appl. Chem. 69, 675–684.",,,,,,,,,,,,
PMTDB01372,CC12CCCC(C)(C1CCC13CC(CCC21)(OC1OC(CO)C(O)C(O)C1O)C(C=O)=CO3)C(=O)OC1OC(CO)C(O)C(O)C1O,bitter,"bitter[1](1) Tanaka, O., 1997. Improvement of taste of natural sweeteners. Pure Appl. Chem. 69, 675–684.",,,,,,,,,,,,
PMTDB01373,CC12CCCC(C)(C1CCC13CC(=C)C(C1)(CCC23)OC1OC(COC2OC(CO)C(O)C(O)C2O)C(O)C(O)C1O)C(=O)OC1OC(CO)C(O)C(O)C1O,sweet,"sweet[1](1) Tanaka, O., 1997. Improvement of taste of natural sweeteners. Pure Appl. Chem. 69, 675–684.",,,,,,,,,,,,
PMTDB01374,CC12CCCC(C)(C1CCC13CC(=C)C(C1)(CCC23)OC1OC(CO)C(O)C(O)C1O)C(=O)OC1OC(COC2OC(CO)C(O)C(O)C2O)C(O)C(O)C1O,sweet,"sweet[1](1) Tanaka, O., 1997. Improvement of taste of natural sweeteners. Pure Appl. Chem. 69, 675–684.",,,,,,,,,,,,
PMTDB01375,CC12CCCC(C)(C1CCC13CC(=C)C(C1)(CCC23)OC1OC(COC2OC(CO)C(O)C(O)C2O)C(O)C(O)C1O)C(=O)OC1OC(CO)C(O)C(O)C1O,sweet,"sweet[1](1) Tanaka, O., 1997. Improvement of taste of natural sweeteners. Pure Appl. Chem. 69, 675–684.",,,,,,,,,,,,
PMTDB01376,CC12CCCC(C)(C1CCC13CC(=C)C(C1)(CCC23)OC1OC(CO)C(O)C(O)C1O)C(=O)OC1OC(COC2OC(CO)C(O)C(O)C2O)C(O)C(O)C1O,sweet,"sweet[1](1) Tanaka, O., 1997. Improvement of taste of natural sweeteners. Pure Appl. Chem. 69, 675–684.",,,,,,,,,,,,
PMTDB01377,C(CC(=O)O)C(=O)O,"sour; astringent; bitter (contradictory evidence): bitter, not-bitter; umami; salty","sour[1](1) Moskowitz, H.R., 1971. Ratio scales of acid sourness. Percept. Psychophys. 9, 371–374[2](2) Rubico, S.M., McDaniel, M.R., 1992. Sensory evaluation of acids by free-choice profiling. Chem. Senses 17, 273–289[3](3) Sowalsky, R.A., Noble, A.C., 1998. Comparison of the effects of concentration, pH and anion species on astringency and sourness of organic acids. Chem. Senses 23, 343–349[4](4) Izawa, K. et al, 2010. 4.16 - Human–Environment Interactions – Taste, in: Liu, H.-W. (Ben), Mander, L.B.T.-C.N.P.I.I. (Eds.), . Elsevier, Oxford, pp. 631–671[5](5) Polya G, 2003. Biochemical Targets of Plant Bioactive Compounds: A Pharmacological Reference Guide to Sites of Action and Biological Effects. CRC Press[6](6) Neta ERDC et al, 2007. The Chemistry and Physiology of Sour Taste—A Review. J Food Sci 72: R33-8.[7](7) Belitz, H.D., Grosch, W., Schieberle, P., 2009. Food chemistry, 4th ed, Food Chemistry. Springer Berlin Heidelberg. doi: 10.1007/978-3-540-69934-7[8](8) Wollmann N, Hufnagel J-C, Hoffman T (2013) Decoding the taste of wine using a sensomic approach. In: Ferreira V, López R (eds) Flavour Sci. Proc. from XIII Weurman Flavour Res. Symp. Elsevier Science, pp 525–532[9](9) Taylor, N.W., 1928. Acid penetration into living tissues. J. Gen. Physiol. 11, 207–219[10](10) Warmke, R. et al, 1996. Evaluation of taste compounds of Swiss cheese (Emmentaler). Eur. Food Res. Technol. 203, 230–235[11](11) Li, H., Liu, F., 2015. The chemistry of sour taste and the strategy to reduce the sour taste of beer. Food Chem. 185, 200–204[12](12) Scharbert, S., Hofmann, T., 2005. Molecular definition of black tea taste by means of quantitative studies, taste reconstitution, and omission experiments. J. Agric. Food Chem. 53, 5377–5384[13](13) Taylor, N.W. et al, 1930. Quantitative measurements on the acid taste and their bearing on the nature of the nerve receptor. Protoplasma 10, 84–97[14](14) Siebert, K.J., 1999. Modeling the flavor thresholds of organic acids in beer as a function of their molecular properties. Food Qual. Prefer. 10, 129–137[15](15) Drake, S.L. et al, 2007. Sources of Umami Taste in Cheddar and Swiss Cheeses. J. Food Sci. 72, S360–S366; astringent[2](2) Rubico, S.M., McDaniel, M.R., 1992. Sensory evaluation of acids by free-choice profiling. Chem. Senses 17, 273–289[3](3) Sowalsky, R.A., Noble, A.C., 1998. Comparison of the effects of concentration, pH and anion species on astringency and sourness of organic acids. Chem. Senses 23, 343–349; bitter (contradictory evidence): bitter[2](2) Rubico, S.M., McDaniel, M.R., 1992. Sensory evaluation of acids by free-choice profiling. Chem. Senses 17, 273–289, not-bitter[15](15) Drake, S.L. et al, 2007. Sources of Umami Taste in Cheddar and Swiss Cheeses. J. Food Sci. 72, S360–S366; umami[12](12) Scharbert, S., Hofmann, T., 2005. Molecular definition of black tea taste by means of quantitative studies, taste reconstitution, and omission experiments. J. Agric. Food Chem. 53, 5377–5384[15](15) Drake, S.L. et al, 2007. Sources of Umami Taste in Cheddar and Swiss Cheeses. J. Food Sci. 72, S360–S366[16](16) Kaneko S et al, 2006. Molecular and Sensory Studies on the Umami Taste of Japanese Green Tea. J. Agric. Food Chem. 54, 2688–2694; salty[2](2) Rubico, S.M., McDaniel, M.R., 1992. Sensory evaluation of acids by free-choice profiling. Chem. Senses 17, 273–289[15](15) Drake, S.L. et al, 2007. Sources of Umami Taste in Cheddar and Swiss Cheeses. J. Food Sci. 72, S360–S366",,,,,,,,,,,,
PMTDB01378,C(C1C(C(C(C(O1)OC2(C(C(C(O2)CO)O)O)CO)O)O)O)O,sweet,"sweet[1](1) Fabian, F.W., Blum, H.B., 1943. Relative taste-potency of some basic food constituents and their competitive and, compensatory action. Food Res. 8, 179–193[2](2) Pangborn, R.M., 1963. Relative Taste Intensities of Selected Sugars and Organic Acids. J. Food Sci. 28, 726–733[3](3) Amerine, M.A., Pangborn, R.M., Roessler, E.B., 1965. CHAPTER 2 - The Sense of Taste, in: Amerine, M.A., Pangborn, R.M., Roessler, E.B. (Eds.), Principles of Sensory Evaluation of Food. Academic Press, pp. 28–144. doi: https://doi.org/10.1016/B978-1-4832-0018-7.50006-4[4](4) Jakinovich William J, Sugarman D (1988) Sugar taste reception in mammals. Chem Senses 13: 13–31[5](5) Belitz, H.D., Grosch, W., Schieberle, P., 2009. Food chemistry, 4th ed, Food Chemistry. Springer Berlin Heidelberg. doi: 10.1007/978-3-540-69934-7[6](6) Cheron JB et al, 2017. Sweetness prediction of natural compounds. Food Chem 221: 1421–1425[7](7) Kearsley, M.W.et al., 1980. The production and properties of glucose syrups. III. Sweetness of glucose syrups and related carbohydrates. Starch‐Stärke 32, 244–247.",,,,,,,,,,,,
PMTDB01379,CC1(C2CCC34CC(CCC3C2(CCC1=O)C)C(C4)(COC5C(C(C(C(O5)CO)O)O)O)O)C,bitter,"bitter[1](1) Hirono S, Chou W-H, Kasai R, Tanaka O, Tada T, 1990. Sweet and bitter diterpene-glucosides from leaves of Rubus suavissimus. Chem. Pharm. Bull. (Tokyo). 38, 1743–1744",,,,,,,,,,,,
PMTDB01380,C1=CC(=C(C=C1C=C2C(=O)C3=C(O2)C=C(C=C3)O)O)O,bitter,"bitter[1](1) Roland WSU et al, 2013. Bitter Taste Receptor Activation by Flavonoids and Isoflavonoids: Modeled Structural Requirements for Activation of hTAS2R14 and hTAS2R39. J Agric Food Chem 61: 10454–10466[2](2) Wiener A et al, 2012. BitterDB: a database of bitter compounds. Nucleic Acids Res 2012, 40 (Database issue): D413-419[3](3) Behrens, M., Meyerhof, W., 2017. The vertebrate gustatory system, in: Guichard, E., Salles, C., Morzel, M., Le Bon, A.-M. (Eds.), Flavour From Food to Perception. John Wiley & Sons, Ltd, Chichester, West Sussex Hoboken, NJ, pp. 57–78.",,,,,,,,,,,,
PMTDB01381,CC(C)CC(=O)OC1C2C(CC(C2(COC(=O)C)O)OC(=O)C)C(=CO1)COC3C(C(C(C(O3)CO)O)O)O,bitter,"bitter[1](1) Hase T, Iwagawa T, 1982. Bitter principles of Viburnum suspensum. Chemistry Letters. 1982 Jan 5;11 (1): 13-4.",,,,,,,,,,,,
PMTDB01382,CC(C)CC(=O)OC1OC=C(CO)C2CC(OC(C)=O)C(O)(COC(C)=O)C12,bitter,"bitter[1](1) Hase T, Iwagawa T, 1982. Bitter principles of Viburnum suspensum. Chemistry Letters. 1982 Jan 5;11 (1): 13-4.",,,,,,,,,,,,
PMTDB01383,C=CC1C2CCOC(=O)C2=COC1OC3C(C(C(C(O3)CO)O)O)O,bitter,"bitter[1](1) Takino Y, Koshioka M, et al, 1980. Quantitative determination of bitter components in Swertiae herba. Planta Med 38: 351–355[2](2) Chialva F, Dada G, 1990. Bitterness in alcoholic beverages. In: Rouseff RL (ed) Bitternes in foods and beverages. Developments in Food Science vol. 25. Elsevier Science Publishers B.V., pp 103–122[3](3) Olennikov, N.D. et al, 2015. Bitter Gentian Teas: Nutritional and Phytochemical Profiles, Polysaccharide Characterisation and Bioactivity. Molecules 20, 20014–20030",,,,,,,,,,,,
PMTDB01384,C=CC1C(OC=C2C1(CCOC2=O)O)OC3C(C(C(C(O3)CO)O)O)O,bitter,"bitter[1](1) Tomita, Y, 1960. Chemical Studies of Plant Bitter Principles. II-III. II. The Bitter Principle of Swertia japonica Makino. (1) Swertiamarin. Nippon Kagaku Zassi, 81 (11), 1726–1728[2](2) Schaufelberger D, Hostettmann K, 1984. Flavonoid glycosides and a bitter principle from Lomatogonium carinthiacum. Phytochemistry 23: 787–789[3](3) Belitz H, Wieser H, 1985. Bitter compounds: Occurrence and structure‐activity relationships. Food Rev Int 1: 271–354[4](4) Chialva F, Dada G (1990) Bitterness in alcoholic beverages. In: Rouseff RL (ed) Bitternes in foods and beverages. Developments in Food Science vol. 25. Elsevier Science Publishers B.V., pp 103–122[5](5) Wiener A et al, 2012. BitterDB: a database of bitter compounds. Nucleic Acids Res 2012, 40 (Database issue): D413-419[6](6) Olennikov, N.D. et al, 2015. Bitter Gentian Teas: Nutritional and Phytochemical Profiles, Polysaccharide Characterisation and Bioactivity. Molecules 20, 20014–20030[7](7) Smith, A., Heckelman, P.E., Obenchain, J.R., Gallipeau, J.A.R., D’Arecca, M.A., Budavari, S., 2001. The Merck Index, Thirteenth Edition. (CD-ROM), Merck Co., Inc., Whitehouse Station. New Jersey, USA.",,,,,,,,,,,,
PMTDB01385,COC1=CC(=CC(=C1O)OC)C2=C(C(=O)C3=C(C=C(C=C3O2)O)O)OC4C(C(C(C(O4)CO)O)O)O,astringent; non bitter,"astringent[1](1) Hufnagel JC, Hofmann T, 2008. Orosensory-directed identification of astringent mouthfeel and bitter-tasting compounds in red wine. J. Agric. Food Chem. 56, 1376–1386.; non bitter[1](1) Hufnagel JC, Hofmann T, 2008. Orosensory-directed identification of astringent mouthfeel and bitter-tasting compounds in red wine. J. Agric. Food Chem. 56, 1376–1386.",,,,,,,,,,,,
PMTDB01386,COC1=CC(=CC(=C1O)OC)C(=O)O,astringent; bitter; sour,"astringent[1](1) Huang CJ, Zayas JF, 1991. Phenolic Acid Contributions to Taste Characteristics of Corn Germ Protein Flour Products. J. Food Sci. 56, 1308–1310. doi: 10.1111/j.1365-2621.1991.tb04759.x[2](2) Hufnagel JC, Hofmann T, 2008. Orosensory-directed identification of astringent mouthfeel and bitter-tasting compounds in red wine. J. Agric. Food Chem. 56, 1376–1386. doi: 10.1021/jf073031n[3](3) Rouseff RL, 1990. Bitternes in food products: an overview, in: Rouseff, R.L. (Ed.), Bitternes in Foods and Beverages. Developments in Food Science Vol. 25. Elsevier Science Publishers B.V., Amsterdam, pp. 1–14.[4](4) Wollmann N, Hufnagel J-C, Hoffman T, 2013. Decoding the taste of wine using a sensomic approach, in: Ferreira, V., López, R. (Eds.), Flavour Science : Proceedings from XIII Weurman Flavour Research Symposium. Elsevier Science, pp. 525–532.; bitter[1](1) Huang CJ, Zayas JF, 1991. Phenolic Acid Contributions to Taste Characteristics of Corn Germ Protein Flour Products. J. Food Sci. 56, 1308–1310. doi: 10.1111/j.1365-2621.1991.tb04759.x[2](2) Hufnagel JC, Hofmann T, 2008. Orosensory-directed identification of astringent mouthfeel and bitter-tasting compounds in red wine. J. Agric. Food Chem. 56, 1376–1386. doi: 10.1021/jf073031n[3](3) Rouseff RL, 1990. Bitternes in food products: an overview, in: Rouseff, R.L. (Ed.), Bitternes in Foods and Beverages. Developments in Food Science Vol. 25. Elsevier Science Publishers B.V., Amsterdam, pp. 1–14.[4](4) Wollmann N, Hufnagel J-C, Hoffman T, 2013. Decoding the taste of wine using a sensomic approach, in: Ferreira, V., López, R. (Eds.), Flavour Science : Proceedings from XIII Weurman Flavour Research Symposium. Elsevier Science, pp. 525–532.; sour[1](1) Huang CJ, Zayas JF, 1991. Phenolic Acid Contributions to Taste Characteristics of Corn Germ Protein Flour Products. J. Food Sci. 56, 1308–1310. doi: 10.1111/j.1365-2621.1991.tb04759.x[2](2) Hufnagel JC, Hofmann T, 2008. Orosensory-directed identification of astringent mouthfeel and bitter-tasting compounds in red wine. J. Agric. Food Chem. 56, 1376–1386. doi: 10.1021/jf073031n[3](3) Rouseff RL, 1990. Bitternes in food products: an overview, in: Rouseff, R.L. (Ed.), Bitternes in Foods and Beverages. Developments in Food Science Vol. 25. Elsevier Science Publishers B.V., Amsterdam, pp. 1–14.[4](4) Wollmann N, Hufnagel J-C, Hoffman T, 2013. Decoding the taste of wine using a sensomic approach, in: Ferreira, V., López, R. (Eds.), Flavour Science : Proceedings from XIII Weurman Flavour Research Symposium. Elsevier Science, pp. 525–532.",,,,,,,,,,,,
PMTDB01387,CCOC(=O)C1=CC(=C(C(=C1)OC)O)OC,bitter; astringent,"bitter[1](1) Hufnagel JC, Hofmann T, 2008. Orosensory-directed identification of astringent mouthfeel and bitter-tasting compounds in red wine. J Agric Food Chem 56: 1376–1386[2](2) Wiener A, Shudler M, et al, 2012. BitterDB: a database of bitter compounds. Nucleic Acids Res 2012, 40 (Database issue): D413-419[3](3) Hufnagel, J.C., Hofmann, T., 2008. Quantitative reconstruction of the nonvolatile sensometabolome of a red wine. J. Agric. Food Chem. 56, 9190–9199. https://doi.org/10.1021/jf801742w; astringent[2](2) Wiener A, Shudler M, et al, 2012. BitterDB: a database of bitter compounds. Nucleic Acids Res 2012, 40 (Database issue): D413-419[3](3) Hufnagel, J.C., Hofmann, T., 2008. Quantitative reconstruction of the nonvolatile sensometabolome of a red wine. J. Agric. Food Chem. 56, 9190–9199. https://doi.org/10.1021/jf801742w[4](4) Wollmann N, Hufnagel J-C, et al, 2013. Decoding the taste of wine using a sensomic approach. In: Ferreira V, López R (eds) Flavour Sci. Proc. from XIII Weurman Flavour Res. Symp. Elsevier Science, pp 525–532",,,,,,,,,,,,
PMTDB01388,COC1=CC(=CC(=C1OC2C(C(C(C(O2)CO)O)O)O)OC)C=CCO,bitter (insufficient evidence),"bitter (insufficient evidence)[1](1) Meillet A, 1842. Ueber das Lilacin, das bittre Princip der Lilas (Syringa vulgaris). Arch. Pharm. (Weinheim). 79, 354–356.",,,,,,,,,,,,
PMTDB01389,C1C(C(C(C(O1)OC2=CC3=C(C=C(C=C3[O+]=C2C4=CC=C(C=C4)O)O)O)O)O)O,bitter,"bitter[1](1) Swanholm, C., 1959. A chemical study of the bitter principle of pia (Tacca Leontopetaloides (L.) O. Ktze) (Doctoral dissertation, University of Hawaii).",,,,,,,,,,,,
PMTDB01390,CC1C=C2C(C3C1C4(C(C3OC(=O)C)C5C(C(C4OC(=O)C)OC(=O)C)C6(C(CC7C(C6OC(=O)C)O7)C(=O)C5O)C)C)(C(C(=O)O2)(C)O)C,bitter,"bitter[1](1) Chen ZL, Wang BD, et al., 1987. Steroidal bitter principles from Tacca plantaginea structures of taccalonolide A and B. Tetrahedron lett 1987; 28: 1673-1676.",,,,,,,,,,,,
PMTDB01391,CC1C=C2C(C3C1C4(C(C3O)C5C(C(C4OC(=O)C)OC(=O)C)C6(C(CC7C(C6OC(=O)C)O7)C(=O)C5O)C)C)(C(C(=O)O2)(C)O)C,bitter,"bitter[1](1) Chen ZL, Wang BD, et al., 1987. Steroidal bitter principles from Tacca plantaginea structures of taccalonolide A and B. Tetrahedron lett 1987; 28: 1673-1676.",,,,,,,,,,,,
PMTDB01392,CC(=O)C=CC(=O)C=O,bitter,"bitter[1](1) Imbabi E, Ibrahim K, et al, 1992. Chemical characterization of tamarind bitter principle, tamarindineal (tamarindienal). Fitotherapia 63: 537–538[2](2) Khan, I.A., Abourashed, E.A., 2010. Leung’s Encyclopedia of Common Natural Ingredients Used in Food, Drugs, and Cosmetics, 3rd ed. John Wiley & Sons, Inc., Hoboken, New Jersey[3](3) Khare CP, 2004. Indian Herbal Remedies: Rational Western Therapy, Ayurvedic and Other Traditional Usage, Botany",,,,,,,,,,,,
PMTDB01393,CC12CCC3C(C1(C(=C)CCC2O)O)OC(=O)C3=C,bitter,"bitter[1](1) Sohn CE, 1894. Dictionary of the active principles of plants : alkaloids, bitter principles, glucosides, their sources, nature, and chemical characteristics, with tabular summary, classification of reactions, and full botanical and general indexes. Baillière, Tindall and Cox, London[2](2) Suchý, M., 1962. Plant substances. XIII. Tanacetin, the bitter principle of common tansy (Tanacetum vulgare L.). Collect. Czechoslov. Chem. Commun. 27, 1058–1060",,,,,,,,,,,,
PMTDB01394,COC1=CC=C(C=C1)C2=CC(=O)C3=C(O2)C(=C(C(=C3OC)OC)OC)OC,bitter,"bitter[1](1) Behrens M et al, 2018. Bitter substances from plants used in traditional Chinese medicine exert biased activation of human bitter taste receptors. Chem Biol Drug Des. 91 (2): 422-433[2](2) Drewnowski A, Gomez-Carneros C, 2000. Bitter taste, phytonutrients, and the consumer: a review. Am J Clin Nutr 72: 1424–35[3](3) Wiener A, Shudler M, Levit A, et al, 2012. BitterDB: a database of bitter compounds. Nucleic Acids Res 40: D413–D419[4](4) Batenburg, A.M. et al, 2016. Characterization and Modulation of the Bitterness of Polymethoxyflavones Using Sensory and Receptor-Based Methods. J. Agric. Food Chem. 64, 2619–2626[5](5) Kuroda, Y. et al, 2016. Activation of human bitter taste receptors by polymethoxylated flavonoids. Biosci. Biotechnol. Biochem. 80, 2014–2017[6](6) Veldhuis, M.K.et al, 1970. Fully-Methoxylated Flavones in Florida Orange Juices. J. Agric. Food Chem. 18, 590–592",,,,,,,,,,,,
PMTDB01395,C1=C(C=C(C(=C1O)O)O)C(=O)OC2=CC(=CC(=C2O)O)C(=O)OCC3C(C(C(C(O3)OC(=O)C4=CC(=C(C(=C4)OC(=O)C5=CC(=C(C(=C5)O)O)O)O)O)OC(=O)C6=CC(=C(C(=C6)OC(=O)C7=CC(=C(C(=C7)O)O)O)O)O)OC(=O)C8=CC(=C(C(=C8)OC(=O)C9=CC(=C(C(=C9)O)O)O)O)O)OC(=O)C1=CC(=C(C(=C1)OC(=O)C1=CC(=C(C(=C1)O)O)O)O)O,"astringent, bitter","astringent[1](1) Joslyn, M.A., Goldstein, J.L., 1964. Astringency of Fruits and Fruit Products in Relation to Phenolic Content, in: Chichester, C.O., Mrak, E.M., Stewart, G.F.B.T.-A. in F.R. (Eds.), . Academic Press, pp. 179–217. doi: https://doi.org/10.1016/S0065-2628 (08)60101-9[2](2) Arctander, S., 1969. Perfume and Flavor Chemicals (Aroma Chemicals) Vol.1. Allured Publishing Corporation[3](3) Sanderson, G.W., Ranadive, A.S., Eisenberg, L.S., Farrell, F.J., Simons, R., Manley, C.H., Coggon, P., 1976. Contribution of polyphenolic compounds to the taste of tea, in: ACS Symp Ser Amer Chem Soc. pp. 14–46[4](4) Robichaud, J.L., Noble, A.C., 1990. Astringency and bitterness of selected phenolics in wine. J. Sci. Food Agric. 53, 343–353[5](5) Critchley HD, Rolls ET, 1996. Responses of primate taste cortex neurons to the astringent tastant tannic acid. Chem Senses 21: 135–145[6](6) Valentova, H. et al, 2001. Determination of astringent taste in model solutions and beverages. Czech J. Food Sci. 19, 196–200[7](7) Valentová, H. et al, 2002. Time–intensity studies of astringent taste. Food Chem. 78, 29–37, bitter[2](2) Arctander, S., 1969. Perfume and Flavor Chemicals (Aroma Chemicals) Vol.1. Allured Publishing Corporation[3](3) Sanderson, G.W., Ranadive, A.S., Eisenberg, L.S., Farrell, F.J., Simons, R., Manley, C.H., Coggon, P., 1976. Contribution of polyphenolic compounds to the taste of tea, in: ACS Symp Ser Amer Chem Soc. pp. 14–46[4](4) Robichaud, J.L., Noble, A.C., 1990. Astringency and bitterness of selected phenolics in wine. J. Sci. Food Agric. 53, 343–353",,,,,,,,,,,,
PMTDB01396,CC1=C2C(=CC3=C(C(=O)OC3C1)C)C(=CC2=O)C,bitter,"bitter[1](1) Sohn CE, 1894. Dictionary of the active principles of plants : alkaloids, bitter principles, glucosides, their sources, nature, and chemical characteristics, with tabular summary, classification of reactions, and full botanical and general indexes. Baillière, Tindall and Cox, London[2](2) Schienle, A., Arendasy, M., Schwab, D., 2015. Disgust responses to bitter compounds: The role of disgust sensitivity. Chemosens. Percept. 8, 167–173",,,,,,,,,,,,
PMTDB01397,CC1=CC2C(CCC(=CCC1)C(=O)OC3C(C(C(C(O3)CO)O)O)O)C(=C)C(=O)O2,bitter,"bitter[1](1) Kuusi, T.et al, 1985. The bitterness properties of dandelion. II. Chemical investigations. Lebensmittel-Wissenschaft und- Technologie 18, 347–349[2](2) Fenwick GR, Curl CL, Griffiths NM, Heaney R.K. Price K.R., 1990. Bitter principles in food plants. In: Rouseff RL (ed) Bitternes in foods and beverages. Developments in Food Science vol. 25. Elsevier Science Publishers B.V., Amsterdam, pp 205–250[3](3) [Hook IL., 1994. Taraxacum officinale Weber Dandelion In Vitro Culture Micropropagation and the Production of Volatile Metabolites. In: Bajaj YPS (ed) Med. Aromat. Plants- VI. Springer Science & Business Media, pp 356–369",,,,,,,,,,,,
PMTDB01398,C(C(C(=O)O)O)(C(=O)O)O,"sour, astringent","sour[1](1) Moskowitz HR, 1971. Ratio scales of acid sourness. Percept. Psychophys. 9, 371–374[2](2) Sowalsky RA, Noble AC, 1998. Comparison of the effects of concentration, pH and anion species on astringency and sourness of organic acids. Chem. Senses 23, 343–349[3](3) Izawa K, Amino Y, Kohmura M, Ueda Y, Kuroda M, 2010. 4.16 - Human–Environment Interactions – Taste, in: Liu, H.-W. (Ben), Mander, L.B.T.-C.N.P.I.I. (Eds.), . Elsevier, Oxford, pp. 631–671, doi.org/10.1016/B978-008045382-8.00108-8[4](4) Belitz HD, Grosch W, Schieberle P, 2009. Food chemistry, 4th ed, Food Chemistry. Springer Berlin Heidelberg. doi: 10.1007/978-3-540-69934-7, astringent[2](2) Sowalsky RA, Noble AC, 1998. Comparison of the effects of concentration, pH and anion species on astringency and sourness of organic acids. Chem. Senses 23, 343–349",,,,,,,,,,,,
PMTDB01399,CC1=CC(C2C(C=C(C(CC1)O)C)OC(=O)C2=C)O,bitter,"bitter[1](1) Wiener A et al, 2012. BitterDB: a database of bitter compounds. Nucleic Acids Res 2012, 40 (Database issue): D413-419[2](2) Brockhoff A et al, 2007. Broad tuning of the human bitter taste receptor hTAS2R46 to various sesquiterpene lactones, clerodane and labdane diterpenoids, strychnine, and denatonium. J Agric Food Chem 55: 6236–6243[3](3) Lossow K, Hübner S, Roudnitzky N, Slack JP, Pollastro F, Behrens M, Meyerhof W, 2016. Comprehensive Analysis of Mouse Bitter Taste Receptors Reveals Different Molecular Receptive Ranges for Orthologous Receptors in Mice and Humans. J Biol Chem;291 (29): 15358-77.",,,,,,,,,,,,
PMTDB01400,CC1=CC(C2C(CC(=C)C(CC1)O)OC(=O)C2=C)O,bitter,"bitter[1](1) Wiener A et al, 2012. BitterDB: a database of bitter compounds. Nucleic Acids Res 2012, 40 (Database issue): D413-419[2](2) Meyerhof W et al. 2010. The molecular receptive ranges of human TAS2R bitter taste receptors. Chem Senses 35 (2): 157-70.[3](3) Brockhoff A et al, 2007. Broad tuning of the human bitter taste receptor hTAS2R46 to various sesquiterpene lactones, clerodane and labdane diterpenoids, strychnine, and denatonium. J Agric Food Chem 55 (15): 6236-43",,,,,,,,,,,,
PMTDB01401,C(CS(=O)(=O)O)N,bitter,"bitter[1](1) Brockhoff A et al, 2007. Broad tuning of the human bitter taste receptor hTAS2R46 to various sesquiterpene lactones, clerodane and labdane diterpenoids, strychnine, and denatonium. J Agric Food Chem 55: 6236–6243[2](2) Meyerhof Wet al, 2010. The molecular receptive ranges of human TAS2R bitter taste receptors. Chem Senses 35: 157–170[3](3) Burdock GA, 2010. Fenaroli’s Handbook of Flavor Ingredients, Sixth. CRC Press, Taylor and Francis Group, Boca Raton London New York[4](4) Wiener A et al, 2012. BitterDB: a database of bitter compounds. Nucleic Acids Res 2012, 40 (Database issue): D413-419[5](5) Schlichtherle-Cerny, H., Grosch, W., 1998. Evaluation of taste compounds of stewed beef juice. Zeitschrift für Leb. und -forsch. A 207, 369–376",,,,,,,,,,,,
PMTDB01402,CC(=O)OC1C(OC2=CC(=CC(=C2C1=O)O)O)C3=CC(=C(C=C3)O)O,sweet,"sweet[1](1) Harborne J, Baxter H, Moss GP, 1999. Phytochemical dictionary : a handbook of bioactive compounds from plants, 2nd ed. CRC Press. Taylor & Francis[2](2) Polya G, 2003. Biochemical Targets of Plant Bioactive Compounds: A Pharmacological Reference Guide to Sites of Action and Biological Effects. CRC Press",,,,,,,,,,,,
PMTDB01403,C1=CC(=CC=C1C(C#N)OC2C(C(C(C(O2)CO)O)O)O)O,bitter,"bitter[1](1) Fenwick GR, Curl CL, Griffiths NM, et al, 1990. Bitter principles in food plants. In: Rouseff RL (ed) Bitternes foods beverages. Dev. Food Sci. vol. 25. Elsevier Science Publishers B.V., Amsterdam, pp 205–250[2](2) Belitz H, Wieser H, 1985. Bitter compounds: Occurrence and structure‐activity relationships. Food Rev Int 1: 271–354",,,,,,,,,,,,
PMTDB01404,CC12CCCC(=C)C1(CC3C(C2)OC(=O)C3=C)O,bitter,"bitter[1](1) Brockhoff A et al, 2007. Broad tuning of the human bitter taste receptor hTAS2R46 to various sesquiterpene lactones, clerodane and labdane diterpenoids, strychnine, and denatonium. J Agric Food Chem 55: 6236–6243[2](2) Hegnauer R, Hegnauer M, 1966. Chemotaxonomie der pflanzen: dicotyledoneae: daphniphyllaceae-lythraceae. Birkhäuser Basel.",,,,,,,,,,,,
PMTDB01405,[H]C12CCC3C(CC(OC(C)=O)C4(C)C(O)(CCC34O)C(C)OC(=O)C(C)CC)C1(C)CCC(C2)OC1CC(O)C(OC2CC(OC)C(OC3CC(OC)C(OC4CC(OC)C(OC5CC(OC)C(O)C(C)O5)C(C)O4)C(C)O3)C(C)O2)C(C)O1,sweet,"sweet[1](1) Huan, V.D. et al., 2001. Sweet pregnane glycosides from Telosma procumbens. Chem. Pharm. Bull. 49, 453–460.",,,,,,,,,,,,
PMTDB01406,[H]C12CCC3C(CC(OC(C)=O)C4(C)C(O)(CCC34O)C(C)OC(=O)C(C)CC)C1(C)CCC(C2)OC1CC(O)C(OC2CC(OC)C(OC3CC(OC)C(OC4CC(OC)C(OC5OC(C)C(O)C(OC)C5O)C(C)O4)C(C)O3)C(C)O2)C(C)O1,sweet,"sweet[1](1) Huan, V.D. et al., 2001. Sweet pregnane glycosides from Telosma procumbens. Chem. Pharm. Bull. 49, 453–460.",,,,,,,,,,,,
PMTDB01407,[H]C12CCC3C(CC(OC(C)=O)C4(C)C(O)(CCC34O)C(C)OC(=O)C(C)CC)C1(C)CCC(C2)OC1CC(O)C(OC2CC(OC)C(OC3CC(OC)C(OC4CC(OC)C(OC5OC(CO)C(O)C(O)C5O)C(C)O4)C(C)O3)C(C)O2)C(C)O1,sweet,"sweet[1](1) Huan, V.D. et al., 2001. Sweet pregnane glycosides from Telosma procumbens. Chem. Pharm. Bull. 49, 453–460.",,,,,,,,,,,,
PMTDB01408,[H]C12CCC3C(CC(OC(C)=O)C4(C)C(O)(CCC34O)C(C)OC(=O)C(C)CC)C1(C)CCC(C2)OC1CC(O)C(OC2CC(O)C(OC3CC(OC)C(OC4CC(OC)C(OC5OC(C)C(O)C(OC)C5O)C(C)O4)C(C)O3)C(C)O2)C(C)O1,sweet,"sweet[1](1) Huan, V.D. et al., 2001. Sweet pregnane glycosides from Telosma procumbens. Chem. Pharm. Bull. 49, 453–460.",,,,,,,,,,,,
PMTDB01409,[H]C12CCC3C(CC(OC(C)=O)C4(C)C(O)(CCC34O)C(C)OC(=O)C(C)CC)C1(C)CCC(C2)OC1CC(O)C(OC2CC(OC)C(OC3CC(OC)C(OC4CC(OC)C(OC5CC(OC)C(OC6OC(CO)C(O)C(O)C6O)C(C)O5)C(C)O4)C(C)O3)C(C)O2)C(C)O1,sweet,"sweet[1](1) Huan, V.D. et al., 2001. Sweet pregnane glycosides from Telosma procumbens. Chem. Pharm. Bull. 49, 453–460.",,,,,,,,,,,,
PMTDB01410,[H]C12CCC3C(CC(OC(C)=O)C4(C)C(O)(CCC34O)C(C)OC(=O)C(C)CC)C1(C)CCC(C2)OC1CC(O)C(OC2CC(OC)C(OC3CC(OC)C(OC4CC(OC)C(OC5OC(C)C(OC6OC(CO)C(O)C(O)C6O)C(OC)C5O)C(C)O4)C(C)O3)C(C)O2)C(C)O1,sweet,"sweet[1](1) Huan, V.D. et al., 2001. Sweet pregnane glycosides from Telosma procumbens. Chem. Pharm. Bull. 49, 453–460.",,,,,,,,,,,,
PMTDB01411,[H]C12CCC3C(CC(OC(C)=O)C4(C)C(O)(CCC34O)C(C)OC(=O)C(C)CC)C1(C)CCC(C2)OC1CC(O)C(OC2CC(OC)C(OC3CC(OC)C(OC4CC(OC)C(OC5OC(CO)C(OC6OC(CO)C(O)C(O)C6O)C(O)C5O)C(C)O4)C(C)O3)C(C)O2)C(C)O1,sweet,"sweet[1](1) Huan, V.D. et al., 2001. Sweet pregnane glycosides from Telosma procumbens. Chem. Pharm. Bull. 49, 453–460.",,,,,,,,,,,,
PMTDB01412,[H]C12CCC3C(CC(OC(C)=O)C4(C)C(O)(CCC34O)C(C)OC(=O)C(C)CC)C1(C)CCC(C2)OC1CC(O)C(OC2CC(OC)C(OC3CC(OC)C(OC4CC(OC)C(OC5OC(C)C(OC6OC(CO)C(O)C(O)C6O)C(OC)C5O)C(C)O4)C(C)O3)C(C)O2)C(C)O1,sweet,"sweet[1](1) Huan, V.D. et al., 2001. Sweet pregnane glycosides from Telosma procumbens. Chem. Pharm. Bull. 49, 453–460.",,,,,,,,,,,,
PMTDB01413,[H]C12CCC3C(CC(OC(C)=O)C4(C)C(O)(CCC34O)C(C)OC(=O)C(C)CC)C1(C)CCC(C2)OC1CC(O)C(OC2CC(OC)C(OC3CC(OC)C(OC4OC(C)C(OC5OC(CO)C(OC6OC(CO)C(O)C(O)C6O)C(O)C5O)C(OC)C4O)C(C)O3)C(C)O2)C(C)O1,sweet,"sweet[1](1) Huan, V.D. et al., 2001. Sweet pregnane glycosides from Telosma procumbens. Chem. Pharm. Bull. 49, 453–460.",,,,,,,,,,,,
PMTDB01414,[H]C12CCC3C(CC(OC(C)=O)C4(C)C(O)(CCC34O)C(C)OC(=O)C(C)CC)C1(C)CCC(C2)OC1CC(OC)C(OC2CC(OC)C(OC3OC(C)C(OC4OC(CO)C(O)C(O)C4O)C(OC)C3O)C(C)O2)C(C)O1,bitter,"bitter[1](1) Huan, V.D. et al., 2001. Sweet pregnane glycosides from Telosma procumbens. Chem. Pharm. Bull. 49, 453–460.",,,,,,,,,,,,
PMTDB01415,[H]C12CCC3C(CC(OC(C)=O)C4(C)C(O)(CCC34O)C(C)OC(=O)C(C)CC)C1(C)CCC(C2)OC1CC(O)C(OC2CC(OC)C(OC3CC(OC)C(OC4OC(CO)C(O)C(O)C4O)C(C)O3)C(C)O2)C(C)O1,sweet,"sweet[1](1) Huan, V.D. et al., 2001. Sweet pregnane glycosides from Telosma procumbens. Chem. Pharm. Bull. 49, 453–460.",,,,,,,,,,,,
PMTDB01416,[H]C12CCC3C(CC(OC(C)=O)C4(C)C(O)(CCC34O)C(C)OC(=O)C(C)CC)C1(C)CCC(C2)OC1CC(O)C(OC2CC(OC)C(OC3OC(C)C(OC4OC(CO)C(O)C(O)C4O)C(OC)C3O)C(C)O2)C(C)O1,sweet,"sweet[1](1) Huan, V.D. et al., 2001. Sweet pregnane glycosides from Telosma procumbens. Chem. Pharm. Bull. 49, 453–460.",,,,,,,,,,,,
PMTDB01417,CC1CC2C3C(C4(C1C=CC4=O)C)OC(C3(C(=O)O2)C)(C)O,bitter,"bitter[1](1) Buehler, C.A., Whitehead, F., et al, 1937. The Bitter Principle of Helenium Tenuifolium. I. J. Am. Chem. Soc. 59, 2299–2300[2](2) Ivie, G.W., Witzel, D.A., et al, 1975. Toxicity and milk bittering properties of tenulin, the major sesquiterpene lactone constituent of Heletiium amarum (bitter sneezeweed). J. Agric. Food Chem. 23, 845[3](3) Herz, W., 1978. Sesquiterpene lactones from livestock poisons, in: Effects of Poisonous Plants on Livestock. Academic Press, pp. 487–497[4](4) Korte, F., Barkemeyer, H., Korte, I., 1959. Neuere Ergebnisse der Chemie pflanzlicher Bitterstoffe, in: Abelson, P.H., Barkemeyer, H., Bernauer, K., Dimond, A.E., Inhoffen, H.H., Irmscher, K., Korte, F., Korte, I., Kuhn, H., Schroeder, W.A., Stowe, B.B., Venkataraman, K., Zechmeister, L. (Eds.), Fortschritte Der Chemie Organischer Naturstoffe / Progress in the Chemistry of Organic Natural Products / Progrès Dans La Chimie Des Substances Organiques Naturelles. Springer Vienna, Vienna, pp. 124–182. doi: 10.1007/978-3-7091-8052-5_3[5](5) Shields, L.M., 1952. Distribution of the Bitter Principle in the Shoot of Helenium tenuifolium. Bot. Gaz. 113, 471–475.[6](6) Ungnade, H.E., Hendley, E.C., 1948. The bitter principle of Helenium Tenuifolium. J. Am. Chem. Soc. 70, 3921–3924.",,,,,,,,,,,,
PMTDB01418,CC1=CCC(CC1)C(C)(C)OC(=O)C,pungent,"pungent[1](1) Arctander, S., 1969. Perfume and Flavor Chemicals (Aroma Chemicals) Vol.1. Allured Publishing Corporation",,,,,,,,,,,,
PMTDB01419,CN1CCC2=CC(=C3C=C2C1CC4=CC=C(C=C4)OC5=C(C=CC(=C5)CC6C7=C(O3)C(=C(C=C7CCN6C)OC)OC)OC)OC,bitter,"bitter[1](1) Aniszewski T, 2015. Chapter 1 - Definition, typology, and occurrence of alkaloids. In: Alkaloids, 2nd ed. Elsevier, Boston, pp 1–97[2](2) Han X et al, 2017. A novel quantified bitterness evaluation model for traditional Chinese herbs based on an animal ethology principle. Acta Pharm. Sin. B.",,,,,,,,,,,,
PMTDB01420,CC1CC(C2(C(C13CC(OC3O)C4=COC=C4)CCC(=O)C25CO5)COC(=O)C)O,bitter,"bitter[1](1) Wiener A et al, 2012. BitterDB: a database of bitter compounds. Nucleic Acids Res 2012, 40 (Database issue): D413-419[2](2) Brockhoff A et al, 2007. Broad tuning of the human bitter taste receptor hTAS2R46 to various sesquiterpene lactones, clerodane and labdane diterpenoids, strychnine, and denatonium. J Agric Food Chem 55: 6236–6243",,,,,,,,,,,,
PMTDB01421,CC1CC(C2=C(CCCC2C13CC(OC3=O)C4=COC=C4)COC(=O)C)OC5C(C(C(C(O5)CO)O)O)O,bitter,"bitter[1](1) Wiener A et al, 2012. BitterDB: a database of bitter compounds. Nucleic Acids Res 2012, 40 (Database issue): D413-419[2](2) Brockhoff A et al, 2007. Broad tuning of the human bitter taste receptor hTAS2R46 to various sesquiterpene lactones, clerodane and labdane diterpenoids, strychnine, and denatonium. J Agric Food Chem 55: 6236–6243",,,,,,,,,,,,
PMTDB01422,CC1CC(C2(C(C13CC(OC3=O)C4=COC=C4)CC(CC25CO5)O)COC(=O)C)O,bitter,"bitter[1](1) Wiener A et al, 2012. BitterDB: a database of bitter compounds. Nucleic Acids Res 2012, 40 (Database issue): D413-419[2](2) Brockhoff A et al, 2007. Broad tuning of the human bitter taste receptor hTAS2R46 to various sesquiterpene lactones, clerodane and labdane diterpenoids, strychnine, and denatonium. J Agric Food Chem 55: 6236–6243",,,,,,,,,,,,
PMTDB01424,C1C(C(OC2=CC(=CC(=C21)O)O)C3=CC(=C(C4=C3C=C(C=C(C4=O)O)C(=O)O)O)O)O,astringent,"astringent[1](1) Scharbert S et al, 2004. Identification of the Astringent Taste Compounds in Black Tea Infusions by Combining Instrumental Analysis and Human Bioresponse. J. Agric. Food Chem. 52, 3498–3508[2](2) Scharbert S, Hofmann T, 2005. Molecular definition of black tea taste by means of quantitative studies, taste reconstitution, and omission experiments. J. Agric. Food Chem. 53, 5377–5384",,,,,,,,,,,,
PMTDB01425,C1C(C(OC2=CC(=CC(=C21)O)O)C3=CC(=O)C(=C4C(=C3)C(=CC(=C4O)O)C5C(CC6=C(C=C(C=C6O5)O)O)OC(=O)C7=CC(=C(C(=C7)O)O)O)O)OC(=O)C8=CC(=C(C(=C8)O)O)O,bitter; astringent,"bitter[1](1) Yamazaki T et al, 2014. The human bitter taste receptor hTAS2R39 is the primary receptor for the bitterness of theaflavins. Biosci. Biotechnol. Biochem. 78, 1753–1756.; astringent[2](2) Scharbert S et al, 2004. Identification of the Astringent Taste Compounds in Black Tea Infusions by Combining Instrumental Analysis and Human Bioresponse. J. Agric. Food Chem. 52, 3498–3508",,,,,,,,,,,,
PMTDB01426,C1CC(=O)C2=C(CC1C3C(CC4=C(C=C(C=C4O3)O)O)OC(=O)C5=CC(=C(C(=C5)O)O)O)C(=CC(=C2O)O)C6C(CC7=C(C=C(C=C7O6)O)O)O,bitter; astringent,"bitter[1](1) Yamazaki T et al, 2014. The human bitter taste receptor hTAS2R39 is the primary receptor for the bitterness of theaflavins. Biosci. Biotechnol. Biochem. 78, 1753–1756.; astringent[2](2) Scharbert S et al, 2004. Identification of the Astringent Taste Compounds in Black Tea Infusions by Combining Instrumental Analysis and Human Bioresponse. J. Agric. Food Chem. 52, 3498–3508",,,,,,,,,,,,
PMTDB01427,C1C(C(OC2=CC(=CC(=C21)O)O)C3=CC(=C(C4=C(C(=O)C=C(C=C34)C5C(CC6=C(C=C(C=C6O5)O)O)OC(=O)C7=CC(=C(C(=C7)O)O)O)O)O)O)O,bitter; astringent,"bitter[1](1) Yamazaki T et al, 2014. The human bitter taste receptor hTAS2R39 is the primary receptor for the bitterness of theaflavins. Biosci. Biotechnol. Biochem. 78, 1753–1756.; astringent[2](2) Scharbert S et al, 2004. Identification of the Astringent Taste Compounds in Black Tea Infusions by Combining Instrumental Analysis and Human Bioresponse. J. Agric. Food Chem. 52, 3498–3508",,,,,,,,,,,,
PMTDB01428,CN1CCC23C4C(=CC=C2C1CC5=C3C(=C(C=C5)OC)O4)OC,sharp (insufficient evidence),"sharp (insufficient evidence)[1](1) Sohn CE, 1894. Dictionary of the active principles of plants : alkaloids, bitter principles, glucosides, their sources, nature, and chemical characteristics, with tabular summary, classification of reactions, and full botanical and general indexes. Baillière, Tindall and Cox, London.",,,,,,,,,,,,
PMTDB01429,CN1C=NC2=C1C(=O)NC(=O)N2C,bitter,"bitter[1](1) Sohn CE, 1894. Dictionary of the active principles of plants : alkaloids, bitter principles, glucosides, their sources, nature, and chemical characteristics, with tabular summary, classification of reactions, and full botanical and general indexes. Baillière, Tindall and Cox, London[2](2) Steglich, W., Fugmann, B., Lang-Fugmann, S., 2000. Römpp encyclopedia natural products. Georg Thieme Verlag, Leverkusen, Ratingen, Munich, Germany. 784 pp[3](3) Belitz, H.D., Grosch, W., Schieberle, P., 2009. Food chemistry, 4th ed, Food Chemistry. Springer Berlin Heidelberg. doi: 10.1007/978-3-540-69934-7[4](4) Wiener A et al, 2012. BitterDB: a database of bitter compounds. Nucleic Acids Res 2012, 40 (Database issue): D413-419[5](5) Koyama, N., Kurihara, K., 1972. Mechanism of bitter taste reception: Interaction of bitter compounds with monolayers of Lipids from bovine circumvallate papillae. BBA - Biomembr. 288, 22–26[6](6) Kurihara, K., 1972. Inhibition of cyclic 3’,5’-nucleotide phosphodiesterase in bovine taste papillae by bitter taste stimuli. FEBS Lett. 27, 279–281",,,,,,,,,,,,
PMTDB01430,C1C(C(C(CC1(C(=O)O)O)OC(=O)C2=CC(=C(C(=C2)O)O)O)O)O,astringent; umami enhancing,"astringent[1](1) Kaneko S et al, 2006. Molecular and Sensory Studies on the Umami Taste of Japanese Green Tea. J. Agric. Food Chem. 54, 2688–2694; umami enhancing[1](1) Kaneko S et al, 2006. Molecular and Sensory Studies on the Umami Taste of Japanese Green Tea. J. Agric. Food Chem. 54, 2688–2694[2]",,,,,,,,,,,,
PMTDB01431,CN1C2=C(C(=O)N(C1=O)C)NC=N2,bitter,"bitter[1](1) Steglich, W., Fugmann, B., Lang-Fugmann, S., 2000. Römpp encyclopedia natural products. Georg Thieme Verlag, Leverkusen, Ratingen, Munich, Germany. 784 pp[2](2) Wiener A et al, 2012. BitterDB: a database of bitter compounds. Nucleic Acids Res 2012, 40 (Database issue): D413-419[3](3) Behrens M et al, 2018. Bitter substances from plants used in traditional Chinese medicine exert biased activation of human bitter taste receptors. Chem Biol Drug Des. 91 (2): 422-433[4](4) Bassoli A, Borgonovo G, Busnelli G, 2007. Alkaloids and the Bitter Taste. In: Fattorusso E, Taglialatela-Scafati O (eds) Modern Alkaloids: Structure, Isolation, Synthesis and Biology. Wiley-VCH Verlag GmbH & Co. KGaA, Weinheim, Germany, pp 53–72[5](5) Gong, L.-L.et al, 2018. Theophylline, in: Du, G.-H. (Ed.), Natural Small Molecule Drugs from Plants. Springer Singapore, Singapore, pp. 469–474[6](6) Kurihara, K., 1972. Inhibition of cyclic 3’,5’-nucleotide phosphodiesterase in bovine taste papillae by bitter taste stimuli. FEBS Lett. 27, 279–281",,,,,,,,,,,,
PMTDB01432,CC1C(C(C(C(O1)OC2CCC3(C(C2)CCC4C3CCC5(C4(CCC5C6=CC(=O)OC6)O)C)C)O)OC)OC7C(C(C(C(O7)COC8C(C(C(C(O8)CO)O)O)O)O)O)O,bitter,"bitter[1](1) Sohn CE, 1894. Dictionary of the active principles of plants : alkaloids, bitter principles, glucosides, their sources, nature, and chemical characteristics, with tabular summary, classification of reactions, and full botanical and general indexes. Baillière, Tindall and Cox, London[2](2) Chen, K.K., Chen, A.L., 1934. The action of crystalline thevetin, a cardiac glucoside of Thevetia neriifolia. J. Pharmacol. Exp. Ther. 51, 23–34.[3](3) König, A., 1876. Mittheilungen aus dem pharmakologischen Experimentalcursus von Prof. Th. Husemann in Göttingen. Arch. für Exp. Pathol. und Pharmakologie 5, 228–258",,,,,,,,,,,,
PMTDB01433,CC1=C(SC=[N+]1CC2=CN=C(N=C2N)C)CCO,bitter,"bitter[1](1) Wiener A et al, 2012. BitterDB: a database of bitter compounds. Nucleic Acids Res 2012, 40 (Database issue): D413-419[2](2) Meyerhof Wet al, 2010. The molecular receptive ranges of human TAS2R bitter taste receptors. Chem Senses 35: 157–170[3](3) Szejtli J, Szente L, 2005. Elimination of bitter, disgusting tastes of drugs and foods by cyclodextrins. Eur J Pharm Biopharm 61: 115–125[4](4) Steglich, W., Fugmann, B., Lang-Fugmann, S., 2000. Römpp encyclopedia natural products. Georg Thieme Verlag, Leverkusen, Ratingen, Munich, Germany. 784 pp[5](5) Behrens, M. et al, 2014. Tuning properties of avian and frog bitter taste receptors dynamically fit gene repertoire sizes. Mol. Biol. Evol. 31, 3216–3227",,,,,,,,,,,,
PMTDB01434,CCC=S=O,pungent,"pungent[1](1) Premkumar LS, 2014. Transient receptor potential channels as targets for phytochemicals. ACS Chem. Neurosci. 5, 1117–1130",,,,,,,,,,,,
PMTDB01435,C=CCNC(=S)N,bitter,"bitter[1](1) Wiener A et al, 2012. BitterDB: a database of bitter compounds. Nucleic Acids Res 2012, 40 (Database issue): D413-419[2](2) Smith, A. et al, 2001. The Merck Index, Thirteenth Edition. (CD-ROM), Merck Co., Inc., Whitehouse Station. New Jersey, USA.",,,,,,,,,,,,
PMTDB01436,CN1CCC2=CC3=C4C=C2C1CC5=CC(=C(C=C5)O)C6=C(C=CC(=C6)CC7C8=C(O4)C(=C(C=C8CCN7C)OC)O3)OC,bitter,"bitter[1](1) Wiener A et al, 2012. BitterDB: a database of bitter compounds. Nucleic Acids Res 2012, 40 (Database issue): D413-419[2](2) Smith, A., Heckelman, P.E., Obenchain, J.R., Gallipeau, J.A.R., D’Arecca, M.A., Budavari, S., 2001. The Merck Index, Thirteenth Edition, Merck Co., Inc., Whitehouse Station. New Jersey, USA.",,,,,,,,,,,,
PMTDB01437,CC12CC(OC(=O)C1CC(C3(C2CCC=C3C(=O)OC)C)OC4C(C(C(C(O4)CO)O)O)O)C5=COC=C5,bitter,"bitter[1](1) Pathak, A.K., Jain, D.C., et al, 1995. Chemistry and Biological Activities of the Genera Tinospora. Int. J. Pharmacogn. 33, 277–287.[2](2) Pachaly, P., Adnan, A.Z., 1992. Tinocrisposid, ein neues furanoditerpenglykosid aus Tinospora crispa Miers. Arch. Pharm. (Weinheim). 325, 705–708[3](3) Adnan, A.Z.et al, 2018. Anti-inflammatory activity of tinocrisposide by inhibiting nitric oxide production in lipopolysaccharides-stimulated raw 264.7 cells. Asian J. Pharm. Clin. Res. 11 (4): 149-153",,,,,,,,,,,,
PMTDB01438,CC12CCC3C(=O)OC(CC3(C1CC(=O)C=C2C(=O)OC)C)C4=COC=C4,bitter,"bitter[1](1) Cocker W, 1966. Some aspects of the chemistry of diterpene bitter principles. Planta Med 14: 78–85",,,,,,,,,,,,
PMTDB01439,CC12CCC3C(=O)OC(CC3(C1C4C5C(C2(C(=O)O4)O)O5)C)C6=COC=C6,bitter (insufficient evidence),"bitter (insufficient evidence)[1](1) Oliver-Bever B, 1968. Selecting local drug plants in Nigeria. Botanical and chemical relationship in three families. Q. J. Crude Drug Res. 8, 1194–1211",,,,,,,,,,,,
PMTDB01440,CC12CCC3C(=O)OC(CC3(C1C4C=CC2(C(=O)O4)O)C)C5=COC=C5,bitter,"bitter[1](1) Chatterjee A, GhOsh S, 1960. Tinosporine, the furanoid bitter principle of Tinospora cordifolia Miers. Sci Cult 26: 140–141",,,,,,,,,,,,
PMTDB01441,CC1CCC2(C(C3C(O2)CC4C3(CCC5C4CCC6C5(CCC(C6)OC7C(C(C(C(O7)CO)OC8C(C(C(C(O8)CO)O)OC9C(C(C(CO9)O)O)O)OC2C(C(C(C(O2)CO)O)O)O)O)O)C)C)C)NC1,bitter,"bitter[1](1) Fenwick GR, Curl CL, Griffiths NM, et al, 1990. Bitter principles in food plants. In: Rouseff RL (ed) Bitternes in foods and beverages. Developments in Food Science vol. 25. Elsevier Science Publishers B.V., Amsterdam, pp 205–250[2](2) Wiener A et al, 2012. BitterDB: a database of bitter compounds. Nucleic Acids Res 2012, 40 (Database issue): D413-419",,,,,,,,,,,,
PMTDB01442,CC(=O)OC1CC(C23COC(C1(C2CC(C4(C3C(=O)C(C5(C46C(O6)CC5C7=COC=C7)C)OC(=O)C)C)O)C)O)O,bitter,"bitter[1](1) Zhao R, Du L-D, Du G-H, 2018. Toosendanin, in: Du G-H (Ed.), Natural Small Molecule Drugs from Plants. Springer Singapore, Singapore, pp. 737–741. doi: 10.1007/978-981-10-8022-7_120",,,,,,,,,,,,
PMTDB01443,C1=CC(=CC=C1CCNC(=O)C=CC2=CC=C(C=C2)O)O,bitter,"bitter[1](1) Backes M et al, 2015. Rubemamine and Rubescenamine, Two Naturally Occurring N-Cinnamoyl Phenethylamines with Umami-Taste-Modulating Properties. J Agric Food Chem 63: 8694–8704",,,,,,,,,,,,
PMTDB01444,C(C(=CC(=O)O)C(=O)O)C(=O)O,sour; astringent,"sour[1](1) Hufnagel JC, Hofmann T, 2008. Orosensory-directed identification of astringent mouthfeel and bitter-tasting compounds in red wine. J Agric Food Chem 56: 1376–1386[2](2) Wollmann N, Hufnagel J-C, Hoffman T (2013) Decoding the taste of wine using a sensomic approach. In: Ferreira V, López R (eds) Flavour Sci. Proc. from XIII Weurman Flavour Res. Symp. Elsevier Science, pp 525–532[3](3) Gonzalo-Diago, A. et al, 2014. Contribution of low molecular weight phenols to bitter taste and mouthfeel properties in red wines. Food Chem. 154, 187–198[4](4) Schwarz, B., Hofmann, T., 2007. Sensory-guided decomposition of red currant juice (Ribes rubrum) and structure determination of key astringent compounds. J. Agric. Food Chem. 55, 1394–1404; astringent[1](1) Hufnagel JC, Hofmann T, 2008. Orosensory-directed identification of astringent mouthfeel and bitter-tasting compounds in red wine. J Agric Food Chem 56: 1376–1386[2](2) Wollmann N, Hufnagel J-C, Hoffman T (2013) Decoding the taste of wine using a sensomic approach. In: Ferreira V, López R (eds) Flavour Sci. Proc. from XIII Weurman Flavour Res. Symp. Elsevier Science, pp 525–532[3](3) Gonzalo-Diago, A. et al, 2014. Contribution of low molecular weight phenols to bitter taste and mouthfeel properties in red wines. Food Chem. 154, 187–198[4](4) Schwarz, B., Hofmann, T., 2007. Sensory-guided decomposition of red currant juice (Ribes rubrum) and structure determination of key astringent compounds. J. Agric. Food Chem. 55, 1394–1404",,,,,,,,,,,,
PMTDB01445,CCC(C)C(=O)C1=C(O)C(O)(C(=O)C=CC(C)C)C(CC=C(C)C)C1=O,bitter,"bitter[1](1) Dresel M, Vogt C, et al, 2016. The Bitter Chemodiversity of Hops (Humulus lupulus L.). J Agric Food Chem. PubMed 27696843[2](2) Wiener A et al, 2012. BitterDB: a database of bitter compounds. Nucleic Acids Res 2012, 40 (Database issue): D413-419",,,,,,,,,,,,
PMTDB01446,CC=CC1=CC=C(C=C1)OC,sweet,"sweet[1](1) Kim, S.et al, 2016. PubChem Substance and Compound databases. Nucleic Acids Res. 44, D1202–D1213[2](2) Raubenheimer, O., 1912. Anethol vs. Oil of Anise. J. Am. Pharm. Assoc. 1, 337–342. https://doi.org/https://doi.org/10.1002/jps.3080010418[3](3) FooDB (WWW Document), n.d. URL http: //foodb.ca/[4](4) Kim N-C, Kinghorn AD, 2002. Sweet-tasting and sweetness-modifying constituents of plants. In: Atta-ur-Rahman BT-S in NPC (ed) Bioact. Nat. Prod. (Part H). Elsevier, pp 3–57",,,,,,,,,,,,
PMTDB01447,CC(C)CNC(=O)C=CC1=CC2=C(C=C1)OCO2,pungent; umami,"pungent[1](1) Obst K et al, 2017. Sensory active piperine analogues from Macropiper excelsum and their effects on intestinal nutrient uptake in Caco-2 cells. Phytochemistry, 135, 181–190.; umami[1](1) Obst K et al, 2017. Sensory active piperine analogues from Macropiper excelsum and their effects on intestinal nutrient uptake in Caco-2 cells. Phytochemistry, 135, 181–190.",,,,,,,,,,,,
PMTDB01448,CC(C)C(=O)C1=C(C(C(C1=O)CC=C(C)C)(C(=O)CC=C(C)C)O)O,bitter,"bitter[1](1) Intelmann, D. et al, 2009, Three TAS2R Bitter Taste Receptors Mediate the Psychophysical Responses to Bitter Compounds of Hops (Humulus lupulus L.) and Beer. Chemosensory Perception 2, 118-132[2](2) Hughes, P., 2000. The Significance of Iso‐α‐Acids for Beer Quality Cambridge Prize Paper. J. Inst. Brew. 106, 271–276[3](3) Wiener A et al, 2012. BitterDB: a database of bitter compounds. Nucleic Acids Res 2012, 40 (Database issue): D413-419",,,,,,,,,,,,
PMTDB01449,COC1=C(C=CC(=C1)C=CC(=O)NCCC2=CC=C(C=C2)O)O,"bitter, astringent","bitter[1](1) Backes M, Obst K, et al, 2015. Rubemamine and Rubescenamine, Two Naturally Occurring N-Cinnamoyl Phenethylamines with Umami-Taste-Modulating Properties. J Agric Food Chem 63: 8694–8704[2](2) Dresel, M. et al, 2015. Sensomics Analysis of Key Bitter Compounds in the Hard Resin of Hops (Humulus lupulus L.) and Their Contribution to the Bitter Profile of Pilsner-Type Beer. J. Agric. Food Chem. 63, 3402–3418, astringent[1](1) Backes M, Obst K, et al, 2015. Rubemamine and Rubescenamine, Two Naturally Occurring N-Cinnamoyl Phenethylamines with Umami-Taste-Modulating Properties. J Agric Food Chem 63: 8694–8704[2](2) Dresel, M. et al, 2015. Sensomics Analysis of Key Bitter Compounds in the Hard Resin of Hops (Humulus lupulus L.) and Their Contribution to the Bitter Profile of Pilsner-Type Beer. J. Agric. Food Chem. 63, 3402–3418",,,,,,,,,,,,
PMTDB01450,CCCCCC=CC=CC(=O)NCC(C)C,pungent,"pungent[1](1) Gulland, J.M., Hopton, G.U., 1930. II.-Pellitorine, the pungent principle of Anacyclus pyrethrum. J. Chem. Soc. 6–11[2](2) Jacobson, M., 1949. The structure of pellitorine. J. Am. Chem. Soc. 71, 366–367[3](3) Obst, K., 2014. Phytochemical Characterization and Sensory Evaluation of Macropiper excelsum. Fakultät Wissenschaftszentrum Weihenstephan. Dissertation[4](4) Ley, J.P.et al, 2004. Stereoselective Enzymatic Synthesis of cis‐Pellitorine, a Taste Active Alkamide Naturally Occurring in Tarragon. European J. Org. Chem. 2004, 5135–5140.[5](5) Su, H.C.F., Horvat, R., 1981. Isolation, identification, and insecticidal properties of Piper nigrum amides. J. Agric. Food Chem. 29, 115–118",,,,,,,,,,,,
PMTDB01451,COC1=C(C=C(C=C1)CCNC(=O)C=CC2=CC(=C(C=C2)OC)OC)OC,umami; astringent; sweet; pungent,"umami[1](1) Backes, M. et al, 2015. Rubemamine and Rubescenamine, Two Naturally Occurring N-Cinnamoyl Phenethylamines with Umami-Taste-Modulating Properties. J. Agric. Food Chem. 63, 8694–8704. https://doi.org/10.1021/acs.jafc.5b04402[2](2) Frerot, E. et al., 2015. New Umami Amides: Structure–Taste Relationship Studies of Cinnamic Acid Derived Amides and the Natural Occurrence of an Intense Umami Amide in Zanthoxylum piperitum. J. Agric. Food Chem. 63, 7161–7168; astringent[2](2) Frerot, E. et al., 2015. New Umami Amides: Structure–Taste Relationship Studies of Cinnamic Acid Derived Amides and the Natural Occurrence of an Intense Umami Amide in Zanthoxylum piperitum. J. Agric. Food Chem. 63, 7161–7168; sweet[1](1) Backes, M. et al, 2015. Rubemamine and Rubescenamine, Two Naturally Occurring N-Cinnamoyl Phenethylamines with Umami-Taste-Modulating Properties. J. Agric. Food Chem. 63, 8694–8704. https://doi.org/10.1021/acs.jafc.5b04402; pungent[3](3) Ley, Jakob Peter, Gerhard Krammer, et al, 2008. ""Use of ferulic acid amides as flavor compounds."" U.S. Patent 7,378,121, issued May 27, 2008.",,,,,,,,,,,,
PMTDB01452,C(C1C(C(C(C(O1)OC2C(C(C(C(O2)CO)O)O)O)O)O)O)O,sweet,"sweet[1](1) Moskowitz, H.R., 1971. The Sweetness and Pleasantness of Sugars. Am. J. Psychol. 84, 387–405. https://doi.org/10.2307/1420470[2](2) Dahanukar, A., Foster, K., et al., 2001. A Gr receptor is required for response to the sugar trehalose in taste neurons of Drosophila. Nat Neurosci 4, 1182–1186 (2001).[3](3) Lee, C.K., 1977. The stereochemical basis of bitterness in sugar analogues. Starch‐Stärke 29, 204–209",,,,,,,,,,,,
PMTDB01453,C1=C(C=C(C(=C1O)O)O)C2=CC(=O)C3=C(C=C(C=C3O2)O)O,bitter,"bitter[1](1) Roland WSU et al, 2013. Bitter Taste Receptor Activation by Flavonoids and Isoflavonoids: Modeled Structural Requirements for Activation of hTAS2R14 and hTAS2R39. J. Agric. Food Chem. 61, 10454–10466[2](2) Wiener A et al, 2012. BitterDB: a database of bitter compounds. Nucleic Acids Res 2012, 40 (Database issue): D413-419",,,,,,,,,,,,
PMTDB01454,[H]C1C(C2=CC(=O)OC2C)C(CC23OC2([H])CCC24CC32C(=O)OC4([H])C2=COC=C2)(OC)OC1(C)C,bitter,"bitter[1](1) Mondon A., Epe B., 1983. Bitter Principles of Cneoraceae. In: Fortschritte der Chemie organischer Naturstoffe / Progress in the Chemistry of Organic Natural Products. Fortschritte der Chemie organischer Naturstoffe / Progress in the Chemistry of Organic Natural Products, vol 44. Springer, Vienna.",,,,,,,,,,,,
PMTDB01455,[H]C12CC(=O)OC1(C)C([H])(CC(=O)CC1([H])C(=O)CCC34CC13C(=O)OC4([H])C1=COC=C1)C(C)(C)O2,bitter,"bitter[1](1) Mondon A., Epe B., 1983. Bitter Principles of Cneoraceae. In: Fortschritte der Chemie organischer Naturstoffe / Progress in the Chemistry of Organic Natural Products. Fortschritte der Chemie organischer Naturstoffe / Progress in the Chemistry of Organic Natural Products, vol 44. Springer, Vienna",,,,,,,,,,,,
PMTDB01456,[H]C1(COC(=O)C1)C1CC=C2C1(C)CCC1([H])C2(C)C(O)CC2([H])C1(C)C=CC(=O)OC2(C)C,bitter,"bitter[1](1) Mondon A., Epe B., 1983. Bitter Principles of Cneoraceae. In: Fortschritte der Chemie organischer Naturstoffe / Progress in the Chemistry of Organic Natural Products. Fortschritte der Chemie organischer Naturstoffe / Progress in the Chemistry of Organic Natural Products, vol 44. Springer, Vienna",,,,,,,,,,,,
PMTDB01457,[H]C1(O)OC([H])(C2=COC=C2)C23CC12C1=C(CC3)OC(CC2([H])C(C)(C)OC3([H])CC(=O)OC23C)=C1,bitter,"bitter[1](1) Mondon A., Epe B., 1983. Bitter Principles of Cneoraceae. In: Fortschritte der Chemie organischer Naturstoffe / Progress in the Chemistry of Organic Natural Products. Fortschritte der Chemie organischer Naturstoffe / Progress in the Chemistry of Organic Natural Products, vol 44. Springer, Vienna",,,,,,,,,,,,
PMTDB01458,[H]C12CC3(CC([H])(C(C)(C)O3)C3(C)OC(O)C=C3)OC1(O)CCC13CC21C(=O)OC3([H])C1=COC=C1,bitter,"bitter[1](1) Mondon A., Epe B., 1983. Bitter Principles of Cneoraceae. In: Fortschritte der Chemie organischer Naturstoffe / Progress in the Chemistry of Organic Natural Products. Fortschritte der Chemie organischer Naturstoffe / Progress in the Chemistry of Organic Natural Products, vol 44. Springer, Vienna",,,,,,,,,,,,
PMTDB01459,C[N+]1=CC=CC(=C1)C(=O)[O-],bitter,"bitter[1](1) McCamey DA, Thorpe TM, McCarthy JP, 1990. Coffe bitterness. In: Rouseff RL (ed) Bitternes foods beverages. Dev. Food Sci. vol. 25. Elsevier Science Publishers B.V., Amsterdam, pp 171–182[2](2) Kraehenbuehl K, Page-Zoerkler N, et al, 2017. Selective enzymatic hydrolysis of chlorogenic acid lactones in a model system and in a coffee extract. Application to reduction of coffee bitterness. Food Chem 218: 9–14[3](3) Moores, R.G., Greininger, D.M., 1951. Determination of trigonelline in coffee. Anal. Chem. 23, 327–331",,,,,,,,,,,,
PMTDB01460,C1=CC(=CC=C1CCC(=O)C2=C(C=C(C=C2O)OC3C(C(C(C(O3)CO)O)O)O)O)O,sweet,"sweet[1](1) Rui-Lin, N. et al, 1982. Phlorizin and trilobatin, sweet dihydrochalcone-glucosides from leaves of Lithocarpus litseifolius (Hance) Rehd. (Fagaceae). Agric. Biol. Chem. 46, 1933–1934.[2](2) Tanaka, T. et al, 1983. Isolation of trilobatin, a sweet dihydrochalcone-glucoside from leaves of Vitis piasezkii Maxim. and V. saccharifera Makino. Agric. Biol. Chem. 47, 2403–2404",,,,,,,,,,,,
PMTDB01461,CN1CCC2=CC(=C3C=C2C1CC4=CC=C(C=C4)OC5=C6C(CC7=CC(=C(C=C7)O)O3)[N+](CCC6=CC(=C5O)OC)(C)C)OC,bitter,"bitter[1](1) Aniszewski T, 2015. Chapter 1 - Definition, typology, and occurrence of alkaloids. In: Alkaloids, 2nd ed. Elsevier, Boston, pp 1–97[2](2) Mahfouz, M., 1949. The fate of tubocurarine in the body. Br. J. Pharmacol. Chemother. 4, 295",,,,,,,,,,,,
PMTDB01462,C[N+]1(CC(CC1C(=O)[O-])O)C,sweet,"sweet[1](1) Manske RH., Holmes HL, 1950. The Alkaloids- Chemistry and Physiology. Academic Press Inc., New York[2](2) Goodson, J.A., Clewer, H.W.B., 1919. LXXVIII.—Examination of the bark of Croton gubouga. Isolation of 4-hydroxyhygric acid. J. Chem. Soc. Trans. 115, 923–933[3](3) Marion, L., 1950. Chapter III The Pyrrolidine Alkaloids, in: Manske, R.H.F., Holmes, H.L.B.T.-T.A.C. and P. (Eds.), The Alkaloids: Chemistry and Physiology. Academic Press, pp. 91–106. https://doi.org/https://doi.org/10.1016/S1876-0813 (08)60186-4",,,,,,,,,,,,
PMTDB01463,C1=CC(=CC=C1CCN)O,bitter,"bitter[1](1) Aniszewski T, 2015. Chapter 1 - Definition, typology, and occurrence of alkaloids. In: Alkaloids, 2nd ed. Elsevier, Boston, pp 1–97[2](2) Noble AC, 1990. Bitterness and astringency in wine. In: Rouseff RL (ed) Bitternes foods beverages. Dev. Food Sci. vol. 25. Elsevier Science Publishers B.V., pp 146–158[3](3) Noble, A.C., 1994. Bitterness in wine. Physiol. Behav. 56, 1251–1255[4](4) Singleton, V.L., Esau, P., 1969. Phenolic substances in grapes and wine, and their significance. Adv. Food Res. Suppl. 1, 1–261",,,,,,,,,,,,
PMTDB01464,C1=CC(=CC=C1CC(C(=O)O)N)O,bitter,"bitter[1](1) Solms J, 1969.Taste of amino acids, peptides, and proteins. J Agric Food Chem 17: 686–688[2](2) Lehmann, P.A.F., 1978. The correlation of sweetness and bitterness of enantiomeric aminoacids. Life Sci. 22, 1631–1635[3](3) Schiffman SS et al, 1981. Comparison of taste qualities and thresholds of D- and L-amino acids. Physiol Behav 27: 51–59[4](4) Kato, H. et al, 1989. Role of Free Amino Acids and Peptides in Food Taste, in: Teranishi, R., Buterry, R.G., Shahidi, F. (Eds.), In Flavor Chemistry Trends and Developments, Vol 388. American chemical society: Washington, DC, UK, pp. 158–175[5](5) Rouseff RL (1990) Bitternes in food products: an overview. In: Rouseff RL (ed) Bitternes in foods and beverages. Developments in Food Science vol. 25. Elsevier Science Publishers B.V., Amsterdam, pp 1–14[6](6) Belitz, H.D., Grosch, W., Schieberle, P., 2009. Food chemistry, 4th ed, Food Chemistry. Springer Berlin Heidelberg. doi: 10.1007/978-3-540-69934-7[7](7) Warmke, R., Belitz, H.D., 1993. Influence of glutamic acid on the bitter taste of various compounds. Z. Lebensm. Unters. Forsch. 197, 132–133[8](8) Schlichtherle-Cerny, H., Grosch, W., 1998. Evaluation of taste compounds of stewed beef juice. Zeitschrift für Leb. und -forsch. A 207, 369–376[9](9) Wiener A et al, 2012. BitterDB: a database of bitter compounds. Nucleic Acids Res 2012, 40 (Database issue): D413-419",,,,,,,,,,,,
PMTDB01465,C1=CC(=CC=C1CCO)O,"Bitter (contradictory evidence): bitter, not-bitter; astringent;","Bitter (contradictory evidence): bitter[1](1) Noble AC, 1990. Bitterness and astringency in wine. In: Rouseff RL (ed) Bitternes foods beverages. Dev. Food Sci. vol. 25. Elsevier Science Publishers B.V., pp 146–158[2](2) Singleton, V.L., Noble, A.C., 1976. Wine flavor and phenolic substances, in: ACS Symposium Series, Vol. 26. ACS Publications, pp. 46–70, not-bitter[3](3) Andrewes, P.et al., 2003. Sensory properties of virgin olive oil polyphenols: identification of deacetoxy-ligstroside aglycon as a key contributor to pungency. J. Agric. Food Chem. 51, 1415–1420.; astringent[3](3) Andrewes, P.et al., 2003. Sensory properties of virgin olive oil polyphenols: identification of deacetoxy-ligstroside aglycon as a key contributor to pungency. J. Agric. Food Chem. 51, 1415–1420.;",,,,,,,,,,,,
PMTDB01466,C1=CC(=CC2=C1C=CC(=O)O2)O,bitter,"bitter[1](1) Lossow, K. et al, 2016. Comprehensive Analysis of Mouse Bitter Taste Receptors Reveals Different Molecular Receptive Ranges for Orthologous Receptors in Mice and Humans. J. Biol. Chem. 291, 15358–15377[2](2) Rodgers, S.et al, 2006. Characterizing bitterness: identification of key structural features and development of a classification model. J. Chem. Inf. Model. 46, 569–576.[3](3) Wiener A et al, 2012. BitterDB: a database of bitter compounds. Nucleic Acids Res 2012, 40 (Database issue): D413-419[4](4) Winstel, D.et al., 2020. Role of Oak Coumarins in the Taste of Wines and Spirits: Identification, Quantitation, and Sensory Contribution through Perceptive Interactions. J. Agric. Food Chem. 68, 7434–7443[5](5) Weiss, L.A.et al, 2011. The Molecular and Cellular Basis of Bitter Taste in Drosophila. Neuron 69, 258–272",,,,,,,,,,,,
PMTDB01467,CC(=O)CCCC1(CC2C(CC1=O)C(=C)C(=O)O2)C,bitter,"bitter[1](1) Wiener A et al, 2012. BitterDB: a database of bitter compounds. Nucleic Acids Res 2012, 40 (Database issue): D413-419[2](2) Brockhoff A et al, 2007. Broad tuning of the human bitter taste receptor hTAS2R46 to various sesquiterpene lactones, clerodane and labdane diterpenoids, strychnine, and denatonium. J Agric Food Chem 55: 6236–6243",,,,,,,,,,,,
PMTDB01468,[H]C12CCC3C(O)C1(C(O)CC1([H])C(C)(C)CC(O)CC21C)C(=O)C3=C,bitter,"bitter[1](1) Kubo, I.et al, 1974. Bitter principles of Isodon umbrosus Hara. The structures of umbrosin A and B. Bull. Chem. Soc. Jpn. 47, 1277–1279.[2](2) Fujita E, Node M, 1984. Diterpenoids of Rabdosia Species, in: Fujita E, Johne S, Kasai R, Node M, Tanaka O, Herz W, Grisebach H, Kirby GW, Tamm C (Eds.), Fortschritte Der Chemie Organischer Naturstoffe / Progress in the Chemistry of Organic Natural Products. Springer Vienna, Vienna, pp. 77–157. doi: 10.1007/978-3-7091-8759-3_3",,,,,,,,,,,,
PMTDB01469,[H]C12CCC3C(O)C1(C(O)CC1([H])C(C)(C)CC(=O)CC21C)C(=O)C3=C,bitter,"bitter[1](1) Kubo, I.et al, 1974. Bitter principles of Isodon umbrosus Hara. The structures of umbrosin A and B. Bull. Chem. Soc. Jpn. 47, 1277–1279.[2](2) Fujita E, Node M, 1984. Diterpenoids of Rabdosia Species, in: Fujita E, Johne S, Kasai R, Node M, Tanaka O, Herz W, Grisebach H, Kirby GW, Tamm C (Eds.), Fortschritte Der Chemie Organischer Naturstoffe / Progress in the Chemistry of Organic Natural Products. Springer Vienna, Vienna, pp. 77–157. doi: 10.1007/978-3-7091-8759-3_3",,,,,,,,,,,,
PMTDB01470,C1=CC=C(C=C1)C(=O)OCC2C(C(C(C(O2)O)O)O)O,bitter,"bitter[1](1) Claassen, E., 1870. Vacciniin, a crysrtallizable principle extracted from the leaves of the cow berry (Vaccinium vitis idaea L.). Am. J. Pharm. 297[2](1) Hegnauer, R., Hegnauer, M., 1966. Chemotaxonomie der pflanzen: dicotyledoneae: daphniphyllaceae-lythraceae. Birkhäuser Basel",,,,,,,,,,,,
PMTDB01471,CC=C(C)C(=O)OC1C=C(CCC2(C1(C(=O)CC2C(C)C)C)O)C,bitter,"bitter[1](1) Schmiech, L. Et al 2008. Reinvestigation of the bitter compounds in carrots (Daucus carota L.) by using a molecular sensory science approach. J Agric Food Chem, 56 (21), 10252–10260",,,,,,,,,,,,
PMTDB01472,CCCC\C=C1/OC(=O)C2=C1CCC=C2,bitter; pungent,"bitter[1](1) Arctander, S., 1969. Perfume and Flavor Chemicals (Aroma Chemicals) Vol.1. Allured Publishing Corporation; pungent[1](1) Arctander, S., 1969. Perfume and Flavor Chemicals (Aroma Chemicals) Vol.1. Allured Publishing Corporation",,,,,,,,,,,,
PMTDB01473,COC1=C(C=CC(=C1)C(=O)O)O,bitter; astringent; sour,"bitter[1](1) Duizer, L.M., Langfried, A., 2016. Sensory characterization during repeated ingestion of small-molecular-weight phenolic acids. J. Sci. Food Agric. 96, 513–521[3](3) Huang, CJ, Zayas JF, 1991. Phenolic Acid Contributions to Taste Characteristics of Corn Germ Protein Flour Products. J. Food Sci. 56, 1308–1310.; astringent[1](1) Duizer, L.M., Langfried, A., 2016. Sensory characterization during repeated ingestion of small-molecular-weight phenolic acids. J. Sci. Food Agric. 96, 513–521[2](2) Wollmann N, Hufnagel J-C, Hoffman T, 2013. Decoding the taste of wine using a sensomic approach, in: Ferreira, V., López, R. (Eds.), Flavour Science : Proceedings from XIII Weurman Flavour Research Symposium. Elsevier Science, pp. 525–532[3](3) Huang, CJ, Zayas JF, 1991. Phenolic Acid Contributions to Taste Characteristics of Corn Germ Protein Flour Products. J. Food Sci. 56, 1308–1310.; sour[1](1) Duizer, L.M., Langfried, A., 2016. Sensory characterization during repeated ingestion of small-molecular-weight phenolic acids. J. Sci. Food Agric. 96, 513–521",,,,,,,,,,,,
PMTDB01474,CCOC(=O)C1=CC(=C(C=C1)O)OC,astringent; bitter,"astringent[1](1) Wollmann N, Hufnagel J-C, Hoffman T, 2013. Decoding the taste of wine using a sensomic approach, in: Ferreira, V., López, R. (Eds.), Flavour Science : Proceedings from XIII Weurman Flavour Research Symposium. Elsevier Science, pp. 525–532[2](2) Hufnagel JC, Hofmann T, 2008. Orosensory-directed identification of astringent mouthfeel and bitter-tasting compounds in red wine. J Agric Food Chem 56 (4): 1376-86; bitter[1](1) Wollmann N, Hufnagel J-C, Hoffman T, 2013. Decoding the taste of wine using a sensomic approach, in: Ferreira, V., López, R. (Eds.), Flavour Science : Proceedings from XIII Weurman Flavour Research Symposium. Elsevier Science, pp. 525–532[2](2) Hufnagel JC, Hofmann T, 2008. Orosensory-directed identification of astringent mouthfeel and bitter-tasting compounds in red wine. J Agric Food Chem 56 (4): 1376-86[3](3) Wiener A et al, 2012. BitterDB: a database of bitter compounds. Nucleic Acids Res 2012, 40 (Database issue): D413-419",,,,,,,,,,,,
PMTDB01475,COC1=C(C=CC(=C1)C=O)O,bitter; sweet; pungent;,"bitter[1](1) Morini, G. et al, 2021. Vanillin Activates Human Bitter Taste Receptors TAS2R14, TAS2R20, and TAS2R39. Front. Nutr. 396.; sweet[2](2) Arctander, S., 1969. Perfume and Flavor Chemicals (Aroma Chemicals) Vol.1. Allured Publishing Corporation; pungent[3](3) Hedin PA, Miles LR, et al, 1968. Constituents of cotton bud. Formulation of boll weevil feeding stimulant mixtures. J Agric Food Chem 16: 505–513;",,,,,,,,,,,,
PMTDB01476,C1CN2CC3=CC=CC=C3N=C2C1O,bitter,"bitter[1](1) Aniszewski T, 2015. Chapter 1 - Definition, typology, and occurrence of alkaloids. In: Alkaloids, 2nd ed. Elsevier, Boston, pp 1–97[2](2) Palit, P. et al, 1999. Novel weight-reducing activity of Galega officinalis in mice. J. Pharm. Pharmacol. 51, 1313–1319[3](3) Schreiber, K.et al, 1962. Isolation of peganine from goat’s-rue, Galega officinalis L. Arch. Pharm. Ber. Dtsch. Pharm. Ges. 295, 271[4](4) Schäfer, J., Stein, M., 1967. Über die Variabilität von Inhaltsstoffen in der Geißraute (Galega officinalis L.). NW 54, 205",,,,,,,,,,,,
PMTDB01477,CC1C(C2C(O1)C(C(O2)O)C3C(CC4C3(CC=C5C4=CCC6C5(CCC(C6)OC7C(C(C(C(O7)CO)O)O)O)C)C)OC(=O)C)(C(C)C)O,bitter,"bitter[1](1) Ponglux D et al, 1992. Structures of two new bitter principles isolated from a Thai medicinal plant, Vernonia extensa DC. Chem. Pharm. Bull. 40, 553–555.",,,,,,,,,,,,
PMTDB01478,[H]C12CCC([H])(C3([H])C(=O)OC4([H])C3([H])OC(C)(O)C4(O)C(C)C)C1(C)CC=C1C2=CCC2([H])CC(CCC12C)OC1OC(CO)C(O)C(O)C1O,bitter,"bitter[1](1) Ponglux D, Wongseripipatana S, Aimi N, Oya N, HOSOKAWA, H., HAGINIWA, J., SAKAI, S., 1992. Structures of two new bitter principles isolated from a Thai medicinal plant, Vernonia extensa DC. Chem. Pharm. Bull. 40, 553–555.",,,,,,,,,,,,
PMTDB01479,CC1CC(=O)C2C1C(OC=C2C(=O)OC)OC3C(C(C(C(O3)CO)O)O)O,bitter,"bitter[1](1) Wiener A et al, 2012. BitterDB: a database of bitter compounds. Nucleic Acids Res 2012, 40 (Database issue): D413-419[2](2) Smith, A. et al, 2001. The Merck Index, Thirteenth Edition. (CD-ROM), Merck Co., Inc., Whitehouse Station. New Jersey, USA.",,,,,,,,,,,,
PMTDB01480,C=CC12CC(C3C(C1C(=C)C(=O)OC2)OC(=O)C3=C)OC(=O)C(=C)CO,bitter,"bitter[1](1) Koshimizu, K.et al, 1994. Use of Vernonia amygdalina by wild chimpanzee: Possible roles of its bitter and related constituents. Physiology and Behavior, 56 (6), 1209–1216[2](2) Jisaka, M.et al, 1993. Antitumoral and antimicrobial activities of bitter sesquiterpene lactones of Vernonia amygdalina, a possible medicinal plant used by wild chimpanzees. Bioscience, Biotechnology, and Biochemistry, 57 (5), 833–834",,,,,,,,,,,,
PMTDB01481,CC(=C)C(=O)OC1CC23C(O2)CCC(=CC4C1C(=C)C(=O)O4)COC3O,bitter,"bitter[1](1) Koshimizu K et al, 1994. Use of Vernonia amygdalina by wild chimpanzee: Possible roles of its bitter and related constituents. Physiology and Behavior, 56 (6), 1209–1216",,,,,,,,,,,,
PMTDB01482,[H]C12CC(O)C(C3=CC(OC3=O)C(O)(C(C)C)C(C)O)C1(C)CC=C1C2=CCC2([H])CC(O)CCC12C,bitter,"bitter[1](1) Koshimizu, K.et al, 1994. Use of Vernonia amygdalina by wild chimpanzee: Possible roles of its bitter and related constituents. Physiology and Behavior, 56 (6), 1209–1216",,,,,,,,,,,,
PMTDB01483,[H]C1(O)CC2([H])C3=CCC4([H])CC(CCC4(C)C3=CCC2(C)C1C1CC(OC1=O)C1(OC1C)C(C)C)OC1OC(CO)C(O)C(O)C1O,bitter,"bitter[1](1) Jisaka, M., et al., 1992. Bitter steroid glucosides, vernonioside Al, A2 and A3, and a related from a possible medicinal plant used by wild chimpanzees, Vernonia amygdalina. Tetrahedron, 48 (4)[2](2) Koshimizu, K.et al, 1994. Use of Vernonia amygdalina by wild chimpanzee: Possible roles of its bitter and related constituents. Physiology and Behavior, 56 (6), 1209–1216",,,,,,,,,,,,
PMTDB01484,[H]C1(O)CC2([H])C3=CCC4([H])CC(CCC4(C)C3=CCC2(C)C1C1CC(OC1=O)C1(OC1C)C(C)C)OC1OC(CO)C(O)C(O)C1O,bitter,"bitter[1](1) Jisaka, M., et al., 1992. Bitter steroid glucosides, vernonioside Al, A2 and A3, and a related from a possible medicinal plant used by wild chimpanzees, Vernonia amygdalina. Tetrahedron, 48 (4)[2](2) Koshimizu, K.et al, 1994. Use of Vernonia amygdalina by wild chimpanzee: Possible roles of its bitter and related constituents. Physiology and Behavior, 56 (6), 1209–1216",,,,,,,,,,,,
PMTDB01485,[H]C12CC(=O)C(C3CC(OC3=O)C3(OC3C)C(C)C)C1(C)CC=C1C2=CCC2([H])CC(CCC12C)OC1OC(CO)C(O)C(O)C1O,bitter,"bitter[1](1) Jisaka, M., Ohigashi, H., et al., 1992. Bitter steroid glucosides, vernonioside Al, A2 and A3, and a related from a possible medicinal plant used by wild chimpanzees, Vernonia amygdalina. Tetrahedron, 48 (4)[2](2) Koshimizu, K.et al, 1994. Use of Vernonia amygdalina by wild chimpanzee: Possible roles of its bitter and related constituents. Physiology and Behavior, 56 (6), 1209–1216",,,,,,,,,,,,
PMTDB01486,[H]C12CC(O)C(C3=CC(OC3=O)C(O)(C(C)C)C(C)O)C1(C)CC=C1C2=CCC2([H])CC(CCC12C)OC1OC(CO)C(O)C(O)C1O,bitter,"bitter[1](1) Koshimizu, K.et al, 1994. Use of Vernonia amygdalina by wild chimpanzee: Possible roles of its bitter and related constituents. Physiology and Behavior, 56 (6), 1209–1216",,,,,,,,,,,,
PMTDB01487,C1C2C(C3C4C(C5=C(C(=C(C(=C5C(=O)O4)C6=C(C(=C(C(=C6C(=O)O3)C7=C(C(=C(C=C7C(=O)O2)O)O)O)O)O)O)O)O)O)O)OC(=O)C8=CC(=C(C(=C8C9=C(C(=C(C=C9C(=O)O1)O)O)O)O)O)O,astringent; bitter;,"astringent[1](1) Glabasnia A, Hofmann T, 2006. Sensory-Directed Identification of Taste-Active Ellagitannins in American (Quercus alba L.) and European Oak Wood (Quercus robur L.) and Quantitative Analysis in Bourbon Whiskey and Oak-Matured Red Wines. J. Agric. Food Chem. 54, 3380–3390. doi: 10.1021/jf052617b[2](2) Stark, T.et al., 2010. Matrix-calibrated LC-MS/MS quantitation and sensory evaluation of oak ellagitannins and their transformation products in red wines. J. Agric. Food Chem. 58, 6360–6369; bitter[1](1) Glabasnia A, Hofmann T, 2006. Sensory-Directed Identification of Taste-Active Ellagitannins in American (Quercus alba L.) and European Oak Wood (Quercus robur L.) and Quantitative Analysis in Bourbon Whiskey and Oak-Matured Red Wines. J. Agric. Food Chem. 54, 3380–3390. doi: 10.1021/jf052617b[2](2) Stark, T.et al., 2010. Matrix-calibrated LC-MS/MS quantitation and sensory evaluation of oak ellagitannins and their transformation products in red wines. J. Agric. Food Chem. 58, 6360–6369[3](3) Soares, S. et al, 2018. Human Bitter Taste Receptors Are Activated by Different Classes of Polyphenols. J. Agric. Food Chem. 66, 8814–8823[4](4) Soares, S. et al, 2020. Tannins in Food: Insights into the Molecular Perception of Astringency and Bitter Taste. Molecules 25 (11): 2590;",,,,,,,,,,,,
PMTDB01488,C1=C2C(=C(C(=C1O)O)O)C3=C4C(=C(C(=C3O)O)O)C5=C6C(=C(C(=C5O)O)O)C(C(C(C(C(OC2=O)CO)O)OC4=O)OC6=O)O,astringent,"astringent[1](1) Glabasnia, A., Hofmann, T., 2007. Identification and sensory evaluation of dehydro-and deoxy-ellagitannins formed upon toasting of oak wood (Quercus alba L.). J. Agric. Food Chem. 55, 4109–4118.",,,,,,,,,,,,
PMTDB01489,CCC12CCCN3C1C4=C(CC3)C5=CC=CC=C5N4C(C2)(C(=O)OC)O,bitter,"bitter[1](1) Bassoli A, Borgonovo G, Busnelli G, 2007. Alkaloids and the Bitter Taste. In: Fattorusso E, Taglialatela-Scafati O (eds) Modern Alkaloids: Structure, Isolation, Synthesis and Biology. Wiley-VCH Verlag GmbH & Co. KGaA, Weinheim, Germany, pp 53–72",,,,,,,,,,,,
PMTDB01490,C1=CC(=CC=C1C2=CC(=O)C3=C(O2)C(=C(C=C3O)O)C4C(C(C(C(O4)CO)O)O)O)O,astringent; non bitter,"astringent[1](1) Liu, P.-P.et al, 2018. Flavor characteristics and chemical compositions of oolong tea processed using different semi-fermentation times. J. Food Sci. Technol. 55, 1185–1195.[2](2) Stark, T. et al, 2005. Sensory-Guided Decomposition of Roasted Cocoa Nibs (Theobroma cacao) and Structure Determination of Taste-Active Polyphenols. J. Agric. Food Chem. 53, 5407–5418; non bitter[2](2) Stark, T. et al, 2005. Sensory-Guided Decomposition of Roasted Cocoa Nibs (Theobroma cacao) and Structure Determination of Taste-Active Polyphenols. J. Agric. Food Chem. 53, 5407–5418",,,,,,,,,,,,
PMTDB01491,CC12CCC(OC1C3C(CCC(=O)C2)C(=C)C(=O)O3)O,bitter,"bitter[1](1) Wiener A et al, 2012. BitterDB: a database of bitter compounds. Nucleic Acids Res 2012, 40 (Database issue): D413-419[2](2) Brockhoff A et al, 2007. Broad tuning of the human bitter taste receptor hTAS2R46 to various sesquiterpene lactones, clerodane and labdane diterpenoids, strychnine, and denatonium. J Agric Food Chem 55: 6236–6243",,,,,,,,,,,,
PMTDB01492,CC(CCC(C(C)(C)OC1C(C(C(C(O1)CO)O)O)O)O)C2CCC3(C2(CC(=O)C4C3CC=C5C4CCC(C5(C)C)OC6C(C(C(C(O6)COC7C(C(C(C(O7)CO)O)O)O)O)O)O)C)C,sweet,"sweet[1](1) Ochi M et al, 2009. Sweet and bitter constituents of Wilbrandia species. Food chemistry, 115 (1), 61-65.",,,,,,,,,,,,
PMTDB01493,CC(C1CCC2(C1(CC(=O)C3C2CC=C4C3CCC(C4(C)C)OC5C(C(C(C(O5)COC6C(C(C(C(O6)CO)O)O)O)O)O)O)C)C)C(CC(C(C)(C)OC7C(C(C(C(O7)CO)O)O)O)O)O,sweet,"sweet[1](1) Ochi M et al, 2009. Sweet and bitter constituents of Wilbrandia species. Food chemistry, 115 (1), 61-65.",,,,,,,,,,,,
PMTDB01494,COC1=C(C=C(C2=C1OC(=CC2=O)C3=CC=CC=C3)O)O,bitter,"bitter[1](1) Behrens M et al, 2018. Bitter substances from plants used in traditional Chinese medicine exert biased activation of human bitter taste receptors. Chem Biol Drug Des. 91 (2): 422-433",,,,,,,,,,,,
PMTDB01495,COC1=C(C=C(C2=C1OC(=CC2=O)C3=CC=CC=C3)O)OC4C(C(C(C(O4)C(=O)O)O)O)O,bitter,"bitter[1](1) Behrens M et al, 2018. Bitter substances from plants used in traditional Chinese medicine exert biased activation of human bitter taste receptors. Chem Biol Drug Des. 2018;91 (2): 422-433",,,,,,,,,,,,
PMTDB01496,C1=NC2=C(N1)C(=O)NC(=O)N2,bitter,"bitter[1](1) Wiener A et al, 2012. BitterDB: a database of bitter compounds. Nucleic Acids Res 2012, 40 (Database issue): D413-419[2](2) Sonntag T, Kunert C, Dunkel A, Hofmann T (2010). Sensory-guided identification of N- (1-methyl-4-oxoimidazolidin-2-ylidene)-alpha-amino acids as contributors to the thick-sour and mouth-drying orosensation of stewed beef juice. J Agric Food Chem 58 (10): 6341-50",,,,,,,,,,,,
PMTDB01497,CC1CC2C(CC=C1C(CC(=O)C)OC(=O)C)C(=C)C(=O)O2,bitter (insufficient evidence),"bitter (insufficient evidence)[1](1) Suchý M et al, 1962. Recent advances in the chemistry of the sesquiterpenes, 1962, Russian Chemical Reviews, Volume 31, Number 8",,,,,,,,,,,,
PMTDB01498,CC(=CCC1=C(C(=C(C=C1O)OC)C(=O)C=CC2=CC=C(C=C2)O)O)C,bitter,"bitter[1](1) Wiener A et al, 2012. BitterDB: a database of bitter compounds. Nucleic Acids Res 2012, 40 (Database issue): D413-419[2](2) Intelmann, D. et al. Three TAS2R Bitter Taste Receptors Mediate the Psychophysical Responses to Bitter Compounds of Hops (Humulus lupulus L.) and Beer. Chemosensory Perception 2, 118-132 (2009).[3](3) Dresel, M. et al, 2015. Sensomics Analysis of Key Bitter Compounds in the Hard Resin of Hops (Humulus lupulus L.) and Their Contribution to the Bitter Profile of Pilsner-Type Beer. J. Agric. Food Chem. 63, 3402–3418",,,,,,,,,,,,
PMTDB01499,CC1(C(CC2=C(C(=C(C=C2O1)OC)C(=O)C=CC3=CC=C(C=C3)O)O)O)C,bitter,"bitter[1](1) Dresel, M. et al, 2015. Sensomics Analysis of Key Bitter Compounds in the Hard Resin of Hops (Humulus lupulus L.) and Their Contribution to the Bitter Profile of Pilsner-Type Beer. J. Agric. Food Chem. 63, 3402–3418",,,,,,,,,,,,
PMTDB01500,CC1(C=CC2=C(C(=C(C=C2O1)OC)C(=O)C=CC3=CC=C(C=C3)O)O)C,bitter,"bitter[1](1) Dresel, M. et al, 2015. Sensomics Analysis of Key Bitter Compounds in the Hard Resin of Hops (Humulus lupulus L.) and Their Contribution to the Bitter Profile of Pilsner-Type Beer. J. Agric. Food Chem. 63, 3402–3418[2](2) Wiener A et al, 2012. BitterDB: a database of bitter compounds. Nucleic Acids Res 2012, 40 (Database issue): D413-419",,,,,,,,,,,,
PMTDB01501,CC(=C)C(CC1=C(C(=C(C=C1O)OC)C(=O)C=CC2=CC=C(C=C2)O)O)O,bitter,"bitter[1](1) Dresel, M. et al, 2015. Sensomics Analysis of Key Bitter Compounds in the Hard Resin of Hops (Humulus lupulus L.) and Their Contribution to the Bitter Profile of Pilsner-Type Beer. J. Agric. Food Chem. 63, 3402–3418[2](2) Wiener A et al, 2012. BitterDB: a database of bitter compounds. Nucleic Acids Res 2012, 40 (Database issue): D413-419",,,,,,,,,,,,
PMTDB01502,CC(C)(CCC1=C(C(=C(C=C1O)OC)C(=O)C=CC2=CC=C(C=C2)O)O)O,bitter,"bitter[1](1) Dresel, M. et al, 2015. Sensomics Analysis of Key Bitter Compounds in the Hard Resin of Hops (Humulus lupulus L.) and Their Contribution to the Bitter Profile of Pilsner-Type Beer. J. Agric. Food Chem. 63, 3402–3418[2](2) Wiener A et al, 2012. BitterDB: a database of bitter compounds. Nucleic Acids Res 2012, 40 (Database issue): D413-419",,,,,,,,,,,,
PMTDB01503,CC(C)(C1CC2=C(O1)C(=C(C=C2O)OC)C(=O)C=CC3=CC=C(C=C3)O)O,bitter,"bitter[1](1) Dresel, M. et al, 2015. Sensomics Analysis of Key Bitter Compounds in the Hard Resin of Hops (Humulus lupulus L.) and Their Contribution to the Bitter Profile of Pilsner-Type Beer. J. Agric. Food Chem. 63, 3402–3418[2](2) Wiener A et al, 2012. BitterDB: a database of bitter compounds. Nucleic Acids Res 2012, 40 (Database issue): D413-419",,,,,,,,,,,,
PMTDB01504,CC1(C(CC2=C(O1)C(=C(C=C2O)OC)C(=O)C=CC3=CC=C(C=C3)O)O)C,bitter,"bitter[1](1) Dresel, M. et al, 2015. Sensomics Analysis of Key Bitter Compounds in the Hard Resin of Hops (Humulus lupulus L.) and Their Contribution to the Bitter Profile of Pilsner-Type Beer. J. Agric. Food Chem. 63, 3402–3418[2](2) Wiener A et al, 2012. BitterDB: a database of bitter compounds. Nucleic Acids Res 2012, 40 (Database issue): D413-419",,,,,,,,,,,,
PMTDB01505,CC(C)(CCC1=C(C(=C(C=C1O)OC)C(=O)C=CC2=CC=C(C=C2)O)O)OC,bitter,"bitter[1](1) Dresel, M. et al, 2015. Sensomics Analysis of Key Bitter Compounds in the Hard Resin of Hops (Humulus lupulus L.) and Their Contribution to the Bitter Profile of Pilsner-Type Beer. J. Agric. Food Chem. 63, 3402–3418[2](2) Wiener A et al, 2012. BitterDB: a database of bitter compounds. Nucleic Acids Res 2012, 40 (Database issue): D413-419",,,,,,,,,,,,
PMTDB01506,COC1=C(C2=C(C=CO2)C(=C1)O)C(=O)C=CC3=CC=C(C=C3)O,bitter,"bitter[1](1) Dresel, M. et al, 2015. Sensomics Analysis of Key Bitter Compounds in the Hard Resin of Hops (Humulus lupulus L.) and Their Contribution to the Bitter Profile of Pilsner-Type Beer. J. Agric. Food Chem. 63, 3402–3418",,,,,,,,,,,,
PMTDB01507,CC1=C(C=C(C=C1)C(C)CCC=C(C)C)O,pungent (sharp),"pungent (sharp)[1](1) Wagner, H., Bladt, S., Zgainski, E.M., 1984. Drugs Containing Pungent Principles, in: Plant Drug Analysis. Springer, pp. 247–251[2](2) Wagner H, Bladt S, 1996. Drugs with Pungent-Tasting Principles BT - Plant Drug Analysis: A Thin Layer Chromatography Atlas. Springer Berlin Heidelberg, Berlin, Heidelberg, pp 291–303",,,,,,,,,,,,
PMTDB01508,C1=CC(=O)OC2=C(C3=C(C=CO3)C=C21)O,bitter,"bitter[1](1) Yu, M. et al, 2020. Sensory-guided identification of bitter compounds in Hangbaizhi (Angelica Dahurica). Food Res. Int. 129, 108880",,,,,,,,,,,,
PMTDB01509,C1C(C(COC12CN3C(=CC=C3C=O)CO2)O)O,bitter,"bitter[1](1) Wiener A et al, 2012. BitterDB: a database of bitter compounds. Nucleic Acids Res 2012, 40 (Database issue): D413-419[2](2) Wakamatsu J, Stark TD, Hofmann T (2016). Taste-Active Maillard Reaction Products in Roasted Garlic (Allium sativum). J Agric Food Chem 64 (29): 5845-54.",,,,,,,,,,,,
PMTDB01510,C(C(C(C(CO)O)O)O)O,sweet,"sweet[1](1) Kim N-C, Kinghorn AD, 2002. Sweet-tasting and sweetness-modifying constituents of plants, in: Atta-ur-Rahman, B.T.-S. in N.P.C. (Ed.), Bioactive Natural Products (Part H). Elsevier, pp. 3–57.[2](2) Moskowitz, H.R., 1971. The Sweetness and Pleasantness of Sugars. Am. J. Psychol. 84, 387–405[3](3) Mahalapbutr, P.et al., 2019. Atomistic mechanisms underlying the activation of the G protein-coupled sweet receptor heterodimer by sugar alcohol recognition. Sci. Rep. 9, 1–11",,,,,,,,,,,,
PMTDB01511,C1C(C(C(C(O1)O)O)O)O,sweet,"sweet[1](1) Amerine, M.A., Pangborn, R.M., Roessler, E.B., 1965. CHAPTER 2 - The Sense of Taste, in: Amerine, M.A., Pangborn, R.M., Roessler, E.B. (Eds.), Principles of Sensory Evaluation of Food. Academic Press, pp. 28–144. doi: https://doi.org/10.1016/B978-1-4832-0018-7.50006-4[2](2) Shallenberger, R.S. et al, 1969. Sweet taste of D and L-sugars and amino-acids and the steric nature of their chemo-receptor site. Nature 221, 555–556[3](3) Kearsley, M.W.et al., 1980. The production and properties of glucose syrups. III. Sweetness of glucose syrups and related carbohydrates. Starch‐Stärke 32, 244–247.[4](4) Steglich, W., Fugmann, B., Lang-Fugmann, S., 2000. Römpp encyclopedia natural products. Georg Thieme Verlag, Leverkusen, Ratingen, Munich, Germany. 784 pp[5](5) Cheron JB et al, 2017. Sweetness prediction of natural compounds. Food Chem 221: 1421–1425[6](6) Moskowitz, H.R., 1971. The Sweetness and Pleasantness of Sugars. Am. J. Psychol. 84, 387–405",,,,,,,,,,,,
PMTDB01512,CC1=CC(=O)C(C2(C1CC3C45C2C(C(C(C4(C(C(=O)O3)O)O)(OC5)CO)O)O)C)O,bitter,"bitter[1](1) Yoshimura S, Sakaki T, et al., 1984. Structures of yadanziolides A, Band C, new bitter principles from Brucea javanica. Chern Pharm Bull 32: 4698-4701;",,,,,,,,,,,,
PMTDB01513,CC1C2CC3C45COC(C4C(C(=O)O3)OC(=O)C)(C(C(C5C2(C=C(C1=O)OC6C(C(C(C(O6)CO)O)O)O)C)O)O)C(=O)OC,bitter,"bitter[1](1) Yoshimura T, Sakaki T, et al., 1985. Constituents of seed of Brucea javanica. Structures of new bitter principles",,,,,,,,,,,,
PMTDB01514,CC1=C(C(=O)CC2(C1CC3C45C2C(C(C(C4C(C(=O)O3)OC(=O)C)(OC5)C(=O)OC)O)O)C)OC6C(C(C(C(O6)CO)O)O)O,bitter,"bitter[1](1) Yoshimura T, Sakaki T, et al., 1985. Constituents of seed of Brucea javanica. Structures of new bitter principles",,,,,,,,,,,,
PMTDB01515,CC1C2CC3C45COC(C4C(C(=O)O3)OC(=O)CC(C)(C)O)(C(C(C5C2(C=C(C1=O)OC6C(C(C(C(O6)CO)O)O)O)C)O)O)C(=O)OC,bitter,"bitter[1](1) Yoshimura T, Sakaki T, et al., 1985. Constituents of seed of Brucea javanica. Structures of new bitter principles",,,,,,,,,,,,
PMTDB01516,CC1=C(C(=O)CC2(C1CC3C45C2C(C(C(C4C(C(=O)O3)OC(=O)C=C(C)C(C)(C)O)(OC5)C(=O)OC)O)O)C)OC6C(C(C(C(O6)CO)O)O)O,bitter,"bitter[1](1) Yoshimura T, Sakaki T, et al., 1985. Constituents of seed of Brucea javanica. Structures of new bitter principles",,,,,,,,,,,,
PMTDB01517,COC1=C(C=CC(=C1)CCC(=O)CCCCC2=CC=CC=C2)O,pungent,"pungent[1](1) Pancharoen O et al, 2000. Phytochemistry of the zingiberaceae. Stud. Nat. Prod. Chem. 23, 797–865[2](2) Itokawa H et al, 1981. A pungent diarylheptanoid from Alpinia oxyphylla. Phytochemistry 20, 769–771.",,,,,,,,,,,,
PMTDB01518,COC1=C(C=CC(=C1)C=CC(=O)CCCCC2=CC=CC=C2)O,pungent,"pungent[1](1) Pancharoen O et al, 2000. Phytochemistry of the zingiberaceae. Stud. Nat. Prod. Chem. 23, 797–865[2](2) Itokawa H et al, 1981. A pungent diarylheptanoid from Alpinia oxyphylla. Phytochemistry 20, 769–771.",,,,,,,,,,,,
PMTDB01519,COC(=O)C1C(CCC2C1CC3C4=C(CCN3C2)C5=CC=CC=C5N4)O,bitter,"bitter[1](1) Sohn CE, 1894. Dictionary of the active principles of plants : alkaloids, bitter principles, glucosides, their sources, nature, and chemical characteristics, with tabular summary, classification of reactions, and full botanical and general indexes. Baillière, Tindall and Cox, London[2](2) Meyerhof Wet al, 2010. The molecular receptive ranges of human TAS2R bitter taste receptors. Chem Senses 35: 157–170[3](3) Lossow, K. et al, 2016. Comprehensive Analysis of Mouse Bitter Taste Receptors Reveals Different Molecular Receptive Ranges for Orthologous Receptors in Mice and Humans. J. Biol. Chem. 291, 15358–15377[4](4) Behrens, M. et al, 2014. Tuning properties of avian and frog bitter taste receptors dynamically fit gene repertoire sizes. Mol. Biol. Evol. 31, 3216–3227[5](5) Wiener A et al, 2012. BitterDB: a database of bitter compounds. Nucleic Acids Res 2012, 40 (Database issue): D413-419",,,,,,,,,,,,
PMTDB01520,CCC=CCO,"fruity/apple; sweet (contradictory evidence): sweet, not-sweet;","fruity/apple[1](1) Eggink, P.M.et al, 2012. A taste of sweet pepper: Volatile and non-volatile chemical composition of fresh sweet pepper (Capsicum annuum) in relation to sensory evaluation of taste. Food Chem. 132, 301–310 (counterevidence)[2](2) Tura, D. et al, 2008. Cultivar influence on virgin olive (Olea europea L.) oil flavor based on aromatic compounds and sensorial profile. Sci. Hortic. (Amsterdam). 118, 139–148[3](3) FooDB (WWW Document), n.d. URL http: //foodb.ca/; sweet (contradictory evidence): sweet[2](2) Tura, D. et al, 2008. Cultivar influence on virgin olive (Olea europea L.) oil flavor based on aromatic compounds and sensorial profile. Sci. Hortic. (Amsterdam). 118, 139–148, not-sweet[1](1) Eggink, P.M.et al, 2012. A taste of sweet pepper: Volatile and non-volatile chemical composition of fresh sweet pepper (Capsicum annuum) in relation to sensory evaluation of taste. Food Chem. 132, 301–310 (counterevidence);",,,,,,,,,,,,
PMTDB01521,CC(=O)OC1CC2C(C1=C)C3C(CCC2=C)C(=C)C(=O)O3,bitter,"bitter[1](1) Wiener A et al, 2012. BitterDB: a database of bitter compounds. Nucleic Acids Res 2012, 40 (Database issue): D413-419[2](2) Brockhoff A et al, 2007. Broad tuning of the human bitter taste receptor hTAS2R46 to various sesquiterpene lactones, clerodane and labdane diterpenoids, strychnine, and denatonium. J Agric Food Chem 55: 6236–6243",,,,,,,,,,,,
PMTDB01522,CN(CCC1=CC(=C(C=C1)OC)OC)C(=O)C=CC2=CC3=C(C=C2)OCO3,bitter; umami,"bitter[1](1) Backes M et al, 2015. Rubemamine and Rubescenamine, Two Naturally Occurring N-Cinnamoyl Phenethylamines with Umami-Taste-Modulating Properties. J Agric Food Chem 63: 8694–8704; umami[1](1) Backes M et al, 2015. Rubemamine and Rubescenamine, Two Naturally Occurring N-Cinnamoyl Phenethylamines with Umami-Taste-Modulating Properties. J Agric Food Chem 63: 8694–8704",,,,,,,,,,,,
PMTDB01523,COC1=C(OC)C=C(CCNC(=O)\C=C\C2=CC3=C(OCO3)C=C2)C=C1,bitter,"bitter[1](1) Backes M et al, 2015. Rubemamine and Rubescenamine, Two Naturally Occurring N-Cinnamoyl Phenethylamines with Umami-Taste-Modulating Properties. J Agric Food Chem 63: 8694–8704",,,,,,,,,,,,
PMTDB01524,C1CCN(CC1)C(=O)/C=C\C2=CC3=C(C=C2)OCO3,bitter; pungent (irritating),"bitter[1](1) Obst K et al, 2017. Sensory active piperine analogues from Macropiper excelsum and their effects on intestinal nutrient uptake in Caco-2 cells. Phytochemistry, 135, 181–190.; pungent (irritating)[1](1) Obst K et al, 2017. Sensory active piperine analogues from Macropiper excelsum and their effects on intestinal nutrient uptake in Caco-2 cells. Phytochemistry, 135, 181–190.",,,,,,,,,,,,
PMTDB01525,CC1(C2CC(=O)C3(C(C2(C=CC(=O)O1)C)C(CC4(C35C(O5)C(=O)OC4C6=COC=C6)C)O)C)C,bitter,"bitter[1](1) Dreyer, D.L., 1968. Citrus bitter principles. IX. Extractives of Casimiroa edulis. Structure of zapoterin. J. Org. Chem. 33, 3577–358",,,,,,,,,,,,
PMTDB01526,CC(=O)CCC1=CC(=C(C=C1)O)OC,pungent; sweet,"pungent[1](1) Locksley, H.D.et al, 1972. Pungent compounds. Part I. An improved synthesis of the paradols (alkyl 4-hydroxy-3-methoxyphenethyl ketones) and an assessment of their pungency. J. Chem. Soc. Perkin Trans. 1 3001–3006[2](2) Govindarajan, V.S., Connell, D.W., 1983. Ginger—chemistry, technology, and quality evaluation: part 2. Crit. Rev. Food Sci. Nutr. 17, 189–258[3](3) Steglich, W., Fugmann, B., Lang-Fugmann, S., 2000. Römpp encyclopedia natural products. Georg Thieme Verlag, Leverkusen, Ratingen, Munich, Germany. 784 pp[4](4) Belitz, H.D., Grosch, W., Schieberle, P., 2009. Food chemistry, 4th ed, Food Chemistry. Springer Berlin Heidelberg. doi: 10.1007/978-3-540-69934-7[5](5) Arctander, S., 1969. Perfume and Flavor Chemicals (Aroma Chemicals) Vol.1. Allured Publishing Corporation[6](6) Nomura H, 1917. Pungent principles of ginger. I. A new ketone, zingiberone, occurring in ginger. Sci Rep Tohoku Imp Univ 6: 41–52[7](7) Kim Y-S et al, 2017. Effects of Ginger and its Pungent Constituents on Transient Receptor Potential Channels. Biophys J 112: 250a.[8](8) Baranowski JD, 1985. High-performance liquid chromatographic separation of pungency components of ginger. J Chromatogr A 319: 471–474[9](9) Monge P, Scheline R, et al, 1976. The metabolism of zingerone, a pungent principle of ginger. Xenobiotica 6: 411–423[10](10) Bryant B, Mezine I, 2002. Pungency and Tingling : Sensations and Mechanisms of Trigeminal Chemical Sensitivity. In: Given P, Paredes D (eds) Chem. Tast. American Chemical Society, pp 202–212; sweet[4](4) Belitz, H.D., Grosch, W., Schieberle, P., 2009. Food chemistry, 4th ed, Food Chemistry. Springer Berlin Heidelberg. doi: 10.1007/978-3-540-69934-7[5](5) Arctander, S., 1969. Perfume and Flavor Chemicals (Aroma Chemicals) Vol.1. Allured Publishing Corporation",,,,,,,,,,,,
PMTDB01527,COC1=CC=C(C=C1)CC=C,Sweet,"Sweet[1](1) Arctander, S., 1969. Perfume and Flavor Chemicals (Aroma Chemicals) Vol.1. Allured Publishing Corporation[2](2) Mazza, G., & Kiehn, F. A., 1992. Essential oil of Agastache foeniculum, a potential source of methyl chavicol. Journal of essential oil research, 4(3), 295-299[3](3) Burdock GA, 2010. Fenaroli’s Handbook of Flavor Ingredients, Sixth. CRC Press, Taylor and Francis Group, Boca Raton London New York[4](4) FooDB (WWW Document), n.d. URL http: //foodb.ca/[5](5) Kim, S. et al, 2016. PubChem Substance and Compound databases. Nucleic Acids Res. 44, D1202–D1213[6](6) Wishart, D.S. et al., 2009. HMDB: a knowledgebase for the human metabolome. Nucleic Acids Res. 37, D603-10",,,,,,,,,,,,
